dataset_id,benchmark,threads,query,baseline_best_seed,case1_runtime_on_baseline_best_seed,case2_runtime_on_baseline_best_seed,case3_runtime_on_baseline_best_seed,case4_runtime_on_baseline_best_seed,case1_status_on_baseline_best_seed,case2_status_on_baseline_best_seed,case3_status_on_baseline_best_seed,case4_status_on_baseline_best_seed,case2_speedup_vs_baseline_on_anchor,case3_speedup_vs_baseline_on_anchor,case4_speedup_vs_baseline_on_anchor,case1_own_best_runtime,case2_own_best_runtime,case3_own_best_runtime,case4_own_best_runtime,case1_own_best_seed,case2_own_best_seed,case3_own_best_seed,case4_own_best_seed
appian_t1,appian,1,q01,10,2.68,2.72,2.76,2.7,success,success,success,success,0.985294118,0.971014493,0.992592593,2.68,2.69,2.74,2.67,10,1,5,9
appian_t1,appian,1,q02,11,13.33,13.82,14.64,13.76,success,success,success,success,0.964544139,0.910519126,0.96875,13.33,13.61,14.35,13.6,11,3,4,13
appian_t1,appian,1,q03,11,6.27,6.07,6.71,6.18,success,success,success,success,1.03294893,0.93442623,1.01456311,6.27,5.98,6.66,5.97,11,4,8,6
appian_t1,appian,1,q04,17,25.35,26,28.54,25.71,success,success,success,success,0.975,0.88822705,0.985997666,25.35,25.47,28.16,25.54,17,4,10,9
appian_t1,appian,1,q05,7,4.8,4.85,5.04,4.77,success,success,success,success,0.989690722,0.952380952,1.00628931,4.8,4.77,4.99,4.77,7,6,2,7
appian_t1,appian,1,q06,10,7.65,7.71,9.64,7.74,success,success,success,success,0.992217899,0.793568465,0.988372093,7.65,7.67,9.4,7.6,10,4,19,16
appian_t1,appian,1,q07,17,7.63,8.03,8.62,8.01,success,success,success,success,0.9501868,0.885150812,0.952559301,7.63,7.91,8.25,7.85,17,19,19,8
appian_t1,appian,1,q08,10,29.15,29.44,30.34,29.26,success,success,success,success,0.990149457,0.960777851,0.996240602,29.15,29.31,29.77,29.13,10,12,0,15
job_t1,job,1,1a,0,0.19,0.17,0.17,0.15,success,success,success,success,1.11764706,1.11764706,1.26666667,0.19,0.16,0.16,0.15,0,1,1,0
job_t1,job,1,1b,0,0.15,0.11,0.11,0.1,success,success,success,success,1.36363636,1.36363636,1.5,0.15,0.1,0.11,0.1,0,6,0,0
job_t1,job,1,1c,0,0.13,0.22,0.22,0.21,success,success,success,success,0.590909091,0.590909091,0.619047619,0.13,0.12,0.11,0.12,0,2,3,2
job_t1,job,1,1d,0,0.15,0.11,0.11,0.1,success,success,success,success,1.36363636,1.36363636,1.5,0.15,0.11,0.11,0.1,0,0,0,0
job_t1,job,1,2a,9,0.52,0.35,0.36,0.3,success,success,success,success,1.48571429,1.44444444,1.73333333,0.52,0.33,0.32,0.29,9,2,18,1
job_t1,job,1,2b,9,0.51,0.34,0.34,0.29,success,success,success,success,1.5,1.5,1.75862069,0.51,0.3,0.3,0.29,9,3,2,0
job_t1,job,1,2c,0,0.3,0.07,0.08,0.07,success,success,success,success,4.28571429,3.75,4.28571429,0.3,0.07,0.07,0.07,0,0,1,0
job_t1,job,1,2d,0,0.56,0.46,0.47,0.33,success,success,success,success,1.2173913,1.19148936,1.6969697,0.56,0.45,0.47,0.33,0,9,0,0
job_t1,job,1,3a,12,1.86,1.3,1.29,1.19,success,success,success,success,1.43076923,1.44186047,1.56302521,1.86,1.12,1.11,1.11,12,11,13,17
job_t1,job,1,3b,12,0.87,1.02,1.05,1.03,success,success,success,success,0.852941176,0.828571429,0.844660194,0.87,0.95,0.94,0.93,12,9,11,11
job_t1,job,1,3c,2,2.13,1.4,1.39,1.23,success,success,success,success,1.52142857,1.5323741,1.73170732,2.13,1.19,1.19,1.18,2,17,11,11
job_t1,job,1,4a,0,0.39,0.35,0.36,0.3,success,success,success,success,1.11428571,1.08333333,1.3,0.39,0.35,0.35,0.29,0,0,9,2
job_t1,job,1,4b,0,0.24,0.29,0.28,0.28,success,success,success,success,0.827586207,0.857142857,0.857142857,0.24,0.23,0.23,0.23,0,3,2,3
job_t1,job,1,4c,0,0.47,0.41,0.41,0.34,success,success,success,success,1.14634146,1.14634146,1.38235294,0.47,0.41,0.41,0.33,0,0,0,3
job_t1,job,1,5a,16,1.69,0.08,0.09,0.09,success,success,success,success,21.125,18.7777778,18.7777778,1.69,0.08,0.08,0.08,16,0,2,0
job_t1,job,1,5b,16,1.07,0.21,0.21,0.2,success,success,success,success,5.0952381,5.0952381,5.35,1.07,0.08,0.08,0.08,16,2,2,2
job_t1,job,1,5c,16,2.02,1.14,1.15,1.1,success,success,success,success,1.77192982,1.75652174,1.83636364,2.02,1.09,1.09,1.09,16,8,2,8
job_t1,job,1,6a,5,0.5,0.56,0.57,0.53,success,success,success,success,0.892857143,0.877192982,0.943396226,0.5,0.48,0.48,0.48,5,7,7,7
job_t1,job,1,6b,5,0.45,0.46,0.47,0.46,success,success,success,success,0.97826087,0.957446809,0.97826087,0.45,0.46,0.46,0.45,5,5,7,1
job_t1,job,1,6c,5,0.42,0.43,0.43,0.43,success,success,success,success,0.976744186,0.976744186,0.976744186,0.42,0.42,0.42,0.42,5,2,6,2
job_t1,job,1,6d,8,0.7,0.73,0.73,0.55,success,success,success,success,0.95890411,0.95890411,1.27272727,0.7,0.73,0.72,0.55,8,5,17,1
job_t1,job,1,6e,10,0.63,0.68,0.68,0.43,success,success,success,success,0.926470588,0.926470588,1.46511628,0.63,0.44,0.43,0.43,10,1,0,0
job_t1,job,1,6f,2,10.79,10.73,12.93,10.82,success,success,success,success,1.0055918,0.834493426,0.997227357,10.79,10.73,12.93,10.82,2,2,2,2
job_t1,job,1,7a,1,2.75,1.08,1.12,1.11,success,success,success,success,2.5462963,2.45535714,2.47747748,2.75,0.95,0.98,0.92,1,18,18,18
job_t1,job,1,7b,4,2.48,0.71,0.73,0.8,success,success,success,success,3.49295775,3.39726027,3.1,2.48,0.7,0.7,0.7,4,10,10,10
job_t1,job,1,7c,16,3.75,2.24,2.22,2.16,success,success,success,success,1.67410714,1.68918919,1.73611111,3.75,1.68,1.58,1.61,16,8,8,18
job_t1,job,1,8a,3,0.89,0.78,0.79,0.79,success,success,success,success,1.14102564,1.12658228,1.12658228,0.89,0.68,0.67,0.66,3,10,10,10
job_t1,job,1,8b,3,0.58,0.64,0.66,0.64,success,success,success,success,0.90625,0.878787879,0.90625,0.58,0.56,0.56,0.56,3,11,11,11
job_t1,job,1,8c,5,2.14,2.2,2.49,2.21,success,success,success,success,0.972727273,0.859437751,0.968325792,2.14,2.2,2.39,2.21,5,5,0,5
job_t1,job,1,8d,10,0.96,0.98,1.01,1.01,success,success,success,success,0.979591837,0.95049505,0.95049505,0.96,0.89,0.93,0.88,10,6,6,6
job_t1,job,1,9a,3,1.19,1.14,1.14,1.04,success,success,success,success,1.04385965,1.04385965,1.14423077,1.19,1.09,1.1,1,3,10,10,6
job_t1,job,1,9b,16,1.1,0.97,0.97,0.9,success,success,success,success,1.13402062,1.13402062,1.22222222,1.1,0.76,0.76,0.73,16,11,7,5
job_t1,job,1,9c,3,1.13,1.09,1.08,0.92,success,success,success,success,1.03669725,1.0462963,1.22826087,1.13,1.05,1.05,0.88,3,4,4,5
job_t1,job,1,9d,4,1.6,1.65,1.68,1.44,success,success,success,success,0.96969697,0.952380952,1.11111111,1.6,1.65,1.68,1.18,4,4,4,19
job_t1,job,1,10a,6,0.93,0.86,0.85,0.81,success,success,success,success,1.08139535,1.09411765,1.14814815,0.93,0.82,0.82,0.8,6,5,5,0
job_t1,job,1,10b,6,0.47,0.68,0.68,0.69,success,success,success,success,0.691176471,0.691176471,0.68115942,0.47,0.63,0.63,0.63,6,3,18,18
job_t1,job,1,10c,16,1.99,2.05,2.06,2.52,success,success,success,success,0.970731707,0.966019417,0.78968254,1.99,2.02,2.02,2.52,16,6,6,16
job_t1,job,1,11a,4,0.1,0.14,0.14,0.14,success,success,success,success,0.714285714,0.714285714,0.714285714,0.1,0.1,0.1,0.1,4,12,12,0
job_t1,job,1,11b,4,0.09,0.14,0.14,0.14,success,success,success,success,0.642857143,0.642857143,0.642857143,0.09,0.11,0.11,0.11,4,12,12,12
job_t1,job,1,11c,8,0.1,0.16,0.16,0.16,success,success,success,success,0.625,0.625,0.625,0.1,0.11,0.11,0.11,8,1,1,1
job_t1,job,1,11d,8,0.1,0.18,0.18,0.17,success,success,success,success,0.555555556,0.555555556,0.588235294,0.1,0.11,0.12,0.11,8,5,1,1
job_t1,job,1,12a,8,0.41,0.32,0.33,0.26,success,success,success,success,1.28125,1.24242424,1.57692308,0.41,0.28,0.28,0.26,8,7,7,4
job_t1,job,1,12b,4,0.34,0.32,0.33,0.32,success,success,success,success,1.0625,1.03030303,1.0625,0.34,0.18,0.18,0.18,4,7,7,3
job_t1,job,1,12c,8,0.55,0.44,0.45,0.33,success,success,success,success,1.25,1.22222222,1.66666667,0.55,0.38,0.37,0.32,8,3,3,7
job_t1,job,1,13a,0,1.17,0.55,0.54,0.51,success,success,success,success,2.12727273,2.16666667,2.29411765,1.17,0.38,0.38,0.34,0,11,11,11
job_t1,job,1,13b,3,0.65,0.33,0.33,0.27,success,success,success,success,1.96969697,1.96969697,2.40740741,0.65,0.26,0.26,0.25,3,1,5,0
job_t1,job,1,13c,3,0.51,0.27,0.27,0.21,success,success,success,success,1.88888889,1.88888889,2.42857143,0.51,0.2,0.2,0.19,3,1,1,0
job_t1,job,1,13d,0,1.21,0.94,0.96,1.03,success,success,success,success,1.28723404,1.26041667,1.17475728,1.21,0.94,0.96,0.88,0,0,0,2
job_t1,job,1,14a,16,0.52,0.24,0.24,0.22,success,success,success,success,2.16666667,2.16666667,2.36363636,0.52,0.22,0.22,0.21,16,15,15,1
job_t1,job,1,14b,16,0.41,0.25,0.24,0.24,success,success,success,success,1.64,1.70833333,1.70833333,0.41,0.23,0.23,0.23,16,10,13,1
job_t1,job,1,14c,16,0.79,0.4,0.41,0.32,success,success,success,success,1.975,1.92682927,2.46875,0.79,0.31,0.31,0.31,16,15,15,1
job_t1,job,1,15a,1,0.88,0.9,0.89,0.82,success,success,success,success,0.977777778,0.988764045,1.07317073,0.88,0.89,0.88,0.81,1,2,2,0
job_t1,job,1,15b,1,0.59,0.6,0.63,0.62,success,success,success,success,0.983333333,0.936507937,0.951612903,0.59,0.6,0.61,0.61,1,1,10,10
job_t1,job,1,15c,1,0.77,0.8,0.79,0.78,success,success,success,success,0.9625,0.974683544,0.987179487,0.77,0.79,0.79,0.69,1,10,1,4
job_t1,job,1,15d,1,0.6,0.63,0.6,0.58,success,success,success,success,0.952380952,1,1.03448276,0.6,0.63,0.6,0.48,1,1,1,4
job_t1,job,1,16a,19,3.18,1.4,1.42,0.95,success,success,success,success,2.27142857,2.23943662,3.34736842,3.18,0.94,0.94,0.83,19,17,17,6
job_t1,job,1,16b,0,17.32,4.35,4.43,4.16,success,success,success,success,3.9816092,3.90970655,4.16346154,17.32,3.04,3.21,2.46,0,13,13,13
job_t1,job,1,16c,13,10.53,2.08,2.09,1.64,success,success,success,success,5.0625,5.03827751,6.42073171,10.53,1.5,1.51,1.18,13,3,3,3
job_t1,job,1,16d,13,9.49,2,2.07,1.62,success,success,success,success,4.745,4.58454106,5.85802469,9.49,1.45,1.43,1.13,13,3,3,3
job_t1,job,1,17a,2,3.38,1.31,1.35,1.32,success,success,success,success,2.58015267,2.5037037,2.56060606,3.38,1.31,1.35,1.31,2,2,2,6
job_t1,job,1,17b,18,1.76,1.33,1.38,1.34,success,success,success,success,1.32330827,1.27536232,1.31343284,1.76,1.13,1.13,1.34,18,2,2,18
job_t1,job,1,17c,18,1.57,0.81,0.81,0.75,success,success,success,success,1.9382716,1.9382716,2.09333333,1.57,0.76,0.77,0.72,18,16,12,0
job_t1,job,1,17d,18,2.3,1.28,1.28,1.05,success,success,success,success,1.796875,1.796875,2.19047619,2.3,1.18,1.19,1.05,18,12,12,18
job_t1,job,1,17e,0,12.07,3.11,3.06,2.91,success,success,success,success,3.88102894,3.94444444,4.14776632,12.07,2.43,2.44,2.16,0,13,13,6
job_t1,job,1,17f,18,6.62,2.47,2.59,2.69,success,success,success,success,2.68016194,2.55598456,2.46096654,6.62,1.8,1.83,1.52,18,2,2,6
job_t1,job,1,18a,2,1.41,1.52,1.5,1.46,success,success,success,success,0.927631579,0.94,0.965753425,1.41,1.38,1.41,1.31,2,9,9,11
job_t1,job,1,18b,6,1.65,0.97,0.97,1.6,success,success,success,success,1.70103093,1.70103093,1.03125,1.65,0.95,0.94,1.45,6,12,2,4
job_t1,job,1,18c,2,2.39,1.86,1.85,2.24,success,success,success,success,1.28494624,1.29189189,1.06696429,2.39,1.75,1.72,2,2,9,9,9
job_t1,job,1,19a,5,1.57,1.33,1.33,1.24,success,success,success,success,1.18045113,1.18045113,1.26612903,1.57,1.31,1.3,1.22,5,9,12,12
job_t1,job,1,19b,5,1.03,1.19,1.19,1.18,success,success,success,success,0.865546218,0.865546218,0.872881356,1.03,0.84,0.84,0.84,5,17,17,3
job_t1,job,1,19c,5,1.47,1.27,1.29,1.11,success,success,success,success,1.15748031,1.13953488,1.32432432,1.47,1.25,1.24,1.1,5,10,3,19
job_t1,job,1,19d,1,2.01,2.13,2.16,1.56,success,success,success,success,0.943661972,0.930555556,1.28846154,2.01,1.74,1.75,1.22,1,16,16,18
job_t1,job,1,20a,0,1.37,1.21,1.2,1.36,success,success,success,success,1.1322314,1.14166667,1.00735294,1.37,1.13,1.13,1.11,0,10,10,1
job_t1,job,1,20b,1,0.61,0.93,0.91,0.92,success,success,success,success,0.655913978,0.67032967,0.663043478,0.61,0.88,0.89,0.9,1,0,0,3
job_t1,job,1,20c,0,2.67,1.67,1.65,1.63,success,success,success,success,1.5988024,1.61818182,1.63803681,2.67,1.32,1.34,1.25,0,1,1,1
job_t1,job,1,21a,14,0.24,0.23,0.24,0.23,success,success,success,success,1.04347826,1,1.04347826,0.24,0.21,0.21,0.21,14,4,4,4
job_t1,job,1,21b,14,0.2,0.24,0.23,0.23,success,success,success,success,0.833333333,0.869565217,0.869565217,0.2,0.17,0.17,0.17,14,11,11,11
job_t1,job,1,21c,2,0.26,0.24,0.24,0.23,success,success,success,success,1.08333333,1.08333333,1.13043478,0.26,0.22,0.22,0.21,2,4,4,4
job_t1,job,1,22a,10,0.93,0.66,0.67,0.6,success,success,success,success,1.40909091,1.3880597,1.55,0.93,0.6,0.58,0.57,10,11,11,4
job_t1,job,1,22b,11,0.79,0.56,0.56,0.55,success,success,success,success,1.41071429,1.41071429,1.43636364,0.79,0.56,0.56,0.55,11,11,11,11
job_t1,job,1,22c,19,1.35,0.76,0.77,0.59,success,success,success,success,1.77631579,1.75324675,2.28813559,1.35,0.63,0.61,0.58,19,9,9,14
job_t1,job,1,22d,19,1.2,0.59,0.61,0.42,success,success,success,success,2.03389831,1.96721311,2.85714286,1.2,0.49,0.49,0.42,19,9,9,14
job_t1,job,1,23a,0,0.53,0.51,0.52,0.57,success,success,success,success,1.03921569,1.01923077,0.929824561,0.53,0.5,0.51,0.54,0,9,9,9
job_t1,job,1,23b,1,0.44,0.59,0.58,0.6,success,success,success,success,0.745762712,0.75862069,0.733333333,0.44,0.53,0.53,0.53,1,9,9,9
job_t1,job,1,23c,1,0.54,0.74,0.73,0.73,success,success,success,success,0.72972973,0.739726027,0.739726027,0.54,0.61,0.61,0.58,1,11,11,11
job_t1,job,1,24a,1,1.68,1.69,1.7,1.24,success,success,success,success,0.99408284,0.988235294,1.35483871,1.68,1.12,1.11,1.09,1,7,7,7
job_t1,job,1,24b,15,1.25,1.07,1.05,1.06,success,success,success,success,1.1682243,1.19047619,1.17924528,1.25,0.72,0.72,0.73,15,19,11,19
job_t1,job,1,25a,1,3.43,1.72,1.71,1.75,success,success,success,success,1.99418605,2.00584795,1.96,3.43,1.69,1.68,1.69,1,8,9,8
job_t1,job,1,25b,13,3.05,1.54,1.53,1.63,success,success,success,success,1.98051948,1.99346405,1.87116564,3.05,0.73,0.72,0.72,13,10,10,10
job_t1,job,1,25c,8,3.18,1.71,1.71,1.82,success,success,success,success,1.85964912,1.85964912,1.74725275,3.18,1.71,1.71,1.82,8,8,8,8
job_t1,job,1,26a,6,2.89,1.78,1.78,1.65,success,success,success,success,1.62359551,1.62359551,1.75151515,2.89,1.36,1.36,1.31,6,2,2,8
job_t1,job,1,26b,0,2.48,1.42,1.41,1.43,success,success,success,success,1.74647887,1.75886525,1.73426573,2.48,1.14,1.14,1.09,0,8,8,17
job_t1,job,1,26c,0,3.31,1.5,1.52,1.41,success,success,success,success,2.20666667,2.17763158,2.34751773,3.31,1.28,1.28,1.17,0,2,2,17
job_t1,job,1,27a,5,0.21,0.28,0.27,0.27,success,success,success,success,0.75,0.777777778,0.777777778,0.21,0.2,0.2,0.2,5,11,3,3
job_t1,job,1,27b,0,0.21,0.34,0.33,0.33,success,success,success,success,0.617647059,0.636363636,0.636363636,0.21,0.14,0.14,0.14,0,11,11,11
job_t1,job,1,27c,0,0.26,0.27,0.27,0.27,success,success,success,success,0.962962963,0.962962963,0.962962963,0.26,0.21,0.21,0.21,0,1,1,1
job_t1,job,1,28a,0,1.04,0.68,0.67,0.6,success,success,success,success,1.52941176,1.55223881,1.73333333,1.04,0.61,0.6,0.58,0,5,5,19
job_t1,job,1,28b,0,0.7,0.61,0.6,0.56,success,success,success,success,1.14754098,1.16666667,1.25,0.7,0.58,0.58,0.55,0,3,3,3
job_t1,job,1,28c,0,1.31,0.69,0.69,0.6,success,success,success,success,1.89855072,1.89855072,2.18333333,1.31,0.62,0.64,0.59,0,5,5,9
job_t1,job,1,29a,1,1.31,1.08,1.09,1.09,success,success,success,success,1.21296296,1.20183486,1.20183486,1.31,0.89,0.91,0.91,1,14,14,14
job_t1,job,1,29b,9,1.09,0.97,0.97,0.99,success,success,success,success,1.12371134,1.12371134,1.1010101,1.09,0.85,0.86,0.85,9,10,10,10
job_t1,job,1,29c,18,1.69,1.34,1.33,1.29,success,success,success,success,1.26119403,1.27067669,1.31007752,1.69,1.02,1.03,1.01,18,8,8,8
job_t1,job,1,30a,4,2.79,1.72,1.73,1.87,success,success,success,success,1.62209302,1.61271676,1.49197861,2.79,1.58,1.59,1.56,4,14,14,17
job_t1,job,1,30b,4,2.87,1.67,1.69,1.66,success,success,success,success,1.71856287,1.69822485,1.72891566,2.87,1.37,1.37,1.36,4,14,14,0
job_t1,job,1,30c,0,3.25,2.12,2.12,2.02,success,success,success,success,1.53301887,1.53301887,1.60891089,3.25,1.75,1.73,1.8,0,4,4,4
job_t1,job,1,31a,11,3.53,2,2,1.78,success,success,success,success,1.765,1.765,1.98314607,3.53,1.48,1.46,1.41,11,0,0,0
job_t1,job,1,31b,13,2.93,1.74,1.75,1.76,success,success,success,success,1.68390805,1.67428571,1.66477273,2.93,0.83,0.84,0.81,13,17,17,3
job_t1,job,1,31c,0,3.38,2.1,2.08,2.03,success,success,success,success,1.60952381,1.625,1.66502463,3.38,1.86,1.86,1.62,0,2,2,13
job_t1,job,1,32a,0,0.04,0.04,0.04,0.04,success,success,success,success,1,1,1,0.04,0.04,0.04,0.04,0,0,0,0
job_t1,job,1,32b,0,0.29,0.29,0.28,0.22,success,success,success,success,1,1.03571429,1.31818182,0.29,0.28,0.28,0.22,0,9,0,0
job_t1,job,1,33a,15,0.44,0.18,0.18,0.18,success,success,success,success,2.44444444,2.44444444,2.44444444,0.44,0.15,0.15,0.15,15,13,13,13
job_t1,job,1,33b,7,0.34,0.18,0.17,0.17,success,success,success,success,1.88888889,2,2,0.34,0.14,0.14,0.14,7,13,13,13
job_t1,job,1,33c,2,0.62,0.32,0.31,0.29,success,success,success,success,1.9375,2,2.13793103,0.62,0.27,0.28,0.26,2,11,11,15
tpch_sf10_t1,TPCH SF10,1,Q01,17,3.15,3.16,3.16,3.2,success,success,success,success,0.996835443,0.996835443,0.984375,3.15,3.14,3.16,3.13,17,13,4,8
tpch_sf10_t1,TPCH SF10,1,Q02,12,0.76,0.59,0.59,0.64,success,success,success,success,1.28813559,1.28813559,1.1875,0.76,0.59,0.59,0.62,12,9,9,9
tpch_sf10_t1,TPCH SF10,1,Q03,19,4.61,4.73,5.28,4.7,success,success,success,success,0.974630021,0.873106061,0.980851064,4.61,4.66,5.18,4.7,19,11,2,19
tpch_sf10_t1,TPCH SF10,1,Q04,17,2.95,2.96,3.8,2.99,success,success,success,success,0.996621622,0.776315789,0.986622074,2.95,2.96,3.6,2.97,17,17,16,6
tpch_sf10_t1,TPCH SF10,1,Q05,6,6.75,6.22,6.7,4.67,success,success,success,success,1.085209,1.00746269,1.44539615,6.75,5.34,5.62,4.27,6,17,17,4
tpch_sf10_t1,TPCH SF10,1,Q06,4,0.98,0.98,0.99,0.99,success,success,success,success,1,0.98989899,0.98989899,0.98,0.98,0.98,0.97,4,4,0,11
tpch_sf10_t1,TPCH SF10,1,Q07,9,4.83,2.14,2.19,2.07,success,success,success,success,2.25700935,2.20547945,2.33333333,4.83,2.14,2.15,1.92,9,9,1,8
tpch_sf10_t1,TPCH SF10,1,Q08,19,4.5,2.65,2.64,2.32,success,success,success,success,1.69811321,1.70454545,1.93965517,4.5,2.54,2.54,2.23,19,6,0,6
tpch_sf10_t1,TPCH SF10,1,Q09,5,12.12,5.39,5.86,4.72,success,success,success,success,2.24860853,2.06825939,2.56779661,12.12,5.04,5.41,4.72,5,3,2,5
tpch_sf10_t1,TPCH SF10,1,Q10,18,4.26,2.71,2.71,2.77,success,success,success,success,1.57195572,1.57195572,1.53790614,4.26,2.66,2.71,2.67,18,6,2,14
tpch_sf10_t1,TPCH SF10,1,Q11,2,0.58,0.59,0.58,0.47,success,success,success,success,0.983050847,1,1.23404255,0.58,0.58,0.57,0.46,2,12,12,10
tpch_sf10_t1,TPCH SF10,1,Q12,3,2.12,2.12,2.41,1.63,success,success,success,success,1,0.87966805,1.3006135,2.12,2.11,2.34,1.59,3,6,6,8
tpch_sf10_t1,TPCH SF10,1,Q13,14,5.06,5.14,4.89,5.18,success,success,success,success,0.984435798,1.03476483,0.976833977,5.06,5.07,4.83,5.02,14,9,19,9
tpch_sf10_t1,TPCH SF10,1,Q14,9,3.01,3.05,3.15,1.32,success,success,success,success,0.986885246,0.955555556,2.28030303,3.01,3,3.1,1.28,9,1,15,0
tpch_sf10_t1,TPCH SF10,1,Q15,14,1.22,1.24,1.23,1.22,success,success,success,success,0.983870968,0.991869919,1,1.22,1.22,1.21,1.2,14,2,12,3
tpch_sf10_t1,TPCH SF10,1,Q16,15,1.2,1.21,1.26,1.21,success,success,success,success,0.991735537,0.952380952,0.991735537,1.2,1.21,1.22,1.21,15,15,2,5
tpch_sf10_t1,TPCH SF10,1,Q17,8,4.44,4.56,4.54,3.48,success,success,success,success,0.973684211,0.977973568,1.27586207,4.44,4.47,4.42,3.19,8,12,18,13
tpch_sf10_t1,TPCH SF10,1,Q18,19,15.81,16.06,18.76,16.36,success,success,success,success,0.984433375,0.842750533,0.966381418,15.81,15.67,18.63,15.84,19,11,3,8
tpch_sf10_t1,TPCH SF10,1,Q19,2,4.17,4.23,4.47,2.72,success,success,success,success,0.985815603,0.932885906,1.53308824,4.17,4.18,4.38,2.68,2,1,15,18
tpch_sf10_t1,TPCH SF10,1,Q20,7,3.24,2.4,2.37,2.38,success,success,success,success,1.35,1.36708861,1.36134454,3.24,2.36,2.36,2.34,7,3,14,15
tpch_sf10_t1,TPCH SF10,1,Q21,1,9.92,8.92,10.82,8.25,success,success,success,success,1.11210762,0.916820702,1.20242424,9.92,8.58,10.51,8.06,1,4,11,5
tpch_sf10_t1,TPCH SF10,1,Q22,18,1.38,1.41,1.38,1.4,success,success,success,success,0.978723404,1,0.985714286,1.38,1.39,1.38,1.36,18,0,14,17
tpch_sf20_t1,TPCH SF20,1,Q01,12,6.43,6.54,6.49,6.53,success,success,success,success,0.983180428,0.990755008,0.984686064,6.43,6.44,6.43,6.44,12,4,11,19
tpch_sf20_t1,TPCH SF20,1,Q02,16,1.48,1.12,1.12,1.22,success,success,success,success,1.32142857,1.32142857,1.21311475,1.48,1.1,1.1,1.18,16,9,9,9
tpch_sf20_t1,TPCH SF20,1,Q03,5,9.43,9.57,10.71,9.75,success,success,success,success,0.985370951,0.880485528,0.967179487,9.43,9.51,10.53,9.47,5,4,11,10
tpch_sf20_t1,TPCH SF20,1,Q04,1,6.1,6.13,7.64,6.13,success,success,success,success,0.995106036,0.798429319,0.995106036,6.1,6.07,7.62,6.11,1,11,10,4
tpch_sf20_t1,TPCH SF20,1,Q05,8,13.86,13.8,15.36,10.1,success,success,success,success,1.00434783,0.90234375,1.37227723,13.86,11.29,11.57,9.3,8,17,17,4
tpch_sf20_t1,TPCH SF20,1,Q06,0,2,2.02,2.03,2.03,success,success,success,success,0.99009901,0.985221675,0.985221675,2,2,1.99,1.99,0,2,18,5
tpch_sf20_t1,TPCH SF20,1,Q07,19,9.91,4.6,4.57,4.49,success,success,success,success,2.15434783,2.16849015,2.20712695,9.91,4.46,4.48,3.98,19,18,4,0
tpch_sf20_t1,TPCH SF20,1,Q08,7,9.31,5.42,5.39,4.62,success,success,success,success,1.71771218,1.72727273,2.01515152,9.31,5.11,5.11,4.5,7,3,0,2
tpch_sf20_t1,TPCH SF20,1,Q09,5,24.25,11.27,11.95,10.45,success,success,success,success,2.15173026,2.0292887,2.32057416,24.25,10.16,10.91,10.17,5,3,3,13
tpch_sf20_t1,TPCH SF20,1,Q10,19,8.72,5.57,5.59,5.52,success,success,success,success,1.56552962,1.55992844,1.57971014,8.72,5.43,5.56,5.52,19,4,4,11
tpch_sf20_t1,TPCH SF20,1,Q11,2,1.08,1.1,1.13,0.88,success,success,success,success,0.981818182,0.955752212,1.22727273,1.08,1.1,1.08,0.86,2,2,16,12
tpch_sf20_t1,TPCH SF20,1,Q12,14,4.28,4.28,4.82,3.25,success,success,success,success,1,0.887966805,1.31692308,4.28,4.23,4.82,3.19,14,4,14,5
tpch_sf20_t1,TPCH SF20,1,Q13,7,10.42,10.43,10.6,10.44,success,success,success,success,0.999041227,0.983018868,0.998084291,10.42,10.38,10.4,10.34,7,8,14,12
tpch_sf20_t1,TPCH SF20,1,Q14,14,5.96,6.1,6.25,2.52,success,success,success,success,0.97704918,0.9536,2.36507937,5.96,5.95,6.14,2.52,14,13,4,14
tpch_sf20_t1,TPCH SF20,1,Q15,4,2.56,2.56,2.57,2.55,success,success,success,success,1,0.996108949,1.00392157,2.56,2.54,2.54,2.53,4,7,11,5
tpch_sf20_t1,TPCH SF20,1,Q16,18,2.48,2.46,2.49,2.49,success,success,success,success,1.00813008,0.995983936,0.995983936,2.48,2.45,2.45,2.48,18,2,17,4
tpch_sf20_t1,TPCH SF20,1,Q17,15,9.38,9.52,9.65,6.68,success,success,success,success,0.985294118,0.972020725,1.40419162,9.38,9.45,9.47,6.63,15,9,4,19
tpch_sf20_t1,TPCH SF20,1,Q18,2,32.64,33.36,39.03,32.38,success,success,success,success,0.978417266,0.836279785,1.00802965,32.64,32.35,38.78,32.28,2,10,12,15
tpch_sf20_t1,TPCH SF20,1,Q19,8,8.31,8.38,8.73,5.51,success,success,success,success,0.991646778,0.951890034,1.50816697,8.31,8.25,8.68,5.35,8,15,9,6
tpch_sf20_t1,TPCH SF20,1,Q20,6,6.56,4.97,4.93,4.89,success,success,success,success,1.31991952,1.3306288,1.34151329,6.56,4.83,4.85,4.88,6,13,5,8
tpch_sf20_t1,TPCH SF20,1,Q21,1,20.32,18.91,23.47,17.18,success,success,success,success,1.07456372,0.86578611,1.18277066,20.32,17.82,22.43,16.97,1,16,3,10
tpch_sf20_t1,TPCH SF20,1,Q22,6,2.84,2.88,3.4,2.98,success,success,success,success,0.986111111,0.835294118,0.953020134,2.84,2.83,3.29,2.84,6,2,7,10
tpch_sf50_t1,TPCH SF50,1,Q01,13,16,16.07,16.1,16.22,success,success,success,success,0.995644057,0.99378882,0.986436498,16,15.97,15.95,16.02,13,4,2,15
tpch_sf50_t1,TPCH SF50,1,Q02,16,3.67,2.72,2.69,3.08,success,success,success,success,1.34926471,1.36431227,1.19155844,3.67,2.63,2.63,2.89,16,9,17,9
tpch_sf50_t1,TPCH SF50,1,Q03,12,23.18,23.62,27.36,23.54,success,success,success,success,0.981371719,0.847222222,0.984706882,23.18,23.33,27.02,23.28,12,19,11,13
tpch_sf50_t1,TPCH SF50,1,Q04,13,15.81,16.25,21.18,15.99,success,success,success,success,0.972923077,0.746458924,0.988742964,15.81,15.87,20.95,15.73,13,9,16,5
tpch_sf50_t1,TPCH SF50,1,Q05,10,35.97,37.17,39.69,29.47,success,success,success,success,0.9677159,0.906273621,1.22056328,35.97,29.07,30.17,24.96,10,17,17,4
tpch_sf50_t1,TPCH SF50,1,Q06,6,4.96,5.04,5.03,4.99,success,success,success,success,0.984126984,0.986083499,0.993987976,4.96,4.97,4.97,4.99,6,4,13,6
tpch_sf50_t1,TPCH SF50,1,Q07,9,25.98,11.6,11.8,11.32,success,success,success,success,2.23965517,2.20169492,2.295053,25.98,11.28,11.33,10.25,9,0,4,12
tpch_sf50_t1,TPCH SF50,1,Q08,4,22.75,14.28,14.09,11.62,success,success,success,success,1.59313725,1.6146203,1.95783133,22.75,12.96,13.09,11.41,4,3,0,9
tpch_sf50_t1,TPCH SF50,1,Q09,5,60.07,28.75,31.24,27.63,success,success,success,success,2.0893913,1.92285531,2.17408614,60.07,26.6,29.28,27.3,5,3,3,17
tpch_sf50_t1,TPCH SF50,1,Q10,12,22.02,14.15,14.29,14.31,success,success,success,success,1.55618375,1.54093772,1.53878407,22.02,13.93,14.29,14.19,12,7,12,9
tpch_sf50_t1,TPCH SF50,1,Q11,12,2.6,2.61,2.71,2.11,success,success,success,success,0.996168582,0.959409594,1.23222749,2.6,2.59,2.65,2.09,12,6,2,10
tpch_sf50_t1,TPCH SF50,1,Q12,12,11.1,11.09,13.43,7.96,success,success,success,success,1.00090171,0.826507818,1.39447236,11.1,11.09,13.4,7.95,12,12,2,2
tpch_sf50_t1,TPCH SF50,1,Q13,13,26.94,27.5,30.01,26.9,success,success,success,success,0.979636364,0.897700766,1.00148699,26.94,26.81,29.77,26.89,13,0,19,15
tpch_sf50_t1,TPCH SF50,1,Q14,7,15,15.03,15.72,6.42,success,success,success,success,0.998003992,0.954198473,2.3364486,15,14.8,15.52,6.25,7,4,0,8
tpch_sf50_t1,TPCH SF50,1,Q15,14,6.41,6.52,6.52,6.48,success,success,success,success,0.983128834,0.983128834,0.989197531,6.41,6.43,6.48,6.42,14,4,5,19
tpch_sf50_t1,TPCH SF50,1,Q16,17,6.38,6.34,6.34,6.49,success,success,success,success,1.00630915,1.00630915,0.983050847,6.38,6.34,6.34,6.35,17,4,17,12
tpch_sf50_t1,TPCH SF50,1,Q17,11,24.83,25.24,25.24,17.32,success,success,success,success,0.983755943,0.983755943,1.43360277,24.83,24.77,25,17.01,11,19,19,15
tpch_sf50_t1,TPCH SF50,1,Q18,18,83.5,83.97,105.93,85.43,success,success,success,success,0.994402763,0.788256396,0.977408405,83.5,83.23,104.2,83.48,18,15,13,14
tpch_sf50_t1,TPCH SF50,1,Q19,10,20.54,20.64,22.09,13.69,success,success,success,success,0.995155039,0.929832503,1.50036523,20.54,20.47,21.49,13.45,10,7,13,17
tpch_sf50_t1,TPCH SF50,1,Q20,14,16.55,12.56,11.96,12.05,success,success,success,success,1.31767516,1.38377926,1.37344398,16.55,11.83,11.76,11.83,14,16,11,17
tpch_sf50_t1,TPCH SF50,1,Q21,9,56.81,50.26,64.71,48.78,success,success,success,success,1.13032232,0.87791686,1.16461665,56.81,47.47,61.56,45.44,9,3,8,10
tpch_sf50_t1,TPCH SF50,1,Q22,13,8.15,8.32,11.09,8.53,success,success,success,success,0.979567308,0.734896303,0.955451348,8.15,8.16,11.07,8.1,13,2,16,19
tpch_sf100_t1,TPCH SF100,1,Q01,3,30.97,31.5,31.14,31.58,success,success,success,success,0.983174603,0.994540784,0.980683977,30.97,31.03,30.94,31.1,3,8,4,8
tpch_sf100_t1,TPCH SF100,1,Q02,16,7.47,5.49,5.54,6.13,success,success,success,success,1.36065574,1.34837545,1.21859706,7.47,5.27,5.18,5.83,16,9,17,17
tpch_sf100_t1,TPCH SF100,1,Q03,18,45.47,46.9,55.71,46.46,success,success,success,success,0.969509595,0.816190989,0.978691347,45.47,46.08,54.76,46.18,18,0,0,2
tpch_sf100_t1,TPCH SF100,1,Q04,5,32.16,32.83,45.27,32.25,success,success,success,success,0.979591837,0.710404241,0.997209302,32.16,32.02,43.65,32.17,5,19,0,16
tpch_sf100_t1,TPCH SF100,1,Q05,14,73.92,75.19,82.17,62.78,success,success,success,success,0.983109456,0.899598394,1.17744505,73.92,59.57,61.24,51.15,14,17,17,4
tpch_sf100_t1,TPCH SF100,1,Q06,13,9.01,9.08,9.16,9.12,success,success,success,success,0.992290749,0.983624454,0.987938596,9.01,9.04,9.03,9,13,5,15,10
tpch_sf100_t1,TPCH SF100,1,Q07,9,52.79,22.52,23.2,22.05,success,success,success,success,2.34413854,2.27543103,2.39410431,52.79,22.12,22.33,20.16,9,14,18,0
tpch_sf100_t1,TPCH SF100,1,Q08,19,46.13,28.78,28.59,23.77,success,success,success,success,1.6028492,1.61350122,1.94068153,46.13,25.7,26.1,22.98,19,18,18,5
tpch_sf100_t1,TPCH SF100,1,Q09,13,122.04,57.43,63.68,56.48,success,success,success,success,2.12502177,1.91645729,2.16076487,122.04,56.46,63.15,55.71,13,2,2,6
tpch_sf100_t1,TPCH SF100,1,Q10,13,43.31,27.81,28.9,28.36,success,success,success,success,1.55735347,1.49861592,1.52715092,43.31,27.81,28.28,28.17,13,13,7,10
tpch_sf100_t1,TPCH SF100,1,Q11,16,5.17,5.27,5.19,4.22,success,success,success,success,0.981024668,0.996146435,1.22511848,5.17,5.17,5.17,4.14,16,2,12,10
tpch_sf100_t1,TPCH SF100,1,Q12,16,22.38,22.93,29.22,15.67,success,success,success,success,0.976013956,0.765913758,1.42820676,22.38,22.51,28.42,15.58,16,9,6,6
tpch_sf100_t1,TPCH SF100,1,Q13,9,54.92,55.34,63.6,55.93,success,success,success,success,0.992410553,0.863522013,0.981941713,54.92,54.21,62.38,54.46,9,18,14,7
tpch_sf100_t1,TPCH SF100,1,Q14,10,30.12,30.39,31.92,12.77,success,success,success,success,0.991115499,0.943609023,2.35865309,30.12,30.12,31.22,12.5,10,9,19,12
tpch_sf100_t1,TPCH SF100,1,Q15,11,12.2,12.28,12.49,12.18,success,success,success,success,0.993485342,0.976781425,1.00164204,12.2,12.27,12.24,12.13,11,3,13,5
tpch_sf100_t1,TPCH SF100,1,Q16,8,12.99,13.53,13.22,13.2,success,success,success,success,0.960088692,0.982602118,0.984090909,12.99,12.87,12.83,12.87,8,5,7,12
tpch_sf100_t1,TPCH SF100,1,Q17,19,51.83,52.7,52.29,35.93,success,success,success,success,0.983491461,0.991202907,1.44252714,51.83,51.35,51.79,35.15,19,12,17,1
tpch_sf100_t1,TPCH SF100,1,Q18,15,175.91,176.59,224.03,176.06,success,success,success,success,0.996149272,0.785207338,0.999148018,175.91,175.61,216.47,174.42,15,6,0,3
tpch_sf100_t1,TPCH SF100,1,Q19,10,41.34,41.97,44.74,27.54,success,success,success,success,0.984989278,0.924005364,1.50108932,41.34,40.97,43.63,27.37,10,8,11,13
tpch_sf100_t1,TPCH SF100,1,Q20,2,33.27,23.37,23.83,22.88,success,success,success,success,1.42362003,1.39613932,1.45410839,33.27,22.84,22.73,22.75,2,10,7,7
tpch_sf100_t1,TPCH SF100,1,Q21,9,119.27,104.16,137.72,103.54,success,success,success,success,1.14506528,0.86603253,1.15192196,119.27,99.22,131.7,94.29,9,18,18,12
tpch_sf100_t1,TPCH SF100,1,Q22,15,17.91,18.13,27.34,18.37,success,success,success,success,0.987865416,0.655084126,0.974959173,17.91,17.94,26.72,17.86,15,14,1,19
tpcds_sf10_t1,TPCDS SF10,1,Q01,0,0.92,0.92,1.13,0.92,success,success,success,success,1,0.814159292,1,0.92,0.92,1.13,0.92,0,0,0,0
tpcds_sf10_t1,TPCDS SF10,1,Q02,0,1.84,1.84,1.84,1.84,success,success,success,success,1,1,1,1.84,1.84,1.84,1.84,0,0,0,0
tpcds_sf10_t1,TPCDS SF10,1,Q03,1,1.03,0.82,0.82,0.82,success,success,success,success,1.25609756,1.25609756,1.25609756,1.03,0.72,0.72,0.72,1,4,2,0
tpcds_sf10_t1,TPCDS SF10,1,Q04,19,12.19,11.78,11.99,12.19,success,success,success,success,1.03480475,1.01668057,1,12.19,11.68,11.57,11.78,19,15,3,6
tpcds_sf10_t1,TPCDS SF10,1,Q05,0,2.05,1.64,1.75,1.64,success,success,success,success,1.25,1.17142857,1.25,2.05,1.54,1.75,1.54,0,1,0,1
tpcds_sf10_t1,TPCDS SF10,1,Q06,6,3.27,3.28,3.38,3.28,success,success,success,success,0.99695122,0.967455621,0.99695122,3.27,3.28,3.28,3.28,6,0,1,1
tpcds_sf10_t1,TPCDS SF10,1,Q07,1,1.74,1.34,1.34,1.34,success,success,success,success,1.29850746,1.29850746,1.29850746,1.74,1.23,1.23,1.23,1,2,2,2
tpcds_sf10_t1,TPCDS SF10,1,Q08,0,2.46,1.84,1.84,1.85,success,success,success,success,1.33695652,1.33695652,1.32972973,2.46,1.84,1.84,1.84,0,0,0,1
tpcds_sf10_t1,TPCDS SF10,1,Q09,0,3.17,3.18,3.18,3.18,success,success,success,success,0.996855346,0.996855346,0.996855346,3.17,3.17,3.17,3.17,0,1,2,6
tpcds_sf10_t1,TPCDS SF10,1,Q10,0,1.33,1.33,1.33,0.82,success,success,success,success,1,1,1.62195122,1.33,1.33,1.33,0.72,0,0,0,4
tpcds_sf10_t1,TPCDS SF10,1,Q11,13,8.5,7.99,7.89,8.3,success,success,success,success,1.06382979,1.07731305,1.02409639,8.5,7.88,7.78,7.89,13,3,1,8
tpcds_sf10_t1,TPCDS SF10,1,Q12,1,0.31,0.31,0.31,0.31,success,success,success,success,1,1,1,0.31,0.31,0.31,0.31,1,0,0,0
tpcds_sf10_t1,TPCDS SF10,1,Q13,12,2.15,2.36,2.36,2.56,success,success,success,success,0.911016949,0.911016949,0.83984375,2.15,2.36,2.36,2.46,12,0,0,0
tpcds_sf10_t1,TPCDS SF10,1,Q14,0,20.65,20.77,21.89,20.88,success,success,success,success,0.994222436,0.943353129,0.988984674,20.65,20.77,20.98,20.88,0,0,15,0
tpcds_sf10_t1,TPCDS SF10,1,Q15,0,0.21,0.21,0.21,0.21,success,success,success,success,1,1,1,0.21,0.21,0.21,0.21,0,0,0,0
tpcds_sf10_t1,TPCDS SF10,1,Q16,0,0.21,0.21,0.21,0.21,success,success,success,success,1,1,1,0.21,0.21,0.21,0.21,0,0,0,0
tpcds_sf10_t1,TPCDS SF10,1,Q17,1,1.85,1.13,1.13,1.23,success,success,success,success,1.63716814,1.63716814,1.50406504,1.85,1.13,1.13,1.23,1,0,0,0
tpcds_sf10_t1,TPCDS SF10,1,Q18,1,0.72,0.51,0.52,0.52,success,success,success,success,1.41176471,1.38461538,1.38461538,0.72,0.51,0.51,0.52,1,1,6,0
tpcds_sf10_t1,TPCDS SF10,1,Q19,2,1.23,0.93,0.93,0.82,success,success,success,success,1.32258065,1.32258065,1.5,1.23,0.82,0.82,0.82,2,0,0,0
tpcds_sf10_t1,TPCDS SF10,1,Q20,0,0.21,0.21,0.21,0.21,success,success,success,success,1,1,1,0.21,0.21,0.21,0.21,0,0,0,0
tpcds_sf10_t1,TPCDS SF10,1,Q21,0,0.41,0.21,0.31,0.31,success,success,success,success,1.95238095,1.32258065,1.32258065,0.41,0.21,0.31,0.31,0,0,0,0
tpcds_sf10_t1,TPCDS SF10,1,Q22,2,11.78,12.2,11.89,12.1,success,success,success,success,0.96557377,0.990748528,0.973553719,11.78,11.68,11.79,11.89,2,10,0,0
tpcds_sf10_t1,TPCDS SF10,1,Q23,14,11.47,12.09,12.19,12.08,success,success,success,success,0.948717949,0.940935193,0.949503311,11.47,11.78,11.47,11.68,14,2,13,11
tpcds_sf10_t1,TPCDS SF10,1,Q24,18,2.56,1.85,1.95,1.95,success,success,success,success,1.38378378,1.31282051,1.31282051,2.56,1.23,1.23,1.23,18,0,0,0
tpcds_sf10_t1,TPCDS SF10,1,Q25,1,1.64,1.03,1.03,1.13,success,success,success,success,1.59223301,1.59223301,1.45132743,1.64,1.03,1.03,1.03,1,1,1,3
tpcds_sf10_t1,TPCDS SF10,1,Q26,0,0.41,0.31,0.31,0.31,success,success,success,success,1.32258065,1.32258065,1.32258065,0.41,0.31,0.31,0.31,0,0,0,0
tpcds_sf10_t1,TPCDS SF10,1,Q27,0,3.89,2.87,2.87,2.87,success,success,success,success,1.3554007,1.3554007,1.3554007,3.89,2.56,2.56,2.56,0,6,6,1
tpcds_sf10_t1,TPCDS SF10,1,Q28,0,3.38,3.38,3.38,3.38,success,success,success,success,1,1,1,3.38,3.38,3.38,3.38,0,0,0,0
tpcds_sf10_t1,TPCDS SF10,1,Q29,1,2.15,1.54,1.54,1.64,success,success,success,success,1.3961039,1.3961039,1.31097561,2.15,1.44,1.44,1.44,1,11,11,3
tpcds_sf10_t1,TPCDS SF10,1,Q30,0,0.31,0.31,0.41,0.31,success,success,success,success,1,0.756097561,1,0.31,0.31,0.31,0.31,0,0,1,0
tpcds_sf10_t1,TPCDS SF10,1,Q31,0,2.05,1.54,1.44,1.44,success,success,success,success,1.33116883,1.42361111,1.42361111,2.05,1.44,1.44,1.44,0,5,0,0
tpcds_sf10_t1,TPCDS SF10,1,Q32,0,0.11,0.11,0.11,0.11,success,success,success,success,1,1,1,0.11,0.11,0.11,0.11,0,0,0,0
tpcds_sf10_t1,TPCDS SF10,1,Q33,2,1.23,0.93,0.93,0.93,success,success,success,success,1.32258065,1.32258065,1.32258065,1.23,0.92,0.93,0.93,2,9,1,0
tpcds_sf10_t1,TPCDS SF10,1,Q34,0,1.74,1.03,1.03,1.03,success,success,success,success,1.68932039,1.68932039,1.68932039,1.74,1.03,1.03,1.03,0,0,0,0
tpcds_sf10_t1,TPCDS SF10,1,Q35,2,2.05,2.15,2.26,1.85,success,success,success,success,0.953488372,0.907079646,1.10810811,2.05,2.05,2.26,1.74,2,0,0,4
tpcds_sf10_t1,TPCDS SF10,1,Q36,2,1.95,1.44,1.44,1.64,success,success,success,success,1.35416667,1.35416667,1.18902439,1.95,1.23,1.23,1.44,2,0,0,0
tpcds_sf10_t1,TPCDS SF10,1,Q37,6,0.51,0.51,0.51,0.41,success,success,success,success,1,1,1.24390244,0.51,0.51,0.51,0.41,6,0,0,0
tpcds_sf10_t1,TPCDS SF10,1,Q38,15,2.77,2.97,2.97,2.56,success,success,success,success,0.932659933,0.932659933,1.08203125,2.77,2.87,2.87,2.56,15,8,0,0
tpcds_sf10_t1,TPCDS SF10,1,Q39,1,0.92,0.93,0.93,0.93,success,success,success,success,0.989247312,0.989247312,0.989247312,0.92,0.92,0.93,0.93,1,3,1,0
tpcds_sf10_t1,TPCDS SF10,1,Q40,0,0.31,0.21,0.21,0.11,success,success,success,success,1.47619048,1.47619048,2.81818182,0.31,0.21,0.21,0.11,0,0,0,0
tpcds_sf10_t1,TPCDS SF10,1,Q41,1,0.1,0.11,0.11,0.11,success,success,success,success,0.909090909,0.909090909,0.909090909,0.1,0.11,0.11,0.11,1,0,0,0
tpcds_sf10_t1,TPCDS SF10,1,Q42,1,0.92,0.62,0.62,0.62,success,success,success,success,1.48387097,1.48387097,1.48387097,0.92,0.62,0.52,0.52,1,0,0,2
tpcds_sf10_t1,TPCDS SF10,1,Q43,1,1.64,1.03,1.03,1.03,success,success,success,success,1.59223301,1.59223301,1.59223301,1.64,0.92,0.92,1.03,1,2,2,0
tpcds_sf10_t1,TPCDS SF10,1,Q44,4,92.83,95.89,92.98,86.46,success,success,success,success,0.968088435,0.99838675,1.07367569,92.83,92,91.67,84.83,4,17,11,3
tpcds_sf10_t1,TPCDS SF10,1,Q45,1,0.51,0.41,0.41,0.41,success,success,success,success,1.24390244,1.24390244,1.24390244,0.51,0.41,0.41,0.31,1,0,0,2
tpcds_sf10_t1,TPCDS SF10,1,Q46,2,2.36,1.64,1.64,1.64,success,success,success,success,1.43902439,1.43902439,1.43902439,2.36,1.64,1.54,1.54,2,0,8,3
tpcds_sf10_t1,TPCDS SF10,1,Q47,12,3.9,4,4.2,4.1,success,success,success,success,0.975,0.928571429,0.951219512,3.9,4,4,4,12,6,7,2
tpcds_sf10_t1,TPCDS SF10,1,Q48,4,1.95,2.05,2.05,2.46,success,success,success,success,0.951219512,0.951219512,0.792682927,1.95,2.05,2.05,2.26,4,4,4,5
tpcds_sf10_t1,TPCDS SF10,1,Q49,5,1.23,1.13,1.13,1.13,success,success,success,success,1.08849558,1.08849558,1.08849558,1.23,1.13,1.13,1.13,5,0,0,0
tpcds_sf10_t1,TPCDS SF10,1,Q50,8,3.49,1.33,1.33,1.23,success,success,success,success,2.62406015,2.62406015,2.83739837,3.49,1.33,1.33,1.23,8,2,2,2
tpcds_sf10_t1,TPCDS SF10,1,Q51,4,9.52,9.83,9.73,9.32,success,success,success,success,0.968463886,0.978417266,1.02145923,9.52,9.62,9.43,9.22,4,3,3,12
tpcds_sf10_t1,TPCDS SF10,1,Q52,1,0.92,0.62,0.62,0.62,success,success,success,success,1.48387097,1.48387097,1.48387097,0.92,0.52,0.62,0.52,1,6,0,4
tpcds_sf10_t1,TPCDS SF10,1,Q53,0,1.03,0.82,0.82,0.82,success,success,success,success,1.25609756,1.25609756,1.25609756,1.03,0.72,0.72,0.72,0,7,1,5
tpcds_sf10_t1,TPCDS SF10,1,Q55,3,0.92,0.62,0.62,0.62,success,success,success,success,1.48387097,1.48387097,1.48387097,0.92,0.62,0.62,0.52,3,0,0,8
tpcds_sf10_t1,TPCDS SF10,1,Q56,6,1.23,0.93,0.93,0.93,success,success,success,success,1.32258065,1.32258065,1.32258065,1.23,0.92,0.92,0.82,6,9,3,13
tpcds_sf10_t1,TPCDS SF10,1,Q57,4,1.54,1.64,1.64,1.64,success,success,success,success,0.93902439,0.93902439,0.93902439,1.54,1.64,1.64,1.64,4,0,0,0
tpcds_sf10_t1,TPCDS SF10,1,Q58,0,3.38,3.48,3.48,3.49,success,success,success,success,0.971264368,0.971264368,0.968481375,3.38,3.38,3.48,3.38,0,4,0,11
tpcds_sf10_t1,TPCDS SF10,1,Q59,6,3.28,3.38,3.28,3.38,success,success,success,success,0.970414201,1,0.970414201,3.28,3.28,3.28,3.28,6,0,6,0
tpcds_sf10_t1,TPCDS SF10,1,Q60,0,1.44,1.03,1.03,1.13,success,success,success,success,1.39805825,1.39805825,1.27433628,1.44,1.03,1.03,1.13,0,0,0,0
tpcds_sf10_t1,TPCDS SF10,1,Q61,2,2.05,1.44,1.44,1.34,success,success,success,success,1.42361111,1.42361111,1.52985075,2.05,1.33,1.34,1.33,2,1,0,3
tpcds_sf10_t1,TPCDS SF10,1,Q62,0,0.82,0.82,0.82,0.82,success,success,success,success,1,1,1,0.82,0.82,0.82,0.82,0,0,0,0
tpcds_sf10_t1,TPCDS SF10,1,Q63,0,1.03,0.82,0.82,0.82,success,success,success,success,1.25609756,1.25609756,1.25609756,1.03,0.72,0.72,0.72,0,1,4,4
tpcds_sf10_t1,TPCDS SF10,1,Q64,6,3.59,3.38,4,2.26,success,success,success,success,1.06213018,0.8975,1.58849558,3.59,2.87,2.77,2.26,6,0,12,6
tpcds_sf10_t1,TPCDS SF10,1,Q65,8,5.02,5.13,5.13,4.82,success,success,success,success,0.978557505,0.978557505,1.04149378,5.02,4.92,5.02,4.61,8,4,1,1
tpcds_sf10_t1,TPCDS SF10,1,Q66,8,0.72,0.52,0.52,0.52,success,success,success,success,1.38461538,1.38461538,1.38461538,0.72,0.51,0.52,0.52,8,11,0,0
tpcds_sf10_t1,TPCDS SF10,1,Q67,8,18.24,19.27,18.76,19.38,success,success,success,success,0.94654904,0.97228145,0.941176471,18.24,18.35,18.25,18.56,8,6,15,11
tpcds_sf10_t1,TPCDS SF10,1,Q68,17,1.95,1.54,1.54,1.54,success,success,success,success,1.26623377,1.26623377,1.26623377,1.95,1.54,1.44,1.44,17,0,1,0
tpcds_sf10_t1,TPCDS SF10,1,Q69,2,1.23,1.23,1.23,0.72,success,success,success,success,1,1,1.70833333,1.23,1.23,1.23,0.72,2,0,0,0
tpcds_sf10_t1,TPCDS SF10,1,Q70,0,3.48,3.27,3.28,2.87,success,success,success,success,1.06422018,1.06097561,1.21254355,3.48,3.27,3.28,2.77,0,0,0,10
tpcds_sf10_t1,TPCDS SF10,1,Q71,0,1.44,1.33,1.34,0.82,success,success,success,success,1.08270677,1.07462687,1.75609756,1.44,1.23,1.33,0.82,0,16,2,0
tpcds_sf10_t1,TPCDS SF10,1,Q72,5,12.07,3.58,3.79,3.28,success,success,success,success,3.37150838,3.18469657,3.67987805,12.07,2.87,2.87,2.87,5,2,2,6
tpcds_sf10_t1,TPCDS SF10,1,Q73,3,1.33,0.92,0.93,0.92,success,success,success,success,1.44565217,1.43010753,1.44565217,1.33,0.92,0.92,0.92,3,0,7,3
tpcds_sf10_t1,TPCDS SF10,1,Q74,8,5.63,5.32,5.12,5.12,success,success,success,success,1.05827068,1.09960938,1.09960938,5.63,5.12,5.12,5.02,8,16,6,14
tpcds_sf10_t1,TPCDS SF10,1,Q75,1,4.2,3.18,3.18,3.18,success,success,success,success,1.32075472,1.32075472,1.32075472,4.2,3.08,3.08,3.08,1,0,0,0
tpcds_sf10_t1,TPCDS SF10,1,Q76,1,1.74,1.75,1.74,1.34,success,success,success,success,0.994285714,1,1.29850746,1.74,1.74,1.74,1.33,1,7,1,19
tpcds_sf10_t1,TPCDS SF10,1,Q77,1,1.54,1.03,1.03,1.03,success,success,success,success,1.49514563,1.49514563,1.49514563,1.54,1.03,1.03,1.03,1,1,0,0
tpcds_sf10_t1,TPCDS SF10,1,Q78,0,7.68,7.89,8.2,6.46,success,success,success,success,0.97338403,0.936585366,1.18885449,7.68,7.69,8,5.95,0,16,19,3
tpcds_sf10_t1,TPCDS SF10,1,Q79,0,2.36,1.54,1.64,1.64,success,success,success,success,1.53246753,1.43902439,1.43902439,2.36,1.54,1.54,1.64,0,0,3,0
tpcds_sf10_t1,TPCDS SF10,1,Q80,11,3.08,1.74,1.75,1.44,success,success,success,success,1.77011494,1.76,2.13888889,3.08,1.64,1.75,1.34,11,3,0,2
tpcds_sf10_t1,TPCDS SF10,1,Q81,0,0.41,0.41,0.41,0.41,success,success,success,success,1,1,1,0.41,0.41,0.41,0.41,0,0,0,0
tpcds_sf10_t1,TPCDS SF10,1,Q82,0,0.82,0.82,0.82,0.51,success,success,success,success,1,1,1.60784314,0.82,0.82,0.82,0.51,0,0,0,0
tpcds_sf10_t1,TPCDS SF10,1,Q83,0,0.51,0.21,0.21,0.21,success,success,success,success,2.42857143,2.42857143,2.42857143,0.51,0.21,0.21,0.21,0,0,0,0
tpcds_sf10_t1,TPCDS SF10,1,Q84,0,0.31,0.31,0.31,0.21,success,success,success,success,1,1,1.47619048,0.31,0.31,0.31,0.21,0,0,0,0
tpcds_sf10_t1,TPCDS SF10,1,Q85,0,0.92,1.03,0.93,1.03,success,success,success,success,0.893203883,0.989247312,0.893203883,0.92,0.92,0.92,0.92,0,2,14,2
tpcds_sf10_t1,TPCDS SF10,1,Q86,0,0.51,0.62,0.62,0.62,success,success,success,success,0.822580645,0.822580645,0.822580645,0.51,0.62,0.62,0.62,0,0,0,0
tpcds_sf10_t1,TPCDS SF10,1,Q87,4,2.97,3.07,3.07,2.77,success,success,success,success,0.96742671,0.96742671,1.07220217,2.97,3.07,3.07,2.77,4,0,0,0
tpcds_sf10_t1,TPCDS SF10,1,Q88,12,5.01,2.76,2.77,2.66,success,success,success,success,1.81521739,1.80866426,1.88345865,5.01,2.66,2.66,2.56,12,1,1,18
tpcds_sf10_t1,TPCDS SF10,1,Q89,0,1.23,0.93,0.93,0.92,success,success,success,success,1.32258065,1.32258065,1.33695652,1.23,0.92,0.92,0.92,0,4,1,0
tpcds_sf10_t1,TPCDS SF10,1,Q90,0,0.41,0.31,0.31,0.31,success,success,success,success,1.32258065,1.32258065,1.32258065,0.41,0.31,0.31,0.31,0,0,0,0
tpcds_sf10_t1,TPCDS SF10,1,Q91,0,0.21,0.21,0.21,0.21,success,success,success,success,1,1,1,0.21,0.21,0.21,0.21,0,0,0,0
tpcds_sf10_t1,TPCDS SF10,1,Q92,11,0.41,0.41,0.41,0.31,success,success,success,success,1,1,1.32258065,0.41,0.41,0.41,0.31,11,0,0,0
tpcds_sf10_t1,TPCDS SF10,1,Q93,2,3.49,2.66,2.66,2.67,success,success,success,success,1.31203008,1.31203008,1.3071161,3.49,2.66,2.66,2.66,2,0,0,0
tpcds_sf10_t1,TPCDS SF10,1,Q94,0,0.51,0.51,0.52,0.52,success,success,success,success,1,0.980769231,0.980769231,0.51,0.51,0.51,0.51,0,0,1,16
tpcds_sf10_t1,TPCDS SF10,1,Q95,0,12.36,12.47,13.7,1.03,success,success,success,success,0.991178829,0.902189781,12,12.36,12.17,13.7,1.03,0,1,0,0
tpcds_sf10_t1,TPCDS SF10,1,Q96,0,0.82,0.52,0.52,0.52,success,success,success,success,1.57692308,1.57692308,1.57692308,0.82,0.51,0.52,0.52,0,1,0,0
tpcds_sf10_t1,TPCDS SF10,1,Q97,13,2.77,2.87,2.87,2.97,success,success,success,success,0.965156794,0.965156794,0.932659933,2.77,2.87,2.87,2.97,13,1,0,5
tpcds_sf10_t1,TPCDS SF10,1,Q98,3,0.92,0.72,0.72,0.62,success,success,success,success,1.27777778,1.27777778,1.48387097,0.92,0.72,0.72,0.62,3,0,0,0
tpcds_sf10_t1,TPCDS SF10,1,Q99,0,0.82,0.82,0.82,1.03,success,success,success,success,1,1,0.796116505,0.82,0.82,0.82,1.03,0,0,0,0
tpcds_sf20_t1,TPCDS SF20,1,Q01,0,1.43,1.54,1.95,1.44,success,success,success,success,0.928571429,0.733333333,0.993055556,1.43,1.44,1.95,1.44,0,1,0,0
tpcds_sf20_t1,TPCDS SF20,1,Q02,0,3.58,3.58,3.58,3.58,success,success,success,success,1,1,1,3.58,3.48,3.58,3.48,0,13,0,16
tpcds_sf20_t1,TPCDS SF20,1,Q03,1,1.85,1.54,1.54,1.54,success,success,success,success,1.2012987,1.2012987,1.2012987,1.85,1.44,1.44,1.44,1,0,0,0
tpcds_sf20_t1,TPCDS SF20,1,Q04,18,22.51,21.29,21.29,21.51,success,success,success,success,1.0573039,1.0573039,1.04649,22.51,21.29,21.29,21.08,18,18,2,4
tpcds_sf20_t1,TPCDS SF20,1,Q05,3,4,3.18,3.69,3.08,success,success,success,success,1.25786164,1.08401084,1.2987013,4,3.08,3.69,3.08,3,0,0,0
tpcds_sf20_t1,TPCDS SF20,1,Q06,0,6.24,6.24,6.24,6.24,success,success,success,success,1,1,1,6.24,6.14,6.14,6.14,0,6,16,6
tpcds_sf20_t1,TPCDS SF20,1,Q07,1,3.28,2.56,2.46,2.57,success,success,success,success,1.28125,1.33333333,1.27626459,3.28,2.26,2.26,2.36,1,8,2,2
tpcds_sf20_t1,TPCDS SF20,1,Q08,2,2.97,1.95,1.95,1.95,success,success,success,success,1.52307692,1.52307692,1.52307692,2.97,1.85,1.85,1.95,2,8,12,0
tpcds_sf20_t1,TPCDS SF20,1,Q09,0,6.24,6.24,6.24,6.35,success,success,success,success,1,1,0.982677165,6.24,6.24,6.24,6.24,0,0,0,1
tpcds_sf20_t1,TPCDS SF20,1,Q10,14,2.36,2.36,2.56,1.34,success,success,success,success,1,0.921875,1.76119403,2.36,2.36,2.36,1.13,14,12,4,8
tpcds_sf20_t1,TPCDS SF20,1,Q11,5,15.45,14.33,14.33,15.16,success,success,success,success,1.07815771,1.07815771,1.01912929,15.45,14.33,14.33,14.13,5,5,1,4
tpcds_sf20_t1,TPCDS SF20,1,Q12,3,0.51,0.41,0.41,0.41,success,success,success,success,1.24390244,1.24390244,1.24390244,0.51,0.41,0.41,0.41,3,0,0,0
tpcds_sf20_t1,TPCDS SF20,1,Q13,12,4.1,4.41,4.41,4.71,success,success,success,success,0.929705215,0.929705215,0.870488323,4.1,4.41,4.41,4.71,12,0,0,4
tpcds_sf20_t1,TPCDS SF20,1,Q14,1,38.65,40.6,38.98,39.88,success,success,success,success,0.951970443,0.99153412,0.969157472,38.65,38.56,38.27,39.07,1,12,10,11
tpcds_sf20_t1,TPCDS SF20,1,Q15,0,0.31,0.31,0.31,0.31,success,success,success,success,1,1,1,0.31,0.31,0.31,0.31,0,0,0,0
tpcds_sf20_t1,TPCDS SF20,1,Q16,0,0.41,0.41,0.31,0.41,success,success,success,success,1,1.32258065,1,0.41,0.31,0.31,0.31,0,2,0,2
tpcds_sf20_t1,TPCDS SF20,1,Q17,11,2.97,2.05,2.16,2.26,success,success,success,success,1.44878049,1.375,1.31415929,2.97,2.05,2.16,2.26,11,11,1,3
tpcds_sf20_t1,TPCDS SF20,1,Q18,1,1.13,0.72,0.72,0.72,success,success,success,success,1.56944444,1.56944444,1.56944444,1.13,0.72,0.72,0.62,1,1,1,6
tpcds_sf20_t1,TPCDS SF20,1,Q19,2,2.26,1.54,1.54,1.54,success,success,success,success,1.46753247,1.46753247,1.46753247,2.26,1.54,1.44,1.44,2,0,13,5
tpcds_sf20_t1,TPCDS SF20,1,Q20,0,0.21,0.21,0.21,0.21,success,success,success,success,1,1,1,0.21,0.21,0.21,0.21,0,0,0,0
tpcds_sf20_t1,TPCDS SF20,1,Q21,0,0.11,0.11,0.11,0.11,success,success,success,success,1,1,1,0.11,0.11,0.11,0.11,0,0,0,0
tpcds_sf20_t1,TPCDS SF20,1,Q22,14,1.54,1.64,1.64,1.64,success,success,success,success,0.93902439,0.93902439,0.93902439,1.54,1.64,1.64,1.64,14,0,0,0
tpcds_sf20_t1,TPCDS SF20,1,Q23,13,23.34,24.16,24.07,24.59,success,success,success,success,0.966059603,0.969671791,0.949166328,23.34,24.05,23.85,24.07,13,15,17,19
tpcds_sf20_t1,TPCDS SF20,1,Q24,3,4.1,2.98,3.18,3.38,success,success,success,success,1.37583893,1.28930818,1.21301775,4.1,2.15,2.15,2.15,3,0,0,0
tpcds_sf20_t1,TPCDS SF20,1,Q25,1,2.56,1.95,2.05,2.05,success,success,success,success,1.31282051,1.24878049,1.24878049,2.56,1.95,1.95,1.95,1,1,11,11
tpcds_sf20_t1,TPCDS SF20,1,Q26,1,0.62,0.51,0.52,0.52,success,success,success,success,1.21568627,1.19230769,1.19230769,0.62,0.41,0.41,0.41,1,2,2,2
tpcds_sf20_t1,TPCDS SF20,1,Q27,0,7.67,5.43,5.43,5.43,success,success,success,success,1.41252302,1.41252302,1.41252302,7.67,4.82,4.92,4.92,0,11,6,6
tpcds_sf20_t1,TPCDS SF20,1,Q28,13,6.55,6.65,6.55,6.66,success,success,success,success,0.984962406,1,0.983483483,6.55,6.55,6.55,6.56,13,1,2,8
tpcds_sf20_t1,TPCDS SF20,1,Q29,11,3.59,2.77,2.77,2.77,success,success,success,success,1.29602888,1.29602888,1.29602888,3.59,2.77,2.77,2.77,11,11,11,11
tpcds_sf20_t1,TPCDS SF20,1,Q30,0,0.41,0.41,0.41,0.31,success,success,success,success,1,1,1.32258065,0.41,0.41,0.41,0.31,0,0,0,0
tpcds_sf20_t1,TPCDS SF20,1,Q31,8,3.79,2.77,2.77,2.67,success,success,success,success,1.36823105,1.36823105,1.41947566,3.79,2.67,2.67,2.66,8,12,3,3
tpcds_sf20_t1,TPCDS SF20,1,Q32,1,0.11,0.11,0.11,0.11,success,success,success,success,1,1,1,0.11,0.11,0.11,0.11,1,0,0,0
tpcds_sf20_t1,TPCDS SF20,1,Q33,0,2.36,1.64,1.74,1.74,success,success,success,success,1.43902439,1.35632184,1.35632184,2.36,1.64,1.74,1.74,0,0,0,0
tpcds_sf20_t1,TPCDS SF20,1,Q34,0,3.48,1.95,1.95,2.05,success,success,success,success,1.78461538,1.78461538,1.69756098,3.48,1.85,1.85,1.95,0,7,7,3
tpcds_sf20_t1,TPCDS SF20,1,Q35,0,4.09,4.1,4.2,2.97,success,success,success,success,0.997560976,0.973809524,1.37710438,4.09,3.99,3.99,2.77,0,1,17,6
tpcds_sf20_t1,TPCDS SF20,1,Q36,6,4.51,4.61,4.81,4.2,success,success,success,success,0.978308026,0.937629938,1.07380952,4.51,4.61,4.71,4.1,6,6,2,15
tpcds_sf20_t1,TPCDS SF20,1,Q37,2,0.31,0.31,0.31,0.21,success,success,success,success,1,1,1.47619048,0.31,0.31,0.31,0.21,2,0,0,0
tpcds_sf20_t1,TPCDS SF20,1,Q38,0,5.22,5.53,5.43,4.81,success,success,success,success,0.943942134,0.961325967,1.08523909,5.22,5.33,5.32,4.71,0,8,17,6
tpcds_sf20_t1,TPCDS SF20,1,Q39,0,0.21,0.21,0.21,0.21,success,success,success,success,1,1,1,0.21,0.21,0.21,0.21,0,0,0,0
tpcds_sf20_t1,TPCDS SF20,1,Q40,0,0.41,0.41,0.41,0.11,success,success,success,success,1,1,3.72727273,0.41,0.41,0.41,0.11,0,0,0,0
tpcds_sf20_t1,TPCDS SF20,1,Q41,0,0.1,0.11,0.11,0.11,success,success,success,success,0.909090909,0.909090909,0.909090909,0.1,0.11,0.11,0.11,0,0,0,0
tpcds_sf20_t1,TPCDS SF20,1,Q42,15,1.64,1.03,1.03,1.03,success,success,success,success,1.59223301,1.59223301,1.59223301,1.64,1.03,1.03,1.03,15,0,0,0
tpcds_sf20_t1,TPCDS SF20,1,Q43,2,3.68,3.89,3.89,3.28,success,success,success,success,0.946015424,0.946015424,1.12195122,3.68,3.89,3.89,3.17,2,1,2,4
tpcds_sf20_t1,TPCDS SF20,1,Q44,2,10.23,10.63,10.43,10.53,success,success,success,success,0.962370649,0.980824545,0.971509972,10.23,10.33,10.33,10.43,2,13,3,3
tpcds_sf20_t1,TPCDS SF20,1,Q45,1,0.72,0.52,0.51,0.62,success,success,success,success,1.38461538,1.41176471,1.16129032,0.72,0.51,0.51,0.52,1,6,1,0
tpcds_sf20_t1,TPCDS SF20,1,Q46,10,4.92,3.38,3.49,3.69,success,success,success,success,1.4556213,1.40974212,1.33333333,4.92,3.28,3.28,3.28,10,1,1,11
tpcds_sf20_t1,TPCDS SF20,1,Q47,6,6.86,7.27,7.17,7.38,success,success,success,success,0.943603851,0.956764296,0.929539295,6.86,7.07,7.17,7.07,6,10,3,1
tpcds_sf20_t1,TPCDS SF20,1,Q48,0,3.69,4.2,4,4.51,success,success,success,success,0.878571429,0.9225,0.818181818,3.69,3.79,3.9,4.41,0,4,8,1
tpcds_sf20_t1,TPCDS SF20,1,Q49,1,3.18,2.16,2.16,2.16,success,success,success,success,1.47222222,1.47222222,1.47222222,3.18,2.15,2.15,2.15,1,5,5,2
tpcds_sf20_t1,TPCDS SF20,1,Q50,8,6.86,3.69,3.79,3.48,success,success,success,success,1.85907859,1.81002639,1.97126437,6.86,3.69,3.69,3.38,8,2,2,11
tpcds_sf20_t1,TPCDS SF20,1,Q51,16,11.27,11.57,11.78,11.27,success,success,success,success,0.974070873,0.956706282,1,11.27,11.47,11.47,11.06,16,3,18,2
tpcds_sf20_t1,TPCDS SF20,1,Q52,3,1.64,1.03,1.03,1.13,success,success,success,success,1.59223301,1.59223301,1.45132743,1.64,1.03,1.03,1.03,3,0,0,0
tpcds_sf20_t1,TPCDS SF20,1,Q53,0,1.95,1.54,1.54,1.44,success,success,success,success,1.26623377,1.26623377,1.35416667,1.95,1.34,1.34,1.33,0,8,4,8
tpcds_sf20_t1,TPCDS SF20,1,Q55,1,1.74,1.13,1.13,1.13,success,success,success,success,1.53982301,1.53982301,1.53982301,1.74,1.03,1.03,1.03,1,0,0,0
tpcds_sf20_t1,TPCDS SF20,1,Q56,9,2.26,1.64,1.75,1.64,success,success,success,success,1.37804878,1.29142857,1.37804878,2.26,1.54,1.54,1.54,9,0,3,0
tpcds_sf20_t1,TPCDS SF20,1,Q57,1,1.84,1.95,2.05,2.05,success,success,success,success,0.943589744,0.897560976,0.897560976,1.84,1.95,1.95,1.95,1,1,0,2
tpcds_sf20_t1,TPCDS SF20,1,Q58,2,6.45,6.45,6.66,6.66,success,success,success,success,1,0.968468468,0.968468468,6.45,6.45,6.45,6.46,2,1,4,6
tpcds_sf20_t1,TPCDS SF20,1,Q59,0,6.34,6.44,6.34,6.34,success,success,success,success,0.98447205,1,1,6.34,6.24,6.24,6.24,0,1,2,1
tpcds_sf20_t1,TPCDS SF20,1,Q60,12,2.67,1.85,1.85,1.75,success,success,success,success,1.44324324,1.44324324,1.52571429,2.67,1.85,1.85,1.75,12,0,0,0
tpcds_sf20_t1,TPCDS SF20,1,Q61,2,3.79,2.77,2.67,2.77,success,success,success,success,1.36823105,1.41947566,1.36823105,3.79,2.56,2.56,2.46,2,0,3,16
tpcds_sf20_t1,TPCDS SF20,1,Q62,0,1.43,1.44,1.44,1.44,success,success,success,success,0.993055556,0.993055556,0.993055556,1.43,1.44,1.43,1.43,0,0,8,6
tpcds_sf20_t1,TPCDS SF20,1,Q63,0,1.95,1.54,1.54,1.54,success,success,success,success,1.26623377,1.26623377,1.26623377,1.95,1.34,1.34,1.34,0,1,5,8
tpcds_sf20_t1,TPCDS SF20,1,Q64,6,6.56,6.36,7.79,4.2,success,success,success,success,1.03144654,0.842105263,1.56190476,6.56,4.72,4.82,4.1,6,0,0,7
tpcds_sf20_t1,TPCDS SF20,1,Q65,11,5.02,5.23,5.23,5.84,success,success,success,success,0.959847036,0.959847036,0.859589041,5.02,5.12,5.02,5.54,11,4,0,19
tpcds_sf20_t1,TPCDS SF20,1,Q66,0,1.44,0.93,0.93,1.03,success,success,success,success,1.5483871,1.5483871,1.39805825,1.44,0.92,0.92,0.92,0,3,14,3
tpcds_sf20_t1,TPCDS SF20,1,Q67,0,24.47,25.2,25.51,26.14,success,success,success,success,0.971031746,0.959231674,0.936113236,24.47,24.59,24.5,24.8,0,4,12,2
tpcds_sf20_t1,TPCDS SF20,1,Q68,7,3.89,3.39,3.28,3.08,success,success,success,success,1.14749263,1.18597561,1.26298701,3.89,3.08,3.08,2.77,7,0,0,0
tpcds_sf20_t1,TPCDS SF20,1,Q69,8,2.15,2.36,2.36,1.23,success,success,success,success,0.911016949,0.911016949,1.74796748,2.15,2.25,2.15,1.13,8,0,0,0
tpcds_sf20_t1,TPCDS SF20,1,Q70,2,6.75,6.24,6.45,5.53,success,success,success,success,1.08173077,1.04651163,1.22061483,6.75,6.24,6.34,5.43,2,2,4,3
tpcds_sf20_t1,TPCDS SF20,1,Q71,0,2.77,2.46,2.46,1.54,success,success,success,success,1.12601626,1.12601626,1.7987013,2.77,2.46,2.46,1.54,0,0,0,0
tpcds_sf20_t1,TPCDS SF20,1,Q72,0,2.25,1.13,1.13,1.13,success,success,success,success,1.99115044,1.99115044,1.99115044,2.25,1.13,1.13,1.13,0,0,0,0
tpcds_sf20_t1,TPCDS SF20,1,Q73,15,2.46,1.74,1.74,1.85,success,success,success,success,1.4137931,1.4137931,1.32972973,2.46,1.74,1.74,1.64,15,0,0,0
tpcds_sf20_t1,TPCDS SF20,1,Q74,2,10.44,9.62,9.52,9.32,success,success,success,success,1.08523909,1.09663866,1.12017167,10.44,9.42,9.42,9.22,2,4,0,18
tpcds_sf20_t1,TPCDS SF20,1,Q75,13,8.3,6.25,6.25,6.26,success,success,success,success,1.328,1.328,1.32587859,8.3,6.05,6.05,5.95,13,0,12,0
tpcds_sf20_t1,TPCDS SF20,1,Q76,17,3.18,3.28,3.18,2.46,success,success,success,success,0.969512195,1,1.29268293,3.18,3.28,3.18,2.36,17,1,11,0
tpcds_sf20_t1,TPCDS SF20,1,Q77,7,2.97,1.95,1.95,1.95,success,success,success,success,1.52307692,1.52307692,1.52307692,2.97,1.95,1.95,1.95,7,0,0,4
tpcds_sf20_t1,TPCDS SF20,1,Q78,8,15.47,16.19,17.11,13.84,success,success,success,success,0.955528104,0.90414962,1.11777457,15.47,15.78,16.3,13.43,8,10,10,13
tpcds_sf20_t1,TPCDS SF20,1,Q79,2,4.61,3.18,3.18,3.28,success,success,success,success,1.44968553,1.44968553,1.4054878,4.61,3.08,3.08,3.08,2,0,0,3
tpcds_sf20_t1,TPCDS SF20,1,Q80,16,6.04,3.28,3.39,2.57,success,success,success,success,1.84146341,1.78171091,2.35019455,6.04,3.18,3.28,2.56,16,18,0,0
tpcds_sf20_t1,TPCDS SF20,1,Q81,0,0.51,0.52,0.52,0.52,success,success,success,success,0.980769231,0.980769231,0.980769231,0.51,0.51,0.52,0.52,0,6,0,0
tpcds_sf20_t1,TPCDS SF20,1,Q82,0,1.13,1.13,1.13,0.41,success,success,success,success,1,1,2.75609756,1.13,1.13,1.13,0.41,0,0,0,0
tpcds_sf20_t1,TPCDS SF20,1,Q83,0,0.82,0.31,0.31,0.31,success,success,success,success,2.64516129,2.64516129,2.64516129,0.82,0.31,0.31,0.31,0,0,0,0
tpcds_sf20_t1,TPCDS SF20,1,Q84,0,0.31,0.31,0.31,0.21,success,success,success,success,1,1,1.47619048,0.31,0.31,0.31,0.21,0,0,0,0
tpcds_sf20_t1,TPCDS SF20,1,Q85,14,1.44,1.54,1.64,1.54,success,success,success,success,0.935064935,0.87804878,0.935064935,1.44,1.54,1.54,1.54,14,14,18,13
tpcds_sf20_t1,TPCDS SF20,1,Q86,0,0.92,1.03,1.03,1.03,success,success,success,success,0.893203883,0.893203883,0.893203883,0.92,1.03,1.03,1.03,0,0,0,0
tpcds_sf20_t1,TPCDS SF20,1,Q87,4,5.53,5.84,5.83,5.12,success,success,success,success,0.946917808,0.948542024,1.08007812,5.53,5.73,5.73,5.12,4,0,15,1
tpcds_sf20_t1,TPCDS SF20,1,Q88,0,9.81,5.42,5.63,5.42,success,success,success,success,1.8099631,1.74245115,1.8099631,9.81,5.22,5.22,5.12,0,2,2,2
tpcds_sf20_t1,TPCDS SF20,1,Q89,0,2.26,1.74,1.75,1.75,success,success,success,success,1.29885057,1.29142857,1.29142857,2.26,1.54,1.64,1.54,0,7,1,17
tpcds_sf20_t1,TPCDS SF20,1,Q90,0,0.72,0.41,0.41,0.41,success,success,success,success,1.75609756,1.75609756,1.75609756,0.72,0.41,0.41,0.41,0,0,0,0
tpcds_sf20_t1,TPCDS SF20,1,Q91,0,0.21,0.21,0.21,0.21,success,success,success,success,1,1,1,0.21,0.21,0.21,0.21,0,0,0,0
tpcds_sf20_t1,TPCDS SF20,1,Q92,1,0.82,0.72,0.62,0.41,success,success,success,success,1.13888889,1.32258065,2,0.82,0.62,0.62,0.41,1,0,0,0
tpcds_sf20_t1,TPCDS SF20,1,Q93,2,7.17,4.92,4.92,4.92,success,success,success,success,1.45731707,1.45731707,1.45731707,7.17,4.81,4.81,4.81,2,3,1,4
tpcds_sf20_t1,TPCDS SF20,1,Q94,0,1.03,0.82,0.82,0.82,success,success,success,success,1.25609756,1.25609756,1.25609756,1.03,0.82,0.82,0.82,0,0,0,0
tpcds_sf20_t1,TPCDS SF20,1,Q95,1,23,22.91,25.87,1.95,success,success,success,success,1.00392842,0.889060688,11.7948718,23,22.6,25.56,1.95,1,17,4,0
tpcds_sf20_t1,TPCDS SF20,1,Q96,4,1.44,0.93,0.93,0.93,success,success,success,success,1.5483871,1.5483871,1.5483871,1.44,0.82,0.82,0.82,4,13,8,3
tpcds_sf20_t1,TPCDS SF20,1,Q97,4,5.74,5.84,5.84,5.95,success,success,success,success,0.982876712,0.982876712,0.964705882,5.74,5.74,5.74,5.95,4,13,9,4
tpcds_sf20_t1,TPCDS SF20,1,Q98,0,1.74,1.13,1.13,1.13,success,success,success,success,1.53982301,1.53982301,1.53982301,1.74,1.13,1.13,1.03,0,0,0,2
tpcds_sf20_t1,TPCDS SF20,1,Q99,0,1.33,1.43,1.43,1.84,success,success,success,success,0.93006993,0.93006993,0.722826087,1.33,1.43,1.43,1.84,0,0,0,0
tpcds_sf50_t1,TPCDS SF50,1,Q01,2,3.28,3.38,4.51,3.49,success,success,success,success,0.970414201,0.727272727,0.93982808,3.28,3.28,4.41,3.38,2,1,7,5
tpcds_sf50_t1,TPCDS SF50,1,Q02,0,8.59,8.69,8.7,8.7,success,success,success,success,0.98849252,0.987356322,0.987356322,8.59,8.59,8.59,8.59,0,17,1,7
tpcds_sf50_t1,TPCDS SF50,1,Q03,5,4.51,3.69,3.69,3.69,success,success,success,success,1.22222222,1.22222222,1.22222222,4.51,3.38,3.38,3.38,5,0,0,2
tpcds_sf50_t1,TPCDS SF50,1,Q04,11,58.03,56.41,56.4,56.93,success,success,success,success,1.02871831,1.02890071,1.01932197,58.03,54.95,55.9,55.5,11,17,3,14
tpcds_sf50_t1,TPCDS SF50,1,Q05,3,10.25,7.99,10.15,8.1,success,success,success,success,1.28285357,1.00985222,1.2654321,10.25,7.99,9.94,8,3,3,4,0
tpcds_sf50_t1,TPCDS SF50,1,Q06,3,15.75,16.06,15.75,16.07,success,success,success,success,0.980697385,1,0.980087119,15.75,15.75,15.75,15.86,3,18,3,12
tpcds_sf50_t1,TPCDS SF50,1,Q07,13,7.89,6.05,5.95,6.05,success,success,success,success,1.30413223,1.32605042,1.30413223,7.89,5.43,5.43,5.54,13,2,2,2
tpcds_sf50_t1,TPCDS SF50,1,Q08,1,7.78,4.92,4.92,4.92,success,success,success,success,1.58130081,1.58130081,1.58130081,7.78,4.81,4.81,4.92,1,0,4,0
tpcds_sf50_t1,TPCDS SF50,1,Q09,17,15.44,15.55,15.45,15.46,success,success,success,success,0.992926045,0.999352751,0.998706339,15.44,15.44,15.45,15.45,17,0,0,6
tpcds_sf50_t1,TPCDS SF50,1,Q10,10,5.83,5.84,5.94,2.98,success,success,success,success,0.998287671,0.981481481,1.95637584,5.83,5.73,5.83,2.77,10,8,0,6
tpcds_sf50_t1,TPCDS SF50,1,Q11,7,40.32,37.88,37.87,38.49,success,success,success,success,1.06441394,1.06469501,1.04754482,40.32,37.36,37.45,37.17,7,11,1,16
tpcds_sf50_t1,TPCDS SF50,1,Q12,1,1.13,0.82,0.82,0.82,success,success,success,success,1.37804878,1.37804878,1.37804878,1.13,0.82,0.82,0.72,1,0,0,9
tpcds_sf50_t1,TPCDS SF50,1,Q13,12,9.93,10.56,10.76,11.38,success,success,success,success,0.940340909,0.922862454,0.87258348,9.93,10.56,10.56,11.38,12,12,0,8
tpcds_sf50_t1,TPCDS SF50,1,Q14,19,101.72,103.91,106.6,106.54,success,success,success,success,0.978924069,0.954221388,0.954758776,101.72,101.99,101.76,103.11,19,10,3,6
tpcds_sf50_t1,TPCDS SF50,1,Q15,0,0.62,0.62,0.62,0.62,success,success,success,success,1,1,1,0.62,0.62,0.62,0.62,0,0,0,0
tpcds_sf50_t1,TPCDS SF50,1,Q16,1,0.72,0.72,0.72,0.72,success,success,success,success,1,1,1,0.72,0.62,0.62,0.62,1,2,3,2
tpcds_sf50_t1,TPCDS SF50,1,Q17,11,7.58,4.92,4.92,5.33,success,success,success,success,1.54065041,1.54065041,1.42213884,7.58,4.92,4.92,5.33,11,11,11,3
tpcds_sf50_t1,TPCDS SF50,1,Q18,6,2.36,1.54,1.54,1.44,success,success,success,success,1.53246753,1.53246753,1.63888889,2.36,1.54,1.54,1.44,6,1,1,6
tpcds_sf50_t1,TPCDS SF50,1,Q19,2,5.33,3.69,3.69,3.59,success,success,success,success,1.44444444,1.44444444,1.48467967,5.33,3.49,3.49,3.49,2,1,8,0
tpcds_sf50_t1,TPCDS SF50,1,Q20,2,0.21,0.31,0.31,0.31,success,success,success,success,0.677419355,0.677419355,0.677419355,0.21,0.31,0.31,0.31,2,0,0,0
tpcds_sf50_t1,TPCDS SF50,1,Q21,0,0.21,0.21,0.21,0.21,success,success,success,success,1,1,1,0.21,0.21,0.21,0.21,0,0,0,0
tpcds_sf50_t1,TPCDS SF50,1,Q22,7,4.81,5.02,5.02,4.91,success,success,success,success,0.958167331,0.958167331,0.979633401,4.81,4.81,4.91,4.91,7,14,0,7
tpcds_sf50_t1,TPCDS SF50,1,Q23,9,68.77,70.86,72.09,70.28,success,success,success,success,0.970505222,0.953946456,0.978514513,68.77,70.1,69.21,69.13,9,3,5,4
tpcds_sf50_t1,TPCDS SF50,1,Q24,18,11.89,9.12,9.54,9.95,success,success,success,success,1.30372807,1.24633124,1.19497487,11.89,5.43,5.43,5.43,18,0,0,0
tpcds_sf50_t1,TPCDS SF50,1,Q25,1,6.15,4.72,4.72,5.03,success,success,success,success,1.3029661,1.3029661,1.22266402,6.15,4.72,4.72,4.72,1,1,1,17
tpcds_sf50_t1,TPCDS SF50,1,Q26,1,1.33,1.03,1.03,1.13,success,success,success,success,1.29126214,1.29126214,1.17699115,1.33,0.92,0.93,0.93,1,2,2,2
tpcds_sf50_t1,TPCDS SF50,1,Q27,0,18.62,13.31,13.21,13.11,success,success,success,success,1.39894816,1.40953823,1.42028986,18.62,11.78,11.78,11.68,0,11,6,6
tpcds_sf50_t1,TPCDS SF50,1,Q28,5,16.27,16.47,16.48,16.47,success,success,success,success,0.987856709,0.987257282,0.987856709,16.27,16.17,16.27,16.27,5,16,6,7
tpcds_sf50_t1,TPCDS SF50,1,Q29,11,9.12,7.17,7.07,7.28,success,success,success,success,1.27196653,1.28995757,1.25274725,9.12,7.17,7.07,7.18,11,11,11,17
tpcds_sf50_t1,TPCDS SF50,1,Q30,0,0.82,0.82,0.82,0.82,success,success,success,success,1,1,1,0.82,0.82,0.82,0.72,0,0,0,16
tpcds_sf50_t1,TPCDS SF50,1,Q31,1,9.32,6.97,6.97,6.46,success,success,success,success,1.33715925,1.33715925,1.44272446,9.32,6.56,6.66,6.46,1,6,2,1
tpcds_sf50_t1,TPCDS SF50,1,Q32,1,0.21,0.21,0.31,0.31,success,success,success,success,1,0.677419355,0.677419355,0.21,0.21,0.21,0.21,1,0,0,0
tpcds_sf50_t1,TPCDS SF50,1,Q33,5,5.64,4.1,4.2,4.1,success,success,success,success,1.37560976,1.34285714,1.37560976,5.64,4.1,4,4,5,0,10,0
tpcds_sf50_t1,TPCDS SF50,1,Q34,19,8.09,4.41,4.41,4.41,success,success,success,success,1.83446712,1.83446712,1.83446712,8.09,4.41,4.41,4.41,19,3,3,3
tpcds_sf50_t1,TPCDS SF50,1,Q35,0,10.02,10.23,10.55,6.76,success,success,success,success,0.979472141,0.949763033,1.48224852,10.02,9.93,10.35,6.76,0,18,13,0
tpcds_sf50_t1,TPCDS SF50,1,Q36,2,9.63,5.84,5.64,6.76,success,success,success,success,1.6489726,1.70744681,1.42455621,9.63,5.64,5.64,6.46,2,3,2,0
tpcds_sf50_t1,TPCDS SF50,1,Q37,6,0.51,0.52,0.52,0.41,success,success,success,success,0.980769231,0.980769231,1.24390244,0.51,0.51,0.51,0.41,6,0,0,0
tpcds_sf50_t1,TPCDS SF50,1,Q38,5,13.4,14.12,14.33,12.59,success,success,success,success,0.949008499,0.935101186,1.06433678,13.4,13.92,13.82,12.29,5,13,19,16
tpcds_sf50_t1,TPCDS SF50,1,Q39,0,0.41,0.51,0.51,0.52,success,success,success,success,0.803921569,0.803921569,0.788461538,0.41,0.41,0.41,0.41,0,8,7,18
tpcds_sf50_t1,TPCDS SF50,1,Q40,0,1.03,0.82,0.82,0.21,success,success,success,success,1.25609756,1.25609756,4.9047619,1.03,0.82,0.82,0.21,0,0,0,0
tpcds_sf50_t1,TPCDS SF50,1,Q41,0,0.11,0.11,0.11,0.11,success,success,success,success,1,1,1,0.11,0.11,0.11,0.11,0,0,0,0
tpcds_sf50_t1,TPCDS SF50,1,Q42,9,4,2.36,2.57,2.57,success,success,success,success,1.69491525,1.55642023,1.55642023,4,2.36,2.36,2.36,9,0,2,2
tpcds_sf50_t1,TPCDS SF50,1,Q43,18,7.68,4.31,4.41,4.82,success,success,success,success,1.78190255,1.7414966,1.593361,7.68,4.3,4.31,4.71,18,6,4,0
tpcds_sf50_t1,TPCDS SF50,1,Q44,11,42.62,43.34,43.87,42.75,success,success,success,success,0.983387171,0.971506724,0.996959064,42.62,42.84,42.31,42.11,11,7,5,6
tpcds_sf50_t1,TPCDS SF50,1,Q45,1,1.85,1.33,1.34,1.44,success,success,success,success,1.39097744,1.38059701,1.28472222,1.85,1.23,1.23,1.23,1,0,0,0
tpcds_sf50_t1,TPCDS SF50,1,Q46,10,11.16,7.18,7.28,7.38,success,success,success,success,1.55431755,1.53296703,1.51219512,11.16,7.18,7.17,7.07,10,10,1,2
tpcds_sf50_t1,TPCDS SF50,1,Q47,7,16.99,17.72,17.72,18.22,success,success,success,success,0.958803612,0.958803612,0.932491767,16.99,17.3,17.2,17.3,7,1,6,0
tpcds_sf50_t1,TPCDS SF50,1,Q48,4,8.81,9.32,9.53,11.06,success,success,success,success,0.94527897,0.924449108,0.796564195,8.81,9.32,9.33,10.75,4,4,8,5
tpcds_sf50_t1,TPCDS SF50,1,Q49,7,7.38,5.13,5.23,5.23,success,success,success,success,1.43859649,1.41108987,1.41108987,7.38,5.13,5.13,5.13,7,2,2,1
tpcds_sf50_t1,TPCDS SF50,1,Q50,8,18.74,9.01,9.32,8.2,success,success,success,success,2.07991121,2.01072961,2.28536585,18.74,9.01,9.12,7.99,8,8,2,2
tpcds_sf50_t1,TPCDS SF50,1,Q51,0,26.92,27.53,27.95,26.83,success,success,success,success,0.977842354,0.963148479,1.00335445,26.92,27.33,27.24,26.52,0,17,2,1
tpcds_sf50_t1,TPCDS SF50,1,Q52,9,4,2.46,2.46,2.46,success,success,success,success,1.62601626,1.62601626,1.62601626,4,2.36,2.36,2.36,9,0,0,0
tpcds_sf50_t1,TPCDS SF50,1,Q53,12,4.61,3.59,3.59,3.59,success,success,success,success,1.28412256,1.28412256,1.28412256,4.61,3.28,3.28,3.18,12,1,1,11
tpcds_sf50_t1,TPCDS SF50,1,Q55,3,4,2.56,2.57,2.46,success,success,success,success,1.5625,1.55642023,1.62601626,4,2.36,2.36,2.46,3,8,0,0
tpcds_sf50_t1,TPCDS SF50,1,Q56,8,5.53,4.1,3.69,3.69,success,success,success,success,1.34878049,1.49864499,1.49864499,5.53,3.69,3.69,3.59,8,7,8,11
tpcds_sf50_t1,TPCDS SF50,1,Q57,8,4.6,5.12,5.02,5.12,success,success,success,success,0.8984375,0.916334661,0.8984375,4.6,4.81,4.81,4.81,8,0,12,18
tpcds_sf50_t1,TPCDS SF50,1,Q58,11,15.86,16.08,16.28,16.08,success,success,success,success,0.986318408,0.974201474,0.986318408,15.86,16.07,15.87,16.08,11,5,7,11
tpcds_sf50_t1,TPCDS SF50,1,Q59,11,15.95,16.07,16.27,16.18,success,success,success,success,0.99253267,0.980331899,0.98578492,15.95,15.86,15.96,15.96,11,15,2,6
tpcds_sf50_t1,TPCDS SF50,1,Q60,0,6.56,4.31,4.31,4.21,success,success,success,success,1.52204176,1.52204176,1.55819477,6.56,4.31,4.31,4.21,0,0,0,0
tpcds_sf50_t1,TPCDS SF50,1,Q61,2,9.22,6.15,6.15,6.15,success,success,success,success,1.49918699,1.49918699,1.49918699,9.22,6.05,6.05,5.95,2,0,0,0
tpcds_sf50_t1,TPCDS SF50,1,Q62,0,3.38,3.58,3.58,3.59,success,success,success,success,0.944134078,0.944134078,0.941504178,3.38,3.48,3.58,3.48,0,14,0,14
tpcds_sf50_t1,TPCDS SF50,1,Q63,6,4.51,3.59,3.59,3.59,success,success,success,success,1.25626741,1.25626741,1.25626741,4.51,3.28,3.28,3.18,6,1,1,4
tpcds_sf50_t1,TPCDS SF50,1,Q64,6,17.62,17.01,21.84,10.25,success,success,success,success,1.03586126,0.806776557,1.71902439,17.62,11.68,11.78,9.74,6,0,12,7
tpcds_sf50_t1,TPCDS SF50,1,Q65,2,14.86,15.47,15.37,16.81,success,success,success,success,0.960568843,0.966818478,0.88399762,14.86,14.96,14.86,15.88,2,7,0,7
tpcds_sf50_t1,TPCDS SF50,1,Q66,0,3.48,2.36,2.36,2.36,success,success,success,success,1.47457627,1.47457627,1.47457627,3.48,2.26,2.16,2.26,0,1,17,1
tpcds_sf50_t1,TPCDS SF50,1,Q67,0,75.88,76.51,78.77,80.67,success,success,success,success,0.991765782,0.963310905,0.940622288,75.88,76.14,76.27,76.86,0,9,18,7
tpcds_sf50_t1,TPCDS SF50,1,Q68,14,9.32,7.59,7.69,7.08,success,success,success,success,1.22793149,1.21196359,1.31638418,9.32,7.07,7.18,6.56,14,6,0,0
tpcds_sf50_t1,TPCDS SF50,1,Q69,4,5.43,5.43,5.33,2.77,success,success,success,success,1,1.01876173,1.96028881,5.43,5.33,5.33,2.77,4,6,4,2
tpcds_sf50_t1,TPCDS SF50,1,Q70,18,16.88,15.95,16.17,13.72,success,success,success,success,1.05830721,1.04390847,1.2303207,16.88,15.85,15.76,13.42,18,16,16,14
tpcds_sf50_t1,TPCDS SF50,1,Q71,1,6.66,5.94,6.05,3.8,success,success,success,success,1.12121212,1.10082645,1.75263158,6.66,5.84,5.94,3.69,1,17,0,6
tpcds_sf50_t1,TPCDS SF50,1,Q72,0,6.14,2.87,2.87,2.77,success,success,success,success,2.13937282,2.13937282,2.2166065,6.14,2.87,2.87,2.67,0,0,0,14
tpcds_sf50_t1,TPCDS SF50,1,Q73,10,5.94,4.2,4.21,4.21,success,success,success,success,1.41428571,1.41092637,1.41092637,5.94,4,3.9,3.9,10,0,0,0
tpcds_sf50_t1,TPCDS SF50,1,Q74,16,27.23,25.27,25.39,24.89,success,success,success,success,1.07756233,1.07246948,1.09401366,27.23,24.87,25.09,24.57,16,8,18,6
tpcds_sf50_t1,TPCDS SF50,1,Q75,19,21.6,16.39,16.2,15.69,success,success,success,success,1.31787675,1.33333333,1.37667304,21.6,15.58,15.48,15.27,19,12,6,2
tpcds_sf50_t1,TPCDS SF50,1,Q76,15,7.68,8,7.79,5.75,success,success,success,success,0.96,0.985879332,1.33565217,7.68,7.69,7.79,5.74,15,7,11,4
tpcds_sf50_t1,TPCDS SF50,1,Q77,7,7.18,4.62,4.62,4.72,success,success,success,success,1.55411255,1.55411255,1.52118644,7.18,4.61,4.61,4.72,7,0,3,0
tpcds_sf50_t1,TPCDS SF50,1,Q78,3,40.04,41.38,43.52,34.42,success,success,success,success,0.967617206,0.920036765,1.16327716,40.04,40.66,43.42,34.42,3,15,11,3
tpcds_sf50_t1,TPCDS SF50,1,Q79,14,11.16,7.69,7.69,7.9,success,success,success,success,1.45123537,1.45123537,1.41265823,11.16,7.48,7.48,7.69,14,0,3,7
tpcds_sf50_t1,TPCDS SF50,1,Q80,4,14.95,7.89,7.89,6.05,success,success,success,success,1.89480355,1.89480355,2.47107438,14.95,7.79,7.79,5.95,4,0,13,1
tpcds_sf50_t1,TPCDS SF50,1,Q81,0,1.13,1.13,1.13,1.23,success,success,success,success,1,1,0.918699187,1.13,1.13,1.13,1.23,0,0,0,0
tpcds_sf50_t1,TPCDS SF50,1,Q82,0,2.46,2.46,2.46,1.03,success,success,success,success,1,1,2.38834951,2.46,2.36,2.46,0.93,0,10,0,5
tpcds_sf50_t1,TPCDS SF50,1,Q83,1,1.74,0.52,0.52,0.52,success,success,success,success,3.34615385,3.34615385,3.34615385,1.74,0.51,0.52,0.52,1,3,0,0
tpcds_sf50_t1,TPCDS SF50,1,Q84,0,0.72,0.72,0.72,0.41,success,success,success,success,1,1,1.75609756,0.72,0.72,0.72,0.41,0,0,0,0
tpcds_sf50_t1,TPCDS SF50,1,Q85,14,3.38,3.59,3.9,3.49,success,success,success,success,0.941504178,0.866666667,0.968481375,3.38,3.49,3.59,3.49,14,18,15,14
tpcds_sf50_t1,TPCDS SF50,1,Q86,0,2.36,2.46,2.46,2.46,success,success,success,success,0.959349593,0.959349593,0.959349593,2.36,2.36,2.46,2.46,0,18,0,0
tpcds_sf50_t1,TPCDS SF50,1,Q87,6,14.22,14.94,15.05,13.52,success,success,success,success,0.951807229,0.944850498,1.05177515,14.22,14.84,14.75,13.21,6,1,17,8
tpcds_sf50_t1,TPCDS SF50,1,Q88,0,24.22,13.4,13.3,13.2,success,success,success,success,1.80746269,1.82105263,1.83484848,24.22,12.69,12.59,12.49,0,18,18,18
tpcds_sf50_t1,TPCDS SF50,1,Q89,0,5.43,4.1,4.1,4.2,success,success,success,success,1.32439024,1.32439024,1.29285714,5.43,3.79,3.79,3.79,0,1,4,5
tpcds_sf50_t1,TPCDS SF50,1,Q90,14,1.84,1.03,1.13,1.13,success,success,success,success,1.78640777,1.62831858,1.62831858,1.84,1.03,1.03,1.03,14,0,0,0
tpcds_sf50_t1,TPCDS SF50,1,Q91,0,0.31,0.21,0.21,0.21,success,success,success,success,1.47619048,1.47619048,1.47619048,0.31,0.21,0.21,0.21,0,0,0,0
tpcds_sf50_t1,TPCDS SF50,1,Q92,1,1.95,1.54,1.54,1.13,success,success,success,success,1.26623377,1.26623377,1.72566372,1.95,1.54,1.54,1.03,1,1,0,2
tpcds_sf50_t1,TPCDS SF50,1,Q93,19,20.58,12.6,14.97,12.5,success,success,success,success,1.63333333,1.3747495,1.6464,20.58,12.29,14.66,12.29,19,15,16,3
tpcds_sf50_t1,TPCDS SF50,1,Q94,0,2.36,1.95,1.95,1.95,success,success,success,success,1.21025641,1.21025641,1.21025641,2.36,1.95,1.95,1.95,0,0,0,0
tpcds_sf50_t1,TPCDS SF50,1,Q95,7,60.82,60.63,68.72,4.92,success,success,success,success,1.00313376,0.885040745,12.3617886,60.82,60.02,68.4,4.92,7,12,2,0
tpcds_sf50_t1,TPCDS SF50,1,Q96,4,3.48,2.05,2.05,2.05,success,success,success,success,1.69756098,1.69756098,1.69756098,3.48,2.05,2.05,1.95,4,0,0,5
tpcds_sf50_t1,TPCDS SF50,1,Q97,16,16.9,17.1,17.21,17.94,success,success,success,success,0.988304094,0.981987217,0.942028986,16.9,17.1,17.02,17.52,16,16,15,1
tpcds_sf50_t1,TPCDS SF50,1,Q98,1,4.1,2.67,2.67,2.56,success,success,success,success,1.53558052,1.53558052,1.6015625,4.1,2.57,2.57,2.56,1,7,5,1
tpcds_sf50_t1,TPCDS SF50,1,Q99,15,3.27,3.38,3.38,4.61,success,success,success,success,0.967455621,0.967455621,0.709327549,3.27,3.38,3.38,4.61,15,10,0,1
tpcds_sf100_t1,TPCDS SF100,1,Q01,12,6.97,7.18,9.33,7.17,success,success,success,success,0.970752089,0.747052519,0.972105997,6.97,6.97,9.22,7.08,12,8,11,5
tpcds_sf100_t1,TPCDS SF100,1,Q02,7,16.97,17.19,17.39,16.99,success,success,success,success,0.987201862,0.975848189,0.998822837,16.97,17.08,17.08,16.99,7,2,4,7
tpcds_sf100_t1,TPCDS SF100,1,Q03,13,9.22,7.28,7.28,7.18,success,success,success,success,1.26648352,1.26648352,1.28412256,9.22,6.66,6.66,6.56,13,0,4,6
tpcds_sf100_t1,TPCDS SF100,1,Q04,19,120.99,112.53,118.07,117.7,success,success,success,success,1.07517995,1.02473109,1.02795242,120.99,111.35,115.37,112.13,19,5,15,8
tpcds_sf100_t1,TPCDS SF100,1,Q05,9,21.1,16.7,20.91,16.92,success,success,success,success,1.26347305,1.00908656,1.24704492,21.1,16.4,20.71,16.5,9,19,3,12
tpcds_sf100_t1,TPCDS SF100,1,Q06,7,43.46,44.7,48.08,44.52,success,success,success,success,0.972259508,0.90391015,0.976190476,43.46,43.29,46.14,43.58,7,18,9,18
tpcds_sf100_t1,TPCDS SF100,1,Q07,1,15.57,11.99,11.79,11.79,success,success,success,success,1.29858215,1.32061069,1.32061069,15.57,10.76,10.76,10.77,1,14,8,7
tpcds_sf100_t1,TPCDS SF100,1,Q08,3,16.37,10.65,10.65,10.76,success,success,success,success,1.5370892,1.5370892,1.52137546,16.37,10.54,10.55,10.75,3,7,2,0
tpcds_sf100_t1,TPCDS SF100,1,Q09,1,30.78,30.79,30.9,30.81,success,success,success,success,0.999675219,0.996116505,0.99902629,30.78,30.78,30.69,30.71,1,9,4,9
tpcds_sf100_t1,TPCDS SF100,1,Q10,4,11.56,11.67,11.46,5.64,success,success,success,success,0.990574122,1.008726,2.04964539,11.56,11.26,11.36,5.43,4,0,2,10
tpcds_sf100_t1,TPCDS SF100,1,Q11,9,84.49,76.35,79.91,79.15,success,success,success,success,1.10661428,1.05731448,1.06746684,84.49,75.56,77.9,75.41,9,17,1,12
tpcds_sf100_t1,TPCDS SF100,1,Q12,0,2.46,1.74,1.75,1.64,success,success,success,success,1.4137931,1.40571429,1.5,2.46,1.74,1.74,1.64,0,0,4,0
tpcds_sf100_t1,TPCDS SF100,1,Q13,0,19.66,21.31,21.42,22.84,success,success,success,success,0.922571563,0.9178338,0.860770578,19.66,21.3,21,22.53,0,8,4,12
tpcds_sf100_t1,TPCDS SF100,1,Q14,6,222.18,230.31,233.02,224.43,success,success,success,success,0.964699753,0.953480388,0.989974602,222.18,216.6,216.31,219.54,6,0,0,11
tpcds_sf100_t1,TPCDS SF100,1,Q15,0,1.33,1.44,1.64,1.44,success,success,success,success,0.923611111,0.81097561,0.923611111,1.33,1.44,1.54,1.44,0,0,2,0
tpcds_sf100_t1,TPCDS SF100,1,Q16,1,1.33,1.23,1.23,1.23,success,success,success,success,1.08130081,1.08130081,1.08130081,1.33,1.23,1.23,1.23,1,0,0,0
tpcds_sf100_t1,TPCDS SF100,1,Q17,9,18.33,10.76,10.86,10.86,success,success,success,success,1.7035316,1.6878453,1.6878453,18.33,10.15,10.25,10.76,9,11,11,13
tpcds_sf100_t1,TPCDS SF100,1,Q18,6,4.92,3.08,3.08,3.08,success,success,success,success,1.5974026,1.5974026,1.5974026,4.92,3.08,3.08,2.97,6,2,2,18
tpcds_sf100_t1,TPCDS SF100,1,Q19,18,10.66,7.39,7.28,7.07,success,success,success,success,1.44248985,1.46428571,1.50777935,10.66,6.97,6.97,6.77,18,15,13,8
tpcds_sf100_t1,TPCDS SF100,1,Q20,0,0.51,0.52,0.52,0.52,success,success,success,success,0.980769231,0.980769231,0.980769231,0.51,0.52,0.52,0.52,0,0,0,0
tpcds_sf100_t1,TPCDS SF100,1,Q21,7,0.92,0.62,0.72,0.72,success,success,success,success,1.48387097,1.27777778,1.27777778,0.92,0.62,0.62,0.62,7,0,0,0
tpcds_sf100_t1,TPCDS SF100,1,Q22,6,38.54,40.5,39.26,40.2,success,success,success,success,0.951604938,0.981660723,0.958706468,38.54,38.86,38.88,39.27,6,12,3,4
tpcds_sf100_t1,TPCDS SF100,1,Q23,3,142.67,144.83,148.97,150.39,success,success,success,success,0.985085963,0.957709606,0.9486668,142.67,144.83,146.69,146.56,3,3,14,19
tpcds_sf100_t1,TPCDS SF100,1,Q24,18,24.17,17.43,18.65,19.15,success,success,success,success,1.38668962,1.29597855,1.26214099,24.17,13.73,13.63,14.04,18,0,0,0
tpcds_sf100_t1,TPCDS SF100,1,Q25,1,15.57,9.63,9.64,10.05,success,success,success,success,1.61682243,1.61514523,1.54925373,15.57,9.54,9.43,9.33,1,11,11,17
tpcds_sf100_t1,TPCDS SF100,1,Q26,1,2.56,2.05,2.05,2.16,success,success,success,success,1.24878049,1.24878049,1.18518519,2.56,1.85,1.85,1.85,1,2,2,2
tpcds_sf100_t1,TPCDS SF100,1,Q27,0,36.83,23.96,23.87,23.97,success,success,success,success,1.53714524,1.54294093,1.53650396,36.83,22.94,22.94,22.75,0,6,6,6
tpcds_sf100_t1,TPCDS SF100,1,Q28,0,32.32,32.43,32.55,33.07,success,success,success,success,0.996608079,0.992933948,0.977320835,32.32,32.33,32.35,32.35,0,9,4,6
tpcds_sf100_t1,TPCDS SF100,1,Q29,4,22.33,15.16,15.27,15.37,success,success,success,success,1.47295515,1.46234447,1.45283019,22.33,14.66,14.76,14.75,4,11,11,17
tpcds_sf100_t1,TPCDS SF100,1,Q30,0,1.74,1.74,1.85,1.64,success,success,success,success,1,0.940540541,1.06097561,1.74,1.74,1.74,1.64,0,0,2,0
tpcds_sf100_t1,TPCDS SF100,1,Q31,5,18.74,13.32,13.42,13.32,success,success,success,success,1.40690691,1.39642325,1.40690691,18.74,13.21,13.22,13.01,5,0,2,3
tpcds_sf100_t1,TPCDS SF100,1,Q32,1,0.41,0.41,0.41,0.41,success,success,success,success,1,1,1,0.41,0.41,0.41,0.41,1,0,0,0
tpcds_sf100_t1,TPCDS SF100,1,Q33,8,11.17,8.3,8.2,8,success,success,success,success,1.34578313,1.36219512,1.39625,11.17,8,8,8,8,13,11,4
tpcds_sf100_t1,TPCDS SF100,1,Q34,7,13.31,8.51,8.5,8.41,success,success,success,success,1.5640423,1.56588235,1.58263971,13.31,8.2,8.2,8.1,7,0,2,0
tpcds_sf100_t1,TPCDS SF100,1,Q35,0,24.44,24.96,27.33,16.29,success,success,success,success,0.979166667,0.894255397,1.50030694,24.44,24.14,26.72,16.08,0,9,5,12
tpcds_sf100_t1,TPCDS SF100,1,Q36,2,13.42,10.04,10.15,10.76,success,success,success,success,1.33665339,1.32216749,1.2472119,13.42,9.23,9.13,9.33,2,19,1,0
tpcds_sf100_t1,TPCDS SF100,1,Q37,3,3.59,3.48,3.38,2.05,success,success,success,success,1.0316092,1.06213018,1.75121951,3.59,3.38,3.38,2.05,3,2,3,0
tpcds_sf100_t1,TPCDS SF100,1,Q38,10,32.73,33.86,37.56,28.86,success,success,success,success,0.966627289,0.871405751,1.13409563,32.73,33.76,35.93,28.65,10,8,5,17
tpcds_sf100_t1,TPCDS SF100,1,Q39,0,2.67,2.77,2.77,2.77,success,success,success,success,0.963898917,0.963898917,0.963898917,2.67,2.77,2.77,2.77,0,0,0,0
tpcds_sf100_t1,TPCDS SF100,1,Q40,2,2.05,1.74,1.74,0.41,success,success,success,success,1.17816092,1.17816092,5,2.05,1.64,1.64,0.31,2,0,0,0
tpcds_sf100_t1,TPCDS SF100,1,Q41,0,0.11,0.11,0.11,0.11,success,success,success,success,1,1,1,0.11,0.11,0.11,0.11,0,0,0,0
tpcds_sf100_t1,TPCDS SF100,1,Q42,1,7.89,4.82,4.82,4.72,success,success,success,success,1.63692946,1.63692946,1.67161017,7.89,4.51,4.51,4.51,1,12,0,2
tpcds_sf100_t1,TPCDS SF100,1,Q43,7,16.37,12.19,11.58,11.68,success,success,success,success,1.34290402,1.41364421,1.4015411,16.37,11.47,11.16,11.07,7,6,10,6
tpcds_sf100_t1,TPCDS SF100,1,Q45,1,3.59,2.57,2.57,2.77,success,success,success,success,1.39688716,1.39688716,1.29602888,3.59,2.56,2.57,2.46,1,0,0,0
tpcds_sf100_t1,TPCDS SF100,1,Q46,16,19.76,13.84,13.84,13.83,success,success,success,success,1.42774566,1.42774566,1.42877802,19.76,13.53,13.63,13.22,16,12,0,3
tpcds_sf100_t1,TPCDS SF100,1,Q47,6,35.53,37.79,37.28,37.19,success,success,success,success,0.940195819,0.95305794,0.955364345,35.53,36.35,36.97,36.57,6,0,9,3
tpcds_sf100_t1,TPCDS SF100,1,Q48,4,17.61,18.95,18.76,22.33,success,success,success,success,0.929287599,0.93869936,0.788625168,17.61,18.95,18.76,21.21,4,4,4,1
tpcds_sf100_t1,TPCDS SF100,1,Q49,1,11.27,10.35,10.25,10.15,success,success,success,success,1.08888889,1.0995122,1.11034483,11.27,10.25,10.25,10.05,1,0,1,12
tpcds_sf100_t1,TPCDS SF100,1,Q50,8,39.12,16.49,17.21,15.07,success,success,success,success,2.37234688,2.27309704,2.59588587,39.12,16.29,17.21,14.86,8,14,5,5
tpcds_sf100_t1,TPCDS SF100,1,Q51,7,67.75,69.31,69.51,65.57,success,success,success,success,0.977492425,0.974679902,1.03324691,67.75,68.26,68.9,65.57,7,9,2,7
tpcds_sf100_t1,TPCDS SF100,1,Q52,13,7.89,4.82,4.82,4.82,success,success,success,success,1.63692946,1.63692946,1.63692946,7.89,4.61,4.61,4.52,13,0,2,6
tpcds_sf100_t1,TPCDS SF100,1,Q53,3,9.22,7.18,7.07,7.28,success,success,success,success,1.28412256,1.30410184,1.26648352,9.22,6.46,6.46,6.36,3,7,16,1
tpcds_sf100_t1,TPCDS SF100,1,Q55,1,7.99,4.92,4.93,4.93,success,success,success,success,1.62398374,1.62068966,1.62068966,7.99,4.71,4.72,4.62,1,8,8,12
tpcds_sf100_t1,TPCDS SF100,1,Q56,0,11.06,7.48,7.49,7.39,success,success,success,success,1.47860963,1.47663551,1.49661705,11.06,7.38,7.38,7.08,0,1,13,10
tpcds_sf100_t1,TPCDS SF100,1,Q57,4,10.74,11.05,11.37,11.37,success,success,success,success,0.971945701,0.944591029,0.944591029,10.74,11.05,11.16,10.95,4,4,0,13
tpcds_sf100_t1,TPCDS SF100,1,Q58,13,33.57,33.99,34.5,33.99,success,success,success,success,0.987643425,0.973043478,0.987643425,33.57,33.47,33.26,33.68,13,4,2,16
tpcds_sf100_t1,TPCDS SF100,1,Q59,11,32.83,33.25,33.07,33.56,success,success,success,success,0.987368421,0.992742667,0.978247914,32.83,33.05,32.95,32.86,11,12,0,4
tpcds_sf100_t1,TPCDS SF100,1,Q60,0,13.01,9.02,9.02,9.43,success,success,success,success,1.44235033,1.44235033,1.37963945,13.01,9.02,9.02,9.43,0,0,0,0
tpcds_sf100_t1,TPCDS SF100,1,Q61,14,18.63,12.71,13.02,12.5,success,success,success,success,1.46577498,1.43087558,1.4904,18.63,12.19,12.2,11.79,14,0,1,16
tpcds_sf100_t1,TPCDS SF100,1,Q62,10,6.96,7.27,7.37,7.37,success,success,success,success,0.95735901,0.944369064,0.944369064,6.96,7.27,7.16,7.17,10,0,2,2
tpcds_sf100_t1,TPCDS SF100,1,Q63,9,9.22,7.07,6.97,7.08,success,success,success,success,1.30410184,1.32281205,1.30225989,9.22,6.36,6.46,6.26,9,13,1,5
tpcds_sf100_t1,TPCDS SF100,1,Q64,6,36.76,35.24,44.07,21.12,success,success,success,success,1.0431328,0.834127524,1.7405303,36.76,25,25.21,19.69,6,12,0,10
tpcds_sf100_t1,TPCDS SF100,1,Q65,10,47.72,49.47,50.14,46.43,success,success,success,success,0.964625025,0.951735142,1.02778376,47.72,46.82,46.73,45.2,10,7,0,7
tpcds_sf100_t1,TPCDS SF100,1,Q66,8,6.46,4.31,4.31,4.31,success,success,success,success,1.49883991,1.49883991,1.49883991,6.46,4,4,4.1,8,6,6,1
tpcds_sf100_t1,TPCDS SF100,1,Q67,13,189.35,194.02,196.15,202.25,success,success,success,success,0.975930316,0.965332654,0.936217553,189.35,191.93,190.53,193.9,13,8,1,9
tpcds_sf100_t1,TPCDS SF100,1,Q68,14,19.36,14.66,14.76,13.32,success,success,success,success,1.32060027,1.31165312,1.45345345,19.36,14.34,14.25,12.81,14,16,1,16
tpcds_sf100_t1,TPCDS SF100,1,Q69,14,11.05,11.16,11.26,5.64,success,success,success,success,0.990143369,0.981349911,1.95921986,11.05,10.95,11.06,5.43,14,10,2,12
tpcds_sf100_t1,TPCDS SF100,1,Q70,2,33.95,32.01,32.13,27.03,success,success,success,success,1.06060606,1.05664488,1.25601184,33.95,31.6,31.52,27.02,2,4,4,10
tpcds_sf100_t1,TPCDS SF100,1,Q71,5,13.01,11.88,11.99,7.49,success,success,success,success,1.09511785,1.08507089,1.73698264,13.01,11.58,11.69,7.38,5,16,4,10
tpcds_sf100_t1,TPCDS SF100,1,Q72,5,41.45,21.3,21.72,20.5,success,success,success,success,1.94600939,1.90837937,2.02195122,41.45,21.3,21.72,20.5,5,5,5,5
tpcds_sf100_t1,TPCDS SF100,1,Q73,7,11.87,8.3,8.3,8.31,success,success,success,success,1.43012048,1.43012048,1.42839952,11.87,7.79,7.79,7.79,7,0,0,0
tpcds_sf100_t1,TPCDS SF100,1,Q74,17,61.62,54.95,56.37,57.01,success,success,success,success,1.12138308,1.09313465,1.08086301,61.62,54.15,56.14,54.06,17,13,13,2
tpcds_sf100_t1,TPCDS SF100,1,Q75,4,45.17,33.91,34.03,32.8,success,success,success,success,1.33205544,1.32735821,1.37713415,45.17,32.37,32.5,31.68,4,0,15,6
tpcds_sf100_t1,TPCDS SF100,1,Q76,11,15.98,15.88,15.78,11.99,success,success,success,success,1.00629723,1.01267427,1.33277731,15.98,15.78,15.68,11.68,11,17,7,12
tpcds_sf100_t1,TPCDS SF100,1,Q77,13,14.24,9.12,9.23,9.23,success,success,success,success,1.56140351,1.54279523,1.54279523,14.24,9.02,9.02,9.23,13,1,0,1
tpcds_sf100_t1,TPCDS SF100,1,Q78,17,82.36,84.29,91.65,72.2,success,success,success,success,0.977102859,0.898636116,1.14072022,82.36,82.55,88.8,69.77,17,5,14,13
tpcds_sf100_t1,TPCDS SF100,1,Q79,13,22.01,14.96,15.16,15.88,success,success,success,success,1.47125668,1.45184697,1.38602015,22.01,14.44,14.45,15.47,13,9,3,0
tpcds_sf100_t1,TPCDS SF100,1,Q80,1,30.11,16.09,16.1,12.21,success,success,success,success,1.87134866,1.87018634,2.46601147,30.11,15.78,15.69,11.99,1,11,0,13
tpcds_sf100_t1,TPCDS SF100,1,Q81,2,2.26,2.26,2.36,2.46,success,success,success,success,1,0.957627119,0.918699187,2.26,2.26,2.26,2.46,2,2,4,0
tpcds_sf100_t1,TPCDS SF100,1,Q82,4,7.47,7.27,7.27,4.21,success,success,success,success,1.02751032,1.02751032,1.77434679,7.47,7.27,7.27,4.2,4,0,4,12
tpcds_sf100_t1,TPCDS SF100,1,Q83,2,3.69,1.03,1.13,1.13,success,success,success,success,3.58252427,3.26548673,3.26548673,3.69,1.03,1.03,1.03,2,0,0,1
tpcds_sf100_t1,TPCDS SF100,1,Q84,0,1.54,1.54,1.54,0.82,success,success,success,success,1,1,1.87804878,1.54,1.54,1.54,0.82,0,0,0,0
tpcds_sf100_t1,TPCDS SF100,1,Q85,2,6.56,6.97,7.9,6.97,success,success,success,success,0.941176471,0.830379747,0.941176471,6.56,6.87,7.07,6.87,2,8,15,8
tpcds_sf100_t1,TPCDS SF100,1,Q86,2,4.82,5.12,5.13,5.23,success,success,success,success,0.94140625,0.93957115,0.921606119,4.82,5.02,5.02,5.02,2,4,6,10
tpcds_sf100_t1,TPCDS SF100,1,Q87,15,34.68,36.93,38.79,31.22,success,success,success,success,0.939073924,0.894044857,1.11082639,34.68,35.83,38.38,30.61,15,18,7,16
tpcds_sf100_t1,TPCDS SF100,1,Q88,0,48.63,26.7,27.01,26.3,success,success,success,success,1.82134831,1.80044428,1.84904943,48.63,25.08,25.07,24.76,0,18,18,18
tpcds_sf100_t1,TPCDS SF100,1,Q89,15,10.86,8.21,8.3,8.4,success,success,success,success,1.3227771,1.30843373,1.29285714,10.86,7.59,7.59,7.58,15,16,14,16
tpcds_sf100_t1,TPCDS SF100,1,Q90,8,3.48,2.05,2.05,2.05,success,success,success,success,1.69756098,1.69756098,1.69756098,3.48,1.85,1.85,1.85,8,0,0,0
tpcds_sf100_t1,TPCDS SF100,1,Q91,5,0.41,0.31,0.31,0.31,success,success,success,success,1.32258065,1.32258065,1.32258065,0.41,0.31,0.31,0.31,5,0,0,0
tpcds_sf100_t1,TPCDS SF100,1,Q92,3,3.89,3.18,3.18,2.15,success,success,success,success,1.22327044,1.22327044,1.80930233,3.89,3.07,3.07,2.05,3,0,10,0
tpcds_sf100_t1,TPCDS SF100,1,Q93,5,42.18,28.26,33.61,28.07,success,success,success,success,1.492569,1.25498364,1.50267189,42.18,27.34,32.7,27.55,5,14,3,11
tpcds_sf100_t1,TPCDS SF100,1,Q94,3,4.71,3.89,3.9,3.89,success,success,success,success,1.21079692,1.20769231,1.21079692,4.71,3.89,3.89,3.89,3,2,0,3
tpcds_sf100_t1,TPCDS SF100,1,Q95,14,131.85,135.31,151.75,9.73,success,success,success,success,0.974429089,0.868863262,13.5508736,131.85,130.9,149.67,9.63,14,0,2,2
tpcds_sf100_t1,TPCDS SF100,1,Q96,1,6.86,4.1,4,4,success,success,success,success,1.67317073,1.715,1.715,6.86,3.9,3.9,3.9,1,6,2,2
tpcds_sf100_t1,TPCDS SF100,1,Q97,0,35.52,36.07,37.5,37.81,success,success,success,success,0.984751871,0.9472,0.939434012,35.52,35.03,35.57,36.39,0,1,10,17
tpcds_sf100_t1,TPCDS SF100,1,Q98,13,8.09,5.85,5.23,5.02,success,success,success,success,1.38290598,1.54684512,1.61155378,8.09,5.23,5.23,4.92,13,0,1,5
tpcds_sf100_t1,TPCDS SF100,1,Q99,5,7.26,7.67,7.57,9.83,success,success,success,success,0.94654498,0.959048877,0.738555443,7.26,7.47,7.47,9.73,5,4,3,2
appian_t8,appian,8,q01,19,0.51,0.62,0.62,0.52,success,success,success,success,0.822580645,0.822580645,0.980769231,0.51,0.51,0.62,0.52,19,8,0,0
appian_t8,appian,8,q02,1,2.26,2.36,2.77,2.36,success,success,success,success,0.957627119,0.815884477,0.957627119,2.26,2.26,2.67,2.26,1,2,2,0
appian_t8,appian,8,q03,8,1.13,1.13,1.44,1.13,success,success,success,success,1,0.784722222,1,1.13,1.03,1.34,1.13,8,6,4,0
appian_t8,appian,8,q04,0,3.9,4,4.72,3.9,success,success,success,success,0.975,0.826271186,1,3.9,3.9,4.72,3.9,0,5,0,0
appian_t8,appian,8,q05,0,1.03,1.03,1.13,1.03,success,success,success,success,1,0.911504425,1,1.03,1.03,1.13,1.03,0,0,0,0
appian_t8,appian,8,q06,0,1.13,1.13,1.85,1.23,success,success,success,success,1,0.610810811,0.918699187,1.13,1.13,1.75,1.13,0,0,2,1
appian_t8,appian,8,q07,0,1.33,1.34,1.54,1.44,success,success,success,success,0.992537313,0.863636364,0.923611111,1.33,1.33,1.54,1.34,0,4,0,1
appian_t8,appian,8,q08,2,4.92,4.92,5.44,5.02,success,success,success,success,1,0.904411765,0.980079681,4.92,4.82,5.23,4.92,2,4,1,0
job_t8,job,8,1a,0,0.11,0.11,0.11,0.11,success,success,success,success,1,1,1,0.11,0.11,0.11,0.11,0,0,0,0
job_t8,job,8,1b,0,0.11,0.11,0.11,0.11,success,success,success,success,1,1,1,0.11,0.11,0.11,0.11,0,0,0,0
job_t8,job,8,1c,0,0.11,0.11,0.11,0.11,success,success,success,success,1,1,1,0.11,0.11,0.11,0.11,0,0,0,0
job_t8,job,8,1d,0,0.11,0.11,0.11,0.11,success,success,success,success,1,1,1,0.11,0.11,0.11,0.11,0,0,0,0
job_t8,job,8,2a,0,0.21,0.11,0.21,0.11,success,success,success,success,1.90909091,1,1.90909091,0.21,0.11,0.11,0.11,0,0,3,0
job_t8,job,8,2b,0,0.21,0.11,0.11,0.11,success,success,success,success,1.90909091,1.90909091,1.90909091,0.21,0.11,0.11,0.11,0,0,0,0
job_t8,job,8,2c,0,0.11,0.11,0.11,0.11,success,success,success,success,1,1,1,0.11,0.11,0.11,0.11,0,0,0,0
job_t8,job,8,2d,0,0.21,0.21,0.21,0.21,success,success,success,success,1,1,1,0.21,0.21,0.21,0.21,0,0,0,0
job_t8,job,8,3a,2,0.41,0.41,0.41,0.31,success,success,success,success,1,1,1.32258065,0.41,0.31,0.31,0.31,2,9,9,0
job_t8,job,8,3b,0,0.31,0.31,0.31,0.31,success,success,success,success,1,1,1,0.31,0.31,0.31,0.31,0,0,0,0
job_t8,job,8,3c,1,0.51,0.41,0.41,0.31,success,success,success,success,1.24390244,1.24390244,1.64516129,0.51,0.31,0.31,0.31,1,9,9,1
job_t8,job,8,4a,0,0.21,0.21,0.21,0.11,success,success,success,success,1,1,1.90909091,0.21,0.21,0.21,0.11,0,0,0,0
job_t8,job,8,4b,0,0.11,0.21,0.21,0.21,success,success,success,success,0.523809524,0.523809524,0.523809524,0.11,0.11,0.11,0.11,0,2,2,2
job_t8,job,8,4c,0,0.21,0.21,0.21,0.11,success,success,success,success,1,1,1.90909091,0.21,0.21,0.21,0.11,0,0,0,0
job_t8,job,8,5a,0,0.41,0.11,0.11,0.11,success,success,success,success,3.72727273,3.72727273,3.72727273,0.41,0.11,0.11,0.11,0,0,0,0
job_t8,job,8,5b,0,0.31,0.11,0.11,0.11,success,success,success,success,2.81818182,2.81818182,2.81818182,0.31,0.11,0.11,0.11,0,0,0,0
job_t8,job,8,5c,0,0.41,0.31,0.31,0.31,success,success,success,success,1.32258065,1.32258065,1.32258065,0.41,0.31,0.31,0.31,0,0,0,0
job_t8,job,8,6a,1,0.21,0.21,0.21,0.21,success,success,success,success,1,1,1,0.21,0.21,0.21,0.21,1,0,0,0
job_t8,job,8,6b,0,0.21,0.21,0.21,0.21,success,success,success,success,1,1,1,0.21,0.21,0.21,0.21,0,0,0,0
job_t8,job,8,6c,1,0.21,0.21,0.21,0.21,success,success,success,success,1,1,1,0.21,0.21,0.21,0.21,1,0,0,0
job_t8,job,8,6d,5,0.21,0.21,0.21,0.21,success,success,success,success,1,1,1,0.21,0.21,0.21,0.21,5,5,5,0
job_t8,job,8,6e,1,0.21,0.21,0.21,0.21,success,success,success,success,1,1,1,0.21,0.21,0.21,0.21,1,0,0,0
job_t8,job,8,6f,2,1.54,1.54,1.95,1.64,success,success,success,success,1,0.78974359,0.93902439,1.54,1.54,1.95,1.64,2,2,0,2
job_t8,job,8,7a,4,0.51,0.31,0.31,0.31,success,success,success,success,1.64516129,1.64516129,1.64516129,0.51,0.31,0.31,0.31,4,0,0,0
job_t8,job,8,7b,1,0.51,0.31,0.31,0.31,success,success,success,success,1.64516129,1.64516129,1.64516129,0.51,0.21,0.21,0.21,1,2,2,2
job_t8,job,8,7c,10,0.72,0.52,0.52,0.52,success,success,success,success,1.38461538,1.38461538,1.38461538,0.72,0.41,0.41,0.41,10,8,8,8
job_t8,job,8,8a,3,0.21,0.21,0.21,0.21,success,success,success,success,1,1,1,0.21,0.21,0.21,0.21,3,0,0,0
job_t8,job,8,8b,3,0.21,0.21,0.21,0.21,success,success,success,success,1,1,1,0.21,0.21,0.21,0.21,3,0,0,0
job_t8,job,8,8c,2,0.52,0.52,0.62,0.52,success,success,success,success,1,0.838709677,1,0.52,0.52,0.62,0.52,2,0,0,0
job_t8,job,8,8d,2,0.31,0.31,0.31,0.31,success,success,success,success,1,1,1,0.31,0.31,0.31,0.31,2,0,0,0
job_t8,job,8,9a,3,0.31,0.31,0.31,0.31,success,success,success,success,1,1,1,0.31,0.31,0.31,0.21,3,0,0,1
job_t8,job,8,9b,4,0.31,0.21,0.21,0.21,success,success,success,success,1.47619048,1.47619048,1.47619048,0.31,0.21,0.21,0.21,4,2,2,0
job_t8,job,8,9c,3,0.31,0.31,0.31,0.31,success,success,success,success,1,1,1,0.31,0.31,0.31,0.21,3,0,0,1
job_t8,job,8,9d,3,0.41,0.52,0.52,0.41,success,success,success,success,0.788461538,0.788461538,1,0.41,0.41,0.41,0.31,3,4,4,5
job_t8,job,8,10a,6,0.21,0.21,0.21,0.21,success,success,success,success,1,1,1,0.21,0.21,0.21,0.21,6,3,3,0
job_t8,job,8,10b,1,0.21,0.21,0.21,0.21,success,success,success,success,1,1,1,0.21,0.21,0.21,0.21,1,1,1,0
job_t8,job,8,10c,0,0.41,0.41,0.41,0.41,success,success,success,success,1,1,1,0.41,0.41,0.41,0.41,0,0,0,0
job_t8,job,8,11a,0,0.11,0.11,0.11,0.11,success,success,success,success,1,1,1,0.11,0.11,0.11,0.11,0,0,0,0
job_t8,job,8,11b,0,0.11,0.11,0.11,0.11,success,success,success,success,1,1,1,0.11,0.11,0.11,0.11,0,0,0,0
job_t8,job,8,11c,0,0.11,0.11,0.11,0.11,success,success,success,success,1,1,1,0.11,0.11,0.11,0.11,0,0,0,0
job_t8,job,8,11d,0,0.11,0.11,0.11,0.11,success,success,success,success,1,1,1,0.11,0.11,0.11,0.11,0,0,0,0
job_t8,job,8,12a,0,0.21,0.21,0.11,0.11,success,success,success,success,1,1.90909091,1.90909091,0.21,0.11,0.11,0.11,0,3,0,0
job_t8,job,8,12b,0,0.21,0.11,0.11,0.11,success,success,success,success,1.90909091,1.90909091,1.90909091,0.21,0.11,0.11,0.11,0,0,0,0
job_t8,job,8,12c,0,0.21,0.21,0.21,0.21,success,success,success,success,1,1,1,0.21,0.21,0.21,0.21,0,0,0,0
job_t8,job,8,13a,0,0.31,0.21,0.21,0.21,success,success,success,success,1.47619048,1.47619048,1.47619048,0.31,0.21,0.21,0.21,0,0,0,0
job_t8,job,8,13b,3,0.21,0.21,0.21,0.11,success,success,success,success,1,1,1.90909091,0.21,0.11,0.11,0.11,3,0,0,0
job_t8,job,8,13c,3,0.21,0.21,0.21,0.11,success,success,success,success,1,1,1.90909091,0.21,0.11,0.11,0.11,3,0,0,0
job_t8,job,8,13d,0,0.31,0.41,0.41,0.41,success,success,success,success,0.756097561,0.756097561,0.756097561,0.31,0.31,0.31,0.31,0,2,4,2
job_t8,job,8,14a,1,0.21,0.11,0.11,0.11,success,success,success,success,1.90909091,1.90909091,1.90909091,0.21,0.11,0.11,0.11,1,0,0,0
job_t8,job,8,14b,1,0.21,0.11,0.11,0.11,success,success,success,success,1.90909091,1.90909091,1.90909091,0.21,0.11,0.11,0.11,1,0,0,0
job_t8,job,8,14c,0,0.31,0.21,0.21,0.21,success,success,success,success,1.47619048,1.47619048,1.47619048,0.31,0.21,0.21,0.11,0,0,0,16
job_t8,job,8,15a,0,0.31,0.31,0.31,0.31,success,success,success,success,1,1,1,0.31,0.31,0.21,0.21,0,0,11,10
job_t8,job,8,15b,0,0.21,0.21,0.21,0.21,success,success,success,success,1,1,1,0.21,0.21,0.21,0.21,0,0,0,0
job_t8,job,8,15c,0,0.31,0.31,0.31,0.31,success,success,success,success,1,1,1,0.31,0.31,0.31,0.21,0,0,0,2
job_t8,job,8,15d,0,0.21,0.21,0.21,0.21,success,success,success,success,1,1,1,0.21,0.21,0.21,0.21,0,0,0,0
job_t8,job,8,16a,4,0.62,0.31,0.41,0.31,success,success,success,success,2,1.51219512,2,0.62,0.31,0.31,0.21,4,0,0,1
job_t8,job,8,16b,0,2.87,0.82,0.82,0.82,success,success,success,success,3.5,3.5,3.5,2.87,0.62,0.62,0.52,0,13,13,13
job_t8,job,8,16c,3,1.64,0.41,0.41,0.31,success,success,success,success,4,4,5.29032258,1.64,0.41,0.41,0.31,3,3,3,3
job_t8,job,8,16d,3,1.44,0.41,0.41,0.31,success,success,success,success,3.51219512,3.51219512,4.64516129,1.44,0.41,0.41,0.31,3,3,3,3
job_t8,job,8,17a,14,0.62,0.52,0.62,0.52,success,success,success,success,1.19230769,1,1.19230769,0.62,0.31,0.31,0.31,14,2,2,6
job_t8,job,8,17b,18,0.41,0.31,0.31,0.31,success,success,success,success,1.32258065,1.32258065,1.32258065,0.41,0.31,0.31,0.31,18,2,2,6
job_t8,job,8,17c,2,0.41,0.31,0.31,0.21,success,success,success,success,1.32258065,1.32258065,1.95238095,0.41,0.21,0.21,0.21,2,1,1,0
job_t8,job,8,17d,2,0.52,0.31,0.31,0.31,success,success,success,success,1.67741935,1.67741935,1.67741935,0.52,0.31,0.31,0.31,2,0,0,0
job_t8,job,8,17e,0,1.95,0.62,0.62,0.62,success,success,success,success,3.14516129,3.14516129,3.14516129,1.95,0.52,0.52,0.41,0,13,13,6
job_t8,job,8,17f,18,1.13,0.62,0.72,0.72,success,success,success,success,1.82258065,1.56944444,1.56944444,1.13,0.41,0.41,0.41,18,0,2,0
job_t8,job,8,18a,2,0.31,0.31,0.31,0.31,success,success,success,success,1,1,1,0.31,0.31,0.31,0.31,2,0,0,0
job_t8,job,8,18b,6,0.41,0.31,0.31,0.31,success,success,success,success,1.32258065,1.32258065,1.32258065,0.41,0.31,0.31,0.31,6,0,0,0
job_t8,job,8,18c,2,0.52,0.41,0.41,0.41,success,success,success,success,1.26829268,1.26829268,1.26829268,0.52,0.41,0.41,0.41,2,2,2,0
job_t8,job,8,19a,5,0.41,0.31,0.31,0.31,success,success,success,success,1.32258065,1.32258065,1.32258065,0.41,0.31,0.31,0.31,5,5,5,0
job_t8,job,8,19b,5,0.31,0.31,0.31,0.31,success,success,success,success,1,1,1,0.31,0.31,0.31,0.31,5,0,0,0
job_t8,job,8,19c,4,0.41,0.41,0.41,0.31,success,success,success,success,1,1,1.32258065,0.41,0.31,0.31,0.31,4,0,0,0
job_t8,job,8,19d,1,0.51,0.52,0.52,0.41,success,success,success,success,0.980769231,0.980769231,1.24390244,0.51,0.41,0.41,0.31,1,16,16,4
job_t8,job,8,20a,0,0.31,0.31,0.31,0.31,success,success,success,success,1,1,1,0.31,0.31,0.31,0.31,0,0,0,0
job_t8,job,8,20b,1,0.21,0.21,0.21,0.21,success,success,success,success,1,1,1,0.21,0.21,0.21,0.21,1,0,0,0
job_t8,job,8,20c,0,0.52,0.41,0.41,0.41,success,success,success,success,1.26829268,1.26829268,1.26829268,0.52,0.31,0.31,0.31,0,1,1,1
job_t8,job,8,21a,0,0.21,0.21,0.21,0.21,success,success,success,success,1,1,1,0.21,0.21,0.21,0.21,0,0,0,0
job_t8,job,8,21b,0,0.21,0.21,0.21,0.21,success,success,success,success,1,1,1,0.21,0.21,0.21,0.21,0,0,0,0
job_t8,job,8,21c,0,0.21,0.21,0.21,0.21,success,success,success,success,1,1,1,0.21,0.21,0.21,0.21,0,0,0,0
job_t8,job,8,22a,2,0.31,0.21,0.21,0.21,success,success,success,success,1.47619048,1.47619048,1.47619048,0.31,0.21,0.21,0.21,2,0,0,0
job_t8,job,8,22b,2,0.31,0.21,0.21,0.21,success,success,success,success,1.47619048,1.47619048,1.47619048,0.31,0.21,0.21,0.21,2,0,0,0
job_t8,job,8,22c,2,0.41,0.21,0.21,0.21,success,success,success,success,1.95238095,1.95238095,1.95238095,0.41,0.21,0.21,0.21,2,0,0,0
job_t8,job,8,22d,19,0.41,0.21,0.21,0.21,success,success,success,success,1.95238095,1.95238095,1.95238095,0.41,0.21,0.21,0.21,19,1,1,0
job_t8,job,8,23a,0,0.21,0.21,0.21,0.21,success,success,success,success,1,1,1,0.21,0.21,0.21,0.21,0,0,0,0
job_t8,job,8,23b,0,0.21,0.21,0.21,0.21,success,success,success,success,1,1,1,0.21,0.21,0.21,0.21,0,0,0,0
job_t8,job,8,23c,0,0.21,0.31,0.31,0.31,success,success,success,success,0.677419355,0.677419355,0.677419355,0.21,0.21,0.21,0.21,0,11,11,11
job_t8,job,8,24a,1,0.41,0.41,0.41,0.31,success,success,success,success,1,1,1.32258065,0.41,0.31,0.31,0.31,1,0,0,0
job_t8,job,8,24b,1,0.41,0.41,0.41,0.31,success,success,success,success,1,1,1.32258065,0.41,0.21,0.31,0.21,1,19,0,19
job_t8,job,8,25a,0,0.72,0.41,0.41,0.41,success,success,success,success,1.75609756,1.75609756,1.75609756,0.72,0.41,0.41,0.41,0,0,0,0
job_t8,job,8,25b,3,0.62,0.41,0.41,0.41,success,success,success,success,1.51219512,1.51219512,1.51219512,0.62,0.21,0.21,0.21,3,10,10,9
job_t8,job,8,25c,3,0.62,0.62,0.62,0.52,success,success,success,success,1,1,1.19230769,0.62,0.41,0.41,0.41,3,0,8,0
job_t8,job,8,26a,6,0.52,0.41,0.41,0.41,success,success,success,success,1.26829268,1.26829268,1.26829268,0.52,0.31,0.31,0.31,6,1,1,0
job_t8,job,8,26b,2,0.51,0.31,0.31,0.31,success,success,success,success,1.64516129,1.64516129,1.64516129,0.51,0.31,0.31,0.31,2,0,0,0
job_t8,job,8,26c,6,0.62,0.41,0.41,0.41,success,success,success,success,1.51219512,1.51219512,1.51219512,0.62,0.31,0.31,0.31,6,0,2,0
job_t8,job,8,27a,0,0.21,0.21,0.21,0.21,success,success,success,success,1,1,1,0.21,0.21,0.21,0.21,0,0,0,0
job_t8,job,8,27b,0,0.21,0.21,0.21,0.21,success,success,success,success,1,1,1,0.21,0.11,0.11,0.11,0,3,3,3
job_t8,job,8,27c,0,0.21,0.21,0.21,0.21,success,success,success,success,1,1,1,0.21,0.21,0.21,0.21,0,0,0,0
job_t8,job,8,28a,0,0.31,0.21,0.21,0.21,success,success,success,success,1.47619048,1.47619048,1.47619048,0.31,0.21,0.21,0.21,0,0,0,0
job_t8,job,8,28b,0,0.21,0.21,0.21,0.21,success,success,success,success,1,1,1,0.21,0.21,0.21,0.21,0,0,0,0
job_t8,job,8,28c,0,0.41,0.21,0.21,0.21,success,success,success,success,1.95238095,1.95238095,1.95238095,0.41,0.21,0.21,0.21,0,0,0,0
job_t8,job,8,29a,1,0.41,0.31,0.31,0.31,success,success,success,success,1.32258065,1.32258065,1.32258065,0.41,0.31,0.31,0.31,1,0,0,0
job_t8,job,8,29b,0,0.41,0.31,0.31,0.31,success,success,success,success,1.32258065,1.32258065,1.32258065,0.41,0.31,0.31,0.31,0,0,0,0
job_t8,job,8,29c,18,0.52,0.41,0.41,0.41,success,success,success,success,1.26829268,1.26829268,1.26829268,0.52,0.31,0.31,0.31,18,0,0,0
job_t8,job,8,30a,4,0.62,0.41,0.41,0.41,success,success,success,success,1.51219512,1.51219512,1.51219512,0.62,0.31,0.41,0.31,4,14,0,14
job_t8,job,8,30b,5,0.52,0.41,0.41,0.41,success,success,success,success,1.26829268,1.26829268,1.26829268,0.52,0.31,0.31,0.31,5,0,0,0
job_t8,job,8,30c,0,0.62,0.41,0.41,0.41,success,success,success,success,1.51219512,1.51219512,1.51219512,0.62,0.41,0.41,0.41,0,0,0,0
job_t8,job,8,31a,0,0.72,0.31,0.31,0.31,success,success,success,success,2.32258065,2.32258065,2.32258065,0.72,0.31,0.31,0.31,0,0,0,0
job_t8,job,8,31b,1,0.52,0.41,0.41,0.31,success,success,success,success,1.26829268,1.26829268,1.67741935,0.52,0.31,0.31,0.21,1,0,0,17
job_t8,job,8,31c,0,0.62,0.41,0.41,0.41,success,success,success,success,1.51219512,1.51219512,1.51219512,0.62,0.41,0.41,0.41,0,0,0,0
job_t8,job,8,32a,0,0.11,0.11,0.11,0.11,success,success,success,success,1,1,1,0.11,0.11,0.11,0.11,0,0,0,0
job_t8,job,8,32b,0,0.11,0.11,0.11,0.11,success,success,success,success,1,1,1,0.11,0.11,0.11,0.11,0,0,0,0
job_t8,job,8,33a,0,0.21,0.11,0.11,0.11,success,success,success,success,1.90909091,1.90909091,1.90909091,0.21,0.11,0.11,0.11,0,0,0,0
job_t8,job,8,33b,0,0.21,0.11,0.11,0.11,success,success,success,success,1.90909091,1.90909091,1.90909091,0.21,0.11,0.11,0.11,0,0,0,0
job_t8,job,8,33c,0,0.31,0.21,0.21,0.21,success,success,success,success,1.47619048,1.47619048,1.47619048,0.31,0.21,0.21,0.11,0,0,0,18
tpch_sf10_t8,TPCH SF10,8,Q01,17,0.51,0.52,0.52,0.52,success,success,success,success,0.980769231,0.980769231,0.980769231,0.51,0.51,0.51,0.52,17,6,10,0
tpch_sf10_t8,TPCH SF10,8,Q02,4,0.21,0.21,0.21,0.21,success,success,success,success,1,1,1,0.21,0.21,0.21,0.21,4,0,0,0
tpch_sf10_t8,TPCH SF10,8,Q03,1,0.82,0.41,0.52,0.41,success,success,success,success,2,1.57692308,2,0.82,0.41,0.52,0.41,1,1,1,0
tpch_sf10_t8,TPCH SF10,8,Q04,2,0.52,0.62,0.72,0.52,success,success,success,success,0.838709677,0.722222222,1,0.52,0.52,0.72,0.52,2,0,0,0
tpch_sf10_t8,TPCH SF10,8,Q05,6,1.03,1.03,1.34,0.93,success,success,success,success,1,0.768656716,1.10752688,1.03,0.72,0.72,0.52,6,10,10,0
tpch_sf10_t8,TPCH SF10,8,Q06,0,0.31,0.31,0.31,0.31,success,success,success,success,1,1,1,0.31,0.31,0.31,0.31,0,0,0,0
tpch_sf10_t8,TPCH SF10,8,Q07,1,0.82,0.52,0.52,0.52,success,success,success,success,1.57692308,1.57692308,1.57692308,0.82,0.51,0.52,0.41,1,11,0,0
tpch_sf10_t8,TPCH SF10,8,Q08,1,0.82,0.62,0.62,0.52,success,success,success,success,1.32258065,1.32258065,1.57692308,0.82,0.52,0.52,0.52,1,5,2,0
tpch_sf10_t8,TPCH SF10,8,Q09,1,1.85,1.13,1.23,0.93,success,success,success,success,1.63716814,1.50406504,1.98924731,1.85,0.93,1.13,0.93,1,2,2,0
tpch_sf10_t8,TPCH SF10,8,Q10,0,0.82,0.62,0.62,0.62,success,success,success,success,1.32258065,1.32258065,1.32258065,0.82,0.62,0.62,0.62,0,0,0,0
tpch_sf10_t8,TPCH SF10,8,Q11,0,0.21,0.21,0.21,0.21,success,success,success,success,1,1,1,0.21,0.21,0.21,0.21,0,0,0,0
tpch_sf10_t8,TPCH SF10,8,Q12,0,0.41,0.41,0.52,0.41,success,success,success,success,1,0.788461538,1,0.41,0.41,0.52,0.41,0,0,0,0
tpch_sf10_t8,TPCH SF10,8,Q13,1,0.93,0.93,1.03,0.93,success,success,success,success,1,0.902912621,1,0.93,0.93,0.93,0.93,1,0,4,0
tpch_sf10_t8,TPCH SF10,8,Q14,4,0.52,0.62,0.62,0.41,success,success,success,success,0.838709677,0.838709677,1.26829268,0.52,0.52,0.62,0.31,4,14,0,19
tpch_sf10_t8,TPCH SF10,8,Q15,0,0.41,0.41,0.41,0.41,success,success,success,success,1,1,1,0.41,0.41,0.41,0.31,0,0,0,7
tpch_sf10_t8,TPCH SF10,8,Q16,0,0.31,0.31,0.31,0.31,success,success,success,success,1,1,1,0.31,0.31,0.31,0.31,0,0,0,0
tpch_sf10_t8,TPCH SF10,8,Q17,0,0.72,0.72,0.72,0.52,success,success,success,success,1,1,1.38461538,0.72,0.72,0.72,0.51,0,0,0,1
tpch_sf10_t8,TPCH SF10,8,Q18,0,2.15,2.16,2.77,2.16,success,success,success,success,0.99537037,0.776173285,0.99537037,2.15,2.15,2.77,2.15,0,10,0,1
tpch_sf10_t8,TPCH SF10,8,Q19,0,0.72,0.72,0.82,0.52,success,success,success,success,1,0.87804878,1.38461538,0.72,0.72,0.82,0.52,0,0,0,0
tpch_sf10_t8,TPCH SF10,8,Q20,0,0.62,0.52,0.52,0.52,success,success,success,success,1.19230769,1.19230769,1.19230769,0.62,0.51,0.52,0.52,0,11,0,0
tpch_sf10_t8,TPCH SF10,8,Q21,1,1.54,1.44,1.85,1.34,success,success,success,success,1.06944444,0.832432432,1.14925373,1.54,1.44,1.85,1.33,1,0,1,0
tpch_sf10_t8,TPCH SF10,8,Q22,0,0.31,0.31,0.31,0.31,success,success,success,success,1,1,1,0.31,0.31,0.31,0.31,0,0,0,0
tpch_sf20_t8,TPCH SF20,8,Q01,1,1.03,1.03,1.03,1.03,success,success,success,success,1,1,1,1.03,1.03,1.03,1.03,1,0,0,0
tpch_sf20_t8,TPCH SF20,8,Q02,12,0.31,0.31,0.31,0.31,success,success,success,success,1,1,1,0.31,0.31,0.31,0.31,12,0,0,0
tpch_sf20_t8,TPCH SF20,8,Q03,1,1.54,0.82,0.82,0.82,success,success,success,success,1.87804878,1.87804878,1.87804878,1.54,0.82,0.82,0.82,1,0,0,0
tpch_sf20_t8,TPCH SF20,8,Q04,1,0.93,1.03,1.34,0.93,success,success,success,success,0.902912621,0.694029851,1,0.93,0.93,1.23,0.93,1,2,0,0
tpch_sf20_t8,TPCH SF20,8,Q05,6,2.05,1.95,2.26,1.75,success,success,success,success,1.05128205,0.907079646,1.17142857,2.05,1.13,1.23,0.93,6,9,9,0
tpch_sf20_t8,TPCH SF20,8,Q06,0,0.41,0.41,0.41,0.41,success,success,success,success,1,1,1,0.41,0.41,0.41,0.41,0,0,0,0
tpch_sf20_t8,TPCH SF20,8,Q07,1,1.54,0.82,0.82,0.93,success,success,success,success,1.87804878,1.87804878,1.65591398,1.54,0.82,0.82,0.82,1,0,0,0
tpch_sf20_t8,TPCH SF20,8,Q08,1,1.44,1.03,1.03,0.93,success,success,success,success,1.39805825,1.39805825,1.5483871,1.44,0.82,0.93,0.82,1,8,0,0
tpch_sf20_t8,TPCH SF20,8,Q09,1,3.69,2.05,2.26,1.75,success,success,success,success,1.8,1.63274336,2.10857143,3.69,1.85,2.05,1.75,1,2,2,0
tpch_sf20_t8,TPCH SF20,8,Q10,1,1.44,1.03,1.13,1.13,success,success,success,success,1.39805825,1.27433628,1.27433628,1.44,1.03,1.13,1.13,1,0,0,0
tpch_sf20_t8,TPCH SF20,8,Q11,2,0.21,0.21,0.21,0.21,success,success,success,success,1,1,1,0.21,0.21,0.21,0.21,2,0,0,0
tpch_sf20_t8,TPCH SF20,8,Q12,1,0.72,0.82,0.82,0.62,success,success,success,success,0.87804878,0.87804878,1.16129032,0.72,0.72,0.82,0.62,1,5,0,1
tpch_sf20_t8,TPCH SF20,8,Q13,9,1.74,1.75,1.95,1.75,success,success,success,success,0.994285714,0.892307692,0.994285714,1.74,1.75,1.85,1.75,9,1,1,0
tpch_sf20_t8,TPCH SF20,8,Q14,0,1.03,1.03,1.03,0.52,success,success,success,success,1,1,1.98076923,1.03,1.03,1.03,0.52,0,0,0,0
tpch_sf20_t8,TPCH SF20,8,Q15,0,0.62,0.62,0.62,0.62,success,success,success,success,1,1,1,0.62,0.62,0.62,0.62,0,0,0,0
tpch_sf20_t8,TPCH SF20,8,Q16,3,0.52,0.62,0.52,0.62,success,success,success,success,0.838709677,1,0.838709677,0.52,0.52,0.52,0.52,3,0,3,12
tpch_sf20_t8,TPCH SF20,8,Q17,4,1.33,1.34,1.44,1.03,success,success,success,success,0.992537313,0.923611111,1.29126214,1.33,1.33,1.33,1.03,4,0,7,0
tpch_sf20_t8,TPCH SF20,8,Q18,1,4.31,4.31,5.44,4.31,success,success,success,success,1,0.792279412,1,4.31,4.31,5.44,4.31,1,0,1,0
tpch_sf20_t8,TPCH SF20,8,Q19,0,1.33,1.34,1.44,1.03,success,success,success,success,0.992537313,0.923611111,1.29126214,1.33,1.33,1.44,1.03,0,2,0,0
tpch_sf20_t8,TPCH SF20,8,Q20,0,1.03,0.82,0.82,0.82,success,success,success,success,1.25609756,1.25609756,1.25609756,1.03,0.82,0.82,0.82,0,0,0,0
tpch_sf20_t8,TPCH SF20,8,Q21,9,2.87,2.57,3.59,2.56,success,success,success,success,1.11673152,0.799442897,1.12109375,2.87,2.56,3.59,2.46,9,2,4,0
tpch_sf20_t8,TPCH SF20,8,Q22,0,0.52,0.52,0.62,0.52,success,success,success,success,1,0.838709677,1,0.52,0.52,0.62,0.52,0,0,0,0
tpch_sf50_t8,TPCH SF50,8,Q01,1,2.36,2.36,2.36,2.36,success,success,success,success,1,1,1,2.36,2.36,2.36,2.36,1,0,0,0
tpch_sf50_t8,TPCH SF50,8,Q02,12,0.62,0.52,0.52,0.62,success,success,success,success,1.19230769,1.19230769,1,0.62,0.52,0.52,0.52,12,9,9,16
tpch_sf50_t8,TPCH SF50,8,Q03,1,3.59,1.95,1.95,3.69,success,success,success,success,1.84102564,1.84102564,0.972899729,3.59,1.95,1.95,1.85,1,0,1,2
tpch_sf50_t8,TPCH SF50,8,Q04,1,2.36,2.36,3.18,2.36,success,success,success,success,1,0.742138365,1,2.36,2.36,2.87,2.36,1,0,10,0
tpch_sf50_t8,TPCH SF50,8,Q05,6,5.23,3.69,4,2.87,success,success,success,success,1.41734417,1.3075,1.82229965,5.23,2.88,3.08,2.36,6,9,9,0
tpch_sf50_t8,TPCH SF50,8,Q06,0,1.03,1.03,1.03,1.03,success,success,success,success,1,1,1,1.03,1.03,1.03,1.03,0,0,0,0
tpch_sf50_t8,TPCH SF50,8,Q07,1,3.9,2.05,2.05,2.16,success,success,success,success,1.90243902,1.90243902,1.80555556,3.9,2.05,2.05,1.95,1,0,0,0
tpch_sf50_t8,TPCH SF50,8,Q08,1,3.39,2.46,2.46,2.36,success,success,success,success,1.37804878,1.37804878,1.43644068,3.39,2.05,2.05,1.95,1,2,2,14
tpch_sf50_t8,TPCH SF50,8,Q09,13,9.02,5.23,5.64,4.41,success,success,success,success,1.72466539,1.59929078,2.04535147,9.02,4.72,5.23,4.41,13,2,2,13
tpch_sf50_t8,TPCH SF50,8,Q10,1,3.49,2.46,2.67,2.56,success,success,success,success,1.41869919,1.3071161,1.36328125,3.49,2.46,2.57,2.56,1,0,5,1
tpch_sf50_t8,TPCH SF50,8,Q11,1,0.51,0.52,0.52,0.41,success,success,success,success,0.980769231,0.980769231,1.24390244,0.51,0.52,0.51,0.41,1,0,3,0
tpch_sf50_t8,TPCH SF50,8,Q12,0,1.85,1.85,2.16,1.44,success,success,success,success,1,0.856481481,1.28472222,1.85,1.85,2.15,1.44,0,0,13,0
tpch_sf50_t8,TPCH SF50,8,Q13,6,4.2,4.31,4.82,4.21,success,success,success,success,0.974477958,0.871369295,0.997624703,4.2,4.21,4.72,4.21,6,3,0,3
tpch_sf50_t8,TPCH SF50,8,Q14,1,2.36,2.46,2.46,1.23,success,success,success,success,0.959349593,0.959349593,1.91869919,2.36,2.36,2.46,1.23,1,0,1,0
tpch_sf50_t8,TPCH SF50,8,Q15,0,1.44,1.44,1.44,1.44,success,success,success,success,1,1,1,1.44,1.44,1.44,1.44,0,0,0,0
tpch_sf50_t8,TPCH SF50,8,Q16,0,1.23,1.23,1.23,1.23,success,success,success,success,1,1,1,1.23,1.23,1.13,1.13,0,0,7,8
tpch_sf50_t8,TPCH SF50,8,Q17,0,3.48,3.49,3.59,2.56,success,success,success,success,0.99713467,0.969359331,1.359375,3.48,3.48,3.49,2.46,0,11,1,9
tpch_sf50_t8,TPCH SF50,8,Q18,2,10.87,10.97,13.85,11.07,success,success,success,success,0.99088423,0.784837545,0.981933153,10.87,10.87,13.74,10.86,2,1,9,0
tpch_sf50_t8,TPCH SF50,8,Q19,0,3.18,3.28,3.39,2.36,success,success,success,success,0.969512195,0.938053097,1.34745763,3.18,3.18,3.38,2.36,0,1,8,0
tpch_sf50_t8,TPCH SF50,8,Q20,1,2.56,2.05,1.95,1.95,success,success,success,success,1.24878049,1.31282051,1.31282051,2.56,1.95,1.95,1.95,1,0,1,0
tpch_sf50_t8,TPCH SF50,8,Q21,1,7.69,6.87,9.23,6.67,success,success,success,success,1.11935953,0.833152763,1.15292354,7.69,6.56,9.12,6.25,1,14,16,0
tpch_sf50_t8,TPCH SF50,8,Q22,0,1.23,1.23,1.75,1.23,success,success,success,success,1,0.702857143,1,1.23,1.23,1.64,1.23,0,0,8,0
tpch_sf100_t8,TPCH SF100,8,Q01,1,4.51,4.61,4.51,4.61,success,success,success,success,0.978308026,1,0.978308026,4.51,4.51,4.51,4.51,1,2,0,0
tpch_sf100_t8,TPCH SF100,8,Q02,12,1.23,1.03,0.93,1.03,success,success,success,success,1.19417476,1.32258065,1.19417476,1.23,0.92,0.93,1.03,12,17,9,9
tpch_sf100_t8,TPCH SF100,8,Q03,17,7.18,3.8,3.8,3.59,success,success,success,success,1.88947368,1.88947368,2,7.18,3.79,3.8,3.59,17,6,2,2
tpch_sf100_t8,TPCH SF100,8,Q04,1,4.72,4.72,6.46,4.72,success,success,success,success,1,0.730650155,1,4.72,4.72,6.46,4.72,1,0,0,1
tpch_sf100_t8,TPCH SF100,8,Q05,8,10.45,7.28,7.59,8.71,success,success,success,success,1.43543956,1.37681159,1.19977038,10.45,5.64,5.95,4.61,8,9,9,12
tpch_sf100_t8,TPCH SF100,8,Q06,15,1.74,1.75,1.75,1.75,success,success,success,success,0.994285714,0.994285714,0.994285714,1.74,1.75,1.75,1.75,15,0,1,0
tpch_sf100_t8,TPCH SF100,8,Q07,9,7.89,4,4,3.9,success,success,success,success,1.9725,1.9725,2.02307692,7.89,3.9,3.9,3.69,9,0,10,0
tpch_sf100_t8,TPCH SF100,8,Q08,7,6.76,4.72,4.82,4.72,success,success,success,success,1.43220339,1.40248963,1.43220339,6.76,4.1,4.1,3.9,7,2,2,5
tpch_sf100_t8,TPCH SF100,8,Q09,1,18.24,10.57,11.49,9.13,success,success,success,success,1.7256386,1.58746736,1.99780942,18.24,9.54,10.46,9.13,1,3,3,1
tpch_sf100_t8,TPCH SF100,8,Q10,2,6.66,4.72,4.93,4.92,success,success,success,success,1.41101695,1.35091278,1.35365854,6.66,4.72,4.92,4.92,2,0,3,1
tpch_sf100_t8,TPCH SF100,8,Q11,8,0.82,0.82,0.82,0.72,success,success,success,success,1,1,1.13888889,0.82,0.82,0.82,0.72,8,0,0,0
tpch_sf100_t8,TPCH SF100,8,Q12,0,3.59,3.59,4.52,2.87,success,success,success,success,1,0.794247788,1.25087108,3.59,3.59,4.51,2.77,0,0,4,1
tpch_sf100_t8,TPCH SF100,8,Q13,1,8.61,8.62,9.75,8.71,success,success,success,success,0.998839907,0.883076923,0.988518944,8.61,8.51,9.64,8.51,1,2,17,4
tpch_sf100_t8,TPCH SF100,8,Q14,0,4.71,4.92,5.03,2.46,success,success,success,success,0.957317073,0.93638171,1.91463415,4.71,4.72,4.93,2.46,0,2,15,0
tpch_sf100_t8,TPCH SF100,8,Q15,0,2.67,2.67,2.67,2.67,success,success,success,success,1,1,1,2.67,2.67,2.67,2.67,0,0,0,0
tpch_sf100_t8,TPCH SF100,8,Q16,0,2.26,2.26,2.26,2.26,success,success,success,success,1,1,1,2.26,2.26,2.26,2.26,0,0,0,0
tpch_sf100_t8,TPCH SF100,8,Q17,0,7.07,7.18,7.17,5.23,success,success,success,success,0.984679666,0.986052999,1.35181644,7.07,7.17,7.17,5.12,0,3,0,1
tpch_sf100_t8,TPCH SF100,8,Q18,10,22.75,22.96,29.01,22.86,success,success,success,success,0.990853659,0.784212341,0.995188101,22.75,22.66,28.6,22.66,10,6,12,6
tpch_sf100_t8,TPCH SF100,8,Q19,15,6.35,6.46,6.77,4.82,success,success,success,success,0.982972136,0.937961595,1.31742739,6.35,6.36,6.76,4.72,15,1,17,6
tpch_sf100_t8,TPCH SF100,8,Q20,1,5.02,3.8,3.8,3.8,success,success,success,success,1.32105263,1.32105263,1.32105263,5.02,3.79,3.79,3.79,1,3,6,7
tpch_sf100_t8,TPCH SF100,8,Q21,1,16.09,14.05,18.87,13.94,success,success,success,success,1.14519573,0.852676206,1.15423242,16.09,13.64,18.46,12.92,1,0,0,4
tpch_sf100_t8,TPCH SF100,8,Q22,0,2.56,2.57,3.8,2.57,success,success,success,success,0.996108949,0.673684211,0.996108949,2.56,2.46,3.7,2.46,0,13,1,5
tpcds_sf10_t8,TPCDS SF10,8,Q01,0,0.31,0.31,0.41,0.31,success,success,success,success,1,0.756097561,1,0.31,0.31,0.41,0.31,0,0,0,0
tpcds_sf10_t8,TPCDS SF10,8,Q02,0,0.41,0.41,0.41,0.41,success,success,success,success,1,1,1,0.41,0.41,0.41,0.41,0,0,0,0
tpcds_sf10_t8,TPCDS SF10,8,Q03,1,0.21,0.21,0.21,0.21,success,success,success,success,1,1,1,0.21,0.21,0.21,0.21,1,0,0,0
tpcds_sf10_t8,TPCDS SF10,8,Q04,2,2.05,1.85,2.16,2.16,success,success,success,success,1.10810811,0.949074074,0.949074074,2.05,1.85,1.54,1.13,2,2,6,9
tpcds_sf10_t8,TPCDS SF10,8,Q05,1,0.41,0.41,0.41,0.41,success,success,success,success,1,1,1,0.41,0.41,0.41,0.41,1,0,0,0
tpcds_sf10_t8,TPCDS SF10,8,Q06,0,0.62,0.62,0.62,0.62,success,success,success,success,1,1,1,0.62,0.62,0.62,0.62,0,0,0,0
tpcds_sf10_t8,TPCDS SF10,8,Q07,1,0.41,0.31,0.41,0.41,success,success,success,success,1.32258065,1,1,0.41,0.31,0.31,0.31,1,0,0,2
tpcds_sf10_t8,TPCDS SF10,8,Q08,1,0.82,0.82,0.82,0.82,success,success,success,success,1,1,1,0.82,0.82,0.82,0.82,1,0,0,0
tpcds_sf10_t8,TPCDS SF10,8,Q09,0,0.52,0.52,0.52,0.52,success,success,success,success,1,1,1,0.52,0.51,0.52,0.52,0,11,0,0
tpcds_sf10_t8,TPCDS SF10,8,Q10,0,0.31,0.31,0.31,0.21,success,success,success,success,1,1,1.47619048,0.31,0.31,0.31,0.21,0,0,0,0
tpcds_sf10_t8,TPCDS SF10,8,Q11,0,1.54,1.23,1.44,0.93,success,success,success,success,1.25203252,1.06944444,1.65591398,1.54,1.23,1.03,0.72,0,0,6,19
tpcds_sf10_t8,TPCDS SF10,8,Q12,0,0.21,0.21,0.21,0.21,success,success,success,success,1,1,1,0.21,0.21,0.21,0.21,0,0,0,0
tpcds_sf10_t8,TPCDS SF10,8,Q13,0,0.51,0.52,0.52,0.62,success,success,success,success,0.980769231,0.980769231,0.822580645,0.51,0.52,0.52,0.62,0,0,0,0
tpcds_sf10_t8,TPCDS SF10,8,Q14,0,3.38,3.38,3.38,3.49,success,success,success,success,1,1,0.968481375,3.38,3.38,3.38,3.38,0,0,0,2
tpcds_sf10_t8,TPCDS SF10,8,Q15,0,0.11,0.11,0.11,0.11,success,success,success,success,1,1,1,0.11,0.11,0.11,0.11,0,0,0,0
tpcds_sf10_t8,TPCDS SF10,8,Q16,0,0.11,0.11,0.11,0.11,success,success,success,success,1,1,1,0.11,0.11,0.11,0.11,0,0,0,0
tpcds_sf10_t8,TPCDS SF10,8,Q17,1,0.41,0.31,0.31,0.41,success,success,success,success,1.32258065,1.32258065,1,0.41,0.31,0.31,0.41,1,0,0,0
tpcds_sf10_t8,TPCDS SF10,8,Q18,4,0.21,0.21,0.21,0.21,success,success,success,success,1,1,1,0.21,0.21,0.21,0.21,4,0,0,0
tpcds_sf10_t8,TPCDS SF10,8,Q19,1,0.31,0.31,0.31,0.21,success,success,success,success,1,1,1.47619048,0.31,0.31,0.31,0.21,1,0,0,0
tpcds_sf10_t8,TPCDS SF10,8,Q20,0,0.21,0.21,0.21,0.21,success,success,success,success,1,1,1,0.21,0.21,0.21,0.21,0,0,0,0
tpcds_sf10_t8,TPCDS SF10,8,Q21,1,0.11,0.11,0.11,0.21,success,success,success,success,1,1,0.523809524,0.11,0.11,0.11,0.11,1,0,0,2
tpcds_sf10_t8,TPCDS SF10,8,Q22,0,4.51,4.51,4.62,4.52,success,success,success,success,1,0.976190476,0.997787611,4.51,4.51,4.51,4.52,0,0,10,0
tpcds_sf10_t8,TPCDS SF10,8,Q23,0,1.95,1.95,2.05,1.95,success,success,success,success,1,0.951219512,1,1.95,1.95,1.95,1.95,0,0,1,0
tpcds_sf10_t8,TPCDS SF10,8,Q24,18,0.52,0.41,0.41,0.52,success,success,success,success,1.26829268,1.26829268,1,0.52,0.31,0.31,0.31,18,0,0,0
tpcds_sf10_t8,TPCDS SF10,8,Q25,1,0.41,0.31,0.31,0.31,success,success,success,success,1.32258065,1.32258065,1.32258065,0.41,0.31,0.31,0.31,1,0,0,0
tpcds_sf10_t8,TPCDS SF10,8,Q26,0,0.21,0.21,0.21,0.21,success,success,success,success,1,1,1,0.21,0.11,0.11,0.11,0,4,4,3
tpcds_sf10_t8,TPCDS SF10,8,Q27,0,0.72,0.52,0.52,0.52,success,success,success,success,1.38461538,1.38461538,1.38461538,0.72,0.52,0.52,0.52,0,0,0,0
tpcds_sf10_t8,TPCDS SF10,8,Q28,0,0.62,0.62,0.62,0.62,success,success,success,success,1,1,1,0.62,0.62,0.62,0.62,0,0,0,0
tpcds_sf10_t8,TPCDS SF10,8,Q29,1,0.41,0.41,0.41,0.41,success,success,success,success,1,1,1,0.41,0.41,0.41,0.41,1,1,1,1
tpcds_sf10_t8,TPCDS SF10,8,Q30,0,0.21,0.21,0.21,0.21,success,success,success,success,1,1,1,0.21,0.21,0.21,0.21,0,0,0,0
tpcds_sf10_t8,TPCDS SF10,8,Q31,0,0.41,0.41,0.31,0.41,success,success,success,success,1,1.32258065,1,0.41,0.31,0.31,0.41,0,4,0,0
tpcds_sf10_t8,TPCDS SF10,8,Q32,0,0.11,0.11,0.11,0.11,success,success,success,success,1,1,1,0.11,0.11,0.11,0.11,0,0,0,0
tpcds_sf10_t8,TPCDS SF10,8,Q33,0,0.31,0.31,0.31,0.31,success,success,success,success,1,1,1,0.31,0.31,0.31,0.31,0,0,0,0
tpcds_sf10_t8,TPCDS SF10,8,Q34,0,0.31,0.31,0.31,0.31,success,success,success,success,1,1,1,0.31,0.21,0.21,0.31,0,7,3,0
tpcds_sf10_t8,TPCDS SF10,8,Q35,10,0.41,0.52,0.62,0.41,success,success,success,success,0.788461538,0.661290323,1,0.41,0.52,0.52,0.41,10,0,6,0
tpcds_sf10_t8,TPCDS SF10,8,Q36,0,0.41,0.31,0.31,0.41,success,success,success,success,1.32258065,1.32258065,1,0.41,0.31,0.31,0.41,0,0,0,0
tpcds_sf10_t8,TPCDS SF10,8,Q37,2,0.21,0.21,0.21,0.21,success,success,success,success,1,1,1,0.21,0.21,0.21,0.21,2,0,0,0
tpcds_sf10_t8,TPCDS SF10,8,Q38,2,0.51,0.52,0.52,0.52,success,success,success,success,0.980769231,0.980769231,0.980769231,0.51,0.52,0.52,0.52,2,0,0,0
tpcds_sf10_t8,TPCDS SF10,8,Q39,0,0.41,0.41,0.41,0.41,success,success,success,success,1,1,1,0.41,0.41,0.41,0.41,0,0,0,0
tpcds_sf10_t8,TPCDS SF10,8,Q40,18,0.11,0.11,0.11,0.11,success,success,success,success,1,1,1,0.11,0.11,0.11,0.11,18,0,0,0
tpcds_sf10_t8,TPCDS SF10,8,Q41,0,0.11,0.11,0.11,0.11,success,success,success,success,1,1,1,0.11,0.11,0.11,0.11,0,0,0,0
tpcds_sf10_t8,TPCDS SF10,8,Q42,1,0.21,0.21,0.21,0.21,success,success,success,success,1,1,1,0.21,0.21,0.21,0.21,1,0,0,0
tpcds_sf10_t8,TPCDS SF10,8,Q43,0,0.31,0.21,0.21,0.31,success,success,success,success,1.47619048,1.47619048,1,0.31,0.21,0.21,0.31,0,0,0,0
tpcds_sf10_t8,TPCDS SF10,8,Q44,9,91.97,92.69,92.15,85.17,success,success,success,success,0.992232172,0.998046663,1.07984032,91.97,90.48,90.77,83.44,9,14,13,19
tpcds_sf10_t8,TPCDS SF10,8,Q45,0,0.21,0.21,0.21,0.21,success,success,success,success,1,1,1,0.21,0.21,0.21,0.21,0,0,0,0
tpcds_sf10_t8,TPCDS SF10,8,Q46,6,0.51,0.41,0.41,0.41,success,success,success,success,1.24390244,1.24390244,1.24390244,0.51,0.41,0.41,0.41,6,0,0,0
tpcds_sf10_t8,TPCDS SF10,8,Q47,0,0.93,0.93,0.93,0.93,success,success,success,success,1,1,1,0.93,0.93,0.93,0.93,0,0,0,0
tpcds_sf10_t8,TPCDS SF10,8,Q48,0,0.41,0.52,0.52,0.52,success,success,success,success,0.788461538,0.788461538,0.788461538,0.41,0.41,0.41,0.52,0,4,4,0
tpcds_sf10_t8,TPCDS SF10,8,Q49,0,0.31,0.31,0.31,0.31,success,success,success,success,1,1,1,0.31,0.31,0.31,0.31,0,0,0,0
tpcds_sf10_t8,TPCDS SF10,8,Q50,2,0.62,0.31,0.31,0.31,success,success,success,success,2,2,2,0.62,0.31,0.31,0.31,2,0,0,0
tpcds_sf10_t8,TPCDS SF10,8,Q51,0,1.74,1.85,1.75,1.75,success,success,success,success,0.940540541,0.994285714,0.994285714,1.74,1.75,1.75,1.75,0,10,0,0
tpcds_sf10_t8,TPCDS SF10,8,Q52,1,0.21,0.21,0.21,0.21,success,success,success,success,1,1,1,0.21,0.21,0.21,0.21,1,0,0,0
tpcds_sf10_t8,TPCDS SF10,8,Q53,0,0.31,0.21,0.21,0.31,success,success,success,success,1.47619048,1.47619048,1,0.31,0.21,0.21,0.21,0,0,0,1
tpcds_sf10_t8,TPCDS SF10,8,Q55,1,0.21,0.21,0.21,0.21,success,success,success,success,1,1,1,0.21,0.21,0.21,0.21,1,0,0,0
tpcds_sf10_t8,TPCDS SF10,8,Q56,0,0.31,0.31,0.31,0.31,success,success,success,success,1,1,1,0.31,0.31,0.31,0.31,0,0,0,0
tpcds_sf10_t8,TPCDS SF10,8,Q57,0,0.41,0.41,0.41,0.41,success,success,success,success,1,1,1,0.41,0.41,0.41,0.41,0,0,0,0
tpcds_sf10_t8,TPCDS SF10,8,Q58,0,0.62,0.62,0.62,0.62,success,success,success,success,1,1,1,0.62,0.62,0.62,0.62,0,0,0,0
tpcds_sf10_t8,TPCDS SF10,8,Q59,0,0.62,0.62,0.62,0.62,success,success,success,success,1,1,1,0.62,0.62,0.62,0.62,0,0,0,0
tpcds_sf10_t8,TPCDS SF10,8,Q60,0,0.41,0.31,0.31,0.31,success,success,success,success,1.32258065,1.32258065,1.32258065,0.41,0.31,0.31,0.31,0,0,0,0
tpcds_sf10_t8,TPCDS SF10,8,Q61,0,0.41,0.31,0.31,0.31,success,success,success,success,1.32258065,1.32258065,1.32258065,0.41,0.31,0.31,0.31,0,0,0,0
tpcds_sf10_t8,TPCDS SF10,8,Q62,0,0.21,0.21,0.21,0.21,success,success,success,success,1,1,1,0.21,0.21,0.21,0.21,0,0,0,0
tpcds_sf10_t8,TPCDS SF10,8,Q63,0,0.31,0.21,0.21,0.31,success,success,success,success,1.47619048,1.47619048,1,0.31,0.21,0.21,0.21,0,0,0,1
tpcds_sf10_t8,TPCDS SF10,8,Q64,6,0.72,0.72,0.82,0.52,success,success,success,success,1,0.87804878,1.38461538,0.72,0.62,0.62,0.52,6,0,0,0
tpcds_sf10_t8,TPCDS SF10,8,Q65,0,2.05,2.05,2.05,1.54,success,success,success,success,1,1,1.33116883,2.05,2.05,1.95,1.54,0,0,1,0
tpcds_sf10_t8,TPCDS SF10,8,Q66,0,0.21,0.21,0.21,0.21,success,success,success,success,1,1,1,0.21,0.21,0.21,0.21,0,0,0,0
tpcds_sf10_t8,TPCDS SF10,8,Q67,0,4.62,4.72,4.72,4.52,success,success,success,success,0.978813559,0.978813559,1.02212389,4.62,4.62,4.62,4.41,0,7,6,7
tpcds_sf10_t8,TPCDS SF10,8,Q68,7,0.41,0.41,0.41,0.41,success,success,success,success,1,1,1,0.41,0.41,0.41,0.31,7,0,0,0
tpcds_sf10_t8,TPCDS SF10,8,Q69,0,0.31,0.31,0.31,0.21,success,success,success,success,1,1,1.47619048,0.31,0.31,0.31,0.21,0,0,0,0
tpcds_sf10_t8,TPCDS SF10,8,Q70,0,0.62,0.62,0.62,0.62,success,success,success,success,1,1,1,0.62,0.62,0.62,0.62,0,0,0,0
tpcds_sf10_t8,TPCDS SF10,8,Q71,0,0.31,0.31,0.31,0.21,success,success,success,success,1,1,1.47619048,0.31,0.31,0.31,0.21,0,0,0,0
tpcds_sf10_t8,TPCDS SF10,8,Q72,5,1.85,0.62,0.72,0.62,success,success,success,success,2.98387097,2.56944444,2.98387097,1.85,0.62,0.62,0.62,5,2,2,2
tpcds_sf10_t8,TPCDS SF10,8,Q73,0,0.31,0.21,0.21,0.21,success,success,success,success,1.47619048,1.47619048,1.47619048,0.31,0.21,0.21,0.21,0,0,0,0
tpcds_sf10_t8,TPCDS SF10,8,Q74,0,1.03,0.82,0.82,1.03,success,success,success,success,1.25609756,1.25609756,1,1.03,0.62,0.62,0.52,0,1,1,2
tpcds_sf10_t8,TPCDS SF10,8,Q75,5,0.72,0.62,0.62,0.62,success,success,success,success,1.16129032,1.16129032,1.16129032,0.72,0.62,0.62,0.62,5,0,0,0
tpcds_sf10_t8,TPCDS SF10,8,Q76,0,0.41,0.41,0.41,0.41,success,success,success,success,1,1,1,0.41,0.41,0.41,0.31,0,0,0,1
tpcds_sf10_t8,TPCDS SF10,8,Q77,0,0.41,0.31,0.31,0.31,success,success,success,success,1.32258065,1.32258065,1.32258065,0.41,0.31,0.31,0.31,0,0,0,0
tpcds_sf10_t8,TPCDS SF10,8,Q78,0,1.44,1.44,1.54,1.34,success,success,success,success,1,0.935064935,1.07462687,1.44,1.44,1.54,1.23,0,0,0,1
tpcds_sf10_t8,TPCDS SF10,8,Q79,13,0.41,0.41,0.41,0.41,success,success,success,success,1,1,1,0.41,0.31,0.31,0.41,13,3,9,0
tpcds_sf10_t8,TPCDS SF10,8,Q80,0,0.62,0.41,0.41,0.41,success,success,success,success,1.51219512,1.51219512,1.51219512,0.62,0.41,0.41,0.41,0,0,0,0
tpcds_sf10_t8,TPCDS SF10,8,Q81,0,0.21,0.21,0.21,0.21,success,success,success,success,1,1,1,0.21,0.21,0.21,0.21,0,0,0,0
tpcds_sf10_t8,TPCDS SF10,8,Q82,0,0.21,0.21,0.21,0.21,success,success,success,success,1,1,1,0.21,0.21,0.21,0.21,0,0,0,0
tpcds_sf10_t8,TPCDS SF10,8,Q83,0,0.21,0.11,0.11,0.11,success,success,success,success,1.90909091,1.90909091,1.90909091,0.21,0.11,0.11,0.11,0,0,0,0
tpcds_sf10_t8,TPCDS SF10,8,Q84,0,0.11,0.11,0.11,0.11,success,success,success,success,1,1,1,0.11,0.11,0.11,0.11,0,0,0,0
tpcds_sf10_t8,TPCDS SF10,8,Q85,0,0.31,0.31,0.31,0.31,success,success,success,success,1,1,1,0.31,0.31,0.31,0.31,0,0,0,0
tpcds_sf10_t8,TPCDS SF10,8,Q86,0,0.21,0.21,0.21,0.21,success,success,success,success,1,1,1,0.21,0.21,0.21,0.21,0,0,0,0
tpcds_sf10_t8,TPCDS SF10,8,Q87,9,0.52,0.62,0.62,0.62,success,success,success,success,0.838709677,0.838709677,0.838709677,0.52,0.62,0.62,0.62,9,0,0,0
tpcds_sf10_t8,TPCDS SF10,8,Q88,0,0.72,0.52,0.52,0.52,success,success,success,success,1.38461538,1.38461538,1.38461538,0.72,0.51,0.52,0.52,0,5,0,0
tpcds_sf10_t8,TPCDS SF10,8,Q89,0,0.31,0.31,0.31,0.31,success,success,success,success,1,1,1,0.31,0.21,0.31,0.31,0,19,0,0
tpcds_sf10_t8,TPCDS SF10,8,Q90,0,0.11,0.11,0.11,0.11,success,success,success,success,1,1,1,0.11,0.11,0.11,0.11,0,0,0,0
tpcds_sf10_t8,TPCDS SF10,8,Q91,1,0.11,0.11,0.11,0.11,success,success,success,success,1,1,1,0.11,0.11,0.11,0.11,1,0,0,0
tpcds_sf10_t8,TPCDS SF10,8,Q92,0,0.21,0.11,0.11,0.11,success,success,success,success,1.90909091,1.90909091,1.90909091,0.21,0.11,0.11,0.11,0,0,0,0
tpcds_sf10_t8,TPCDS SF10,8,Q93,0,0.62,0.52,0.41,0.41,success,success,success,success,1.19230769,1.51219512,1.51219512,0.62,0.41,0.41,0.41,0,1,0,0
tpcds_sf10_t8,TPCDS SF10,8,Q94,0,0.21,0.21,0.21,0.21,success,success,success,success,1,1,1,0.21,0.21,0.21,0.21,0,0,0,0
tpcds_sf10_t8,TPCDS SF10,8,Q95,16,1.84,1.85,2.87,0.31,success,success,success,success,0.994594595,0.641114983,5.93548387,1.84,1.85,2.87,0.31,16,0,0,0
tpcds_sf10_t8,TPCDS SF10,8,Q96,0,0.21,0.21,0.21,0.21,success,success,success,success,1,1,1,0.21,0.21,0.21,0.21,0,0,0,0
tpcds_sf10_t8,TPCDS SF10,8,Q97,0,0.52,0.52,0.52,0.62,success,success,success,success,1,1,0.838709677,0.52,0.52,0.52,0.62,0,0,0,0
tpcds_sf10_t8,TPCDS SF10,8,Q98,0,0.31,0.31,0.31,0.31,success,success,success,success,1,1,1,0.31,0.21,0.21,0.31,0,15,7,0
tpcds_sf10_t8,TPCDS SF10,8,Q99,0,0.21,0.21,0.21,0.21,success,success,success,success,1,1,1,0.21,0.21,0.21,0.21,0,0,0,0
tpcds_sf20_t8,TPCDS SF20,8,Q01,1,0.62,0.62,0.93,0.62,success,success,success,success,1,0.666666667,1,0.62,0.62,0.93,0.62,1,0,0,0
tpcds_sf20_t8,TPCDS SF20,8,Q02,1,0.62,0.62,0.62,0.62,success,success,success,success,1,1,1,0.62,0.62,0.62,0.62,1,0,0,0
tpcds_sf20_t8,TPCDS SF20,8,Q03,1,0.41,0.31,0.31,0.31,success,success,success,success,1.32258065,1.32258065,1.32258065,0.41,0.31,0.31,0.31,1,0,0,0
tpcds_sf20_t8,TPCDS SF20,8,Q04,18,3.38,3.49,3.59,3.49,success,success,success,success,0.968481375,0.941504178,0.968481375,3.38,3.49,3.39,3.49,18,2,16,0
tpcds_sf20_t8,TPCDS SF20,8,Q05,1,0.72,0.62,0.72,0.62,success,success,success,success,1.16129032,1,1.16129032,0.72,0.62,0.72,0.62,1,0,1,0
tpcds_sf20_t8,TPCDS SF20,8,Q06,4,0.92,1.03,1.03,1.03,success,success,success,success,0.893203883,0.893203883,0.893203883,0.92,0.92,0.93,0.93,4,3,0,0
tpcds_sf20_t8,TPCDS SF20,8,Q07,1,0.62,0.52,0.52,0.62,success,success,success,success,1.19230769,1.19230769,1,0.62,0.52,0.52,0.52,1,0,0,2
tpcds_sf20_t8,TPCDS SF20,8,Q08,0,1.03,0.92,0.92,0.92,success,success,success,success,1.11956522,1.11956522,1.11956522,1.03,0.92,0.92,0.92,0,0,0,0
tpcds_sf20_t8,TPCDS SF20,8,Q09,1,0.92,0.92,0.93,0.92,success,success,success,success,1,0.989247312,1,0.92,0.92,0.92,0.92,1,1,5,1
tpcds_sf20_t8,TPCDS SF20,8,Q10,16,0.41,0.52,0.52,0.31,success,success,success,success,0.788461538,0.788461538,1.32258065,0.41,0.52,0.52,0.31,16,0,0,0
tpcds_sf20_t8,TPCDS SF20,8,Q11,0,2.46,2.36,2.36,2.36,success,success,success,success,1.04237288,1.04237288,1.04237288,2.46,2.36,2.26,2.36,0,0,8,0
tpcds_sf20_t8,TPCDS SF20,8,Q12,0,0.21,0.21,0.21,0.21,success,success,success,success,1,1,1,0.21,0.21,0.21,0.21,0,0,0,0
tpcds_sf20_t8,TPCDS SF20,8,Q13,12,0.72,0.82,0.82,1.03,success,success,success,success,0.87804878,0.87804878,0.699029126,0.72,0.82,0.82,0.93,12,0,0,0
tpcds_sf20_t8,TPCDS SF20,8,Q14,0,6.25,6.25,6.36,6.35,success,success,success,success,1,0.982704403,0.984251969,6.25,6.25,6.15,6.35,0,0,12,0
tpcds_sf20_t8,TPCDS SF20,8,Q15,0,0.11,0.11,0.11,0.11,success,success,success,success,1,1,1,0.11,0.11,0.11,0.11,0,0,0,0
tpcds_sf20_t8,TPCDS SF20,8,Q16,0,0.21,0.21,0.21,0.21,success,success,success,success,1,1,1,0.21,0.21,0.21,0.21,0,0,0,0
tpcds_sf20_t8,TPCDS SF20,8,Q17,1,0.62,0.52,0.52,0.62,success,success,success,success,1.19230769,1.19230769,1,0.62,0.52,0.52,0.52,1,0,0,3
tpcds_sf20_t8,TPCDS SF20,8,Q18,3,0.31,0.31,0.31,0.31,success,success,success,success,1,1,1,0.31,0.21,0.21,0.21,3,1,1,1
tpcds_sf20_t8,TPCDS SF20,8,Q19,4,0.51,0.41,0.41,0.41,success,success,success,success,1.24390244,1.24390244,1.24390244,0.51,0.41,0.41,0.41,4,0,0,0
tpcds_sf20_t8,TPCDS SF20,8,Q20,0,0.11,0.11,0.11,0.11,success,success,success,success,1,1,1,0.11,0.11,0.11,0.11,0,0,0,0
tpcds_sf20_t8,TPCDS SF20,8,Q21,0,0.11,0.11,0.11,0.11,success,success,success,success,1,1,1,0.11,0.11,0.11,0.11,0,0,0,0
tpcds_sf20_t8,TPCDS SF20,8,Q22,0,0.41,0.41,0.52,0.41,success,success,success,success,1,0.788461538,1,0.41,0.41,0.41,0.41,0,0,1,0
tpcds_sf20_t8,TPCDS SF20,8,Q23,2,4.1,4.2,4.31,4.21,success,success,success,success,0.976190476,0.951276102,0.973871734,4.1,4.2,4.11,4.21,2,1,15,0
tpcds_sf20_t8,TPCDS SF20,8,Q24,3,0.72,0.62,0.62,0.72,success,success,success,success,1.16129032,1.16129032,1,0.72,0.52,0.52,0.52,3,0,0,0
tpcds_sf20_t8,TPCDS SF20,8,Q25,1,0.52,0.52,0.52,0.52,success,success,success,success,1,1,1,0.52,0.52,0.52,0.52,1,0,0,0
tpcds_sf20_t8,TPCDS SF20,8,Q26,0,0.21,0.21,0.21,0.21,success,success,success,success,1,1,1,0.21,0.21,0.21,0.21,0,0,0,0
tpcds_sf20_t8,TPCDS SF20,8,Q27,0,1.23,0.93,0.93,0.93,success,success,success,success,1.32258065,1.32258065,1.32258065,1.23,0.82,0.93,0.93,0,1,0,0
tpcds_sf20_t8,TPCDS SF20,8,Q28,0,1.13,1.13,1.13,1.13,success,success,success,success,1,1,1,1.13,1.13,1.13,1.03,0,0,0,2
tpcds_sf20_t8,TPCDS SF20,8,Q29,1,0.72,0.62,0.62,0.62,success,success,success,success,1.16129032,1.16129032,1.16129032,0.72,0.62,0.62,0.62,1,1,1,1
tpcds_sf20_t8,TPCDS SF20,8,Q30,0,0.21,0.21,0.21,0.21,success,success,success,success,1,1,1,0.21,0.21,0.21,0.21,0,0,0,0
tpcds_sf20_t8,TPCDS SF20,8,Q31,0,0.72,0.62,0.62,0.62,success,success,success,success,1.16129032,1.16129032,1.16129032,0.72,0.52,0.62,0.62,0,1,0,0
tpcds_sf20_t8,TPCDS SF20,8,Q32,0,0.11,0.11,0.11,0.11,success,success,success,success,1,1,1,0.11,0.11,0.11,0.11,0,0,0,0
tpcds_sf20_t8,TPCDS SF20,8,Q33,0,0.52,0.41,0.41,0.41,success,success,success,success,1.26829268,1.26829268,1.26829268,0.52,0.41,0.41,0.41,0,0,0,0
tpcds_sf20_t8,TPCDS SF20,8,Q34,0,0.62,0.41,0.41,0.41,success,success,success,success,1.51219512,1.51219512,1.51219512,0.62,0.41,0.41,0.41,0,0,0,0
tpcds_sf20_t8,TPCDS SF20,8,Q35,0,0.72,0.72,0.72,0.62,success,success,success,success,1,1,1.16129032,0.72,0.72,0.72,0.62,0,0,0,0
tpcds_sf20_t8,TPCDS SF20,8,Q36,0,0.82,0.82,0.82,0.93,success,success,success,success,1,1,0.88172043,0.82,0.82,0.82,0.92,0,0,0,9
tpcds_sf20_t8,TPCDS SF20,8,Q37,2,0.11,0.11,0.11,0.11,success,success,success,success,1,1,1,0.11,0.11,0.11,0.11,2,0,0,0
tpcds_sf20_t8,TPCDS SF20,8,Q38,2,0.92,0.93,0.93,0.93,success,success,success,success,0.989247312,0.989247312,0.989247312,0.92,0.92,0.93,0.93,2,10,0,0
tpcds_sf20_t8,TPCDS SF20,8,Q39,0,0.21,0.21,0.21,0.21,success,success,success,success,1,1,1,0.21,0.21,0.21,0.21,0,0,0,0
tpcds_sf20_t8,TPCDS SF20,8,Q40,0,0.21,0.21,0.21,0.11,success,success,success,success,1,1,1.90909091,0.21,0.21,0.21,0.11,0,0,0,0
tpcds_sf20_t8,TPCDS SF20,8,Q41,0,0.11,0.11,0.11,0.11,success,success,success,success,1,1,1,0.11,0.11,0.11,0.11,0,0,0,0
tpcds_sf20_t8,TPCDS SF20,8,Q42,13,0.31,0.31,0.31,0.31,success,success,success,success,1,1,1,0.31,0.31,0.31,0.31,13,0,0,0
tpcds_sf20_t8,TPCDS SF20,8,Q43,0,0.62,0.72,0.72,0.62,success,success,success,success,0.861111111,0.861111111,1,0.62,0.62,0.62,0.62,0,3,3,0
tpcds_sf20_t8,TPCDS SF20,8,Q44,1,8.28,8.59,8.49,8.28,success,success,success,success,0.963911525,0.975265018,1,8.28,8.18,8.18,8.28,1,15,6,1
tpcds_sf20_t8,TPCDS SF20,8,Q45,0,0.31,0.21,0.21,0.21,success,success,success,success,1.47619048,1.47619048,1.47619048,0.31,0.21,0.21,0.21,0,0,0,0
tpcds_sf20_t8,TPCDS SF20,8,Q46,2,0.93,0.62,0.72,0.72,success,success,success,success,1.5,1.29166667,1.29166667,0.93,0.62,0.62,0.72,2,2,4,2
tpcds_sf20_t8,TPCDS SF20,8,Q47,0,1.44,1.44,1.44,1.44,success,success,success,success,1,1,1,1.44,1.44,1.44,1.44,0,0,0,0
tpcds_sf20_t8,TPCDS SF20,8,Q48,0,0.72,0.72,0.72,0.93,success,success,success,success,1,1,0.774193548,0.72,0.72,0.72,0.93,0,0,0,0
tpcds_sf20_t8,TPCDS SF20,8,Q49,1,0.62,0.52,0.52,0.52,success,success,success,success,1.19230769,1.19230769,1.19230769,0.62,0.52,0.52,0.52,1,0,0,0
tpcds_sf20_t8,TPCDS SF20,8,Q50,8,1.03,0.62,0.62,0.72,success,success,success,success,1.66129032,1.66129032,1.43055556,1.03,0.62,0.62,0.72,8,2,2,0
tpcds_sf20_t8,TPCDS SF20,8,Q51,0,2.05,2.05,2.16,2.05,success,success,success,success,1,0.949074074,1,2.05,2.05,2.05,2.05,0,0,1,0
tpcds_sf20_t8,TPCDS SF20,8,Q52,0,0.41,0.31,0.31,0.31,success,success,success,success,1.32258065,1.32258065,1.32258065,0.41,0.31,0.31,0.31,0,0,0,0
tpcds_sf20_t8,TPCDS SF20,8,Q53,0,0.41,0.41,0.41,0.41,success,success,success,success,1,1,1,0.41,0.31,0.31,0.41,0,1,1,0
tpcds_sf20_t8,TPCDS SF20,8,Q55,0,0.41,0.31,0.31,0.31,success,success,success,success,1.32258065,1.32258065,1.32258065,0.41,0.31,0.31,0.31,0,0,0,0
tpcds_sf20_t8,TPCDS SF20,8,Q56,0,0.52,0.41,0.41,0.41,success,success,success,success,1.26829268,1.26829268,1.26829268,0.52,0.41,0.41,0.41,0,0,0,0
tpcds_sf20_t8,TPCDS SF20,8,Q57,0,0.41,0.41,0.41,0.41,success,success,success,success,1,1,1,0.41,0.41,0.41,0.41,0,0,0,0
tpcds_sf20_t8,TPCDS SF20,8,Q58,0,1.03,1.03,1.03,1.03,success,success,success,success,1,1,1,1.03,1.03,1.03,1.03,0,0,0,0
tpcds_sf20_t8,TPCDS SF20,8,Q59,0,1.03,1.03,1.03,1.03,success,success,success,success,1,1,1,1.03,1.03,1.03,1.03,0,0,0,0
tpcds_sf20_t8,TPCDS SF20,8,Q60,9,0.52,0.41,0.41,0.52,success,success,success,success,1.26829268,1.26829268,1,0.52,0.41,0.41,0.41,9,0,0,0
tpcds_sf20_t8,TPCDS SF20,8,Q61,0,0.72,0.52,0.52,0.62,success,success,success,success,1.38461538,1.38461538,1.16129032,0.72,0.52,0.52,0.52,0,0,0,16
tpcds_sf20_t8,TPCDS SF20,8,Q62,0,0.31,0.31,0.31,0.31,success,success,success,success,1,1,1,0.31,0.31,0.31,0.31,0,0,0,0
tpcds_sf20_t8,TPCDS SF20,8,Q63,0,0.41,0.31,0.31,0.41,success,success,success,success,1.32258065,1.32258065,1,0.41,0.31,0.31,0.41,0,0,0,0
tpcds_sf20_t8,TPCDS SF20,8,Q64,6,1.13,1.13,1.34,0.93,success,success,success,success,1,0.843283582,1.21505376,1.13,0.93,0.93,0.93,6,0,0,0
tpcds_sf20_t8,TPCDS SF20,8,Q65,12,1.23,1.34,1.34,1.54,success,success,success,success,0.917910448,0.917910448,0.798701299,1.23,1.34,1.34,1.44,12,0,0,0
tpcds_sf20_t8,TPCDS SF20,8,Q66,0,0.31,0.31,0.31,0.31,success,success,success,success,1,1,1,0.31,0.31,0.31,0.31,0,0,0,0
tpcds_sf20_t8,TPCDS SF20,8,Q67,3,5.74,5.85,5.85,5.75,success,success,success,success,0.981196581,0.981196581,0.99826087,5.74,5.85,5.85,5.64,3,0,2,0
tpcds_sf20_t8,TPCDS SF20,8,Q68,7,0.72,0.62,0.62,0.72,success,success,success,success,1.16129032,1.16129032,1,0.72,0.62,0.62,0.62,7,0,0,0
tpcds_sf20_t8,TPCDS SF20,8,Q69,0,0.41,0.41,0.41,0.31,success,success,success,success,1,1,1.32258065,0.41,0.41,0.41,0.31,0,0,0,0
tpcds_sf20_t8,TPCDS SF20,8,Q70,0,1.03,1.13,1.13,1.03,success,success,success,success,0.911504425,0.911504425,1,1.03,1.03,1.03,1.03,0,6,2,0
tpcds_sf20_t8,TPCDS SF20,8,Q71,0,0.52,0.52,0.52,0.41,success,success,success,success,1,1,1.26829268,0.52,0.52,0.52,0.41,0,0,0,0
tpcds_sf20_t8,TPCDS SF20,8,Q72,15,0.62,0.41,0.41,0.31,success,success,success,success,1.51219512,1.51219512,2,0.62,0.41,0.41,0.31,15,3,5,14
tpcds_sf20_t8,TPCDS SF20,8,Q73,3,0.51,0.41,0.41,0.41,success,success,success,success,1.24390244,1.24390244,1.24390244,0.51,0.41,0.41,0.41,3,0,0,0
tpcds_sf20_t8,TPCDS SF20,8,Q74,0,1.64,1.54,1.64,1.64,success,success,success,success,1.06493506,1,1,1.64,1.54,1.54,1.64,0,0,2,0
tpcds_sf20_t8,TPCDS SF20,8,Q75,0,1.34,1.03,1.03,1.13,success,success,success,success,1.30097087,1.30097087,1.18584071,1.34,1.03,1.03,1.03,0,0,0,3
tpcds_sf20_t8,TPCDS SF20,8,Q76,1,0.62,0.62,0.62,0.62,success,success,success,success,1,1,1,0.62,0.62,0.62,0.62,1,0,1,0
tpcds_sf20_t8,TPCDS SF20,8,Q77,0,0.62,0.52,0.52,0.52,success,success,success,success,1.19230769,1.19230769,1.19230769,0.62,0.52,0.52,0.52,0,0,0,0
tpcds_sf20_t8,TPCDS SF20,8,Q78,1,2.67,2.67,2.88,2.47,success,success,success,success,1,0.927083333,1.08097166,2.67,2.67,2.87,2.36,1,0,4,5
tpcds_sf20_t8,TPCDS SF20,8,Q79,0,0.82,0.62,0.62,0.62,success,success,success,success,1.32258065,1.32258065,1.32258065,0.82,0.62,0.62,0.62,0,0,0,0
tpcds_sf20_t8,TPCDS SF20,8,Q80,0,1.13,0.72,0.72,0.62,success,success,success,success,1.56944444,1.56944444,1.82258065,1.13,0.72,0.72,0.62,0,0,0,0
tpcds_sf20_t8,TPCDS SF20,8,Q81,0,0.21,0.21,0.21,0.21,success,success,success,success,1,1,1,0.21,0.21,0.21,0.21,0,0,0,0
tpcds_sf20_t8,TPCDS SF20,8,Q82,0,0.21,0.21,0.21,0.21,success,success,success,success,1,1,1,0.21,0.21,0.21,0.21,0,0,0,0
tpcds_sf20_t8,TPCDS SF20,8,Q83,0,0.21,0.11,0.11,0.11,success,success,success,success,1.90909091,1.90909091,1.90909091,0.21,0.11,0.11,0.11,0,0,0,0
tpcds_sf20_t8,TPCDS SF20,8,Q84,0,0.11,0.11,0.11,0.11,success,success,success,success,1,1,1,0.11,0.11,0.11,0.11,0,0,0,0
tpcds_sf20_t8,TPCDS SF20,8,Q85,13,0.31,0.41,0.41,0.41,success,success,success,success,0.756097561,0.756097561,0.756097561,0.31,0.41,0.41,0.41,13,0,0,0
tpcds_sf20_t8,TPCDS SF20,8,Q86,0,0.21,0.21,0.21,0.31,success,success,success,success,1,1,0.677419355,0.21,0.21,0.21,0.21,0,0,0,5
tpcds_sf20_t8,TPCDS SF20,8,Q87,3,0.92,1.03,1.03,0.93,success,success,success,success,0.893203883,0.893203883,0.989247312,0.92,0.93,0.93,0.93,3,0,0,0
tpcds_sf20_t8,TPCDS SF20,8,Q88,0,1.44,0.82,0.82,0.92,success,success,success,success,1.75609756,1.75609756,1.56521739,1.44,0.82,0.82,0.82,0,0,0,1
tpcds_sf20_t8,TPCDS SF20,8,Q89,0,0.41,0.41,0.41,0.41,success,success,success,success,1,1,1,0.41,0.41,0.41,0.41,0,0,0,0
tpcds_sf20_t8,TPCDS SF20,8,Q90,0,0.21,0.21,0.21,0.11,success,success,success,success,1,1,1.90909091,0.21,0.11,0.11,0.11,0,9,9,0
tpcds_sf20_t8,TPCDS SF20,8,Q91,0,0.11,0.11,0.11,0.11,success,success,success,success,1,1,1,0.11,0.11,0.11,0.11,0,0,0,0
tpcds_sf20_t8,TPCDS SF20,8,Q92,0,0.21,0.21,0.21,0.21,success,success,success,success,1,1,1,0.21,0.21,0.21,0.21,0,0,0,0
tpcds_sf20_t8,TPCDS SF20,8,Q93,0,1.13,0.72,0.82,0.82,success,success,success,success,1.56944444,1.37804878,1.37804878,1.13,0.72,0.72,0.82,0,0,2,0
tpcds_sf20_t8,TPCDS SF20,8,Q94,18,0.21,0.21,0.21,0.21,success,success,success,success,1,1,1,0.21,0.21,0.21,0.21,18,0,0,0
tpcds_sf20_t8,TPCDS SF20,8,Q95,12,3.17,3.18,5.53,0.41,success,success,success,success,0.996855346,0.57323689,7.73170732,3.17,3.18,5.23,0.41,12,0,14,0
tpcds_sf20_t8,TPCDS SF20,8,Q96,0,0.31,0.21,0.21,0.21,success,success,success,success,1.47619048,1.47619048,1.47619048,0.31,0.21,0.21,0.21,0,0,0,0
tpcds_sf20_t8,TPCDS SF20,8,Q97,1,0.93,0.93,1.03,1.03,success,success,success,success,1,0.902912621,0.902912621,0.93,0.93,0.93,1.03,1,0,2,0
tpcds_sf20_t8,TPCDS SF20,8,Q98,0,0.41,0.31,0.31,0.31,success,success,success,success,1.32258065,1.32258065,1.32258065,0.41,0.31,0.31,0.31,0,0,0,0
tpcds_sf20_t8,TPCDS SF20,8,Q99,0,0.31,0.31,0.31,0.41,success,success,success,success,1,1,0.756097561,0.31,0.31,0.31,0.41,0,0,0,0
tpcds_sf50_t8,TPCDS SF50,8,Q01,1,0.72,0.72,0.93,0.72,success,success,success,success,1,0.774193548,1,0.72,0.72,0.93,0.72,1,0,0,0
tpcds_sf50_t8,TPCDS SF50,8,Q02,1,1.33,1.34,1.34,1.34,success,success,success,success,0.992537313,0.992537313,0.992537313,1.33,1.33,1.33,1.33,1,2,8,5
tpcds_sf50_t8,TPCDS SF50,8,Q03,1,0.82,0.72,0.72,0.72,success,success,success,success,1.13888889,1.13888889,1.13888889,0.82,0.62,0.62,0.62,1,0,0,0
tpcds_sf50_t8,TPCDS SF50,8,Q04,4,8.61,8.72,8.72,8.72,success,success,success,success,0.987385321,0.987385321,0.987385321,8.61,8.51,8.41,8.72,4,0,16,4
tpcds_sf50_t8,TPCDS SF50,8,Q05,9,1.74,1.54,1.85,1.44,success,success,success,success,1.12987013,0.940540541,1.20833333,1.74,1.44,1.75,1.44,9,1,16,1
tpcds_sf50_t8,TPCDS SF50,8,Q06,6,2.26,2.36,2.36,2.36,success,success,success,success,0.957627119,0.957627119,0.957627119,2.26,2.26,2.26,2.26,6,4,13,1
tpcds_sf50_t8,TPCDS SF50,8,Q07,1,1.44,1.23,1.23,1.23,success,success,success,success,1.17073171,1.17073171,1.17073171,1.44,1.13,1.13,1.13,1,2,2,4
tpcds_sf50_t8,TPCDS SF50,8,Q08,0,1.64,1.23,1.33,1.23,success,success,success,success,1.33333333,1.23308271,1.33333333,1.64,1.23,1.23,1.23,0,0,1,0
tpcds_sf50_t8,TPCDS SF50,8,Q09,2,2.15,2.15,2.15,2.15,success,success,success,success,1,1,1,2.15,2.15,2.15,2.15,2,1,2,0
tpcds_sf50_t8,TPCDS SF50,8,Q10,0,1.03,1.03,1.03,0.62,success,success,success,success,1,1,1.66129032,1.03,1.03,1.03,0.62,0,0,0,0
tpcds_sf50_t8,TPCDS SF50,8,Q11,0,6.15,5.84,5.85,5.95,success,success,success,success,1.05308219,1.05128205,1.03361345,6.15,5.84,5.85,5.85,0,0,0,2
tpcds_sf50_t8,TPCDS SF50,8,Q12,0,0.31,0.31,0.31,0.31,success,success,success,success,1,1,1,0.31,0.31,0.31,0.31,0,0,0,0
tpcds_sf50_t8,TPCDS SF50,8,Q13,0,1.75,1.85,1.85,2.16,success,success,success,success,0.945945946,0.945945946,0.810185185,1.75,1.85,1.85,2.16,0,0,0,0
tpcds_sf50_t8,TPCDS SF50,8,Q14,10,16.4,16.6,16.6,17.01,success,success,success,success,0.987951807,0.987951807,0.964138742,16.4,16.49,16.41,16.81,10,16,12,19
tpcds_sf50_t8,TPCDS SF50,8,Q15,0,0.21,0.21,0.21,0.21,success,success,success,success,1,1,1,0.21,0.21,0.21,0.21,0,0,0,0
tpcds_sf50_t8,TPCDS SF50,8,Q16,1,0.21,0.21,0.21,0.21,success,success,success,success,1,1,1,0.21,0.21,0.21,0.21,1,0,0,0
tpcds_sf50_t8,TPCDS SF50,8,Q17,11,1.33,1.03,1.03,1.13,success,success,success,success,1.29126214,1.29126214,1.17699115,1.33,1.03,1.03,1.13,11,1,1,1
tpcds_sf50_t8,TPCDS SF50,8,Q18,4,0.52,0.41,0.41,0.41,success,success,success,success,1.26829268,1.26829268,1.26829268,0.52,0.41,0.41,0.41,4,1,1,1
tpcds_sf50_t8,TPCDS SF50,8,Q19,2,1.03,0.82,0.82,0.82,success,success,success,success,1.25609756,1.25609756,1.25609756,1.03,0.82,0.82,0.72,2,0,0,5
tpcds_sf50_t8,TPCDS SF50,8,Q20,0,0.21,0.21,0.21,0.21,success,success,success,success,1,1,1,0.21,0.21,0.21,0.21,0,0,0,0
tpcds_sf50_t8,TPCDS SF50,8,Q21,0,0.11,0.11,0.11,0.11,success,success,success,success,1,1,1,0.11,0.11,0.11,0.11,0,0,0,0
tpcds_sf50_t8,TPCDS SF50,8,Q22,4,2.36,2.36,2.47,2.46,success,success,success,success,1,0.955465587,0.959349593,2.36,2.36,2.36,2.36,4,0,0,2
tpcds_sf50_t8,TPCDS SF50,8,Q23,4,10.76,11.08,11.18,10.97,success,success,success,success,0.971119134,0.962432916,0.980856882,10.76,10.97,10.98,10.88,4,9,0,0
tpcds_sf50_t8,TPCDS SF50,8,Q24,18,2.05,1.64,1.75,1.85,success,success,success,success,1.25,1.17142857,1.10810811,2.05,1.13,1.03,1.13,18,0,0,0
tpcds_sf50_t8,TPCDS SF50,8,Q25,1,1.23,1.03,1.03,1.03,success,success,success,success,1.19417476,1.19417476,1.19417476,1.23,1.03,1.03,1.03,1,1,1,1
tpcds_sf50_t8,TPCDS SF50,8,Q26,1,0.31,0.31,0.31,0.31,success,success,success,success,1,1,1,0.31,0.31,0.31,0.31,1,0,0,0
tpcds_sf50_t8,TPCDS SF50,8,Q27,0,2.77,2.15,2.16,2.16,success,success,success,success,1.28837209,1.28240741,1.28240741,2.77,1.95,1.95,1.95,0,1,1,6
tpcds_sf50_t8,TPCDS SF50,8,Q28,10,2.46,2.57,2.57,2.57,success,success,success,success,0.957198444,0.957198444,0.957198444,2.46,2.56,2.46,2.56,10,0,19,4
tpcds_sf50_t8,TPCDS SF50,8,Q29,11,1.54,1.34,1.34,1.44,success,success,success,success,1.14925373,1.14925373,1.06944444,1.54,1.34,1.34,1.34,11,1,1,3
tpcds_sf50_t8,TPCDS SF50,8,Q30,0,0.31,0.31,0.31,0.31,success,success,success,success,1,1,1,0.31,0.31,0.31,0.31,0,0,0,0
tpcds_sf50_t8,TPCDS SF50,8,Q31,0,1.64,1.23,1.23,1.23,success,success,success,success,1.33333333,1.33333333,1.33333333,1.64,1.23,1.23,1.23,0,0,0,0
tpcds_sf50_t8,TPCDS SF50,8,Q32,0,0.11,0.11,0.11,0.11,success,success,success,success,1,1,1,0.11,0.11,0.11,0.11,0,0,0,0
tpcds_sf50_t8,TPCDS SF50,8,Q33,0,1.13,0.93,0.93,0.93,success,success,success,success,1.21505376,1.21505376,1.21505376,1.13,0.93,0.93,0.93,0,0,0,0
tpcds_sf50_t8,TPCDS SF50,8,Q34,0,1.33,0.82,0.82,0.93,success,success,success,success,1.62195122,1.62195122,1.43010753,1.33,0.82,0.82,0.82,0,0,0,7
tpcds_sf50_t8,TPCDS SF50,8,Q35,5,1.64,1.75,1.95,1.34,success,success,success,success,0.937142857,0.841025641,1.2238806,1.64,1.64,1.85,1.34,5,0,17,0
tpcds_sf50_t8,TPCDS SF50,8,Q36,2,1.64,1.13,1.13,1.34,success,success,success,success,1.45132743,1.45132743,1.2238806,1.64,1.13,1.13,1.34,2,0,0,0
tpcds_sf50_t8,TPCDS SF50,8,Q37,2,0.21,0.21,0.21,0.21,success,success,success,success,1,1,1,0.21,0.21,0.21,0.21,2,0,0,0
tpcds_sf50_t8,TPCDS SF50,8,Q38,0,2.05,2.15,2.16,2.05,success,success,success,success,0.953488372,0.949074074,1,2.05,2.15,2.15,2.05,0,0,16,0
tpcds_sf50_t8,TPCDS SF50,8,Q39,0,0.21,0.21,0.21,0.21,success,success,success,success,1,1,1,0.21,0.21,0.21,0.21,0,0,0,0
tpcds_sf50_t8,TPCDS SF50,8,Q40,0,0.31,0.31,0.31,0.11,success,success,success,success,1,1,2.81818182,0.31,0.31,0.31,0.11,0,0,0,0
tpcds_sf50_t8,TPCDS SF50,8,Q41,0,0.11,0.11,0.11,0.11,success,success,success,success,1,1,1,0.11,0.11,0.11,0.11,0,0,0,0
tpcds_sf50_t8,TPCDS SF50,8,Q42,9,0.72,0.62,0.62,0.62,success,success,success,success,1.16129032,1.16129032,1.16129032,0.72,0.52,0.52,0.52,9,0,0,0
tpcds_sf50_t8,TPCDS SF50,8,Q43,0,1.23,0.82,0.82,0.93,success,success,success,success,1.5,1.5,1.32258065,1.23,0.82,0.82,0.92,0,0,0,12
tpcds_sf50_t8,TPCDS SF50,8,Q44,5,37.8,38.22,38.94,38.51,success,success,success,success,0.989010989,0.970724191,0.98156323,37.8,38.01,38.1,38,5,3,19,7
tpcds_sf50_t8,TPCDS SF50,8,Q45,3,0.51,0.31,0.31,0.41,success,success,success,success,1.64516129,1.64516129,1.24390244,0.51,0.31,0.31,0.41,3,0,0,0
tpcds_sf50_t8,TPCDS SF50,8,Q46,0,1.85,1.34,1.34,1.44,success,success,success,success,1.38059701,1.38059701,1.28472222,1.85,1.34,1.34,1.34,0,0,0,2
tpcds_sf50_t8,TPCDS SF50,8,Q47,12,3.08,3.18,3.18,3.18,success,success,success,success,0.968553459,0.968553459,0.968553459,3.08,3.18,3.18,3.18,12,0,2,0
tpcds_sf50_t8,TPCDS SF50,8,Q48,0,1.54,1.64,1.64,2.05,success,success,success,success,0.93902439,0.93902439,0.751219512,1.54,1.64,1.54,1.95,0,0,4,1
tpcds_sf50_t8,TPCDS SF50,8,Q49,5,1.34,1.03,1.13,1.13,success,success,success,success,1.30097087,1.18584071,1.18584071,1.34,1.03,1.03,1.03,5,5,2,1
tpcds_sf50_t8,TPCDS SF50,8,Q50,8,2.67,1.44,1.44,1.54,success,success,success,success,1.85416667,1.85416667,1.73376623,2.67,1.44,1.44,1.54,8,2,2,2
tpcds_sf50_t8,TPCDS SF50,8,Q51,3,4.61,4.82,4.82,4.62,success,success,success,success,0.956431535,0.956431535,0.997835498,4.61,4.72,4.62,4.51,3,0,7,0
tpcds_sf50_t8,TPCDS SF50,8,Q52,15,0.72,0.62,0.62,0.62,success,success,success,success,1.16129032,1.16129032,1.16129032,0.72,0.52,0.52,0.52,15,2,2,0
tpcds_sf50_t8,TPCDS SF50,8,Q53,0,0.82,0.72,0.72,0.82,success,success,success,success,1.13888889,1.13888889,1,0.82,0.72,0.72,0.72,0,0,0,1
tpcds_sf50_t8,TPCDS SF50,8,Q55,1,0.82,0.62,0.62,0.62,success,success,success,success,1.32258065,1.32258065,1.32258065,0.82,0.52,0.52,0.52,1,4,6,2
tpcds_sf50_t8,TPCDS SF50,8,Q56,8,1.03,0.93,0.82,0.82,success,success,success,success,1.10752688,1.25609756,1.25609756,1.03,0.82,0.82,0.82,8,0,0,0
tpcds_sf50_t8,TPCDS SF50,8,Q57,0,0.82,0.82,0.82,0.82,success,success,success,success,1,1,1,0.82,0.82,0.82,0.82,0,0,0,0
tpcds_sf50_t8,TPCDS SF50,8,Q58,4,2.36,2.46,2.46,2.46,success,success,success,success,0.959349593,0.959349593,0.959349593,2.36,2.46,2.36,2.36,4,0,0,14
tpcds_sf50_t8,TPCDS SF50,8,Q59,0,2.46,2.46,2.46,2.46,success,success,success,success,1,1,1,2.46,2.46,2.46,2.46,0,0,0,0
tpcds_sf50_t8,TPCDS SF50,8,Q60,5,1.23,0.93,0.93,0.93,success,success,success,success,1.32258065,1.32258065,1.32258065,1.23,0.93,0.93,0.93,5,0,0,0
tpcds_sf50_t8,TPCDS SF50,8,Q61,2,1.54,1.13,1.13,1.13,success,success,success,success,1.36283186,1.36283186,1.36283186,1.54,1.13,1.13,1.13,2,0,0,0
tpcds_sf50_t8,TPCDS SF50,8,Q62,0,0.62,0.62,0.62,0.62,success,success,success,success,1,1,1,0.62,0.62,0.62,0.62,0,0,0,0
tpcds_sf50_t8,TPCDS SF50,8,Q63,0,0.82,0.72,0.72,0.82,success,success,success,success,1.13888889,1.13888889,1,0.82,0.72,0.72,0.72,0,0,0,1
tpcds_sf50_t8,TPCDS SF50,8,Q64,6,2.87,2.88,3.49,2.05,success,success,success,success,0.996527778,0.82234957,1.4,2.87,2.05,2.05,1.95,6,0,0,0
tpcds_sf50_t8,TPCDS SF50,8,Q65,1,3.79,3.9,3.8,3.8,success,success,success,success,0.971794872,0.997368421,0.997368421,3.79,3.69,3.7,3.7,1,4,0,19
tpcds_sf50_t8,TPCDS SF50,8,Q66,0,0.72,0.52,0.52,0.62,success,success,success,success,1.38461538,1.38461538,1.16129032,0.72,0.52,0.52,0.52,0,0,0,1
tpcds_sf50_t8,TPCDS SF50,8,Q67,6,15.49,15.5,15.91,16.22,success,success,success,success,0.999354839,0.973601508,0.954993835,15.49,15.49,15.6,15.7,6,2,18,12
tpcds_sf50_t8,TPCDS SF50,8,Q68,7,1.64,1.44,1.44,1.34,success,success,success,success,1.13888889,1.13888889,1.2238806,1.64,1.34,1.34,1.23,7,0,0,16
tpcds_sf50_t8,TPCDS SF50,8,Q69,0,0.92,0.93,0.93,0.62,success,success,success,success,0.989247312,0.989247312,1.48387097,0.92,0.93,0.93,0.62,0,0,0,0
tpcds_sf50_t8,TPCDS SF50,8,Q70,0,2.46,2.56,2.46,2.36,success,success,success,success,0.9609375,1,1.04237288,2.46,2.46,2.46,2.36,0,1,0,0
tpcds_sf50_t8,TPCDS SF50,8,Q71,1,1.13,1.13,1.13,0.82,success,success,success,success,1,1,1.37804878,1.13,1.03,1.03,0.82,1,8,11,0
tpcds_sf50_t8,TPCDS SF50,8,Q72,0,1.03,0.62,0.72,0.72,success,success,success,success,1.66129032,1.43055556,1.43055556,1.03,0.62,0.72,0.72,0,0,0,0
tpcds_sf50_t8,TPCDS SF50,8,Q73,3,1.03,0.82,0.82,0.82,success,success,success,success,1.25609756,1.25609756,1.25609756,1.03,0.72,0.72,0.72,3,0,0,1
tpcds_sf50_t8,TPCDS SF50,8,Q74,0,4.1,3.8,4,3.9,success,success,success,success,1.07894737,1.025,1.05128205,4.1,3.8,3.8,3.9,0,0,6,0
tpcds_sf50_t8,TPCDS SF50,8,Q75,0,3.18,2.46,2.47,2.47,success,success,success,success,1.29268293,1.28744939,1.28744939,3.18,2.36,2.36,2.46,0,6,18,6
tpcds_sf50_t8,TPCDS SF50,8,Q76,1,1.44,1.44,1.44,1.23,success,success,success,success,1,1,1.17073171,1.44,1.34,1.44,1.23,1,11,0,0
tpcds_sf50_t8,TPCDS SF50,8,Q77,0,1.34,1.03,1.03,1.03,success,success,success,success,1.30097087,1.30097087,1.30097087,1.34,1.03,1.03,1.03,0,0,0,0
tpcds_sf50_t8,TPCDS SF50,8,Q78,0,6.67,6.77,7.29,5.95,success,success,success,success,0.985228951,0.914951989,1.1210084,6.67,6.67,7.08,5.85,0,2,13,5
tpcds_sf50_t8,TPCDS SF50,8,Q79,0,1.85,1.34,1.34,1.44,success,success,success,success,1.38059701,1.38059701,1.28472222,1.85,1.34,1.34,1.44,0,0,0,0
tpcds_sf50_t8,TPCDS SF50,8,Q80,1,2.46,1.64,1.64,1.23,success,success,success,success,1.5,1.5,2,2.46,1.54,1.64,1.23,1,2,0,0
tpcds_sf50_t8,TPCDS SF50,8,Q81,0,0.41,0.41,0.41,0.41,success,success,success,success,1,1,1,0.41,0.41,0.41,0.41,0,0,0,0
tpcds_sf50_t8,TPCDS SF50,8,Q82,0,0.41,0.41,0.41,0.31,success,success,success,success,1,1,1.32258065,0.41,0.41,0.41,0.21,0,0,0,14
tpcds_sf50_t8,TPCDS SF50,8,Q83,3,0.31,0.21,0.21,0.21,success,success,success,success,1.47619048,1.47619048,1.47619048,0.31,0.21,0.21,0.21,3,0,0,0
tpcds_sf50_t8,TPCDS SF50,8,Q84,0,0.21,0.21,0.21,0.21,success,success,success,success,1,1,1,0.21,0.21,0.21,0.21,0,0,0,0
tpcds_sf50_t8,TPCDS SF50,8,Q85,0,0.72,0.72,0.72,0.82,success,success,success,success,1,1,0.87804878,0.72,0.72,0.72,0.82,0,0,0,0
tpcds_sf50_t8,TPCDS SF50,8,Q86,0,0.51,0.52,0.52,0.52,success,success,success,success,0.980769231,0.980769231,0.980769231,0.51,0.51,0.52,0.52,0,15,0,0
tpcds_sf50_t8,TPCDS SF50,8,Q87,12,2.15,2.26,2.26,2.16,success,success,success,success,0.951327434,0.951327434,0.99537037,2.15,2.26,2.26,2.16,12,0,0,0
tpcds_sf50_t8,TPCDS SF50,8,Q88,0,3.28,1.95,1.95,1.95,success,success,success,success,1.68205128,1.68205128,1.68205128,3.28,1.85,1.85,1.85,0,1,1,2
tpcds_sf50_t8,TPCDS SF50,8,Q89,0,1.03,0.82,0.82,0.82,success,success,success,success,1.25609756,1.25609756,1.25609756,1.03,0.82,0.82,0.82,0,0,0,0
tpcds_sf50_t8,TPCDS SF50,8,Q90,0,0.41,0.31,0.31,0.31,success,success,success,success,1.32258065,1.32258065,1.32258065,0.41,0.31,0.31,0.31,0,0,0,0
tpcds_sf50_t8,TPCDS SF50,8,Q91,2,0.11,0.11,0.11,0.11,success,success,success,success,1,1,1,0.11,0.11,0.11,0.11,2,0,0,0
tpcds_sf50_t8,TPCDS SF50,8,Q92,0,0.41,0.31,0.41,0.31,success,success,success,success,1.32258065,1,1.32258065,0.41,0.31,0.31,0.31,0,0,2,0
tpcds_sf50_t8,TPCDS SF50,8,Q93,0,2.98,1.85,2.26,1.85,success,success,success,success,1.61081081,1.31858407,1.61081081,2.98,1.85,2.16,1.85,0,0,1,0
tpcds_sf50_t8,TPCDS SF50,8,Q94,0,0.51,0.41,0.41,0.41,success,success,success,success,1.24390244,1.24390244,1.24390244,0.51,0.41,0.41,0.41,0,0,0,0
tpcds_sf50_t8,TPCDS SF50,8,Q95,2,8.09,8.29,14.34,1.03,success,success,success,success,0.975874548,0.564156206,7.85436893,8.09,8.09,14.04,1.03,2,10,7,0
tpcds_sf50_t8,TPCDS SF50,8,Q96,0,0.62,0.41,0.52,0.52,success,success,success,success,1.51219512,1.19230769,1.19230769,0.62,0.41,0.41,0.41,0,0,5,2
tpcds_sf50_t8,TPCDS SF50,8,Q97,0,2.26,2.26,2.26,2.26,success,success,success,success,1,1,1,2.26,2.16,2.16,2.26,0,1,13,0
tpcds_sf50_t8,TPCDS SF50,8,Q98,0,0.82,0.62,0.62,0.62,success,success,success,success,1.32258065,1.32258065,1.32258065,0.82,0.62,0.62,0.62,0,0,0,0
tpcds_sf50_t8,TPCDS SF50,8,Q99,1,0.52,0.62,0.62,0.92,success,success,success,success,0.838709677,0.838709677,0.565217391,0.52,0.62,0.62,0.92,1,0,0,1
tpcds_sf100_t8,TPCDS SF100,8,Q01,1,1.23,1.23,1.64,1.23,success,success,success,success,1,0.75,1,1.23,1.23,1.64,1.23,1,0,0,0
tpcds_sf100_t8,TPCDS SF100,8,Q02,1,2.46,2.46,2.46,2.46,success,success,success,success,1,1,1,2.46,2.46,2.46,2.46,1,0,0,0
tpcds_sf100_t8,TPCDS SF100,8,Q03,1,1.54,1.23,1.23,1.34,success,success,success,success,1.25203252,1.25203252,1.14925373,1.54,1.13,1.13,1.13,1,0,0,4
tpcds_sf100_t8,TPCDS SF100,8,Q04,3,17.12,16.5,17.43,17.44,success,success,success,success,1.03757576,0.982214573,0.981651376,17.12,16.1,17.23,16.31,3,5,15,2
tpcds_sf100_t8,TPCDS SF100,8,Q05,1,3.49,2.87,3.59,2.98,success,success,success,success,1.21602787,0.972144847,1.17114094,3.49,2.87,3.49,2.87,1,0,2,7
tpcds_sf100_t8,TPCDS SF100,8,Q06,0,5.94,6.05,6.87,5.95,success,success,success,success,0.981818182,0.864628821,0.998319328,5.94,5.94,6.77,5.95,0,1,3,0
tpcds_sf100_t8,TPCDS SF100,8,Q07,9,2.67,2.26,2.26,2.36,success,success,success,success,1.18141593,1.18141593,1.13135593,2.67,2.05,2.05,2.16,9,4,4,4
tpcds_sf100_t8,TPCDS SF100,8,Q08,0,2.56,1.85,1.95,1.95,success,success,success,success,1.38378378,1.31282051,1.31282051,2.56,1.85,1.85,1.85,0,0,1,1
tpcds_sf100_t8,TPCDS SF100,8,Q09,2,4.3,4.3,4.31,4.3,success,success,success,success,1,0.997679814,1,4.3,4.2,4.3,4.2,2,16,1,17
tpcds_sf100_t8,TPCDS SF100,8,Q10,0,1.85,1.85,1.85,1.13,success,success,success,success,1,1,1.63716814,1.85,1.85,1.85,1.03,0,0,0,12
tpcds_sf100_t8,TPCDS SF100,8,Q11,1,12.1,11.27,11.69,11.59,success,success,success,success,1.07364685,1.03507271,1.04400345,12.1,11.08,11.69,11.07,1,11,1,14
tpcds_sf100_t8,TPCDS SF100,8,Q12,0,0.62,0.52,0.52,0.52,success,success,success,success,1.19230769,1.19230769,1.19230769,0.62,0.52,0.52,0.52,0,0,0,0
tpcds_sf100_t8,TPCDS SF100,8,Q13,0,3.28,3.49,3.49,4.21,success,success,success,success,0.93982808,0.93982808,0.779097387,3.28,3.49,3.49,4.11,0,0,0,16
tpcds_sf100_t8,TPCDS SF100,8,Q14,1,35.86,36.58,36.48,36.89,success,success,success,success,0.980317113,0.983004386,0.972079154,35.86,35.48,35.47,35.77,1,17,14,17
tpcds_sf100_t8,TPCDS SF100,8,Q15,1,0.31,0.41,0.41,0.41,success,success,success,success,0.756097561,0.756097561,0.756097561,0.31,0.31,0.41,0.41,1,2,0,0
tpcds_sf100_t8,TPCDS SF100,8,Q16,1,0.31,0.31,0.31,0.31,success,success,success,success,1,1,1,0.31,0.31,0.31,0.31,1,0,0,0
tpcds_sf100_t8,TPCDS SF100,8,Q17,9,3.08,1.95,1.95,2.05,success,success,success,success,1.57948718,1.57948718,1.50243902,3.08,1.95,1.85,2.05,9,3,11,3
tpcds_sf100_t8,TPCDS SF100,8,Q18,6,1.03,0.82,0.82,0.82,success,success,success,success,1.25609756,1.25609756,1.25609756,1.03,0.72,0.72,0.72,6,1,1,1
tpcds_sf100_t8,TPCDS SF100,8,Q19,2,1.95,1.44,1.44,1.44,success,success,success,success,1.35416667,1.35416667,1.35416667,1.95,1.44,1.44,1.44,2,0,0,0
tpcds_sf100_t8,TPCDS SF100,8,Q20,0,0.21,0.21,0.21,0.21,success,success,success,success,1,1,1,0.21,0.21,0.21,0.21,0,0,0,0
tpcds_sf100_t8,TPCDS SF100,8,Q21,0,0.31,0.21,0.21,0.31,success,success,success,success,1.47619048,1.47619048,1,0.31,0.21,0.21,0.31,0,0,0,0
tpcds_sf100_t8,TPCDS SF100,8,Q22,6,8.93,9.03,9.14,9.03,success,success,success,success,0.988925803,0.97702407,0.988925803,8.93,9.03,9.02,9.03,6,2,8,0
tpcds_sf100_t8,TPCDS SF100,8,Q23,3,21.84,22.15,24.41,22.47,success,success,success,success,0.986004515,0.894715281,0.971962617,21.84,21.85,24.01,22.15,3,9,19,5
tpcds_sf100_t8,TPCDS SF100,8,Q24,18,3.8,2.98,3.18,3.39,success,success,success,success,1.27516779,1.19496855,1.12094395,3.8,2.36,2.36,2.46,18,0,0,0
tpcds_sf100_t8,TPCDS SF100,8,Q25,1,2.67,1.95,1.95,2.05,success,success,success,success,1.36923077,1.36923077,1.30243902,2.67,1.95,1.95,1.95,1,1,1,3
tpcds_sf100_t8,TPCDS SF100,8,Q26,9,0.52,0.52,0.52,0.52,success,success,success,success,1,1,1,0.52,0.41,0.41,0.52,9,4,4,0
tpcds_sf100_t8,TPCDS SF100,8,Q27,0,5.33,3.79,3.69,3.7,success,success,success,success,1.40633245,1.44444444,1.44054054,5.33,3.59,3.59,3.59,0,6,6,6
tpcds_sf100_t8,TPCDS SF100,8,Q28,2,4.82,4.92,4.92,4.92,success,success,success,success,0.979674797,0.979674797,0.979674797,4.82,4.82,4.82,4.82,2,1,17,1
tpcds_sf100_t8,TPCDS SF100,8,Q29,11,3.49,2.57,2.57,2.57,success,success,success,success,1.35797665,1.35797665,1.35797665,3.49,2.57,2.57,2.57,11,3,1,3
tpcds_sf100_t8,TPCDS SF100,8,Q30,0,0.41,0.41,0.41,0.41,success,success,success,success,1,1,1,0.41,0.41,0.41,0.41,0,0,0,0
tpcds_sf100_t8,TPCDS SF100,8,Q31,7,2.97,2.36,2.36,2.36,success,success,success,success,1.25847458,1.25847458,1.25847458,2.97,2.26,2.36,2.36,7,13,0,0
tpcds_sf100_t8,TPCDS SF100,8,Q32,0,0.21,0.21,0.21,0.21,success,success,success,success,1,1,1,0.21,0.21,0.21,0.21,0,0,0,0
tpcds_sf100_t8,TPCDS SF100,8,Q33,2,2.05,1.75,1.75,1.75,success,success,success,success,1.17142857,1.17142857,1.17142857,2.05,1.64,1.64,1.64,2,8,7,19
tpcds_sf100_t8,TPCDS SF100,8,Q34,3,2.05,1.44,1.44,1.54,success,success,success,success,1.42361111,1.42361111,1.33116883,2.05,1.44,1.44,1.44,3,0,0,0
tpcds_sf100_t8,TPCDS SF100,8,Q35,0,3.59,3.69,4.82,2.67,success,success,success,success,0.972899729,0.744813278,1.34456929,3.59,3.59,4.72,2.67,0,1,10,0
tpcds_sf100_t8,TPCDS SF100,8,Q36,8,2.26,1.85,1.85,1.95,success,success,success,success,1.22162162,1.22162162,1.15897436,2.26,1.75,1.75,1.95,8,1,1,0
tpcds_sf100_t8,TPCDS SF100,8,Q37,3,0.62,0.62,0.62,0.52,success,success,success,success,1,1,1.19230769,0.62,0.62,0.62,0.41,3,0,0,2
tpcds_sf100_t8,TPCDS SF100,8,Q38,1,4.61,4.72,5.95,4.21,success,success,success,success,0.976694915,0.774789916,1.09501188,4.61,4.72,5.74,4.21,1,1,15,0
tpcds_sf100_t8,TPCDS SF100,8,Q39,0,0.82,0.82,0.82,0.82,success,success,success,success,1,1,1,0.82,0.82,0.82,0.82,0,0,0,0
tpcds_sf100_t8,TPCDS SF100,8,Q40,1,0.52,0.41,0.41,0.21,success,success,success,success,1.26829268,1.26829268,2.47619048,0.52,0.41,0.41,0.21,1,1,0,0
tpcds_sf100_t8,TPCDS SF100,8,Q41,0,0.1,0.11,0.11,0.11,success,success,success,success,0.909090909,0.909090909,0.909090909,0.1,0.11,0.11,0.11,0,0,0,0
tpcds_sf100_t8,TPCDS SF100,8,Q42,1,1.44,1.03,1.03,1.03,success,success,success,success,1.39805825,1.39805825,1.39805825,1.44,0.93,0.93,0.93,1,0,0,2
tpcds_sf100_t8,TPCDS SF100,8,Q43,0,2.46,1.85,1.85,2.05,success,success,success,success,1.32972973,1.32972973,1.2,2.46,1.85,1.85,1.95,0,0,0,6
tpcds_sf100_t8,TPCDS SF100,8,Q44,19,236.42,248.51,240.59,223.58,success,success,success,success,0.951350046,0.982667609,1.05742911,236.42,236.3,235.79,223.58,19,16,16,19
tpcds_sf100_t8,TPCDS SF100,8,Q45,1,0.72,0.62,0.62,0.62,success,success,success,success,1.16129032,1.16129032,1.16129032,0.72,0.62,0.62,0.52,1,0,0,0
tpcds_sf100_t8,TPCDS SF100,8,Q46,16,3.08,2.36,2.36,2.36,success,success,success,success,1.30508475,1.30508475,1.30508475,3.08,2.36,2.36,2.26,16,0,0,2
tpcds_sf100_t8,TPCDS SF100,8,Q47,0,6.25,6.36,6.36,6.36,success,success,success,success,0.982704403,0.982704403,0.982704403,6.25,6.26,6.36,6.36,0,4,0,0
tpcds_sf100_t8,TPCDS SF100,8,Q48,0,2.87,3.08,3.18,3.9,success,success,success,success,0.931818182,0.902515723,0.735897436,2.87,3.08,3.08,3.8,0,0,4,1
tpcds_sf100_t8,TPCDS SF100,8,Q49,3,2.15,1.95,2.05,2.06,success,success,success,success,1.1025641,1.04878049,1.04368932,2.15,1.95,1.95,2.05,3,3,19,0
tpcds_sf100_t8,TPCDS SF100,8,Q50,8,5.54,2.57,2.67,2.67,success,success,success,success,2.15564202,2.07490637,2.07490637,5.54,2.57,2.67,2.67,8,2,2,2
tpcds_sf100_t8,TPCDS SF100,8,Q51,0,10.97,11.18,11.28,10.87,success,success,success,success,0.981216458,0.97251773,1.00919963,10.97,11.08,11.07,10.57,0,6,12,15
tpcds_sf100_t8,TPCDS SF100,8,Q52,1,1.44,1.03,1.03,1.03,success,success,success,success,1.39805825,1.39805825,1.39805825,1.44,1.03,1.03,1.03,1,0,0,0
tpcds_sf100_t8,TPCDS SF100,8,Q53,0,1.64,1.34,1.34,1.44,success,success,success,success,1.2238806,1.2238806,1.13888889,1.64,1.34,1.34,1.34,0,0,0,1
tpcds_sf100_t8,TPCDS SF100,8,Q55,1,1.44,1.03,1.03,1.03,success,success,success,success,1.39805825,1.39805825,1.39805825,1.44,1.03,1.03,1.03,1,0,0,0
tpcds_sf100_t8,TPCDS SF100,8,Q56,0,2.05,1.64,1.64,1.64,success,success,success,success,1.25,1.25,1.25,2.05,1.64,1.54,1.54,0,0,10,1
tpcds_sf100_t8,TPCDS SF100,8,Q57,1,1.95,2.05,2.05,2.06,success,success,success,success,0.951219512,0.951219512,0.946601942,1.95,1.95,2.05,2.05,1,3,0,0
tpcds_sf100_t8,TPCDS SF100,8,Q58,3,4.92,5.03,5.03,4.92,success,success,success,success,0.978131213,0.978131213,1,4.92,4.92,4.92,4.92,3,2,1,3
tpcds_sf100_t8,TPCDS SF100,8,Q59,2,6.15,6.16,6.26,6.15,success,success,success,success,0.998376623,0.982428115,1,6.15,6.15,6.15,6.15,2,3,1,2
tpcds_sf100_t8,TPCDS SF100,8,Q60,0,2.36,1.85,1.85,1.85,success,success,success,success,1.27567568,1.27567568,1.27567568,2.36,1.75,1.85,1.85,0,8,0,0
tpcds_sf100_t8,TPCDS SF100,8,Q61,14,2.97,2.26,2.26,2.26,success,success,success,success,1.31415929,1.31415929,1.31415929,2.97,2.16,2.16,2.16,14,0,0,0
tpcds_sf100_t8,TPCDS SF100,8,Q62,0,1.13,1.13,1.13,1.23,success,success,success,success,1,1,0.918699187,1.13,1.13,1.13,1.13,0,0,0,8
tpcds_sf100_t8,TPCDS SF100,8,Q63,0,1.54,1.34,1.34,1.44,success,success,success,success,1.14925373,1.14925373,1.06944444,1.54,1.23,1.23,1.34,0,1,1,1
tpcds_sf100_t8,TPCDS SF100,8,Q64,6,5.95,5.75,7.08,3.7,success,success,success,success,1.03478261,0.84039548,1.60810811,5.95,4.21,4.31,3.49,6,0,0,14
tpcds_sf100_t8,TPCDS SF100,8,Q65,19,12.82,12.71,12.72,10.35,success,success,success,success,1.0086546,1.00786164,1.23864734,12.82,12.51,12.61,10.35,19,0,0,19
tpcds_sf100_t8,TPCDS SF100,8,Q66,4,1.13,0.93,0.93,0.93,success,success,success,success,1.21505376,1.21505376,1.21505376,1.13,0.82,0.82,0.93,4,1,1,0
tpcds_sf100_t8,TPCDS SF100,8,Q67,0,37.83,38.27,39.19,40.02,success,success,success,success,0.988502744,0.96529727,0.945277361,37.83,38.26,37.75,38.07,0,2,12,10
tpcds_sf100_t8,TPCDS SF100,8,Q68,7,3.18,2.57,2.57,2.47,success,success,success,success,1.23735409,1.23735409,1.28744939,3.18,2.46,2.46,2.36,7,16,6,0
tpcds_sf100_t8,TPCDS SF100,8,Q69,0,1.85,1.85,1.85,1.13,success,success,success,success,1,1,1.63716814,1.85,1.85,1.85,1.13,0,0,0,0
tpcds_sf100_t8,TPCDS SF100,8,Q70,16,4.72,4.72,4.82,4.51,success,success,success,success,1,0.979253112,1.04656319,4.72,4.72,4.72,4.51,16,16,14,0
tpcds_sf100_t8,TPCDS SF100,8,Q71,17,2.16,2.05,2.05,1.54,success,success,success,success,1.05365854,1.05365854,1.4025974,2.16,2.05,2.05,1.44,17,0,0,2
tpcds_sf100_t8,TPCDS SF100,8,Q72,5,6.15,3.9,3.9,4.21,success,success,success,success,1.57692308,1.57692308,1.4608076,6.15,3.9,3.9,4.21,5,5,5,5
tpcds_sf100_t8,TPCDS SF100,8,Q73,3,1.95,1.44,1.44,1.44,success,success,success,success,1.35416667,1.35416667,1.35416667,1.95,1.34,1.34,1.44,3,0,0,0
tpcds_sf100_t8,TPCDS SF100,8,Q74,15,8.72,8.1,9.44,8.52,success,success,success,success,1.07654321,0.923728814,1.02347418,8.72,7.9,8.92,7.9,15,9,3,6
tpcds_sf100_t8,TPCDS SF100,8,Q75,0,6.36,4.82,4.72,4.93,success,success,success,success,1.31950207,1.34745763,1.29006085,6.36,4.82,4.72,4.82,0,0,0,2
tpcds_sf100_t8,TPCDS SF100,8,Q76,1,2.77,2.77,2.77,2.47,success,success,success,success,1,1,1.12145749,2.77,2.67,2.77,2.46,1,15,1,4
tpcds_sf100_t8,TPCDS SF100,8,Q77,13,2.56,1.85,1.85,1.95,success,success,success,success,1.38378378,1.38378378,1.31282051,2.56,1.85,1.85,1.95,13,0,0,0
tpcds_sf100_t8,TPCDS SF100,8,Q78,16,13.24,13.85,14.67,12.41,success,success,success,success,0.955956679,0.902522154,1.06688155,13.24,13.24,14.46,11.59,16,2,15,5
tpcds_sf100_t8,TPCDS SF100,8,Q79,0,3.49,2.57,2.57,2.77,success,success,success,success,1.35797665,1.35797665,1.2599278,3.49,2.57,2.57,2.77,0,0,0,0
tpcds_sf100_t8,TPCDS SF100,8,Q80,0,5.02,3.18,3.18,2.46,success,success,success,success,1.57861635,1.57861635,2.04065041,5.02,3.18,3.18,2.46,0,0,0,0
tpcds_sf100_t8,TPCDS SF100,8,Q81,0,0.52,0.52,0.52,0.62,success,success,success,success,1,1,0.838709677,0.52,0.52,0.52,0.62,0,0,0,0
tpcds_sf100_t8,TPCDS SF100,8,Q82,0,1.23,1.23,1.23,0.82,success,success,success,success,1,1,1.5,1.23,1.23,1.23,0.82,0,0,0,0
tpcds_sf100_t8,TPCDS SF100,8,Q83,0,0.62,0.31,0.31,0.31,success,success,success,success,2,2,2,0.62,0.31,0.31,0.31,0,0,0,0
tpcds_sf100_t8,TPCDS SF100,8,Q84,0,0.31,0.31,0.31,0.21,success,success,success,success,1,1,1.47619048,0.31,0.31,0.31,0.21,0,0,0,0
tpcds_sf100_t8,TPCDS SF100,8,Q85,2,1.23,1.23,1.44,1.44,success,success,success,success,1,0.854166667,0.854166667,1.23,1.23,1.34,1.23,2,2,3,14
tpcds_sf100_t8,TPCDS SF100,8,Q86,4,0.92,0.93,0.93,0.93,success,success,success,success,0.989247312,0.989247312,0.989247312,0.92,0.92,0.93,0.93,4,0,0,0
tpcds_sf100_t8,TPCDS SF100,8,Q87,0,4.92,5.02,6.16,4.51,success,success,success,success,0.980079681,0.798701299,1.09090909,4.92,5.02,6.05,4.51,0,0,19,0
tpcds_sf100_t8,TPCDS SF100,8,Q88,15,6.46,3.59,3.59,3.69,success,success,success,success,1.7994429,1.7994429,1.75067751,6.46,3.49,3.49,3.59,15,2,2,2
tpcds_sf100_t8,TPCDS SF100,8,Q89,0,1.85,1.54,1.54,1.64,success,success,success,success,1.2012987,1.2012987,1.12804878,1.85,1.44,1.44,1.54,0,1,1,1
tpcds_sf100_t8,TPCDS SF100,8,Q90,0,0.62,0.41,0.41,0.41,success,success,success,success,1.51219512,1.51219512,1.51219512,0.62,0.41,0.41,0.41,0,0,0,0
tpcds_sf100_t8,TPCDS SF100,8,Q91,0,0.21,0.21,0.21,0.21,success,success,success,success,1,1,1,0.21,0.11,0.11,0.11,0,1,1,1
tpcds_sf100_t8,TPCDS SF100,8,Q92,1,0.72,0.62,0.62,0.52,success,success,success,success,1.16129032,1.16129032,1.38461538,0.72,0.62,0.62,0.52,1,0,0,0
tpcds_sf100_t8,TPCDS SF100,8,Q93,7,5.85,4,4.72,4,success,success,success,success,1.4625,1.23940678,1.4625,5.85,3.9,4.62,3.9,7,2,16,11
tpcds_sf100_t8,TPCDS SF100,8,Q94,5,0.82,0.82,0.82,0.82,success,success,success,success,1,1,1,0.82,0.72,0.72,0.72,5,14,2,11
tpcds_sf100_t8,TPCDS SF100,8,Q95,7,17.4,17.71,26.23,1.95,success,success,success,success,0.982495765,0.663362562,8.92307692,17.4,17.41,24.99,1.85,7,13,2,11
tpcds_sf100_t8,TPCDS SF100,8,Q96,1,1.13,0.82,0.82,0.82,success,success,success,success,1.37804878,1.37804878,1.37804878,1.13,0.82,0.82,0.82,1,0,0,0
tpcds_sf100_t8,TPCDS SF100,8,Q97,0,4.72,4.82,4.82,4.82,success,success,success,success,0.979253112,0.979253112,0.979253112,4.72,4.72,4.62,4.82,0,2,6,0
tpcds_sf100_t8,TPCDS SF100,8,Q98,9,1.44,1.13,1.13,1.13,success,success,success,success,1.27433628,1.27433628,1.27433628,1.44,1.13,1.13,1.13,9,0,0,0
tpcds_sf100_t8,TPCDS SF100,8,Q99,0,1.13,1.13,1.13,1.85,success,success,success,success,1,1,0.610810811,1.13,1.13,1.13,1.85,0,0,0,0
appian_t64,appian,64,q01,1,0.35,0.35,0.38,0.36,success,success,success,success,1,0.921052632,0.972222222,0.35,0.35,0.38,0.35,1,1,0,0
appian_t64,appian,64,q02,6,0.81,0.82,0.93,0.83,success,success,success,success,0.987804878,0.870967742,0.975903614,0.81,0.82,0.89,0.82,6,6,7,12
appian_t64,appian,64,q03,6,0.7,0.69,0.91,0.72,success,success,success,success,1.01449275,0.769230769,0.972222222,0.7,0.68,0.89,0.71,6,14,14,0
appian_t64,appian,64,q04,9,1.34,1.38,1.55,1.42,success,success,success,success,0.971014493,0.864516129,0.943661972,1.34,1.33,1.53,1.36,9,12,12,7
appian_t64,appian,64,q05,14,0.5,0.54,0.62,0.52,success,success,success,success,0.925925926,0.806451613,0.961538462,0.5,0.51,0.59,0.51,14,3,10,2
appian_t64,appian,64,q06,3,0.5,0.52,0.82,0.51,success,success,success,success,0.961538462,0.609756098,0.980392157,0.5,0.5,0.76,0.5,3,13,5,16
appian_t64,appian,64,q07,5,0.55,0.58,0.61,0.58,success,success,success,success,0.948275862,0.901639344,0.948275862,0.55,0.57,0.6,0.55,5,0,17,0
appian_t64,appian,64,q08,2,1.53,1.56,1.65,1.56,success,success,success,success,0.980769231,0.927272727,0.980769231,1.53,1.52,1.61,1.54,2,10,11,11
job_t64,job,64,1a,0,0.16,0.17,0.15,0.15,success,success,success,success,0.941176471,1.06666667,1.06666667,0.16,0.14,0.15,0.14,0,9,0,5
job_t64,job,64,1b,0,0.15,0.16,0.15,0.15,success,success,success,success,0.9375,1,1,0.15,0.14,0.14,0.14,0,6,3,1
job_t64,job,64,1c,0,0.15,0.2,0.18,0.17,success,success,success,success,0.75,0.833333333,0.882352941,0.15,0.14,0.14,0.14,0,8,3,2
job_t64,job,64,1d,0,0.15,0.16,0.15,0.15,success,success,success,success,0.9375,1,1,0.15,0.14,0.14,0.14,0,4,2,1
job_t64,job,64,2a,0,0.2,0.2,0.19,0.18,success,success,success,success,1,1.05263158,1.11111111,0.2,0.18,0.19,0.18,0,18,0,0
job_t64,job,64,2b,0,0.2,0.2,0.18,0.18,success,success,success,success,1,1.11111111,1.11111111,0.2,0.18,0.18,0.18,0,8,0,0
job_t64,job,64,2c,0,0.18,0.16,0.14,0.13,success,success,success,success,1.125,1.28571429,1.38461538,0.18,0.13,0.14,0.13,0,13,0,0
job_t64,job,64,2d,0,0.21,0.23,0.21,0.21,success,success,success,success,0.913043478,1,1,0.21,0.2,0.21,0.19,0,9,0,5
job_t64,job,64,3a,0,0.52,0.54,0.51,0.47,success,success,success,success,0.962962963,1.01960784,1.10638298,0.52,0.48,0.48,0.47,0,9,11,0
job_t64,job,64,3b,0,0.45,0.49,0.47,0.47,success,success,success,success,0.918367347,0.957446809,0.957446809,0.45,0.46,0.46,0.46,0,9,11,4
job_t64,job,64,3c,0,0.53,0.51,0.5,0.48,success,success,success,success,1.03921569,1.06,1.10416667,0.53,0.49,0.48,0.48,0,6,5,0
job_t64,job,64,4a,0,0.2,0.21,0.18,0.18,success,success,success,success,0.952380952,1.11111111,1.11111111,0.2,0.19,0.18,0.17,0,7,0,2
job_t64,job,64,4b,0,0.16,0.2,0.19,0.19,success,success,success,success,0.8,0.842105263,0.842105263,0.16,0.16,0.16,0.16,0,8,3,2
job_t64,job,64,4c,3,0.2,0.23,0.21,0.18,success,success,success,success,0.869565217,0.952380952,1.11111111,0.2,0.19,0.2,0.17,3,12,0,6
job_t64,job,64,5a,0,0.48,0.16,0.14,0.14,success,success,success,success,3,3.42857143,3.42857143,0.48,0.13,0.13,0.13,0,14,11,2
job_t64,job,64,5b,0,0.46,0.2,0.18,0.17,success,success,success,success,2.3,2.55555556,2.70588235,0.46,0.13,0.13,0.12,0,8,2,3
job_t64,job,64,5c,0,0.51,0.49,0.47,0.47,success,success,success,success,1.04081633,1.08510638,1.08510638,0.51,0.46,0.46,0.46,0,7,8,2
job_t64,job,64,6a,5,0.2,0.25,0.26,0.22,success,success,success,success,0.8,0.769230769,0.909090909,0.2,0.19,0.2,0.19,5,7,2,2
job_t64,job,64,6b,5,0.19,0.19,0.18,0.19,success,success,success,success,1,1.05555556,1,0.19,0.19,0.18,0.19,5,5,5,0
job_t64,job,64,6c,5,0.19,0.19,0.19,0.18,success,success,success,success,1,1,1.05555556,0.19,0.18,0.18,0.18,5,4,0,0
job_t64,job,64,6d,5,0.21,0.23,0.22,0.2,success,success,success,success,0.913043478,0.954545455,1.05,0.21,0.22,0.22,0.2,5,10,5,0
job_t64,job,64,6e,5,0.21,0.22,0.22,0.19,success,success,success,success,0.954545455,0.954545455,1.10526316,0.21,0.19,0.19,0.18,5,6,0,1
job_t64,job,64,6f,2,0.53,0.55,0.63,0.54,success,success,success,success,0.963636364,0.841269841,0.981481481,0.53,0.55,0.58,0.54,2,2,0,2
job_t64,job,64,7a,1,0.33,0.33,0.31,0.31,success,success,success,success,1,1.06451613,1.06451613,0.33,0.3,0.3,0.3,1,8,0,0
job_t64,job,64,7b,1,0.32,0.23,0.21,0.22,success,success,success,success,1.39130435,1.52380952,1.45454545,0.32,0.19,0.19,0.2,1,8,3,3
job_t64,job,64,7c,10,0.69,0.65,0.66,0.68,success,success,success,success,1.06153846,1.04545455,1.01470588,0.69,0.62,0.62,0.63,10,8,8,2
job_t64,job,64,8a,3,0.28,0.27,0.25,0.25,success,success,success,success,1.03703704,1.12,1.12,0.28,0.24,0.23,0.23,3,7,7,2
job_t64,job,64,8b,3,0.25,0.26,0.23,0.23,success,success,success,success,0.961538462,1.08695652,1.08695652,0.25,0.21,0.23,0.23,3,19,3,3
job_t64,job,64,8c,5,0.35,0.35,0.45,0.35,success,success,success,success,1,0.777777778,1,0.35,0.35,0.42,0.35,5,5,3,4
job_t64,job,64,8d,3,0.27,0.3,0.29,0.26,success,success,success,success,0.9,0.931034483,1.03846154,0.27,0.3,0.29,0.26,3,3,3,3
job_t64,job,64,9a,3,0.3,0.32,0.3,0.28,success,success,success,success,0.9375,1,1.07142857,0.3,0.3,0.3,0.26,3,10,3,1
job_t64,job,64,9b,4,0.33,0.3,0.3,0.3,success,success,success,success,1.1,1.1,1.1,0.33,0.28,0.28,0.28,4,5,2,0
job_t64,job,64,9c,3,0.3,0.33,0.32,0.28,success,success,success,success,0.909090909,0.9375,1.07142857,0.3,0.3,0.29,0.28,3,4,4,0
job_t64,job,64,9d,5,0.4,0.41,0.41,0.37,success,success,success,success,0.975609756,0.975609756,1.08108108,0.4,0.41,0.41,0.35,5,4,5,19
job_t64,job,64,10a,6,0.27,0.25,0.25,0.25,success,success,success,success,1.08,1.08,1.08,0.27,0.24,0.25,0.24,6,10,6,2
job_t64,job,64,10b,6,0.18,0.24,0.24,0.23,success,success,success,success,0.75,0.75,0.782608696,0.18,0.22,0.22,0.21,6,18,18,3
job_t64,job,64,10c,3,0.34,0.37,0.37,0.39,success,success,success,success,0.918918919,0.918918919,0.871794872,0.34,0.33,0.34,0.39,3,9,9,3
job_t64,job,64,11a,4,0.17,0.17,0.17,0.17,success,success,success,success,1,1,1,0.17,0.16,0.16,0.17,4,7,12,0
job_t64,job,64,11b,4,0.17,0.17,0.17,0.17,success,success,success,success,1,1,1,0.17,0.16,0.16,0.17,4,7,7,0
job_t64,job,64,11c,0,0.17,0.19,0.18,0.18,success,success,success,success,0.894736842,0.944444444,0.944444444,0.17,0.16,0.17,0.16,0,12,3,3
job_t64,job,64,11d,0,0.17,0.22,0.21,0.19,success,success,success,success,0.772727273,0.80952381,0.894736842,0.17,0.17,0.18,0.17,0,12,12,3
job_t64,job,64,12a,0,0.21,0.23,0.22,0.19,success,success,success,success,0.913043478,0.954545455,1.10526316,0.21,0.19,0.19,0.18,0,10,16,3
job_t64,job,64,12b,3,0.21,0.2,0.18,0.17,success,success,success,success,1.05,1.16666667,1.23529412,0.21,0.17,0.18,0.17,3,12,0,1
job_t64,job,64,12c,0,0.23,0.23,0.21,0.2,success,success,success,success,1,1.0952381,1.15,0.23,0.2,0.21,0.2,0,12,0,0
job_t64,job,64,13a,0,0.3,0.3,0.28,0.29,success,success,success,success,1,1.07142857,1.03448276,0.3,0.23,0.23,0.25,0,11,11,3
job_t64,job,64,13b,3,0.22,0.24,0.22,0.19,success,success,success,success,0.916666667,1,1.15789474,0.22,0.18,0.18,0.18,3,4,0,0
job_t64,job,64,13c,4,0.2,0.17,0.17,0.17,success,success,success,success,1.17647059,1.17647059,1.17647059,0.2,0.16,0.17,0.17,4,16,0,0
job_t64,job,64,13d,0,0.33,0.42,0.4,0.41,success,success,success,success,0.785714286,0.825,0.804878049,0.33,0.34,0.34,0.37,0,11,9,2
job_t64,job,64,14a,1,0.26,0.21,0.19,0.19,success,success,success,success,1.23809524,1.36842105,1.36842105,0.26,0.19,0.19,0.18,1,9,0,0
job_t64,job,64,14b,4,0.22,0.17,0.18,0.16,success,success,success,success,1.29411765,1.22222222,1.375,0.22,0.16,0.17,0.16,4,9,2,0
job_t64,job,64,14c,1,0.3,0.22,0.2,0.2,success,success,success,success,1.36363636,1.5,1.5,0.3,0.2,0.2,0.19,1,12,1,0
job_t64,job,64,15a,6,0.33,0.34,0.35,0.33,success,success,success,success,0.970588235,0.942857143,1,0.33,0.32,0.31,0.33,6,11,18,0
job_t64,job,64,15b,1,0.31,0.34,0.32,0.31,success,success,success,success,0.911764706,0.96875,1,0.31,0.3,0.31,0.3,1,18,11,0
job_t64,job,64,15c,1,0.32,0.34,0.31,0.32,success,success,success,success,0.941176471,1.03225806,1,0.32,0.32,0.31,0.31,1,18,1,0
job_t64,job,64,15d,1,0.23,0.25,0.23,0.23,success,success,success,success,0.92,1,1,0.23,0.24,0.23,0.22,1,8,1,2
job_t64,job,64,16a,7,0.38,0.32,0.32,0.31,success,success,success,success,1.1875,1.1875,1.22580645,0.38,0.31,0.3,0.29,7,17,2,0
job_t64,job,64,16b,0,1.18,0.56,0.56,0.58,success,success,success,success,2.10714286,2.10714286,2.03448276,1.18,0.41,0.44,0.39,0,13,18,13
job_t64,job,64,16c,3,0.6,0.44,0.43,0.39,success,success,success,success,1.36363636,1.39534884,1.53846154,0.6,0.39,0.4,0.38,3,13,4,4
job_t64,job,64,16d,3,0.56,0.44,0.42,0.37,success,success,success,success,1.27272727,1.33333333,1.51351351,0.56,0.39,0.39,0.37,3,4,4,3
job_t64,job,64,17a,14,0.46,0.39,0.39,0.41,success,success,success,success,1.17948718,1.17948718,1.12195122,0.46,0.32,0.33,0.31,14,6,2,6
job_t64,job,64,17b,18,0.36,0.27,0.28,0.31,success,success,success,success,1.33333333,1.28571429,1.16129032,0.36,0.27,0.27,0.31,18,10,10,6
job_t64,job,64,17c,2,0.33,0.3,0.28,0.25,success,success,success,success,1.1,1.17857143,1.32,0.33,0.27,0.26,0.24,2,10,1,1
job_t64,job,64,17d,2,0.37,0.33,0.32,0.28,success,success,success,success,1.12121212,1.15625,1.32142857,0.37,0.31,0.31,0.28,2,7,0,2
job_t64,job,64,17e,0,0.72,0.46,0.44,0.46,success,success,success,success,1.56521739,1.63636364,1.56521739,0.72,0.38,0.4,0.36,0,6,11,6
job_t64,job,64,17f,18,0.63,0.5,0.51,0.55,success,success,success,success,1.26,1.23529412,1.14545455,0.63,0.36,0.38,0.36,18,8,2,2
job_t64,job,64,18a,2,0.37,0.38,0.37,0.35,success,success,success,success,0.973684211,1,1.05714286,0.37,0.36,0.35,0.33,2,5,6,4
job_t64,job,64,18b,6,0.33,0.3,0.31,0.31,success,success,success,success,1.1,1.06451613,1.06451613,0.33,0.3,0.3,0.31,6,6,4,0
job_t64,job,64,18c,2,0.4,0.39,0.38,0.36,success,success,success,success,1.02564103,1.05263158,1.11111111,0.4,0.37,0.37,0.35,2,6,1,3
job_t64,job,64,19a,5,0.44,0.4,0.4,0.37,success,success,success,success,1.1,1.1,1.18918919,0.44,0.38,0.38,0.37,5,16,16,5
job_t64,job,64,19b,5,0.39,0.37,0.37,0.37,success,success,success,success,1.05405405,1.05405405,1.05405405,0.39,0.33,0.34,0.33,5,4,1,6
job_t64,job,64,19c,5,0.43,0.41,0.41,0.4,success,success,success,success,1.04878049,1.04878049,1.075,0.43,0.39,0.39,0.38,5,19,0,0
job_t64,job,64,19d,1,0.46,0.48,0.47,0.41,success,success,success,success,0.958333333,0.978723404,1.12195122,0.46,0.43,0.44,0.38,1,4,16,4
job_t64,job,64,20a,0,0.28,0.3,0.29,0.31,success,success,success,success,0.933333333,0.965517241,0.903225806,0.28,0.28,0.29,0.29,0,10,0,2
job_t64,job,64,20b,1,0.24,0.25,0.24,0.22,success,success,success,success,0.96,1,1.09090909,0.24,0.24,0.23,0.22,1,6,19,1
job_t64,job,64,20c,0,0.38,0.41,0.39,0.45,success,success,success,success,0.926829268,0.974358974,0.844444444,0.38,0.35,0.34,0.34,0,10,1,1
job_t64,job,64,21a,2,0.24,0.26,0.24,0.24,success,success,success,success,0.923076923,1,1,0.24,0.23,0.23,0.23,2,7,7,0
job_t64,job,64,21b,2,0.23,0.25,0.24,0.23,success,success,success,success,0.92,0.958333333,1,0.23,0.22,0.22,0.23,2,17,17,2
job_t64,job,64,21c,2,0.24,0.27,0.25,0.25,success,success,success,success,0.888888889,0.96,0.96,0.24,0.22,0.23,0.24,2,17,17,7
job_t64,job,64,22a,2,0.31,0.3,0.28,0.25,success,success,success,success,1.03333333,1.10714286,1.24,0.31,0.24,0.24,0.23,2,7,7,6
job_t64,job,64,22b,2,0.29,0.29,0.27,0.24,success,success,success,success,1,1.07407407,1.20833333,0.29,0.24,0.23,0.23,2,7,17,0
job_t64,job,64,22c,19,0.4,0.28,0.28,0.26,success,success,success,success,1.42857143,1.42857143,1.53846154,0.4,0.26,0.26,0.24,19,17,7,6
job_t64,job,64,22d,19,0.39,0.29,0.29,0.26,success,success,success,success,1.34482759,1.34482759,1.5,0.39,0.24,0.25,0.24,19,14,14,3
job_t64,job,64,23a,1,0.3,0.32,0.3,0.32,success,success,success,success,0.9375,1,0.9375,0.3,0.3,0.3,0.28,1,9,1,5
job_t64,job,64,23b,1,0.29,0.32,0.32,0.31,success,success,success,success,0.90625,0.90625,0.935483871,0.29,0.29,0.29,0.28,1,4,9,2
job_t64,job,64,23c,1,0.31,0.37,0.35,0.29,success,success,success,success,0.837837838,0.885714286,1.06896552,0.31,0.32,0.31,0.29,1,11,10,1
job_t64,job,64,24a,1,0.46,0.47,0.45,0.39,success,success,success,success,0.978723404,1.02222222,1.17948718,0.46,0.39,0.4,0.36,1,16,0,0
job_t64,job,64,24b,1,0.45,0.44,0.42,0.35,success,success,success,success,1.02272727,1.07142857,1.28571429,0.45,0.34,0.34,0.33,1,11,11,5
job_t64,job,64,25a,1,0.65,0.41,0.4,0.36,success,success,success,success,1.58536585,1.625,1.80555556,0.65,0.36,0.36,0.34,1,10,10,0
job_t64,job,64,25b,4,0.58,0.33,0.34,0.31,success,success,success,success,1.75757576,1.70588235,1.87096774,0.58,0.33,0.33,0.31,4,4,5,4
job_t64,job,64,25c,3,0.47,0.47,0.46,0.41,success,success,success,success,1,1.02173913,1.14634146,0.47,0.4,0.4,0.37,3,16,8,0
job_t64,job,64,26a,6,0.42,0.41,0.42,0.39,success,success,success,success,1.02439024,1,1.07692308,0.42,0.36,0.37,0.34,6,8,1,2
job_t64,job,64,26b,2,0.36,0.36,0.34,0.32,success,success,success,success,1,1.05882353,1.125,0.36,0.33,0.32,0.31,2,12,13,4
job_t64,job,64,26c,6,0.44,0.44,0.45,0.5,success,success,success,success,1,0.977777778,0.88,0.44,0.37,0.36,0.34,6,5,1,4
job_t64,job,64,27a,0,0.23,0.28,0.26,0.25,success,success,success,success,0.821428571,0.884615385,0.92,0.23,0.22,0.23,0.23,0,7,7,4
job_t64,job,64,27b,0,0.24,0.27,0.25,0.24,success,success,success,success,0.888888889,0.96,1,0.24,0.18,0.18,0.18,0,4,11,4
job_t64,job,64,27c,0,0.25,0.28,0.25,0.25,success,success,success,success,0.892857143,1,1,0.25,0.23,0.23,0.22,0,4,4,4
job_t64,job,64,28a,0,0.34,0.29,0.27,0.24,success,success,success,success,1.17241379,1.25925926,1.41666667,0.34,0.24,0.24,0.22,0,5,1,1
job_t64,job,64,28b,0,0.28,0.27,0.26,0.22,success,success,success,success,1.03703704,1.07692308,1.27272727,0.28,0.23,0.23,0.21,0,11,1,1
job_t64,job,64,28c,18,0.36,0.28,0.27,0.27,success,success,success,success,1.28571429,1.33333333,1.33333333,0.36,0.25,0.26,0.23,18,9,9,5
job_t64,job,64,29a,18,0.58,0.4,0.42,0.4,success,success,success,success,1.45,1.38095238,1.45,0.58,0.37,0.37,0.37,18,14,14,1
job_t64,job,64,29b,18,0.55,0.39,0.39,0.39,success,success,success,success,1.41025641,1.41025641,1.41025641,0.55,0.36,0.37,0.36,18,12,2,2
job_t64,job,64,29c,18,0.55,0.45,0.44,0.45,success,success,success,success,1.22222222,1.25,1.22222222,0.55,0.41,0.4,0.4,18,8,12,0
job_t64,job,64,30a,19,0.43,0.4,0.41,0.41,success,success,success,success,1.075,1.04878049,1.04878049,0.43,0.36,0.36,0.35,19,11,14,0
job_t64,job,64,30b,5,0.39,0.36,0.37,0.34,success,success,success,success,1.08333333,1.05405405,1.14705882,0.39,0.35,0.34,0.31,5,6,1,4
job_t64,job,64,30c,0,0.42,0.41,0.39,0.36,success,success,success,success,1.02439024,1.07692308,1.16666667,0.42,0.39,0.38,0.36,0,2,2,0
job_t64,job,64,31a,3,0.48,0.43,0.46,0.42,success,success,success,success,1.11627907,1.04347826,1.14285714,0.48,0.36,0.37,0.33,3,8,0,5
job_t64,job,64,31b,5,0.38,0.37,0.37,0.35,success,success,success,success,1.02702703,1.02702703,1.08571429,0.38,0.35,0.35,0.34,5,15,0,0
job_t64,job,64,31c,0,0.43,0.39,0.38,0.36,success,success,success,success,1.1025641,1.13157895,1.19444444,0.43,0.39,0.37,0.35,0,0,2,1
job_t64,job,64,32a,0,0.14,0.15,0.14,0.12,success,success,success,success,0.933333333,1,1.16666667,0.14,0.13,0.13,0.11,0,4,4,1
job_t64,job,64,32b,0,0.17,0.19,0.17,0.16,success,success,success,success,0.894736842,1,1.0625,0.17,0.16,0.17,0.16,0,4,0,0
job_t64,job,64,33a,5,0.25,0.18,0.18,0.17,success,success,success,success,1.38888889,1.38888889,1.47058824,0.25,0.17,0.17,0.17,5,18,10,0
job_t64,job,64,33b,7,0.21,0.17,0.17,0.17,success,success,success,success,1.23529412,1.23529412,1.23529412,0.21,0.15,0.17,0.16,7,17,0,2
job_t64,job,64,33c,0,0.28,0.24,0.22,0.18,success,success,success,success,1.16666667,1.27272727,1.55555556,0.28,0.2,0.2,0.18,0,5,1,0
tpch_sf10_t64,TPCH SF10,64,Q01,8,0.39,0.4,0.4,0.4,success,success,success,success,0.975,0.975,0.975,0.39,0.39,0.39,0.38,8,2,19,14
tpch_sf10_t64,TPCH SF10,64,Q02,12,0.26,0.26,0.26,0.26,success,success,success,success,1,1,1,0.26,0.25,0.26,0.25,12,2,0,14
tpch_sf10_t64,TPCH SF10,64,Q03,6,0.56,0.57,0.58,0.56,success,success,success,success,0.98245614,0.965517241,1,0.56,0.54,0.56,0.54,6,3,1,18
tpch_sf10_t64,TPCH SF10,64,Q04,9,0.47,0.48,0.51,0.48,success,success,success,success,0.979166667,0.921568627,0.979166667,0.47,0.47,0.5,0.45,9,2,6,17
tpch_sf10_t64,TPCH SF10,64,Q05,8,0.54,0.58,0.69,0.71,success,success,success,success,0.931034483,0.782608696,0.76056338,0.54,0.58,0.59,0.63,8,2,15,2
tpch_sf10_t64,TPCH SF10,64,Q06,11,0.38,0.39,0.39,0.39,success,success,success,success,0.974358974,0.974358974,0.974358974,0.38,0.38,0.39,0.37,11,2,0,14
tpch_sf10_t64,TPCH SF10,64,Q07,9,0.61,0.6,0.61,0.61,success,success,success,success,1.01666667,1,1,0.61,0.6,0.61,0.58,9,1,0,16
tpch_sf10_t64,TPCH SF10,64,Q08,4,0.63,0.66,0.66,0.66,success,success,success,success,0.954545455,0.954545455,0.954545455,0.63,0.66,0.66,0.64,4,1,4,14
tpch_sf10_t64,TPCH SF10,64,Q09,9,0.82,0.8,0.82,0.87,success,success,success,success,1.025,1,0.942528736,0.82,0.77,0.79,0.78,9,2,3,15
tpch_sf10_t64,TPCH SF10,64,Q10,8,0.64,0.67,0.67,0.69,success,success,success,success,0.955223881,0.955223881,0.927536232,0.64,0.66,0.66,0.67,8,1,0,14
tpch_sf10_t64,TPCH SF10,64,Q11,8,0.18,0.19,0.2,0.18,success,success,success,success,0.947368421,0.9,1,0.18,0.19,0.19,0.17,8,0,10,18
tpch_sf10_t64,TPCH SF10,64,Q12,9,0.47,0.48,0.5,0.5,success,success,success,success,0.979166667,0.94,0.94,0.47,0.47,0.49,0.47,9,1,7,15
tpch_sf10_t64,TPCH SF10,64,Q13,9,0.49,0.5,0.55,0.51,success,success,success,success,0.98,0.890909091,0.960784314,0.49,0.49,0.53,0.47,9,1,4,16
tpch_sf10_t64,TPCH SF10,64,Q14,5,0.5,0.5,0.52,0.54,success,success,success,success,1,0.961538462,0.925925926,0.5,0.5,0.51,0.52,5,0,0,13
tpch_sf10_t64,TPCH SF10,64,Q15,9,0.48,0.49,0.5,0.5,success,success,success,success,0.979591837,0.96,0.96,0.48,0.49,0.49,0.47,9,1,0,14
tpch_sf10_t64,TPCH SF10,64,Q16,10,0.26,0.27,0.27,0.27,success,success,success,success,0.962962963,0.962962963,0.962962963,0.26,0.26,0.27,0.24,10,1,0,13
tpch_sf10_t64,TPCH SF10,64,Q17,6,0.5,0.5,0.5,0.51,success,success,success,success,1,1,0.980392157,0.5,0.49,0.5,0.48,6,2,0,15
tpch_sf10_t64,TPCH SF10,64,Q18,9,0.84,0.86,1.21,0.85,success,success,success,success,0.976744186,0.694214876,0.988235294,0.84,0.84,1.18,0.84,9,1,7,13
tpch_sf10_t64,TPCH SF10,64,Q19,7,0.61,0.62,0.63,0.64,success,success,success,success,0.983870968,0.968253968,0.953125,0.61,0.61,0.61,0.61,7,1,16,18
tpch_sf10_t64,TPCH SF10,64,Q20,1,0.57,0.55,0.56,0.57,success,success,success,success,1.03636364,1.01785714,1,0.57,0.55,0.56,0.54,1,1,0,14
tpch_sf10_t64,TPCH SF10,64,Q21,12,0.81,0.84,1.15,0.84,success,success,success,success,0.964285714,0.704347826,0.964285714,0.81,0.8,0.98,0.82,12,1,5,19
tpch_sf10_t64,TPCH SF10,64,Q22,12,0.22,0.23,0.23,0.23,success,success,success,success,0.956521739,0.956521739,0.956521739,0.22,0.22,0.22,0.21,12,1,16,13
tpch_sf20_t64,TPCH SF20,64,Q01,4,0.65,0.65,0.66,0.66,success,success,success,success,1,0.984848485,0.984848485,0.65,0.65,0.65,0.66,4,4,5,0
tpch_sf20_t64,TPCH SF20,64,Q02,2,0.3,0.29,0.29,0.3,success,success,success,success,1.03448276,1.03448276,1,0.3,0.28,0.28,0.29,2,0,4,4
tpch_sf20_t64,TPCH SF20,64,Q03,3,0.95,0.93,0.94,0.94,success,success,success,success,1.02150538,1.0106383,1.0106383,0.95,0.92,0.93,0.93,3,0,5,6
tpch_sf20_t64,TPCH SF20,64,Q04,6,0.67,0.69,0.72,0.68,success,success,success,success,0.971014493,0.930555556,0.985294118,0.67,0.66,0.7,0.67,6,4,0,5
tpch_sf20_t64,TPCH SF20,64,Q05,6,0.91,0.97,0.97,1.22,success,success,success,success,0.93814433,0.93814433,0.745901639,0.91,0.96,0.97,1.08,6,10,6,12
tpch_sf20_t64,TPCH SF20,64,Q06,0,0.64,0.64,0.65,0.64,success,success,success,success,1,0.984615385,1,0.64,0.64,0.64,0.64,0,0,2,0
tpch_sf20_t64,TPCH SF20,64,Q07,1,1.03,1.02,1.03,1.04,success,success,success,success,1.00980392,1,0.990384615,1.03,1.01,1.01,1.03,1,14,9,0
tpch_sf20_t64,TPCH SF20,64,Q08,11,1.01,1.02,1.01,1.02,success,success,success,success,0.990196078,1,0.990196078,1.01,1.01,1.01,1,11,1,4,3
tpch_sf20_t64,TPCH SF20,64,Q09,5,1.38,1.39,1.38,1.35,success,success,success,success,0.992805755,1,1.02222222,1.38,1.33,1.34,1.34,5,3,2,6
tpch_sf20_t64,TPCH SF20,64,Q10,0,1,1.01,1.02,1.09,success,success,success,success,0.99009901,0.980392157,0.917431193,1,1.01,1.01,1.08,0,0,5,1
tpch_sf20_t64,TPCH SF20,64,Q11,12,0.22,0.23,0.23,0.23,success,success,success,success,0.956521739,0.956521739,0.956521739,0.22,0.22,0.22,0.22,12,4,8,2
tpch_sf20_t64,TPCH SF20,64,Q12,7,0.75,0.76,0.77,0.8,success,success,success,success,0.986842105,0.974025974,0.9375,0.75,0.75,0.77,0.78,7,2,7,4
tpch_sf20_t64,TPCH SF20,64,Q13,15,0.79,0.81,0.9,0.81,success,success,success,success,0.975308642,0.877777778,0.975308642,0.79,0.8,0.86,0.79,15,8,9,9
tpch_sf20_t64,TPCH SF20,64,Q14,0,0.79,0.79,0.81,0.78,success,success,success,success,1,0.975308642,1.01282051,0.79,0.78,0.79,0.76,0,5,1,11
tpch_sf20_t64,TPCH SF20,64,Q15,0,0.82,0.83,0.82,0.81,success,success,success,success,0.987951807,1,1.01234568,0.82,0.81,0.82,0.81,0,19,0,0
tpch_sf20_t64,TPCH SF20,64,Q16,2,0.33,0.34,0.34,0.35,success,success,success,success,0.970588235,0.970588235,0.942857143,0.33,0.33,0.33,0.33,2,1,5,7
tpch_sf20_t64,TPCH SF20,64,Q17,10,0.77,0.78,0.78,0.78,success,success,success,success,0.987179487,0.987179487,0.987179487,0.77,0.77,0.77,0.77,10,1,3,1
tpch_sf20_t64,TPCH SF20,64,Q18,1,1.38,1.4,2.04,1.39,success,success,success,success,0.985714286,0.676470588,0.992805755,1.38,1.38,2.02,1.38,1,4,5,2
tpch_sf20_t64,TPCH SF20,64,Q19,5,0.99,1,1,1.04,success,success,success,success,0.99,0.99,0.951923077,0.99,0.99,0.99,1.02,5,8,0,13
tpch_sf20_t64,TPCH SF20,64,Q20,17,0.92,0.92,0.92,0.92,success,success,success,success,1,1,1,0.92,0.91,0.9,0.91,17,1,6,2
tpch_sf20_t64,TPCH SF20,64,Q21,9,1.2,1.2,1.55,1.24,success,success,success,success,1,0.774193548,0.967741935,1.2,1.2,1.48,1.21,9,9,19,14
tpch_sf20_t64,TPCH SF20,64,Q22,4,0.27,0.28,0.34,0.28,success,success,success,success,0.964285714,0.794117647,0.964285714,0.27,0.27,0.32,0.27,4,16,5,5
tpch_sf50_t64,TPCH SF50,64,Q01,0,1.46,1.47,1.47,1.47,success,success,success,success,0.993197279,0.993197279,0.993197279,1.46,1.45,1.45,1.46,0,6,1,1
tpch_sf50_t64,TPCH SF50,64,Q02,4,0.44,0.44,0.44,0.46,success,success,success,success,1,1,0.956521739,0.44,0.43,0.43,0.44,4,6,0,16
tpch_sf50_t64,TPCH SF50,64,Q03,0,2.21,2.24,2.26,2.05,success,success,success,success,0.986607143,0.977876106,1.07804878,2.21,2.01,2.02,2.03,0,4,1,10
tpch_sf50_t64,TPCH SF50,64,Q04,1,1.42,1.43,1.45,1.42,success,success,success,success,0.993006993,0.979310345,1,1.42,1.42,1.43,1.41,1,2,4,7
tpch_sf50_t64,TPCH SF50,64,Q05,6,2.16,2.26,2.26,2.4,success,success,success,success,0.955752212,0.955752212,0.9,2.16,2.23,2.24,2.37,6,8,16,17
tpch_sf50_t64,TPCH SF50,64,Q06,1,1.44,1.47,1.45,1.45,success,success,success,success,0.979591837,0.993103448,0.993103448,1.44,1.44,1.44,1.45,1,2,4,0
tpch_sf50_t64,TPCH SF50,64,Q07,1,2.42,2.39,2.41,2.44,success,success,success,success,1.0125523,1.00414938,0.991803279,2.42,2.38,2.39,2.43,1,5,0,2
tpch_sf50_t64,TPCH SF50,64,Q08,1,2.31,2.33,2.32,2.34,success,success,success,success,0.991416309,0.995689655,0.987179487,2.31,2.32,2.32,2.32,1,4,1,2
tpch_sf50_t64,TPCH SF50,64,Q09,1,3.37,3.38,3.39,3.06,success,success,success,success,0.99704142,0.994100295,1.10130719,3.37,3.11,3.13,3.04,1,3,3,7
tpch_sf50_t64,TPCH SF50,64,Q10,2,2.19,2.19,2.19,2.24,success,success,success,success,1,1,0.977678571,2.19,2.18,2.19,2.24,2,10,2,0
tpch_sf50_t64,TPCH SF50,64,Q11,0,0.35,0.36,0.36,0.35,success,success,success,success,0.972222222,0.972222222,1,0.35,0.35,0.34,0.34,0,2,6,2
tpch_sf50_t64,TPCH SF50,64,Q12,0,1.61,1.61,1.64,1.63,success,success,success,success,1,0.981707317,0.987730061,1.61,1.6,1.62,1.62,0,19,9,5
tpch_sf50_t64,TPCH SF50,64,Q13,6,1.57,1.59,1.8,1.6,success,success,success,success,0.987421384,0.872222222,0.98125,1.57,1.57,1.79,1.57,6,7,10,18
tpch_sf50_t64,TPCH SF50,64,Q14,1,1.79,1.8,1.81,1.73,success,success,success,success,0.994444444,0.988950276,1.03468208,1.79,1.79,1.8,1.72,1,0,0,13
tpch_sf50_t64,TPCH SF50,64,Q15,2,1.91,1.92,1.94,1.92,success,success,success,success,0.994791667,0.984536082,0.994791667,1.91,1.91,1.93,1.9,2,0,0,3
tpch_sf50_t64,TPCH SF50,64,Q16,7,0.54,0.54,0.56,0.55,success,success,success,success,1,0.964285714,0.981818182,0.54,0.54,0.54,0.55,7,0,3,2
tpch_sf50_t64,TPCH SF50,64,Q17,2,1.73,1.73,1.75,1.72,success,success,success,success,1,0.988571429,1.00581395,1.73,1.73,1.73,1.72,2,2,0,2
tpch_sf50_t64,TPCH SF50,64,Q18,17,3.19,3.23,4.99,3.24,success,success,success,success,0.987616099,0.639278557,0.984567901,3.19,3.21,4.34,3.21,17,1,3,4
tpch_sf50_t64,TPCH SF50,64,Q19,5,2.22,2.23,2.21,2.32,success,success,success,success,0.995515695,1.00452489,0.956896552,2.22,2.22,2.19,2.3,5,2,3,1
tpch_sf50_t64,TPCH SF50,64,Q20,0,2.07,2.04,2.02,2.04,success,success,success,success,1.01470588,1.02475248,1.01470588,2.07,2.03,2.01,2.03,0,11,10,10
tpch_sf50_t64,TPCH SF50,64,Q21,19,2.52,2.52,3.2,2.6,success,success,success,success,1,0.7875,0.969230769,2.52,2.51,3.16,2.52,19,1,10,0
tpch_sf50_t64,TPCH SF50,64,Q22,18,0.46,0.48,0.63,0.48,success,success,success,success,0.958333333,0.73015873,0.958333333,0.46,0.46,0.59,0.46,18,16,1,11
tpch_sf100_t64,TPCH SF100,64,Q01,0,2.37,2.37,2.38,2.37,success,success,success,success,1,0.995798319,1,2.37,2.37,2.37,2.36,0,0,6,6
tpch_sf100_t64,TPCH SF100,64,Q02,16,0.77,0.71,0.72,0.72,success,success,success,success,1.08450704,1.06944444,1.06944444,0.77,0.71,0.72,0.72,16,12,9,16
tpch_sf100_t64,TPCH SF100,64,Q03,9,3.96,3.59,3.58,3.62,success,success,success,success,1.10306407,1.10614525,1.09392265,3.96,3.57,3.57,3.57,9,12,4,12
tpch_sf100_t64,TPCH SF100,64,Q04,14,2.59,2.61,2.65,2.6,success,success,success,success,0.992337165,0.977358491,0.996153846,2.59,2.59,2.61,2.58,14,0,7,2
tpch_sf100_t64,TPCH SF100,64,Q05,6,4.1,4.22,4.24,4.62,success,success,success,success,0.971563981,0.966981132,0.887445887,4.1,4.09,4.07,4.35,6,12,10,12
tpch_sf100_t64,TPCH SF100,64,Q06,1,2.38,2.38,2.39,2.38,success,success,success,success,1,0.9958159,1,2.38,2.37,2.37,2.37,1,5,18,7
tpch_sf100_t64,TPCH SF100,64,Q07,1,4.84,4.82,4.89,4.9,success,success,success,success,1.00414938,0.989775051,0.987755102,4.84,4.8,4.73,4.9,1,12,2,1
tpch_sf100_t64,TPCH SF100,64,Q08,11,4.4,4.6,4.59,4.57,success,success,success,success,0.956521739,0.958605664,0.962800875,4.4,4.4,4.31,4.33,11,0,7,8
tpch_sf100_t64,TPCH SF100,64,Q09,5,6.55,6.6,6.62,6.11,success,success,success,success,0.992424242,0.989425982,1.07201309,6.55,5.99,6.05,6.07,5,3,2,18
tpch_sf100_t64,TPCH SF100,64,Q10,8,3.91,4.09,4.12,4.16,success,success,success,success,0.95599022,0.949029126,0.939903846,3.91,3.92,3.96,4.01,8,0,6,1
tpch_sf100_t64,TPCH SF100,64,Q11,2,0.55,0.55,0.56,0.54,success,success,success,success,1,0.982142857,1.01851852,0.55,0.54,0.54,0.53,2,12,6,4
tpch_sf100_t64,TPCH SF100,64,Q12,1,2.89,2.9,3.07,2.93,success,success,success,success,0.996551724,0.941368078,0.986348123,2.89,2.9,2.95,2.92,1,1,2,4
tpch_sf100_t64,TPCH SF100,64,Q13,15,2.86,2.9,3.48,2.93,success,success,success,success,0.986206897,0.82183908,0.976109215,2.86,2.86,3.38,2.87,15,9,6,5
tpch_sf100_t64,TPCH SF100,64,Q14,6,3.6,3.66,3.63,3.52,success,success,success,success,0.983606557,0.991735537,1.02272727,3.6,3.61,3.56,3.48,6,2,17,8
tpch_sf100_t64,TPCH SF100,64,Q15,8,3.37,3.49,3.54,3.51,success,success,success,success,0.965616046,0.951977401,0.96011396,3.37,3.48,3.4,3.37,8,1,9,7
tpch_sf100_t64,TPCH SF100,64,Q16,2,0.85,0.9,0.86,0.86,success,success,success,success,0.944444444,0.988372093,0.988372093,0.85,0.85,0.85,0.84,2,0,5,16
tpch_sf100_t64,TPCH SF100,64,Q17,1,3.39,3.41,3.4,3.39,success,success,success,success,0.994134897,0.997058824,1,3.39,3.39,3.39,3.38,1,0,13,4
tpch_sf100_t64,TPCH SF100,64,Q18,14,6.24,6.28,9.67,6.3,success,success,success,success,0.993630573,0.645294726,0.99047619,6.24,6.25,8.39,6.24,14,6,9,18
tpch_sf100_t64,TPCH SF100,64,Q19,13,4.93,4.97,5.08,5.15,success,success,success,success,0.99195171,0.970472441,0.957281553,4.93,4.95,4.95,5.12,13,16,4,1
tpch_sf100_t64,TPCH SF100,64,Q20,3,3.56,3.72,3.72,3.76,success,success,success,success,0.956989247,0.956989247,0.946808511,3.56,3.47,3.49,3.7,3,8,19,7
tpch_sf100_t64,TPCH SF100,64,Q21,9,5.19,5.27,6.13,5.33,success,success,success,success,0.984819734,0.846655791,0.973733583,5.19,5.23,6.13,5.25,9,19,1,0
tpch_sf100_t64,TPCH SF100,64,Q22,0,0.7,0.7,0.92,0.7,success,success,success,success,1,0.760869565,1,0.7,0.69,0.89,0.69,0,11,14,11
tpcds_sf10_t64,TPCDS SF10,64,Q01,1,0.41,0.42,0.52,0.42,success,success,success,success,0.976190476,0.788461538,0.976190476,0.41,0.41,0.52,0.41,1,9,0,3
tpcds_sf10_t64,TPCDS SF10,64,Q02,1,0.31,0.32,0.32,0.32,success,success,success,success,0.96875,0.96875,0.96875,0.31,0.31,0.31,0.31,1,0,3,19
tpcds_sf10_t64,TPCDS SF10,64,Q03,0,0.31,0.32,0.32,0.31,success,success,success,success,0.96875,0.96875,1,0.31,0.31,0.31,0.31,0,2,1,0
tpcds_sf10_t64,TPCDS SF10,64,Q04,0,1.04,1.46,1.45,1.45,success,success,success,success,0.712328767,0.717241379,0.717241379,1.04,1.04,1.03,0.93,0,2,6,17
tpcds_sf10_t64,TPCDS SF10,64,Q05,0,0.52,0.52,0.62,0.52,success,success,success,success,1,0.838709677,1,0.52,0.52,0.52,0.52,0,0,1,0
tpcds_sf10_t64,TPCDS SF10,64,Q06,16,0.41,0.42,0.42,0.42,success,success,success,success,0.976190476,0.976190476,0.976190476,0.41,0.42,0.42,0.42,16,0,0,0
tpcds_sf10_t64,TPCDS SF10,64,Q07,0,0.52,0.52,0.52,0.52,success,success,success,success,1,1,1,0.52,0.52,0.52,0.52,0,0,0,0
tpcds_sf10_t64,TPCDS SF10,64,Q08,0,0.93,0.93,0.93,0.93,success,success,success,success,1,1,1,0.93,0.93,0.93,0.93,0,0,0,0
tpcds_sf10_t64,TPCDS SF10,64,Q09,0,0.32,0.32,0.32,0.32,success,success,success,success,1,1,1,0.32,0.32,0.32,0.32,0,0,0,0
tpcds_sf10_t64,TPCDS SF10,64,Q10,7,0.31,0.32,0.42,0.32,success,success,success,success,0.96875,0.738095238,0.96875,0.31,0.31,0.31,0.31,7,4,2,0
tpcds_sf10_t64,TPCDS SF10,64,Q11,0,0.83,0.83,0.83,1.24,success,success,success,success,1,1,0.669354839,0.83,0.73,0.73,0.73,0,3,4,11
tpcds_sf10_t64,TPCDS SF10,64,Q12,0,0.31,0.31,0.32,0.31,success,success,success,success,1,0.96875,1,0.31,0.31,0.31,0.31,0,0,1,0
tpcds_sf10_t64,TPCDS SF10,64,Q13,0,0.52,0.53,0.52,0.62,success,success,success,success,0.981132075,1,0.838709677,0.52,0.52,0.52,0.62,0,2,0,0
tpcds_sf10_t64,TPCDS SF10,64,Q14,0,1.14,1.25,1.16,1.26,success,success,success,success,0.912,0.982758621,0.904761905,1.14,1.15,1.14,1.25,0,7,16,5
tpcds_sf10_t64,TPCDS SF10,64,Q15,0,0.21,0.21,0.21,0.21,success,success,success,success,1,1,1,0.21,0.21,0.21,0.21,0,0,0,0
tpcds_sf10_t64,TPCDS SF10,64,Q16,0,0.21,0.21,0.21,0.21,success,success,success,success,1,1,1,0.21,0.21,0.21,0.21,0,0,0,0
tpcds_sf10_t64,TPCDS SF10,64,Q17,1,0.42,0.42,0.42,0.52,success,success,success,success,1,1,0.807692308,0.42,0.42,0.42,0.52,1,0,0,0
tpcds_sf10_t64,TPCDS SF10,64,Q18,17,0.31,0.31,0.31,0.32,success,success,success,success,1,1,0.96875,0.31,0.31,0.31,0.31,17,0,3,6
tpcds_sf10_t64,TPCDS SF10,64,Q19,0,0.42,0.42,0.42,0.42,success,success,success,success,1,1,1,0.42,0.42,0.42,0.42,0,0,0,0
tpcds_sf10_t64,TPCDS SF10,64,Q20,0,0.21,0.31,0.31,0.32,success,success,success,success,0.677419355,0.677419355,0.65625,0.21,0.21,0.31,0.31,0,15,0,7
tpcds_sf10_t64,TPCDS SF10,64,Q21,0,0.21,0.21,0.21,0.21,success,success,success,success,1,1,1,0.21,0.21,0.21,0.21,0,0,0,0
tpcds_sf10_t64,TPCDS SF10,64,Q22,2,2.62,2.73,2.72,2.74,success,success,success,success,0.95970696,0.963235294,0.95620438,2.62,2.71,2.63,2.64,2,6,17,9
tpcds_sf10_t64,TPCDS SF10,64,Q23,0,0.93,0.94,0.94,0.94,success,success,success,success,0.989361702,0.989361702,0.989361702,0.93,0.93,0.93,0.93,0,1,1,3
tpcds_sf10_t64,TPCDS SF10,64,Q24,3,0.52,0.52,0.52,0.52,success,success,success,success,1,1,1,0.52,0.42,0.52,0.52,3,0,0,0
tpcds_sf10_t64,TPCDS SF10,64,Q25,1,0.52,0.52,0.42,0.52,success,success,success,success,1,1.23809524,1,0.52,0.52,0.42,0.52,1,0,1,0
tpcds_sf10_t64,TPCDS SF10,64,Q26,0,0.21,0.31,0.21,0.21,success,success,success,success,0.677419355,1,1,0.21,0.21,0.21,0.21,0,1,0,0
tpcds_sf10_t64,TPCDS SF10,64,Q27,0,0.52,0.52,0.52,0.53,success,success,success,success,1,1,0.981132075,0.52,0.52,0.52,0.52,0,0,0,1
tpcds_sf10_t64,TPCDS SF10,64,Q28,0,0.52,0.52,0.52,0.53,success,success,success,success,1,1,0.981132075,0.52,0.52,0.52,0.52,0,0,0,1
tpcds_sf10_t64,TPCDS SF10,64,Q29,1,0.52,0.52,0.52,0.52,success,success,success,success,1,1,1,0.52,0.52,0.52,0.52,1,0,0,0
tpcds_sf10_t64,TPCDS SF10,64,Q30,2,0.31,0.31,0.31,0.32,success,success,success,success,1,1,0.96875,0.31,0.31,0.31,0.31,2,2,0,5
tpcds_sf10_t64,TPCDS SF10,64,Q31,0,0.42,0.42,0.42,0.52,success,success,success,success,1,1,0.807692308,0.42,0.42,0.42,0.52,0,0,0,0
tpcds_sf10_t64,TPCDS SF10,64,Q32,0,0.21,0.21,0.21,0.21,success,success,success,success,1,1,1,0.21,0.21,0.21,0.21,0,0,0,0
tpcds_sf10_t64,TPCDS SF10,64,Q33,6,0.41,0.42,0.43,0.52,success,success,success,success,0.976190476,0.953488372,0.788461538,0.41,0.42,0.42,0.42,6,0,0,3
tpcds_sf10_t64,TPCDS SF10,64,Q34,0,0.31,0.32,0.32,0.42,success,success,success,success,0.96875,0.96875,0.738095238,0.31,0.31,0.31,0.31,0,2,5,8
tpcds_sf10_t64,TPCDS SF10,64,Q35,1,0.42,0.52,0.52,0.52,success,success,success,success,0.807692308,0.807692308,0.807692308,0.42,0.42,0.52,0.42,1,5,0,4
tpcds_sf10_t64,TPCDS SF10,64,Q36,0,0.52,0.52,0.52,0.52,success,success,success,success,1,1,1,0.52,0.42,0.42,0.52,0,11,8,0
tpcds_sf10_t64,TPCDS SF10,64,Q37,2,0.21,0.21,0.21,0.21,success,success,success,success,1,1,1,0.21,0.21,0.21,0.21,2,0,0,0
tpcds_sf10_t64,TPCDS SF10,64,Q38,17,0.41,0.42,0.42,0.42,success,success,success,success,0.976190476,0.976190476,0.976190476,0.41,0.42,0.42,0.42,17,0,0,0
tpcds_sf10_t64,TPCDS SF10,64,Q39,18,0.32,0.32,0.42,0.42,success,success,success,success,1,0.761904762,0.761904762,0.32,0.32,0.32,0.42,18,7,0,0
tpcds_sf10_t64,TPCDS SF10,64,Q40,0,0.21,0.21,0.21,0.21,success,success,success,success,1,1,1,0.21,0.21,0.21,0.21,0,0,0,0
tpcds_sf10_t64,TPCDS SF10,64,Q41,0,0.21,0.21,0.21,0.21,success,success,success,success,1,1,1,0.21,0.21,0.21,0.21,0,0,0,0
tpcds_sf10_t64,TPCDS SF10,64,Q42,7,0.31,0.32,0.32,0.32,success,success,success,success,0.96875,0.96875,0.96875,0.31,0.31,0.31,0.31,7,3,5,5
tpcds_sf10_t64,TPCDS SF10,64,Q43,3,0.31,0.32,0.31,0.42,success,success,success,success,0.96875,1,0.738095238,0.31,0.31,0.31,0.31,3,4,3,6
tpcds_sf10_t64,TPCDS SF10,64,Q44,9,90.65,92.53,94.45,85.05,success,success,success,success,0.979682265,0.959767073,1.06584362,90.65,91.17,90.51,83.8,9,19,19,2
tpcds_sf10_t64,TPCDS SF10,64,Q45,0,0.31,0.31,0.32,0.31,success,success,success,success,1,0.96875,1,0.31,0.31,0.31,0.31,0,0,3,0
tpcds_sf10_t64,TPCDS SF10,64,Q46,0,0.52,0.52,0.52,0.52,success,success,success,success,1,1,1,0.52,0.52,0.52,0.52,0,0,0,0
tpcds_sf10_t64,TPCDS SF10,64,Q47,0,0.73,0.73,0.73,0.73,success,success,success,success,1,1,1,0.73,0.73,0.73,0.73,0,0,0,0
tpcds_sf10_t64,TPCDS SF10,64,Q48,1,0.42,0.52,0.52,0.52,success,success,success,success,0.807692308,0.807692308,0.807692308,0.42,0.42,0.52,0.52,1,5,0,1
tpcds_sf10_t64,TPCDS SF10,64,Q49,0,0.52,0.52,0.52,0.52,success,success,success,success,1,1,1,0.52,0.52,0.52,0.52,0,0,0,0
tpcds_sf10_t64,TPCDS SF10,64,Q50,2,0.42,0.42,0.42,0.42,success,success,success,success,1,1,1,0.42,0.42,0.42,0.42,2,0,0,0
tpcds_sf10_t64,TPCDS SF10,64,Q51,2,0.93,1.04,1.04,1.04,success,success,success,success,0.894230769,0.894230769,0.894230769,0.93,0.93,0.93,0.94,2,12,11,3
tpcds_sf10_t64,TPCDS SF10,64,Q52,5,0.31,0.32,0.31,0.31,success,success,success,success,0.96875,1,1,0.31,0.31,0.31,0.31,5,4,0,5
tpcds_sf10_t64,TPCDS SF10,64,Q53,0,0.42,0.42,0.42,0.42,success,success,success,success,1,1,1,0.42,0.42,0.42,0.42,0,0,0,0
tpcds_sf10_t64,TPCDS SF10,64,Q55,0,0.31,0.32,0.32,0.31,success,success,success,success,0.96875,0.96875,1,0.31,0.31,0.31,0.31,0,1,2,0
tpcds_sf10_t64,TPCDS SF10,64,Q56,1,0.42,0.52,0.52,0.42,success,success,success,success,0.807692308,0.807692308,1,0.42,0.42,0.42,0.42,1,0,0,0
tpcds_sf10_t64,TPCDS SF10,64,Q57,0,0.42,0.42,0.42,0.52,success,success,success,success,1,1,0.807692308,0.42,0.42,0.42,0.52,0,0,0,0
tpcds_sf10_t64,TPCDS SF10,64,Q58,0,0.52,0.52,0.52,0.52,success,success,success,success,1,1,1,0.52,0.52,0.52,0.52,0,0,0,0
tpcds_sf10_t64,TPCDS SF10,64,Q59,0,0.52,0.52,0.52,0.52,success,success,success,success,1,1,1,0.52,0.52,0.52,0.52,0,0,0,0
tpcds_sf10_t64,TPCDS SF10,64,Q60,7,0.42,0.52,0.52,0.52,success,success,success,success,0.807692308,0.807692308,0.807692308,0.42,0.42,0.42,0.52,7,2,2,0
tpcds_sf10_t64,TPCDS SF10,64,Q61,0,0.42,0.42,0.42,0.42,success,success,success,success,1,1,1,0.42,0.42,0.42,0.42,0,0,0,0
tpcds_sf10_t64,TPCDS SF10,64,Q62,0,0.21,0.21,0.21,0.32,success,success,success,success,1,1,0.65625,0.21,0.21,0.21,0.21,0,0,0,9
tpcds_sf10_t64,TPCDS SF10,64,Q63,0,0.42,0.42,0.42,0.42,success,success,success,success,1,1,1,0.42,0.41,0.32,0.42,0,2,8,0
tpcds_sf10_t64,TPCDS SF10,64,Q64,6,0.73,0.73,0.73,0.73,success,success,success,success,1,1,1,0.73,0.73,0.73,0.73,6,0,0,0
tpcds_sf10_t64,TPCDS SF10,64,Q65,0,1.85,1.75,1.75,1.34,success,success,success,success,1.05714286,1.05714286,1.38059701,1.85,1.75,1.75,1.34,0,0,0,0
tpcds_sf10_t64,TPCDS SF10,64,Q66,0,0.31,0.31,0.32,0.32,success,success,success,success,1,0.96875,0.96875,0.31,0.31,0.31,0.31,0,0,2,12
tpcds_sf10_t64,TPCDS SF10,64,Q67,19,1.97,2,1.99,2.1,success,success,success,success,0.985,0.989949749,0.938095238,1.97,1.98,1.78,2.07,19,2,9,13
tpcds_sf10_t64,TPCDS SF10,64,Q68,0,0.52,0.52,0.52,0.52,success,success,success,success,1,1,1,0.52,0.52,0.52,0.52,0,0,0,0
tpcds_sf10_t64,TPCDS SF10,64,Q69,1,0.31,0.32,0.31,0.32,success,success,success,success,0.96875,1,0.96875,0.31,0.31,0.31,0.31,1,0,1,2
tpcds_sf10_t64,TPCDS SF10,64,Q70,0,0.42,0.42,0.42,0.52,success,success,success,success,1,1,0.807692308,0.42,0.42,0.42,0.52,0,0,0,0
tpcds_sf10_t64,TPCDS SF10,64,Q71,0,0.42,0.42,0.42,0.42,success,success,success,success,1,1,1,0.42,0.42,0.42,0.42,0,0,0,0
tpcds_sf10_t64,TPCDS SF10,64,Q72,5,0.73,0.52,0.52,0.53,success,success,success,success,1.40384615,1.40384615,1.37735849,0.73,0.42,0.42,0.52,5,0,1,0
tpcds_sf10_t64,TPCDS SF10,64,Q73,3,0.31,0.32,0.32,0.32,success,success,success,success,0.96875,0.96875,0.96875,0.31,0.31,0.31,0.31,3,4,7,2
tpcds_sf10_t64,TPCDS SF10,64,Q74,0,0.62,0.62,0.52,0.93,success,success,success,success,1,1.19230769,0.666666667,0.62,0.52,0.52,0.52,0,14,0,15
tpcds_sf10_t64,TPCDS SF10,64,Q75,0,0.62,0.62,0.62,0.63,success,success,success,success,1,1,0.984126984,0.62,0.62,0.62,0.62,0,0,0,1
tpcds_sf10_t64,TPCDS SF10,64,Q76,0,0.52,0.52,0.52,0.52,success,success,success,success,1,1,1,0.52,0.52,0.52,0.52,0,0,0,0
tpcds_sf10_t64,TPCDS SF10,64,Q77,0,0.52,0.52,0.52,0.52,success,success,success,success,1,1,1,0.52,0.52,0.52,0.52,0,0,0,0
tpcds_sf10_t64,TPCDS SF10,64,Q78,0,0.83,0.83,0.83,0.94,success,success,success,success,1,1,0.882978723,0.83,0.83,0.83,0.93,0,0,0,1
tpcds_sf10_t64,TPCDS SF10,64,Q79,0,0.42,0.42,0.42,0.52,success,success,success,success,1,1,0.807692308,0.42,0.42,0.42,0.52,0,0,0,0
tpcds_sf10_t64,TPCDS SF10,64,Q80,0,0.62,0.62,0.62,0.62,success,success,success,success,1,1,1,0.62,0.62,0.62,0.62,0,0,0,0
tpcds_sf10_t64,TPCDS SF10,64,Q81,4,0.31,0.32,0.32,0.32,success,success,success,success,0.96875,0.96875,0.96875,0.31,0.31,0.31,0.31,4,0,0,2
tpcds_sf10_t64,TPCDS SF10,64,Q82,0,0.31,0.31,0.31,0.32,success,success,success,success,1,1,0.96875,0.31,0.31,0.31,0.21,0,0,0,9
tpcds_sf10_t64,TPCDS SF10,64,Q83,0,0.21,0.21,0.21,0.21,success,success,success,success,1,1,1,0.21,0.21,0.21,0.21,0,0,0,0
tpcds_sf10_t64,TPCDS SF10,64,Q84,0,0.21,0.21,0.21,0.21,success,success,success,success,1,1,1,0.21,0.21,0.21,0.21,0,0,0,0
tpcds_sf10_t64,TPCDS SF10,64,Q85,13,0.31,0.42,0.42,0.42,success,success,success,success,0.738095238,0.738095238,0.738095238,0.31,0.31,0.31,0.31,13,1,3,19
tpcds_sf10_t64,TPCDS SF10,64,Q86,0,0.31,0.31,0.32,0.32,success,success,success,success,1,0.96875,0.96875,0.31,0.31,0.31,0.31,0,0,1,4
tpcds_sf10_t64,TPCDS SF10,64,Q87,0,0.42,0.41,0.42,0.42,success,success,success,success,1.02439024,1,1,0.42,0.41,0.42,0.42,0,0,0,0
tpcds_sf10_t64,TPCDS SF10,64,Q88,0,0.42,0.32,0.32,0.42,success,success,success,success,1.3125,1.3125,1,0.42,0.32,0.31,0.42,0,0,5,0
tpcds_sf10_t64,TPCDS SF10,64,Q89,0,0.42,0.42,0.42,0.42,success,success,success,success,1,1,1,0.42,0.42,0.42,0.42,0,0,0,0
tpcds_sf10_t64,TPCDS SF10,64,Q90,0,0.21,0.21,0.21,0.21,success,success,success,success,1,1,1,0.21,0.21,0.21,0.21,0,0,0,0
tpcds_sf10_t64,TPCDS SF10,64,Q91,0,0.21,0.21,0.21,0.21,success,success,success,success,1,1,1,0.21,0.21,0.21,0.21,0,0,0,0
tpcds_sf10_t64,TPCDS SF10,64,Q92,0,0.21,0.21,0.21,0.21,success,success,success,success,1,1,1,0.21,0.21,0.21,0.21,0,0,0,0
tpcds_sf10_t64,TPCDS SF10,64,Q93,0,0.41,0.42,0.42,0.42,success,success,success,success,0.976190476,0.976190476,0.976190476,0.41,0.41,0.42,0.42,0,19,0,0
tpcds_sf10_t64,TPCDS SF10,64,Q94,6,0.31,0.32,0.32,0.31,success,success,success,success,0.96875,0.96875,1,0.31,0.31,0.31,0.31,6,2,1,0
tpcds_sf10_t64,TPCDS SF10,64,Q95,1,0.62,0.62,0.83,0.32,success,success,success,success,1,0.746987952,1.9375,0.62,0.62,0.73,0.31,1,0,0,3
tpcds_sf10_t64,TPCDS SF10,64,Q96,1,0.21,0.31,0.31,0.31,success,success,success,success,0.677419355,0.677419355,0.677419355,0.21,0.21,0.21,0.31,1,5,3,1
tpcds_sf10_t64,TPCDS SF10,64,Q97,0,0.42,0.42,0.42,0.42,success,success,success,success,1,1,1,0.42,0.41,0.42,0.41,0,4,0,13
tpcds_sf10_t64,TPCDS SF10,64,Q98,0,0.42,0.42,0.42,0.42,success,success,success,success,1,1,1,0.42,0.41,0.42,0.42,0,10,0,0
tpcds_sf10_t64,TPCDS SF10,64,Q99,0,0.21,0.21,0.21,0.31,success,success,success,success,1,1,0.677419355,0.21,0.21,0.21,0.31,0,0,0,0
tpcds_sf20_t64,TPCDS SF20,64,Q01,0,0.72,0.73,1.03,0.73,success,success,success,success,0.98630137,0.699029126,0.98630137,0.72,0.72,0.93,0.72,0,2,5,2
tpcds_sf20_t64,TPCDS SF20,64,Q02,0,0.42,0.42,0.52,0.52,success,success,success,success,1,0.807692308,0.807692308,0.42,0.42,0.42,0.42,0,0,2,3
tpcds_sf20_t64,TPCDS SF20,64,Q03,0,0.42,0.42,0.52,0.52,success,success,success,success,1,0.807692308,0.807692308,0.42,0.42,0.42,0.42,0,0,2,3
tpcds_sf20_t64,TPCDS SF20,64,Q04,0,1.45,2.38,2.48,2.79,success,success,success,success,0.609243697,0.584677419,0.519713262,1.45,2.38,2.38,2.48,0,0,2,6
tpcds_sf20_t64,TPCDS SF20,64,Q05,0,0.83,0.83,1.03,1.03,success,success,success,success,1,0.805825243,0.805825243,0.83,0.83,0.83,0.83,0,0,2,3
tpcds_sf20_t64,TPCDS SF20,64,Q06,3,0.42,0.52,0.52,0.52,success,success,success,success,0.807692308,0.807692308,0.807692308,0.42,0.52,0.52,0.52,3,0,0,1
tpcds_sf20_t64,TPCDS SF20,64,Q07,0,0.73,0.73,0.93,0.93,success,success,success,success,1,0.784946237,0.784946237,0.73,0.73,0.73,0.73,0,0,2,3
tpcds_sf20_t64,TPCDS SF20,64,Q08,0,1.03,1.03,1.13,1.14,success,success,success,success,1,0.911504425,0.903508772,1.03,1.03,1.03,1.03,0,0,2,3
tpcds_sf20_t64,TPCDS SF20,64,Q09,3,0.42,0.53,0.52,0.53,success,success,success,success,0.79245283,0.807692308,0.79245283,0.42,0.42,0.42,0.42,3,7,6,4
tpcds_sf20_t64,TPCDS SF20,64,Q10,0,0.42,0.42,0.52,0.52,success,success,success,success,1,0.807692308,0.807692308,0.42,0.42,0.41,0.42,0,0,8,3
tpcds_sf20_t64,TPCDS SF20,64,Q11,0,1.04,1.24,1.36,1.96,success,success,success,success,0.838709677,0.764705882,0.530612245,1.04,1.24,1.24,1.76,0,0,2,4
tpcds_sf20_t64,TPCDS SF20,64,Q12,2,0.31,0.32,0.31,0.32,success,success,success,success,0.96875,1,0.96875,0.31,0.31,0.31,0.31,2,0,2,4
tpcds_sf20_t64,TPCDS SF20,64,Q13,0,0.83,0.83,1.04,1.24,success,success,success,success,1,0.798076923,0.669354839,0.83,0.83,0.83,1.04,0,0,2,3
tpcds_sf20_t64,TPCDS SF20,64,Q14,9,1.87,2.61,2.6,3.11,success,success,success,success,0.716475096,0.719230769,0.601286174,1.87,2.49,2.49,3.11,9,0,4,4
tpcds_sf20_t64,TPCDS SF20,64,Q15,0,0.21,0.21,0.21,0.31,success,success,success,success,1,1,0.677419355,0.21,0.21,0.21,0.31,0,0,0,0
tpcds_sf20_t64,TPCDS SF20,64,Q16,1,0.21,0.21,0.32,0.32,success,success,success,success,1,0.65625,0.65625,0.21,0.21,0.21,0.31,1,0,6,0
tpcds_sf20_t64,TPCDS SF20,64,Q17,1,0.62,0.62,0.73,0.83,success,success,success,success,1,0.849315068,0.746987952,0.62,0.62,0.62,0.62,1,0,2,3
tpcds_sf20_t64,TPCDS SF20,64,Q18,3,0.42,0.42,0.42,0.42,success,success,success,success,1,1,1,0.42,0.31,0.42,0.31,3,1,0,4
tpcds_sf20_t64,TPCDS SF20,64,Q19,0,0.62,0.62,0.73,0.73,success,success,success,success,1,0.849315068,0.849315068,0.62,0.62,0.62,0.62,0,0,2,3
tpcds_sf20_t64,TPCDS SF20,64,Q20,0,0.21,0.21,0.21,0.21,success,success,success,success,1,1,1,0.21,0.21,0.21,0.21,0,0,0,0
tpcds_sf20_t64,TPCDS SF20,64,Q21,0,0.21,0.21,0.21,0.21,success,success,success,success,1,1,1,0.21,0.21,0.21,0.21,0,0,0,0
tpcds_sf20_t64,TPCDS SF20,64,Q22,4,0.31,0.32,0.32,0.42,success,success,success,success,0.96875,0.96875,0.738095238,0.31,0.31,0.32,0.32,4,1,2,10
tpcds_sf20_t64,TPCDS SF20,64,Q23,0,1.56,1.56,1.67,1.67,success,success,success,success,1,0.934131737,0.934131737,1.56,1.56,1.47,1.56,0,0,2,8
tpcds_sf20_t64,TPCDS SF20,64,Q24,0,0.73,0.62,0.83,0.83,success,success,success,success,1.17741935,0.879518072,0.879518072,0.73,0.62,0.73,0.73,0,0,2,5
tpcds_sf20_t64,TPCDS SF20,64,Q25,1,0.73,0.73,0.83,0.93,success,success,success,success,1,0.879518072,0.784946237,0.73,0.73,0.73,0.73,1,0,2,3
tpcds_sf20_t64,TPCDS SF20,64,Q26,2,0.31,0.32,0.32,0.31,success,success,success,success,0.96875,0.96875,1,0.31,0.31,0.31,0.31,2,0,1,2
tpcds_sf20_t64,TPCDS SF20,64,Q27,0,0.83,0.83,0.93,1.03,success,success,success,success,1,0.892473118,0.805825243,0.83,0.83,0.83,0.83,0,0,2,3
tpcds_sf20_t64,TPCDS SF20,64,Q28,0,0.73,0.73,0.83,0.84,success,success,success,success,1,0.879518072,0.869047619,0.73,0.73,0.73,0.73,0,0,4,4
tpcds_sf20_t64,TPCDS SF20,64,Q29,1,0.73,0.73,0.83,0.83,success,success,success,success,1,0.879518072,0.879518072,0.73,0.73,0.73,0.73,1,0,3,3
tpcds_sf20_t64,TPCDS SF20,64,Q30,2,0.31,0.32,0.32,0.31,success,success,success,success,0.96875,0.96875,1,0.31,0.31,0.31,0.31,2,0,4,2
tpcds_sf20_t64,TPCDS SF20,64,Q31,0,0.62,0.62,0.73,0.83,success,success,success,success,1,0.849315068,0.746987952,0.62,0.62,0.62,0.73,0,0,2,3
tpcds_sf20_t64,TPCDS SF20,64,Q32,0,0.21,0.21,0.21,0.21,success,success,success,success,1,1,1,0.21,0.21,0.21,0.21,0,0,0,0
tpcds_sf20_t64,TPCDS SF20,64,Q33,0,0.62,0.62,0.83,0.83,success,success,success,success,1,0.746987952,0.746987952,0.62,0.62,0.62,0.73,0,0,2,3
tpcds_sf20_t64,TPCDS SF20,64,Q34,0,0.52,0.52,0.52,0.62,success,success,success,success,1,1,0.838709677,0.52,0.52,0.42,0.52,0,0,5,3
tpcds_sf20_t64,TPCDS SF20,64,Q35,0,0.52,0.52,0.62,0.63,success,success,success,success,1,0.838709677,0.825396825,0.52,0.52,0.52,0.52,0,0,2,3
tpcds_sf20_t64,TPCDS SF20,64,Q36,0,0.62,0.73,0.83,0.93,success,success,success,success,0.849315068,0.746987952,0.666666667,0.62,0.62,0.62,0.83,0,1,2,4
tpcds_sf20_t64,TPCDS SF20,64,Q37,0,0.21,0.21,0.31,0.32,success,success,success,success,1,0.677419355,0.65625,0.21,0.21,0.21,0.21,0,0,2,3
tpcds_sf20_t64,TPCDS SF20,64,Q38,0,0.52,0.52,0.52,0.62,success,success,success,success,1,1,0.838709677,0.52,0.52,0.52,0.62,0,0,0,0
tpcds_sf20_t64,TPCDS SF20,64,Q39,0,0.31,0.31,0.32,0.32,success,success,success,success,1,0.96875,0.96875,0.31,0.21,0.31,0.21,0,18,3,3
tpcds_sf20_t64,TPCDS SF20,64,Q40,5,0.21,0.21,0.21,0.21,success,success,success,success,1,1,1,0.21,0.21,0.21,0.21,5,0,2,0
tpcds_sf20_t64,TPCDS SF20,64,Q41,0,0.21,0.21,0.21,0.21,success,success,success,success,1,1,1,0.21,0.21,0.21,0.21,0,0,0,0
tpcds_sf20_t64,TPCDS SF20,64,Q42,0,0.42,0.41,0.52,0.52,success,success,success,success,1.02439024,0.807692308,0.807692308,0.42,0.41,0.42,0.41,0,0,2,9
tpcds_sf20_t64,TPCDS SF20,64,Q43,0,0.52,0.52,0.62,0.72,success,success,success,success,1,0.838709677,0.722222222,0.52,0.52,0.52,0.62,0,0,2,3
tpcds_sf20_t64,TPCDS SF20,64,Q44,6,8.28,8.49,8.4,8.29,success,success,success,success,0.975265018,0.985714286,0.998793727,8.28,8.19,8.29,8.29,6,13,2,6
tpcds_sf20_t64,TPCDS SF20,64,Q45,3,0.31,0.31,0.31,0.31,success,success,success,success,1,1,1,0.31,0.31,0.31,0.31,3,3,2,3
tpcds_sf20_t64,TPCDS SF20,64,Q46,2,0.73,0.73,0.73,0.93,success,success,success,success,1,1,0.784946237,0.73,0.73,0.73,0.73,2,2,2,3
tpcds_sf20_t64,TPCDS SF20,64,Q47,0,1.14,1.14,1.24,1.24,success,success,success,success,1,0.919354839,0.919354839,1.14,1.14,1.13,1.14,0,0,8,3
tpcds_sf20_t64,TPCDS SF20,64,Q48,0,0.73,0.73,0.83,1.03,success,success,success,success,1,0.879518072,0.708737864,0.73,0.73,0.73,0.83,0,0,2,3
tpcds_sf20_t64,TPCDS SF20,64,Q49,0,0.73,0.73,0.93,0.93,success,success,success,success,1,0.784946237,0.784946237,0.73,0.73,0.73,0.73,0,0,2,6
tpcds_sf20_t64,TPCDS SF20,64,Q50,0,0.62,0.52,0.63,0.83,success,success,success,success,1.19230769,0.984126984,0.746987952,0.62,0.52,0.52,0.63,0,0,2,8
tpcds_sf20_t64,TPCDS SF20,64,Q51,7,1.14,1.24,1.25,1.35,success,success,success,success,0.919354839,0.912,0.844444444,1.14,1.14,1.14,1.25,7,12,10,8
tpcds_sf20_t64,TPCDS SF20,64,Q52,0,0.42,0.42,0.52,0.52,success,success,success,success,1,0.807692308,0.807692308,0.42,0.42,0.42,0.42,0,0,2,3
tpcds_sf20_t64,TPCDS SF20,64,Q53,0,0.52,0.52,0.62,0.73,success,success,success,success,1,0.838709677,0.712328767,0.52,0.52,0.52,0.52,0,0,2,4
tpcds_sf20_t64,TPCDS SF20,64,Q55,0,0.42,0.42,0.52,0.52,success,success,success,success,1,0.807692308,0.807692308,0.42,0.42,0.42,0.42,0,0,2,2
tpcds_sf20_t64,TPCDS SF20,64,Q56,0,0.73,0.73,0.83,0.83,success,success,success,success,1,0.879518072,0.879518072,0.73,0.62,0.62,0.72,0,8,9,7
tpcds_sf20_t64,TPCDS SF20,64,Q57,0,0.42,0.42,0.52,0.52,success,success,success,success,1,0.807692308,0.807692308,0.42,0.41,0.42,0.42,0,1,2,2
tpcds_sf20_t64,TPCDS SF20,64,Q58,0,0.73,0.73,0.93,0.93,success,success,success,success,1,0.784946237,0.784946237,0.73,0.73,0.73,0.73,0,0,2,2
tpcds_sf20_t64,TPCDS SF20,64,Q59,0,0.52,0.52,0.62,0.63,success,success,success,success,1,0.838709677,0.825396825,0.52,0.52,0.52,0.52,0,0,2,2
tpcds_sf20_t64,TPCDS SF20,64,Q60,5,0.72,0.73,0.73,0.73,success,success,success,success,0.98630137,0.98630137,0.98630137,0.72,0.73,0.73,0.73,5,0,2,2
tpcds_sf20_t64,TPCDS SF20,64,Q61,0,0.62,0.62,0.73,0.83,success,success,success,success,1,0.849315068,0.746987952,0.62,0.62,0.62,0.73,0,0,2,2
tpcds_sf20_t64,TPCDS SF20,64,Q62,4,0.31,0.32,0.32,0.32,success,success,success,success,0.96875,0.96875,0.96875,0.31,0.32,0.31,0.31,4,0,8,3
tpcds_sf20_t64,TPCDS SF20,64,Q63,0,0.52,0.52,0.62,0.63,success,success,success,success,1,0.838709677,0.825396825,0.52,0.52,0.52,0.52,0,0,2,2
tpcds_sf20_t64,TPCDS SF20,64,Q64,6,1.04,1.04,1.14,1.14,success,success,success,success,1,0.912280702,0.912280702,1.04,1.03,1.14,1.14,6,0,3,2
tpcds_sf20_t64,TPCDS SF20,64,Q65,0,0.93,0.93,1.04,1.14,success,success,success,success,1,0.894230769,0.815789474,0.93,0.93,0.93,1.03,0,0,7,2
tpcds_sf20_t64,TPCDS SF20,64,Q66,0,0.42,0.42,0.52,0.52,success,success,success,success,1,0.807692308,0.807692308,0.42,0.42,0.42,0.42,0,0,2,2
tpcds_sf20_t64,TPCDS SF20,64,Q67,11,2.29,2.4,2.39,2.51,success,success,success,success,0.954166667,0.958158996,0.912350598,2.29,2.3,2.3,2.41,11,3,2,2
tpcds_sf20_t64,TPCDS SF20,64,Q68,0,0.73,0.73,0.93,0.93,success,success,success,success,1,0.784946237,0.784946237,0.73,0.73,0.73,0.83,0,0,2,2
tpcds_sf20_t64,TPCDS SF20,64,Q69,0,0.42,0.42,0.52,0.52,success,success,success,success,1,0.807692308,0.807692308,0.42,0.41,0.42,0.42,0,7,2,2
tpcds_sf20_t64,TPCDS SF20,64,Q70,12,0.52,0.63,0.73,0.83,success,success,success,success,0.825396825,0.712328767,0.626506024,0.52,0.63,0.63,0.73,12,0,2,2
tpcds_sf20_t64,TPCDS SF20,64,Q71,0,0.62,0.62,0.73,0.73,success,success,success,success,1,0.849315068,0.849315068,0.62,0.62,0.62,0.62,0,0,2,2
tpcds_sf20_t64,TPCDS SF20,64,Q72,15,0.42,0.42,0.42,0.42,success,success,success,success,1,1,1,0.42,0.42,0.31,0.42,15,1,3,1
tpcds_sf20_t64,TPCDS SF20,64,Q73,1,0.42,0.42,0.52,0.62,success,success,success,success,1,0.807692308,0.677419355,0.42,0.42,0.42,0.52,1,0,2,2
tpcds_sf20_t64,TPCDS SF20,64,Q74,8,0.73,0.94,0.83,1.35,success,success,success,success,0.776595745,0.879518072,0.540740741,0.73,0.83,0.83,1.35,8,0,2,2
tpcds_sf20_t64,TPCDS SF20,64,Q75,0,1.03,1.04,1.24,1.24,success,success,success,success,0.990384615,0.830645161,0.830645161,1.03,1.03,1.03,1.14,0,5,7,2
tpcds_sf20_t64,TPCDS SF20,64,Q76,0,0.83,0.83,1.03,1.04,success,success,success,success,1,0.805825243,0.798076923,0.83,0.83,0.83,0.83,0,0,2,2
tpcds_sf20_t64,TPCDS SF20,64,Q77,7,0.72,0.73,0.73,0.83,success,success,success,success,0.98630137,0.98630137,0.86746988,0.72,0.73,0.73,0.83,7,0,2,2
tpcds_sf20_t64,TPCDS SF20,64,Q78,0,1.34,1.34,1.56,1.67,success,success,success,success,1,0.858974359,0.80239521,1.34,1.34,1.34,1.35,0,0,7,2
tpcds_sf20_t64,TPCDS SF20,64,Q79,0,0.62,0.62,0.83,0.83,success,success,success,success,1,0.746987952,0.746987952,0.62,0.62,0.62,0.73,0,0,2,2
tpcds_sf20_t64,TPCDS SF20,64,Q80,0,1.03,1.04,1.24,1.14,success,success,success,success,0.990384615,0.830645161,0.903508772,1.03,1.03,1.03,0.93,0,1,7,2
tpcds_sf20_t64,TPCDS SF20,64,Q81,2,0.31,0.31,0.32,0.32,success,success,success,success,1,0.96875,0.96875,0.31,0.31,0.31,0.31,2,0,4,4
tpcds_sf20_t64,TPCDS SF20,64,Q82,0,0.31,0.31,0.32,0.32,success,success,success,success,1,0.96875,0.96875,0.31,0.31,0.31,0.21,0,0,1,4
tpcds_sf20_t64,TPCDS SF20,64,Q83,0,0.21,0.31,0.32,0.31,success,success,success,success,0.677419355,0.65625,0.677419355,0.21,0.31,0.31,0.31,0,0,2,0
tpcds_sf20_t64,TPCDS SF20,64,Q84,0,0.21,0.21,0.21,0.21,success,success,success,success,1,1,1,0.21,0.21,0.21,0.21,0,0,0,0
tpcds_sf20_t64,TPCDS SF20,64,Q85,0,0.42,0.42,0.52,0.52,success,success,success,success,1,0.807692308,0.807692308,0.42,0.42,0.42,0.42,0,0,2,2
tpcds_sf20_t64,TPCDS SF20,64,Q86,0,0.31,0.32,0.32,0.42,success,success,success,success,0.96875,0.96875,0.738095238,0.31,0.31,0.31,0.31,0,8,1,9
tpcds_sf20_t64,TPCDS SF20,64,Q87,0,0.52,0.52,0.62,0.73,success,success,success,success,1,0.838709677,0.712328767,0.52,0.52,0.52,0.62,0,0,2,2
tpcds_sf20_t64,TPCDS SF20,64,Q88,0,0.52,0.52,0.53,0.63,success,success,success,success,1,0.981132075,0.825396825,0.52,0.42,0.42,0.52,0,1,2,5
tpcds_sf20_t64,TPCDS SF20,64,Q89,0,0.52,0.52,0.62,0.73,success,success,success,success,1,0.838709677,0.712328767,0.52,0.52,0.52,0.62,0,0,2,2
tpcds_sf20_t64,TPCDS SF20,64,Q90,0,0.21,0.21,0.32,0.32,success,success,success,success,1,0.65625,0.65625,0.21,0.21,0.21,0.21,0,0,2,2
tpcds_sf20_t64,TPCDS SF20,64,Q91,0,0.21,0.21,0.21,0.21,success,success,success,success,1,1,1,0.21,0.21,0.21,0.21,0,0,0,0
tpcds_sf20_t64,TPCDS SF20,64,Q92,10,0.31,0.32,0.32,0.32,success,success,success,success,0.96875,0.96875,0.96875,0.31,0.31,0.31,0.31,10,3,14,7
tpcds_sf20_t64,TPCDS SF20,64,Q93,0,0.62,0.52,0.62,0.62,success,success,success,success,1.19230769,1,1,0.62,0.52,0.52,0.52,0,0,2,2
tpcds_sf20_t64,TPCDS SF20,64,Q94,6,0.41,0.42,0.42,0.32,success,success,success,success,0.976190476,0.976190476,1.28125,0.41,0.42,0.42,0.32,6,0,0,2
tpcds_sf20_t64,TPCDS SF20,64,Q95,0,0.83,0.84,1.25,0.52,success,success,success,success,0.988095238,0.664,1.59615385,0.83,0.83,1.14,0.42,0,1,7,2
tpcds_sf20_t64,TPCDS SF20,64,Q96,3,0.31,0.32,0.32,0.32,success,success,success,success,0.96875,0.96875,0.96875,0.31,0.31,0.32,0.31,3,8,2,6
tpcds_sf20_t64,TPCDS SF20,64,Q97,0,0.62,0.62,0.73,0.73,success,success,success,success,1,0.849315068,0.849315068,0.62,0.62,0.62,0.63,0,0,2,2
tpcds_sf20_t64,TPCDS SF20,64,Q98,0,0.52,0.52,0.62,0.62,success,success,success,success,1,0.838709677,0.838709677,0.52,0.52,0.52,0.52,0,0,1,2
tpcds_sf20_t64,TPCDS SF20,64,Q99,13,0.21,0.22,0.32,0.31,success,success,success,success,0.954545455,0.65625,0.677419355,0.21,0.21,0.31,0.31,13,5,0,11
tpcds_sf50_t64,TPCDS SF50,64,Q01,0,0.83,0.83,1.04,0.83,success,success,success,success,1,0.798076923,1,0.83,0.83,1.03,0.83,0,0,1,0
tpcds_sf50_t64,TPCDS SF50,64,Q02,0,0.83,0.83,0.83,0.83,success,success,success,success,1,1,1,0.83,0.83,0.83,0.83,0,0,0,0
tpcds_sf50_t64,TPCDS SF50,64,Q03,0,1.03,1.03,1.04,1.04,success,success,success,success,1,0.990384615,0.990384615,1.03,1.03,1.03,1.03,0,0,1,1
tpcds_sf50_t64,TPCDS SF50,64,Q04,0,3.72,6.71,6.82,7.23,success,success,success,success,0.554396423,0.545454545,0.514522822,3.72,6.61,6.71,7.11,0,16,2,6
tpcds_sf50_t64,TPCDS SF50,64,Q05,1,2.06,2.17,2.17,2.17,success,success,success,success,0.949308756,0.949308756,0.949308756,2.06,2.16,2.16,2.06,1,0,5,3
tpcds_sf50_t64,TPCDS SF50,64,Q06,0,0.93,0.93,0.93,0.93,success,success,success,success,1,1,1,0.93,0.93,0.93,0.93,0,0,0,0
tpcds_sf50_t64,TPCDS SF50,64,Q07,15,1.86,1.86,1.86,1.96,success,success,success,success,1,1,0.948979592,1.86,1.85,1.86,1.96,15,9,3,0
tpcds_sf50_t64,TPCDS SF50,64,Q08,0,1.65,1.65,1.65,1.65,success,success,success,success,1,1,1,1.65,1.65,1.65,1.65,0,0,0,0
tpcds_sf50_t64,TPCDS SF50,64,Q09,14,1.45,1.47,1.47,1.46,success,success,success,success,0.986394558,0.986394558,0.993150685,1.45,1.45,1.46,1.46,14,3,1,0
tpcds_sf50_t64,TPCDS SF50,64,Q10,0,0.93,0.94,0.94,0.93,success,success,success,success,0.989361702,0.989361702,1,0.93,0.93,0.93,0.93,0,1,1,0
tpcds_sf50_t64,TPCDS SF50,64,Q11,0,2.79,3.41,3.42,4.96,success,success,success,success,0.818181818,0.815789474,0.5625,2.79,3,3,4.85,0,8,8,6
tpcds_sf50_t64,TPCDS SF50,64,Q12,0,0.52,0.52,0.52,0.52,success,success,success,success,1,1,1,0.52,0.52,0.52,0.52,0,0,0,0
tpcds_sf50_t64,TPCDS SF50,64,Q13,0,2.16,2.17,2.17,2.59,success,success,success,success,0.995391705,0.995391705,0.833976834,2.16,2.16,2.16,2.27,0,2,7,3
tpcds_sf50_t64,TPCDS SF50,64,Q14,10,4.86,6.78,6.76,7.67,success,success,success,success,0.716814159,0.718934911,0.633637549,4.86,6.55,6.57,7.58,10,11,1,0
tpcds_sf50_t64,TPCDS SF50,64,Q15,0,0.31,0.32,0.31,0.31,success,success,success,success,0.96875,1,1,0.31,0.31,0.31,0.31,0,1,0,0
tpcds_sf50_t64,TPCDS SF50,64,Q16,1,0.32,0.42,0.42,0.42,success,success,success,success,0.761904762,0.761904762,0.761904762,0.32,0.41,0.42,0.42,1,18,0,0
tpcds_sf50_t64,TPCDS SF50,64,Q17,11,1.34,1.45,1.45,1.45,success,success,success,success,0.924137931,0.924137931,0.924137931,1.34,1.45,1.45,1.45,11,0,0,0
tpcds_sf50_t64,TPCDS SF50,64,Q18,3,0.62,0.62,0.62,0.73,success,success,success,success,1,1,0.849315068,0.62,0.62,0.62,0.62,3,1,1,1
tpcds_sf50_t64,TPCDS SF50,64,Q19,16,1.34,1.45,1.34,1.45,success,success,success,success,0.924137931,1,0.924137931,1.34,1.34,1.34,1.44,16,2,16,12
tpcds_sf50_t64,TPCDS SF50,64,Q20,0,0.31,0.31,0.31,0.31,success,success,success,success,1,1,1,0.31,0.31,0.31,0.31,0,0,0,0
tpcds_sf50_t64,TPCDS SF50,64,Q21,0,0.21,0.21,0.21,0.21,success,success,success,success,1,1,1,0.21,0.21,0.21,0.21,0,0,0,0
tpcds_sf50_t64,TPCDS SF50,64,Q22,6,1.25,1.25,1.26,1.36,success,success,success,success,1,0.992063492,0.919117647,1.25,1.25,1.26,1.26,6,6,6,0
tpcds_sf50_t64,TPCDS SF50,64,Q23,1,3.76,3.8,3.98,4.28,success,success,success,success,0.989473684,0.944723618,0.878504673,3.76,3.76,3.76,3.89,1,5,2,2
tpcds_sf50_t64,TPCDS SF50,64,Q24,0,1.65,1.65,1.65,1.65,success,success,success,success,1,1,1,1.65,1.65,1.65,1.65,0,0,0,0
tpcds_sf50_t64,TPCDS SF50,64,Q25,1,1.65,1.65,1.65,1.65,success,success,success,success,1,1,1,1.65,1.65,1.65,1.65,1,1,1,1
tpcds_sf50_t64,TPCDS SF50,64,Q26,3,0.42,0.42,0.42,0.52,success,success,success,success,1,1,0.807692308,0.42,0.42,0.42,0.52,3,3,3,0
tpcds_sf50_t64,TPCDS SF50,64,Q27,5,2.06,2.06,2.06,2.07,success,success,success,success,1,1,0.995169082,2.06,1.96,1.96,2.06,5,2,6,0
tpcds_sf50_t64,TPCDS SF50,64,Q28,6,1.98,2,2,2,success,success,success,success,0.99,0.99,0.99,1.98,1.97,1.89,1.89,6,9,12,14
tpcds_sf50_t64,TPCDS SF50,64,Q29,1,1.65,1.65,1.65,1.65,success,success,success,success,1,1,1,1.65,1.65,1.65,1.65,1,1,1,1
tpcds_sf50_t64,TPCDS SF50,64,Q30,0,0.42,0.42,0.42,0.52,success,success,success,success,1,1,0.807692308,0.42,0.42,0.41,0.52,0,0,18,0
tpcds_sf50_t64,TPCDS SF50,64,Q31,0,1.55,1.55,1.55,1.75,success,success,success,success,1,1,0.885714286,1.55,1.55,1.55,1.65,0,0,0,4
tpcds_sf50_t64,TPCDS SF50,64,Q32,0,0.21,0.21,0.21,0.21,success,success,success,success,1,1,1,0.21,0.21,0.21,0.21,0,0,0,0
tpcds_sf50_t64,TPCDS SF50,64,Q33,0,1.75,1.76,1.76,1.76,success,success,success,success,0.994318182,0.994318182,0.994318182,1.75,1.75,1.75,1.75,0,1,2,2
tpcds_sf50_t64,TPCDS SF50,64,Q34,0,1.03,1.03,1.03,1.14,success,success,success,success,1,1,0.903508772,1.03,1.03,1.03,1.13,0,0,0,18
tpcds_sf50_t64,TPCDS SF50,64,Q35,5,1.14,1.14,1.25,1.24,success,success,success,success,1,0.912,0.919354839,1.14,1.14,1.24,1.14,5,0,0,4
tpcds_sf50_t64,TPCDS SF50,64,Q36,0,1.55,1.55,1.55,1.76,success,success,success,success,1,1,0.880681818,1.55,1.55,1.55,1.75,0,0,0,1
tpcds_sf50_t64,TPCDS SF50,64,Q37,2,0.31,0.31,0.31,0.32,success,success,success,success,1,1,0.96875,0.31,0.31,0.31,0.31,2,0,1,1
tpcds_sf50_t64,TPCDS SF50,64,Q38,0,1.14,1.14,1.14,1.45,success,success,success,success,1,1,0.786206897,1.14,1.14,1.14,1.44,0,0,0,8
tpcds_sf50_t64,TPCDS SF50,64,Q39,3,0.31,0.32,0.32,0.42,success,success,success,success,0.96875,0.96875,0.738095238,0.31,0.31,0.31,0.42,3,0,0,0
tpcds_sf50_t64,TPCDS SF50,64,Q40,0,0.42,0.31,0.32,0.32,success,success,success,success,1.35483871,1.3125,1.3125,0.42,0.31,0.31,0.31,0,0,2,1
tpcds_sf50_t64,TPCDS SF50,64,Q41,0,0.21,0.21,0.21,0.21,success,success,success,success,1,1,1,0.21,0.21,0.21,0.21,0,0,0,0
tpcds_sf50_t64,TPCDS SF50,64,Q42,0,1.03,1.03,1.03,1.04,success,success,success,success,1,1,0.990384615,1.03,1.03,1.03,1.03,0,0,0,1
tpcds_sf50_t64,TPCDS SF50,64,Q43,0,1.14,1.13,1.14,1.24,success,success,success,success,1.00884956,1,0.919354839,1.14,1.13,1.14,1.24,0,0,0,0
tpcds_sf50_t64,TPCDS SF50,64,Q44,7,38.13,39.67,38.98,38.86,success,success,success,success,0.961179733,0.978193946,0.981214617,38.13,37.93,37.83,37.95,7,16,4,3
tpcds_sf50_t64,TPCDS SF50,64,Q45,0,0.62,0.62,0.62,0.73,success,success,success,success,1,1,0.849315068,0.62,0.62,0.62,0.72,0,0,0,2
tpcds_sf50_t64,TPCDS SF50,64,Q46,2,1.65,1.65,1.65,1.65,success,success,success,success,1,1,1,1.65,1.65,1.65,1.65,2,2,2,2
tpcds_sf50_t64,TPCDS SF50,64,Q47,2,2.27,2.27,2.27,2.27,success,success,success,success,1,1,1,2.27,2.27,2.27,2.27,2,1,0,1
tpcds_sf50_t64,TPCDS SF50,64,Q48,0,1.65,1.65,1.65,1.96,success,success,success,success,1,1,0.841836735,1.65,1.65,1.65,1.96,0,0,0,0
tpcds_sf50_t64,TPCDS SF50,64,Q49,0,1.96,1.96,1.96,1.96,success,success,success,success,1,1,1,1.96,1.96,1.96,1.96,0,0,0,0
tpcds_sf50_t64,TPCDS SF50,64,Q50,0,1.34,1.34,1.34,1.56,success,success,success,success,1,1,0.858974359,1.34,1.24,1.24,1.55,0,2,2,1
tpcds_sf50_t64,TPCDS SF50,64,Q51,2,2.6,2.71,2.7,2.91,success,success,success,success,0.959409594,0.962962963,0.89347079,2.6,2.7,2.7,2.81,2,7,2,4
tpcds_sf50_t64,TPCDS SF50,64,Q52,0,1.03,1.03,1.03,1.03,success,success,success,success,1,1,1,1.03,1.03,1.03,1.03,0,0,0,0
tpcds_sf50_t64,TPCDS SF50,64,Q53,0,1.24,1.24,1.24,1.34,success,success,success,success,1,1,0.925373134,1.24,1.24,1.24,1.34,0,0,0,0
tpcds_sf50_t64,TPCDS SF50,64,Q55,0,1.03,1.03,1.14,1.04,success,success,success,success,1,0.903508772,0.990384615,1.03,1.03,1.03,1.03,0,0,1,3
tpcds_sf50_t64,TPCDS SF50,64,Q56,0,1.75,1.75,1.75,1.76,success,success,success,success,1,1,0.994318182,1.75,1.75,1.75,1.75,0,0,0,1
tpcds_sf50_t64,TPCDS SF50,64,Q57,0,0.73,0.73,0.73,0.83,success,success,success,success,1,1,0.879518072,0.73,0.73,0.73,0.73,0,0,0,12
tpcds_sf50_t64,TPCDS SF50,64,Q58,10,1.75,1.86,1.86,1.76,success,success,success,success,0.940860215,0.940860215,0.994318182,1.75,1.75,1.76,1.76,10,5,9,0
tpcds_sf50_t64,TPCDS SF50,64,Q59,0,1.24,1.24,1.24,1.24,success,success,success,success,1,1,1,1.24,1.24,1.24,1.24,0,0,0,0
tpcds_sf50_t64,TPCDS SF50,64,Q60,7,1.75,1.75,1.75,1.76,success,success,success,success,1,1,0.994318182,1.75,1.75,1.75,1.75,7,0,0,0
tpcds_sf50_t64,TPCDS SF50,64,Q61,0,1.55,1.55,1.55,1.55,success,success,success,success,1,1,1,1.55,1.55,1.55,1.55,0,0,0,0
tpcds_sf50_t64,TPCDS SF50,64,Q62,0,0.52,0.52,0.52,0.52,success,success,success,success,1,1,1,0.52,0.52,0.52,0.52,0,0,0,0
tpcds_sf50_t64,TPCDS SF50,64,Q63,0,1.24,1.24,1.24,1.34,success,success,success,success,1,1,0.925373134,1.24,1.24,1.24,1.34,0,0,0,0
tpcds_sf50_t64,TPCDS SF50,64,Q64,2,2.68,2.69,2.79,2.78,success,success,success,success,0.996282528,0.960573477,0.964028777,2.68,2.58,2.58,2.78,2,0,0,0
tpcds_sf50_t64,TPCDS SF50,64,Q65,4,2.79,2.91,2.89,2.8,success,success,success,success,0.958762887,0.965397924,0.996428571,2.79,2.89,2.89,2.79,4,19,0,7
tpcds_sf50_t64,TPCDS SF50,64,Q66,0,0.93,0.93,0.93,1.03,success,success,success,success,1,1,0.902912621,0.93,0.93,0.93,1.03,0,0,0,0
tpcds_sf50_t64,TPCDS SF50,64,Q67,17,6.26,6.3,6.64,6.42,success,success,success,success,0.993650794,0.942771084,0.975077882,6.26,6.22,6.22,6.34,17,18,11,0
tpcds_sf50_t64,TPCDS SF50,64,Q68,3,1.96,2.06,2.06,2.06,success,success,success,success,0.951456311,0.951456311,0.951456311,1.96,1.96,1.96,1.96,3,0,2,16
tpcds_sf50_t64,TPCDS SF50,64,Q69,0,0.93,0.93,0.93,0.93,success,success,success,success,1,1,1,0.93,0.93,0.93,0.93,0,0,0,0
tpcds_sf50_t64,TPCDS SF50,64,Q70,0,1.35,1.56,1.55,1.66,success,success,success,success,0.865384615,0.870967742,0.813253012,1.35,1.46,1.45,1.56,0,8,2,2
tpcds_sf50_t64,TPCDS SF50,64,Q71,5,1.44,1.44,1.45,1.45,success,success,success,success,1,0.993103448,0.993103448,1.44,1.44,1.44,1.34,5,5,14,18
tpcds_sf50_t64,TPCDS SF50,64,Q72,0,0.62,0.63,0.53,0.62,success,success,success,success,0.984126984,1.16981132,1,0.62,0.62,0.53,0.62,0,15,0,0
tpcds_sf50_t64,TPCDS SF50,64,Q73,0,1.03,1.04,1.04,1.04,success,success,success,success,0.990384615,0.990384615,0.990384615,1.03,1.03,1.03,1.03,0,1,2,4
tpcds_sf50_t64,TPCDS SF50,64,Q74,4,1.97,2.39,2.38,3.31,success,success,success,success,0.824267782,0.827731092,0.595166163,1.97,2.18,2.18,3.31,4,8,8,4
tpcds_sf50_t64,TPCDS SF50,64,Q75,0,2.47,2.47,2.48,2.58,success,success,success,success,1,0.995967742,0.957364341,2.47,2.47,2.47,2.58,0,0,1,0
tpcds_sf50_t64,TPCDS SF50,64,Q76,0,2.16,2.16,2.17,2.27,success,success,success,success,1,0.995391705,0.95154185,2.16,2.16,2.16,2.27,0,0,9,0
tpcds_sf50_t64,TPCDS SF50,64,Q77,0,2.06,2.06,2.06,2.06,success,success,success,success,1,1,1,2.06,2.06,2.06,2.06,0,0,0,0
tpcds_sf50_t64,TPCDS SF50,64,Q78,9,3.13,3.24,3.23,3.53,success,success,success,success,0.966049383,0.969040248,0.886685552,3.13,3.12,3.22,3.23,9,1,3,10
tpcds_sf50_t64,TPCDS SF50,64,Q79,0,1.65,1.65,1.65,1.75,success,success,success,success,1,1,0.942857143,1.65,1.65,1.65,1.65,0,0,0,12
tpcds_sf50_t64,TPCDS SF50,64,Q80,2,2.47,2.47,2.48,2.37,success,success,success,success,1,0.995967742,1.04219409,2.47,2.47,2.47,2.37,2,2,4,0
tpcds_sf50_t64,TPCDS SF50,64,Q81,0,0.52,0.52,0.52,0.52,success,success,success,success,1,1,1,0.52,0.52,0.52,0.52,0,0,0,0
tpcds_sf50_t64,TPCDS SF50,64,Q82,0,0.52,0.52,0.42,0.42,success,success,success,success,1,1.23809524,1.23809524,0.52,0.42,0.42,0.42,0,2,0,0
tpcds_sf50_t64,TPCDS SF50,64,Q83,0,0.42,0.42,0.42,0.42,success,success,success,success,1,1,1,0.42,0.42,0.42,0.42,0,0,0,0
tpcds_sf50_t64,TPCDS SF50,64,Q84,1,0.31,0.32,0.31,0.31,success,success,success,success,0.96875,1,1,0.31,0.31,0.31,0.31,1,0,1,1
tpcds_sf50_t64,TPCDS SF50,64,Q85,0,0.83,0.83,0.83,0.83,success,success,success,success,1,1,1,0.83,0.83,0.83,0.83,0,0,0,0
tpcds_sf50_t64,TPCDS SF50,64,Q86,0,0.52,0.52,0.52,0.52,success,success,success,success,1,1,1,0.52,0.52,0.52,0.52,0,0,0,0
tpcds_sf50_t64,TPCDS SF50,64,Q87,0,1.24,1.24,1.24,1.55,success,success,success,success,1,1,0.8,1.24,1.24,1.24,1.34,0,0,0,13
tpcds_sf50_t64,TPCDS SF50,64,Q88,0,1.14,0.94,1.04,1.14,success,success,success,success,1.21276596,1.09615385,1,1.14,0.94,0.93,1.04,0,0,5,2
tpcds_sf50_t64,TPCDS SF50,64,Q89,0,1.24,1.34,1.34,1.34,success,success,success,success,0.925373134,0.925373134,0.925373134,1.24,1.24,1.24,1.34,0,1,1,0
tpcds_sf50_t64,TPCDS SF50,64,Q90,0,0.52,0.52,0.52,0.52,success,success,success,success,1,1,1,0.52,0.41,0.42,0.52,0,3,13,0
tpcds_sf50_t64,TPCDS SF50,64,Q91,0,0.31,0.31,0.32,0.21,success,success,success,success,1,0.96875,1.47619048,0.31,0.21,0.21,0.21,0,2,5,0
tpcds_sf50_t64,TPCDS SF50,64,Q92,1,0.52,0.52,0.52,0.52,success,success,success,success,1,1,1,0.52,0.52,0.52,0.52,1,0,1,0
tpcds_sf50_t64,TPCDS SF50,64,Q93,0,1.35,1.34,1.34,1.34,success,success,success,success,1.00746269,1.00746269,1.00746269,1.35,1.24,1.34,1.34,0,2,0,0
tpcds_sf50_t64,TPCDS SF50,64,Q94,6,0.72,0.73,0.73,0.73,success,success,success,success,0.98630137,0.98630137,0.98630137,0.72,0.72,0.72,0.73,6,0,3,0
tpcds_sf50_t64,TPCDS SF50,64,Q95,0,2.08,2.09,3.02,1.04,success,success,success,success,0.995215311,0.688741722,2,2.08,2.08,2.92,0.93,0,4,1,1
tpcds_sf50_t64,TPCDS SF50,64,Q96,4,0.72,0.73,0.73,0.73,success,success,success,success,0.98630137,0.98630137,0.98630137,0.72,0.72,0.73,0.73,4,10,0,0
tpcds_sf50_t64,TPCDS SF50,64,Q97,7,1.44,1.45,1.45,1.45,success,success,success,success,0.993103448,0.993103448,0.993103448,1.44,1.44,1.44,1.45,7,13,8,0
tpcds_sf50_t64,TPCDS SF50,64,Q98,11,1.13,1.14,1.04,1.14,success,success,success,success,0.99122807,1.08653846,0.99122807,1.13,1.14,1.03,1.14,11,0,0,0
tpcds_sf50_t64,TPCDS SF50,64,Q99,0,0.42,0.42,0.42,0.63,success,success,success,success,1,1,0.666666667,0.42,0.42,0.42,0.42,0,0,0,7
tpcds_sf100_t64,TPCDS SF100,64,Q01,1,0.93,1.03,1.14,1.04,success,success,success,success,0.902912621,0.815789474,0.894230769,0.93,0.93,1.14,0.93,1,12,0,11
tpcds_sf100_t64,TPCDS SF100,64,Q02,0,1.55,1.55,1.55,1.55,success,success,success,success,1,1,1,1.55,1.55,1.55,1.55,0,0,0,0
tpcds_sf100_t64,TPCDS SF100,64,Q03,8,1.85,1.86,1.86,1.86,success,success,success,success,0.994623656,0.994623656,0.994623656,1.85,1.85,1.86,1.85,8,10,0,1
tpcds_sf100_t64,TPCDS SF100,64,Q04,6,6.61,12.68,13.44,12.69,success,success,success,success,0.521293375,0.491815476,0.520882585,6.61,11.97,12.94,12.69,6,0,16,6
tpcds_sf100_t64,TPCDS SF100,64,Q05,0,4.22,4.22,4.33,4.22,success,success,success,success,1,0.974595843,1,4.22,4.22,4.22,4.22,0,0,4,0
tpcds_sf100_t64,TPCDS SF100,64,Q06,1,1.55,1.55,2.39,1.55,success,success,success,success,1,0.648535565,1,1.55,1.55,2.38,1.55,1,1,5,1
tpcds_sf100_t64,TPCDS SF100,64,Q07,17,3.5,3.61,3.61,3.71,success,success,success,success,0.969529086,0.969529086,0.943396226,3.5,3.6,3.6,3.6,17,2,0,4
tpcds_sf100_t64,TPCDS SF100,64,Q08,11,2.47,2.47,2.57,2.47,success,success,success,success,1,0.961089494,1,2.47,2.47,2.57,2.47,11,2,0,1
tpcds_sf100_t64,TPCDS SF100,64,Q09,17,2.6,2.71,2.72,2.7,success,success,success,success,0.959409594,0.955882353,0.962962963,2.6,2.7,2.65,2.62,17,7,4,16
tpcds_sf100_t64,TPCDS SF100,64,Q10,0,1.44,1.55,1.55,1.55,success,success,success,success,0.929032258,0.929032258,0.929032258,1.44,1.45,1.45,1.44,0,2,4,14
tpcds_sf100_t64,TPCDS SF100,64,Q11,10,4.75,5.9,6.05,8.99,success,success,success,success,0.805084746,0.785123967,0.52836485,4.75,5.29,5.92,8.88,10,8,8,18
tpcds_sf100_t64,TPCDS SF100,64,Q12,0,0.93,0.93,0.93,0.93,success,success,success,success,1,1,1,0.93,0.93,0.93,0.93,0,0,0,0
tpcds_sf100_t64,TPCDS SF100,64,Q13,2,4.01,4.12,4.12,4.85,success,success,success,success,0.973300971,0.973300971,0.826804124,4.01,4.12,4.12,4.12,2,0,0,13
tpcds_sf100_t64,TPCDS SF100,64,Q14,0,10.9,14.39,14.39,15.86,success,success,success,success,0.757470466,0.757470466,0.687263556,10.9,14.23,14.28,15.36,0,14,15,11
tpcds_sf100_t64,TPCDS SF100,64,Q15,1,0.41,0.42,0.42,0.42,success,success,success,success,0.976190476,0.976190476,0.976190476,0.41,0.41,0.41,0.42,1,16,11,0
tpcds_sf100_t64,TPCDS SF100,64,Q16,0,0.52,0.52,0.52,0.52,success,success,success,success,1,1,1,0.52,0.52,0.52,0.52,0,0,0,0
tpcds_sf100_t64,TPCDS SF100,64,Q17,11,2.58,2.68,2.58,2.68,success,success,success,success,0.962686567,1,0.962686567,2.58,2.58,2.58,2.68,11,1,1,1
tpcds_sf100_t64,TPCDS SF100,64,Q18,3,1.03,1.03,1.03,1.04,success,success,success,success,1,1,0.990384615,1.03,1.03,1.03,1.03,3,1,1,1
tpcds_sf100_t64,TPCDS SF100,64,Q19,18,2.48,2.57,2.58,2.58,success,success,success,success,0.964980545,0.96124031,0.96124031,2.48,2.57,2.47,2.58,18,18,17,0
tpcds_sf100_t64,TPCDS SF100,64,Q20,0,0.31,0.31,0.42,0.42,success,success,success,success,1,0.738095238,0.738095238,0.31,0.31,0.31,0.42,0,0,1,0
tpcds_sf100_t64,TPCDS SF100,64,Q21,0,0.31,0.32,0.31,0.42,success,success,success,success,0.96875,1,0.738095238,0.31,0.31,0.31,0.42,0,2,0,0
tpcds_sf100_t64,TPCDS SF100,64,Q22,9,7.05,7.22,7.26,7.34,success,success,success,success,0.976454294,0.97107438,0.960490463,7.05,7.14,7.13,7.15,9,18,13,0
tpcds_sf100_t64,TPCDS SF100,64,Q23,8,6.41,6.71,7.65,7.87,success,success,success,success,0.955290611,0.837908497,0.814485388,6.41,6.41,7.32,6.73,8,5,5,2
tpcds_sf100_t64,TPCDS SF100,64,Q24,0,3.2,3.09,2.99,3.2,success,success,success,success,1.03559871,1.07023411,1,3.2,3.09,2.99,3.2,0,0,0,0
tpcds_sf100_t64,TPCDS SF100,64,Q25,1,3.19,3.19,3.19,3.19,success,success,success,success,1,1,1,3.19,3.19,3.19,3.19,1,1,1,1
tpcds_sf100_t64,TPCDS SF100,64,Q26,5,0.72,0.83,0.83,0.83,success,success,success,success,0.86746988,0.86746988,0.86746988,0.72,0.72,0.72,0.83,5,2,15,0
tpcds_sf100_t64,TPCDS SF100,64,Q27,7,3.82,3.71,3.71,3.71,success,success,success,success,1.0296496,1.0296496,1.0296496,3.82,3.71,3.71,3.71,7,7,1,1
tpcds_sf100_t64,TPCDS SF100,64,Q28,4,3.56,3.78,3.67,3.7,success,success,success,success,0.941798942,0.970027248,0.962162162,3.56,3.57,3.57,3.56,4,0,9,7
tpcds_sf100_t64,TPCDS SF100,64,Q29,4,3.19,3.19,3.09,3.19,success,success,success,success,1,1.03236246,1,3.19,3.09,3.09,3.09,4,1,1,3
tpcds_sf100_t64,TPCDS SF100,64,Q30,0,0.52,0.52,0.52,0.52,success,success,success,success,1,1,1,0.52,0.52,0.52,0.52,0,0,0,0
tpcds_sf100_t64,TPCDS SF100,64,Q31,0,2.78,2.89,2.78,3.1,success,success,success,success,0.961937716,1,0.896774194,2.78,2.78,2.78,3.09,0,1,0,2
tpcds_sf100_t64,TPCDS SF100,64,Q32,0,0.31,0.31,0.31,0.31,success,success,success,success,1,1,1,0.31,0.31,0.31,0.31,0,0,0,0
tpcds_sf100_t64,TPCDS SF100,64,Q33,5,3.19,3.3,3.3,3.3,success,success,success,success,0.966666667,0.966666667,0.966666667,3.19,3.19,3.19,3.3,5,7,3,0
tpcds_sf100_t64,TPCDS SF100,64,Q34,3,1.75,1.75,1.75,1.86,success,success,success,success,1,1,0.940860215,1.75,1.75,1.75,1.85,3,1,0,10
tpcds_sf100_t64,TPCDS SF100,64,Q35,15,1.85,1.86,2.28,1.86,success,success,success,success,0.994623656,0.811403509,0.994623656,1.85,1.86,2.07,1.85,15,0,2,6
tpcds_sf100_t64,TPCDS SF100,64,Q36,0,2.88,2.89,2.88,2.99,success,success,success,success,0.996539792,1,0.963210702,2.88,2.88,2.88,2.99,0,1,0,0
tpcds_sf100_t64,TPCDS SF100,64,Q37,3,0.83,0.83,0.83,0.93,success,success,success,success,1,1,0.892473118,0.83,0.83,0.83,0.83,3,0,0,0
tpcds_sf100_t64,TPCDS SF100,64,Q38,0,1.75,1.86,2.18,2.38,success,success,success,success,0.940860215,0.802752294,0.735294118,1.75,1.75,2.07,2.28,0,17,5,2
tpcds_sf100_t64,TPCDS SF100,64,Q39,3,0.52,0.62,0.62,0.62,success,success,success,success,0.838709677,0.838709677,0.838709677,0.52,0.52,0.52,0.52,3,0,0,1
tpcds_sf100_t64,TPCDS SF100,64,Q40,0,0.52,0.52,0.52,0.31,success,success,success,success,1,1,1.67741935,0.52,0.52,0.52,0.31,0,0,0,0
tpcds_sf100_t64,TPCDS SF100,64,Q41,0,0.21,0.21,0.21,0.21,success,success,success,success,1,1,1,0.21,0.21,0.21,0.21,0,0,0,0
tpcds_sf100_t64,TPCDS SF100,64,Q42,0,1.86,1.86,1.86,1.86,success,success,success,success,1,1,1,1.86,1.86,1.86,1.86,0,0,0,0
tpcds_sf100_t64,TPCDS SF100,64,Q43,2,1.95,1.96,1.96,2.16,success,success,success,success,0.994897959,0.994897959,0.902777778,1.95,1.96,1.96,2.16,2,0,0,0
tpcds_sf100_t64,TPCDS SF100,64,Q44,2,234.53,242.68,240.74,236.38,success,success,success,success,0.96641668,0.974204536,0.992173619,234.53,237.19,237.66,226.35,2,15,10,3
tpcds_sf100_t64,TPCDS SF100,64,Q45,0,0.93,0.93,0.93,0.93,success,success,success,success,1,1,1,0.93,0.93,0.93,0.93,0,0,0,0
tpcds_sf100_t64,TPCDS SF100,64,Q46,6,2.99,3.09,2.99,2.99,success,success,success,success,0.96763754,1,1,2.99,2.98,2.99,2.99,6,17,2,2
tpcds_sf100_t64,TPCDS SF100,64,Q47,19,3.51,3.61,3.62,3.62,success,success,success,success,0.972299169,0.96961326,0.96961326,3.51,3.51,3.51,3.61,19,2,17,0
tpcds_sf100_t64,TPCDS SF100,64,Q48,0,2.99,2.99,2.99,3.61,success,success,success,success,1,1,0.828254848,2.99,2.99,2.99,3.61,0,0,0,0
tpcds_sf100_t64,TPCDS SF100,64,Q49,4,3.6,3.81,3.71,3.81,success,success,success,success,0.94488189,0.970350404,0.94488189,3.6,3.7,3.7,3.71,4,3,0,0
tpcds_sf100_t64,TPCDS SF100,64,Q50,2,2.48,2.37,2.37,2.68,success,success,success,success,1.0464135,1.0464135,0.925373134,2.48,2.37,2.37,2.68,2,0,0,2
tpcds_sf100_t64,TPCDS SF100,64,Q51,0,5.42,5.41,5.83,5.96,success,success,success,success,1.00184843,0.929674099,0.909395973,5.42,5.41,5.3,5.83,0,0,8,19
tpcds_sf100_t64,TPCDS SF100,64,Q52,0,1.86,1.86,1.86,1.86,success,success,success,success,1,1,1,1.86,1.85,1.85,1.86,0,1,8,0
tpcds_sf100_t64,TPCDS SF100,64,Q53,0,2.27,2.37,2.37,2.37,success,success,success,success,0.957805907,0.957805907,0.957805907,2.27,2.27,2.27,2.37,0,8,10,0
tpcds_sf100_t64,TPCDS SF100,64,Q55,3,1.85,1.86,1.86,1.86,success,success,success,success,0.994623656,0.994623656,0.994623656,1.85,1.86,1.86,1.86,3,0,0,0
tpcds_sf100_t64,TPCDS SF100,64,Q56,5,3.19,3.29,3.3,3.3,success,success,success,success,0.969604863,0.966666667,0.966666667,3.19,3.29,3.19,3.19,5,1,9,4
tpcds_sf100_t64,TPCDS SF100,64,Q57,3,1.45,1.55,1.45,1.55,success,success,success,success,0.935483871,1,0.935483871,1.45,1.45,1.45,1.55,3,6,3,1
tpcds_sf100_t64,TPCDS SF100,64,Q58,0,3.71,3.71,3.71,3.81,success,success,success,success,1,1,0.973753281,3.71,3.71,3.71,3.71,0,0,0,1
tpcds_sf100_t64,TPCDS SF100,64,Q59,0,2.58,2.68,2.58,2.58,success,success,success,success,0.962686567,1,1,2.58,2.58,2.58,2.58,0,2,0,0
tpcds_sf100_t64,TPCDS SF100,64,Q60,7,3.29,3.3,3.3,3.3,success,success,success,success,0.996969697,0.996969697,0.996969697,3.29,3.29,3.29,3.3,7,17,5,7
tpcds_sf100_t64,TPCDS SF100,64,Q61,0,2.78,2.78,2.79,2.89,success,success,success,success,1,0.996415771,0.961937716,2.78,2.78,2.78,2.88,0,0,3,15
tpcds_sf100_t64,TPCDS SF100,64,Q62,0,0.83,0.83,0.83,0.83,success,success,success,success,1,1,1,0.83,0.83,0.83,0.83,0,0,0,0
tpcds_sf100_t64,TPCDS SF100,64,Q63,0,2.27,2.27,2.27,2.27,success,success,success,success,1,1,1,2.27,2.27,2.27,2.27,0,0,0,0
tpcds_sf100_t64,TPCDS SF100,64,Q64,6,5.26,5.36,5.37,5.25,success,success,success,success,0.981343284,0.979515829,1.00190476,5.26,5.15,5.26,5.25,6,12,0,0
tpcds_sf100_t64,TPCDS SF100,64,Q65,15,9.29,9.71,9.81,7.24,success,success,success,success,0.956745623,0.946992864,1.28314917,9.29,9.17,9.19,7.23,15,0,0,7
tpcds_sf100_t64,TPCDS SF100,64,Q66,18,1.54,1.55,1.55,1.65,success,success,success,success,0.993548387,0.993548387,0.933333333,1.54,1.55,1.45,1.55,18,0,16,16
tpcds_sf100_t64,TPCDS SF100,64,Q67,5,16.33,16.14,16.76,17.07,success,success,success,success,1.011772,0.974343675,0.956649092,16.33,16.02,16.27,16.89,5,2,16,10
tpcds_sf100_t64,TPCDS SF100,64,Q68,0,3.81,3.81,3.81,3.71,success,success,success,success,1,1,1.02695418,3.81,3.81,3.81,3.71,0,0,0,0
tpcds_sf100_t64,TPCDS SF100,64,Q69,0,1.55,1.55,1.54,1.55,success,success,success,success,1,1.00649351,1,1.55,1.55,1.54,1.55,0,0,0,0
tpcds_sf100_t64,TPCDS SF100,64,Q70,0,2.38,2.7,2.8,2.9,success,success,success,success,0.881481481,0.85,0.820689655,2.38,2.7,2.69,2.89,0,0,18,9
tpcds_sf100_t64,TPCDS SF100,64,Q71,0,2.57,2.58,2.58,2.58,success,success,success,success,0.996124031,0.996124031,0.996124031,2.57,2.58,2.58,2.58,0,0,0,0
tpcds_sf100_t64,TPCDS SF100,64,Q72,5,2.07,2.79,2.9,2.91,success,success,success,success,0.741935484,0.713793103,0.711340206,2.07,1.67,1.77,2.09,5,1,0,0
tpcds_sf100_t64,TPCDS SF100,64,Q73,0,1.75,1.86,1.86,1.86,success,success,success,success,0.940860215,0.940860215,0.940860215,1.75,1.75,1.75,1.86,0,8,1,0
tpcds_sf100_t64,TPCDS SF100,64,Q74,0,3.41,4.14,4.57,6.41,success,success,success,success,0.823671498,0.746170678,0.531981279,3.41,3.84,4.57,6.3,0,8,0,2
tpcds_sf100_t64,TPCDS SF100,64,Q75,0,4.63,4.74,4.74,5.05,success,success,success,success,0.976793249,0.976793249,0.916831683,4.63,4.73,4.74,4.94,0,6,0,1
tpcds_sf100_t64,TPCDS SF100,64,Q76,0,4.42,4.53,4.42,4.74,success,success,success,success,0.975717439,1,0.932489451,4.42,4.42,4.42,4.74,0,2,0,0
tpcds_sf100_t64,TPCDS SF100,64,Q77,0,3.81,3.91,3.91,3.91,success,success,success,success,0.974424552,0.974424552,0.974424552,3.81,3.81,3.81,3.91,0,2,4,0
tpcds_sf100_t64,TPCDS SF100,64,Q78,5,6.32,6.33,6.54,7.09,success,success,success,success,0.998420221,0.966360856,0.891396333,6.32,6.32,6.35,6.56,5,2,7,2
tpcds_sf100_t64,TPCDS SF100,64,Q79,0,3.09,3.09,2.99,3.19,success,success,success,success,1,1.03344482,0.968652038,3.09,2.99,2.98,3.19,0,1,16,0
tpcds_sf100_t64,TPCDS SF100,64,Q80,2,4.94,5.05,4.94,4.73,success,success,success,success,0.978217822,1,1.04439746,4.94,5.04,4.94,4.73,2,0,2,2
tpcds_sf100_t64,TPCDS SF100,64,Q81,0,0.52,0.52,0.52,0.62,success,success,success,success,1,1,0.838709677,0.52,0.52,0.52,0.52,0,0,0,10
tpcds_sf100_t64,TPCDS SF100,64,Q82,0,1.14,1.14,1.14,1.14,success,success,success,success,1,1,1,1.14,1.13,1.14,1.14,0,11,0,0
tpcds_sf100_t64,TPCDS SF100,64,Q83,0,0.62,0.62,0.62,0.62,success,success,success,success,1,1,1,0.62,0.62,0.52,0.62,0,0,3,0
tpcds_sf100_t64,TPCDS SF100,64,Q84,0,0.42,0.32,0.42,0.32,success,success,success,success,1.3125,1,1.3125,0.42,0.32,0.42,0.31,0,0,0,6
tpcds_sf100_t64,TPCDS SF100,64,Q85,0,1.44,1.55,1.45,1.65,success,success,success,success,0.929032258,0.993103448,0.872727273,1.44,1.45,1.45,1.45,0,2,0,8
tpcds_sf100_t64,TPCDS SF100,64,Q86,10,0.82,0.83,0.83,0.95,success,success,success,success,0.987951807,0.987951807,0.863157895,0.82,0.83,0.83,0.83,10,0,0,0
tpcds_sf100_t64,TPCDS SF100,64,Q87,1,1.86,1.96,2.39,2.38,success,success,success,success,0.948979592,0.778242678,0.781512605,1.86,1.86,2.18,2.38,1,8,10,1
tpcds_sf100_t64,TPCDS SF100,64,Q88,12,1.97,1.76,1.76,1.87,success,success,success,success,1.11931818,1.11931818,1.05347594,1.97,1.7,1.68,1.86,12,16,6,2
tpcds_sf100_t64,TPCDS SF100,64,Q89,9,2.27,2.37,2.37,2.37,success,success,success,success,0.957805907,0.957805907,0.957805907,2.27,2.37,2.37,2.37,9,0,0,0
tpcds_sf100_t64,TPCDS SF100,64,Q90,0,0.62,0.62,0.62,0.62,success,success,success,success,1,1,1,0.62,0.62,0.62,0.62,0,0,0,0
tpcds_sf100_t64,TPCDS SF100,64,Q91,0,0.31,0.32,0.32,0.31,success,success,success,success,0.96875,0.96875,1,0.31,0.31,0.31,0.31,0,3,1,0
tpcds_sf100_t64,TPCDS SF100,64,Q92,0,0.93,0.93,0.93,0.93,success,success,success,success,1,1,1,0.93,0.83,0.93,0.83,0,7,0,1
tpcds_sf100_t64,TPCDS SF100,64,Q93,0,2.48,2.37,2.37,2.37,success,success,success,success,1.0464135,1.0464135,1.0464135,2.48,2.37,2.37,2.37,0,0,0,0
tpcds_sf100_t64,TPCDS SF100,64,Q94,0,1.24,1.24,1.24,1.25,success,success,success,success,1,1,0.992,1.24,1.24,1.24,1.24,0,0,0,1
tpcds_sf100_t64,TPCDS SF100,64,Q95,2,4.08,4.08,5.84,1.76,success,success,success,success,1,0.698630137,2.31818182,4.08,4.07,5.63,1.76,2,7,13,0
tpcds_sf100_t64,TPCDS SF100,64,Q96,4,1.24,1.34,1.24,1.34,success,success,success,success,0.925373134,1,0.925373134,1.24,1.34,1.24,1.34,4,0,0,0
tpcds_sf100_t64,TPCDS SF100,64,Q97,13,2.38,2.39,2.29,2.39,success,success,success,success,0.9958159,1.03930131,0.9958159,2.38,2.39,2.28,2.39,13,2,1,0
tpcds_sf100_t64,TPCDS SF100,64,Q98,0,1.96,1.96,1.96,1.96,success,success,success,success,1,1,1,1.96,1.96,1.96,1.96,0,0,0,0
tpcds_sf100_t64,TPCDS SF100,64,Q99,0,0.62,0.62,0.62,1.04,success,success,success,success,1,1,0.596153846,0.62,0.62,0.62,1.04,0,0,0,0
