dataset_id,benchmark,suite,scale_factor,threads,query,case,case_name,success_count,timeout_count,oom_count,completion_rate,min_runtime,median_runtime_success,p10_runtime_success,p90_runtime_success,iqr_runtime_success,cv_runtime_success,p90_p50,median_capped_runtime,median_regret,p90_regret,within_10pct_oracle_rate,bad_plan_rate_over_2x,best_seed
appian_t1,appian,appian,,1,q01,1,Baseline,20,0,0,1,2.68,2.72,2.7,2.742,0.025,0.00923610151,1.00808824,2.72,0.0149253731,0.0231343284,1,0,10
appian_t1,appian,appian,,1,q01,2,Forward-only,20,0,0,1,2.69,2.72,2.699,2.741,0.0225,0.00639342739,1.00772059,2.72,0.0111524164,0.0189591078,1,0,1
appian_t1,appian,appian,,1,q01,3,THC,20,0,0,1,2.74,2.77,2.749,2.79,0.03,0.00664451557,1.00722022,2.77,0.0109489051,0.0182481752,1,0,5
appian_t1,appian,appian,,1,q01,4,RPT+,20,0,0,1,2.67,2.71,2.69,2.74,0.02,0.00690342691,1.01107011,2.71,0.0149812734,0.0262172285,1,0,9
appian_t1,appian,appian,,1,q02,1,Baseline,20,0,0,1,13.33,13.59,13.429,13.673,0.155,0.00820723572,1.00610743,13.59,0.0195048762,0.0257314329,1,0,11
appian_t1,appian,appian,,1,q02,2,Forward-only,20,0,0,1,13.61,13.825,13.638,13.894,0.15,0.00751713903,1.00499096,13.825,0.0157972079,0.0208670096,1,0,3
appian_t1,appian,appian,,1,q02,3,THC,20,0,0,1,14.35,14.59,14.526,14.81,0.115,0.00793968329,1.01507882,14.59,0.0167247387,0.0320557491,1,0,4
appian_t1,appian,appian,,1,q02,4,RPT+,20,0,0,1,13.6,13.785,13.618,13.902,0.17,0.00770428441,1.00848749,13.785,0.0136029412,0.0222058824,1,0,13
appian_t1,appian,appian,,1,q03,1,Baseline,20,0,0,1,6.27,6.495,6.327,6.825,0.3525,0.0314519939,1.05080831,6.495,0.0358851675,0.0885167464,0.95,0,11
appian_t1,appian,appian,,1,q03,2,Forward-only,20,0,0,1,5.98,6.095,5.98,6.211,0.075,0.0140314375,1.01903199,6.095,0.0192307692,0.0386287625,1,0,4
appian_t1,appian,appian,,1,q03,3,THC,20,0,0,1,6.66,6.805,6.706,6.921,0.125,0.0124569863,1.01704629,6.805,0.0217717718,0.0391891892,1,0,8
appian_t1,appian,appian,,1,q03,4,RPT+,20,0,0,1,5.97,6.07,5.989,6.192,0.0975,0.0138080712,1.02009885,6.07,0.0167504188,0.0371859296,1,0,6
appian_t1,appian,appian,,1,q04,1,Baseline,20,0,0,1,25.35,25.795,25.523,26.193,0.395,0.0105822708,1.01542935,25.795,0.0175542406,0.0332544379,1,0,17
appian_t1,appian,appian,,1,q04,2,Forward-only,20,0,0,1,25.47,25.855,25.577,26.111,0.15,0.00773746036,1.00990137,25.855,0.0151158225,0.025166863,1,0,4
appian_t1,appian,appian,,1,q04,3,THC,20,0,0,1,28.16,28.615,28.302,28.878,0.2625,0.00814413606,1.00919098,28.615,0.0161576705,0.0254971591,1,0,10
appian_t1,appian,appian,,1,q04,4,RPT+,20,0,0,1,25.54,25.855,25.615,26.176,0.375,0.00849504948,1.01241539,25.855,0.0123335944,0.0249021143,1,0,9
appian_t1,appian,appian,,1,q05,1,Baseline,20,0,0,1,4.8,4.845,4.81,4.91,0.0625,0.0078025528,1.01341589,4.845,0.009375,0.0229166667,1,0,7
appian_t1,appian,appian,,1,q05,2,Forward-only,20,0,0,1,4.77,4.84,4.799,4.872,0.0425,0.00658464985,1.00661157,4.84,0.0146750524,0.0213836478,1,0,6
appian_t1,appian,appian,,1,q05,3,THC,20,0,0,1,4.99,5.05,5.027,5.101,0.0275,0.00642407573,1.01009901,5.05,0.0120240481,0.022244489,1,0,2
appian_t1,appian,appian,,1,q05,4,RPT+,20,0,0,1,4.77,4.82,4.78,4.86,0.065,0.0072421034,1.00829876,4.82,0.0104821803,0.0188679245,1,0,7
appian_t1,appian,appian,,1,q06,1,Baseline,20,0,0,1,7.65,7.74,7.659,7.811,0.08,0.00765059124,1.00917313,7.74,0.0117647059,0.0210457516,1,0,10
appian_t1,appian,appian,,1,q06,2,Forward-only,20,0,0,1,7.67,7.77,7.709,7.823,0.065,0.00672450475,1.00682111,7.77,0.0130378096,0.0199478488,1,0,4
appian_t1,appian,appian,,1,q06,3,THC,20,0,0,1,9.4,9.6,9.449,9.713,0.135,0.0110730245,1.01177083,9.6,0.0212765957,0.0332978723,1,0,19
appian_t1,appian,appian,,1,q06,4,RPT+,20,0,0,1,7.6,7.745,7.66,7.811,0.0925,0.00997657894,1.00852163,7.745,0.0190789474,0.0277631579,1,0,16
appian_t1,appian,appian,,1,q07,1,Baseline,20,0,0,1,7.63,7.74,7.66,7.848,0.105,0.0117442799,1.01395349,7.74,0.0144167759,0.0285714286,1,0,17
appian_t1,appian,appian,,1,q07,2,Forward-only,20,0,0,1,7.91,7.99,7.939,8.052,0.0625,0.00579218881,1.0077597,7.99,0.01011378,0.0179519595,1,0,19
appian_t1,appian,appian,,1,q07,3,THC,20,0,0,1,8.25,8.42,8.317,8.53,0.0975,0.0105107081,1.01306413,8.42,0.0206060606,0.0339393939,1,0,19
appian_t1,appian,appian,,1,q07,4,RPT+,20,0,0,1,7.85,7.945,7.878,8.015,0.0875,0.0075467294,1.00881057,7.945,0.0121019108,0.0210191083,1,0,8
appian_t1,appian,appian,,1,q08,1,Baseline,20,0,0,1,29.15,29.69,29.219,30.084,0.4025,0.0107308284,1.01327046,29.69,0.0185248714,0.0320411664,1,0,10
appian_t1,appian,appian,,1,q08,2,Forward-only,20,0,0,1,29.31,29.655,29.429,30.272,0.5875,0.0114849077,1.02080593,29.655,0.0117707267,0.0328215626,1,0,12
appian_t1,appian,appian,,1,q08,3,THC,20,0,0,1,29.77,30.53,30.333,31.197,0.605,0.0132403105,1.02184736,30.53,0.0255290561,0.0479341619,1,0,0
appian_t1,appian,appian,,1,q08,4,RPT+,20,0,0,1,29.13,29.635,29.257,30.152,0.38,0.0113437466,1.01744559,29.635,0.0173360796,0.0350841057,1,0,15
job_t1,job,job,,1,1a,1,Baseline,20,0,0,1,0.19,0.39,0.199,0.631,0.23,0.338650867,1.61794872,0.39,1.05263158,2.32105263,0.15,0.55,0
job_t1,job,job,,1,1a,2,Forward-only,20,0,0,1,0.16,0.17,0.16,0.17,0.01,0.0343709404,1,0.17,0.0625,0.0625,0.95,0,1
job_t1,job,job,,1,1a,3,THC,20,0,0,1,0.16,0.17,0.16,0.17,0.01,0.0295119246,1,0.17,0.0625,0.0625,1,0,1
job_t1,job,job,,1,1a,4,RPT+,20,0,0,1,0.15,0.15,0.15,0.17,0.02,0.0620123986,1.13333333,0.15,0,0.133333333,0.6,0,0
job_t1,job,job,,1,1b,1,Baseline,20,0,0,1,0.15,0.36,0.15,0.778,0.26,0.547487787,2.16111111,0.36,1.4,4.18666667,0.15,0.85,0
job_t1,job,job,,1,1b,2,Forward-only,20,0,0,1,0.1,0.11,0.109,0.111,0,0.282310164,1.00909091,0.11,0.1,0.11,0.9,0.05,6
job_t1,job,job,,1,1b,3,THC,20,0,0,1,0.11,0.11,0.11,0.12,0.0025,0.271773346,1.09090909,0.11,0,0.0909090909,0.95,0.05,0
job_t1,job,job,,1,1b,4,RPT+,20,0,0,1,0.1,0.1,0.1,0.12,0.01,0.0743801855,1.2,0.1,0,0.2,0.8,0,0
job_t1,job,job,,1,1c,1,Baseline,20,0,0,1,0.13,0.255,0.13,0.421,0.1525,0.345216402,1.65098039,0.255,0.961538462,2.23846154,0.15,0.4,0
job_t1,job,job,,1,1c,2,Forward-only,20,0,0,1,0.12,0.21,0.12,0.22,0.09,0.268936645,1.04761905,0.21,0.75,0.833333333,0.4,0.05,2
job_t1,job,job,,1,1c,3,THC,20,0,0,1,0.11,0.21,0.12,0.22,0.0925,0.274774258,1.04761905,0.21,0.909090909,1,0.4,0.05,3
job_t1,job,job,,1,1c,4,RPT+,20,0,0,1,0.12,0.21,0.12,0.21,0.09,0.255303915,1,0.21,0.75,0.75,0.4,0,2
job_t1,job,job,,1,1d,1,Baseline,20,0,0,1,0.15,0.37,0.15,0.821,0.38,0.544634364,2.21891892,0.37,1.46666667,4.47333333,0.15,0.85,0
job_t1,job,job,,1,1d,2,Forward-only,20,0,0,1,0.11,0.11,0.11,0.12,0.01,0.440593223,1.09090909,0.11,0,0.0909090909,0.95,0.05,0
job_t1,job,job,,1,1d,3,THC,20,0,0,1,0.11,0.115,0.11,0.12,0.01,0.438006037,1.04347826,0.115,0.0454545455,0.0909090909,0.95,0.05,0
job_t1,job,job,,1,1d,4,RPT+,20,0,0,1,0.1,0.11,0.109,0.12,0.01,0.0566648163,1.09090909,0.11,0.1,0.2,0.6,0,0
job_t1,job,job,,1,2a,1,Baseline,20,0,0,1,0.52,0.635,0.53,0.874,0.265,0.45369457,1.37637795,0.635,0.221153846,0.680769231,0.15,0.05,9
job_t1,job,job,,1,2a,2,Forward-only,20,0,0,1,0.33,0.36,0.33,0.56,0.02,0.204162032,1.55555556,0.36,0.0909090909,0.696969697,0.85,0,2
job_t1,job,job,,1,2a,3,THC,20,0,0,1,0.32,0.36,0.33,0.561,0.0225,0.209371835,1.55833333,0.36,0.125,0.753125,0.4,0,18
job_t1,job,job,,1,2a,4,RPT+,20,0,0,1,0.29,0.3,0.29,0.33,0.03,0.0495042115,1.1,0.3,0.0344827586,0.137931034,0.6,0,1
job_t1,job,job,,1,2b,1,Baseline,20,0,0,1,0.51,0.625,0.52,0.873,0.2575,0.46909126,1.3968,0.625,0.225490196,0.711764706,0.15,0.05,9
job_t1,job,job,,1,2b,2,Forward-only,20,0,0,1,0.3,0.34,0.309,0.55,0.0325,0.2272577,1.61764706,0.34,0.133333333,0.833333333,0.4,0,3
job_t1,job,job,,1,2b,3,THC,20,0,0,1,0.3,0.34,0.309,0.541,0.03,0.224936208,1.59117647,0.34,0.133333333,0.803333333,0.4,0,2
job_t1,job,job,,1,2b,4,RPT+,20,0,0,1,0.29,0.29,0.29,0.31,0.02,0.0316662919,1.06896552,0.29,0,0.0689655172,1,0,0
job_t1,job,job,,1,2c,1,Baseline,20,0,0,1,0.3,0.585,0.309,0.874,0.4275,0.452289271,1.49401709,0.585,0.95,1.91333333,0.15,0.45,0
job_t1,job,job,,1,2c,2,Forward-only,20,0,0,1,0.07,0.09,0.07,0.481,0.04,1.00943719,5.34444444,0.09,0.285714286,5.87142857,0.45,0.15,0
job_t1,job,job,,1,2c,3,THC,20,0,0,1,0.07,0.09,0.07,0.49,0.04,1.01369927,5.44444444,0.09,0.285714286,6,0.4,0.15,1
job_t1,job,job,,1,2c,4,RPT+,20,0,0,1,0.07,0.08,0.07,0.11,0.04,0.209119602,1.375,0.08,0.142857143,0.571428571,0.45,0,0
job_t1,job,job,,1,2d,1,Baseline,20,0,0,1,0.56,0.66,0.569,0.893,0.2675,0.685087791,1.3530303,0.66,0.178571429,0.594642857,0.35,0.05,0
job_t1,job,job,,1,2d,2,Forward-only,20,0,0,1,0.45,0.545,0.459,0.761,0.25,0.202356524,1.39633028,0.545,0.211111111,0.691111111,0.3,0,9
job_t1,job,job,,1,2d,3,THC,20,0,0,1,0.47,0.55,0.47,0.751,0.2425,0.190850963,1.36545455,0.55,0.170212766,0.59787234,0.35,0,0
job_t1,job,job,,1,2d,4,RPT+,20,0,0,1,0.33,0.34,0.33,0.492,0.09,0.170224025,1.44705882,0.34,0.0303030303,0.490909091,0.6,0,0
job_t1,job,job,,1,3a,1,Baseline,20,0,0,1,1.86,1.91,1.899,1.941,0.0225,0.0113205935,1.01623037,1.91,0.0268817204,0.0435483871,1,0,12
job_t1,job,job,,1,3a,2,Forward-only,20,0,0,1,1.12,1.3,1.129,1.301,0.0125,0.0552326256,1.00076923,1.3,0.160714286,0.161607143,0.2,0,11
job_t1,job,job,,1,3a,3,THC,20,0,0,1,1.11,1.29,1.12,1.301,0.02,0.0555940086,1.00852713,1.29,0.162162162,0.172072072,0.2,0,13
job_t1,job,job,,1,3a,4,RPT+,20,0,0,1,1.11,1.18,1.129,1.19,0.0125,0.0214174828,1.00847458,1.18,0.0630630631,0.0720720721,1,0,17
job_t1,job,job,,1,3b,1,Baseline,20,0,0,1,0.87,0.94,0.89,0.96,0.0225,0.0284078415,1.0212766,0.94,0.0804597701,0.103448276,0.8,0,12
job_t1,job,job,,1,3b,2,Forward-only,20,0,0,1,0.95,0.99,0.968,1.011,0.02,0.0188893243,1.02121212,0.99,0.0421052632,0.0642105263,1,0,9
job_t1,job,job,,1,3b,3,THC,20,0,0,1,0.94,0.99,0.959,1.01,0.03,0.0241373635,1.02020202,0.99,0.0531914894,0.0744680851,0.95,0,11
job_t1,job,job,,1,3b,4,RPT+,20,0,0,1,0.93,0.99,0.949,1,0.0125,0.0222173363,1.01010101,0.99,0.064516129,0.0752688172,0.95,0,11
job_t1,job,job,,1,3c,1,Baseline,20,0,0,1,2.13,2.255,2.158,2.342,0.0975,0.0308123413,1.03858093,2.255,0.058685446,0.0995305164,0.9,0,2
job_t1,job,job,,1,3c,2,Forward-only,20,0,0,1,1.19,1.41,1.2,1.42,0.02,0.0630878311,1.0070922,1.41,0.18487395,0.193277311,0.2,0,17
job_t1,job,job,,1,3c,3,THC,20,0,0,1,1.19,1.4,1.19,1.42,0.0225,0.0636351351,1.01428571,1.4,0.176470588,0.193277311,0.2,0,11
job_t1,job,job,,1,3c,4,RPT+,20,0,0,1,1.18,1.225,1.199,1.24,0.01,0.0135203803,1.0122449,1.225,0.0381355932,0.0508474576,1,0,11
job_t1,job,job,,1,4a,1,Baseline,20,0,0,1,0.39,0.685,0.39,0.926,0.43,0.325138601,1.35182482,0.685,0.756410256,1.37435897,0.15,0.4,0
job_t1,job,job,,1,4a,2,Forward-only,20,0,0,1,0.35,0.42,0.359,0.43,0.0625,0.0824181883,1.02380952,0.42,0.2,0.228571429,0.4,0,0
job_t1,job,job,,1,4a,3,THC,20,0,0,1,0.35,0.415,0.359,0.43,0.07,0.0837086766,1.03614458,0.415,0.185714286,0.228571429,0.4,0,9
job_t1,job,job,,1,4a,4,RPT+,20,0,0,1,0.29,0.3,0.29,0.3,0.0025,0.0145550488,1,0.3,0.0344827586,0.0344827586,1,0,2
job_t1,job,job,,1,4b,1,Baseline,20,0,0,1,0.24,0.335,0.24,0.46,0.125,0.209705076,1.37313433,0.335,0.395833333,0.916666667,0.15,0,0
job_t1,job,job,,1,4b,2,Forward-only,20,0,0,1,0.23,0.28,0.23,0.32,0.0525,0.120434302,1.14285714,0.28,0.217391304,0.391304348,0.4,0,3
job_t1,job,job,,1,4b,3,THC,20,0,0,1,0.23,0.28,0.23,0.32,0.06,0.116618275,1.14285714,0.28,0.217391304,0.391304348,0.4,0,2
job_t1,job,job,,1,4b,4,RPT+,20,0,0,1,0.23,0.28,0.23,0.291,0.04,0.0902973416,1.03928571,0.28,0.217391304,0.265217391,0.4,0,3
job_t1,job,job,,1,4c,1,Baseline,20,0,0,1,0.47,0.885,0.47,1.333,0.6775,0.380542044,1.50621469,0.885,0.882978723,1.83617021,0.15,0.5,0
job_t1,job,job,,1,4c,2,Forward-only,20,0,0,1,0.41,0.535,0.41,0.55,0.1225,0.125669216,1.02803738,0.535,0.304878049,0.341463415,0.4,0,0
job_t1,job,job,,1,4c,3,THC,20,0,0,1,0.41,0.54,0.42,0.55,0.12,0.123399279,1.01851852,0.54,0.317073171,0.341463415,0.4,0,0
job_t1,job,job,,1,4c,4,RPT+,20,0,0,1,0.33,0.34,0.33,0.341,0.01,0.0194304559,1.00294118,0.34,0.0303030303,0.0333333333,1,0,3
job_t1,job,job,,1,5a,1,Baseline,20,0,0,1,1.69,1.89,1.71,1.981,0.2275,0.0621472189,1.04814815,1.89,0.118343195,0.172189349,0.45,0,16
job_t1,job,job,,1,5a,2,Forward-only,20,0,0,1,0.08,0.08,0.08,0.111,0.01,0.616095516,1.3875,0.08,0,0.3875,0.55,0.1,0
job_t1,job,job,,1,5a,3,THC,20,0,0,1,0.08,0.085,0.08,0.111,0.01,0.623034943,1.30588235,0.085,0.0625,0.3875,0.5,0.1,2
job_t1,job,job,,1,5a,4,RPT+,20,0,0,1,0.08,0.08,0.08,0.09,0.01,0.0583211844,1.125,0.08,0,0.125,0.6,0,0
job_t1,job,job,,1,5b,1,Baseline,20,0,0,1,1.07,1.21,1.089,1.281,0.145,0.0676155761,1.05867769,1.21,0.130841121,0.197196262,0.4,0,16
job_t1,job,job,,1,5b,2,Forward-only,20,0,0,1,0.08,0.2,0.08,0.213,0.13,0.413733728,1.065,0.2,1.5,1.6625,0.4,0.6,2
job_t1,job,job,,1,5b,3,THC,20,0,0,1,0.08,0.2,0.08,0.214,0.13,0.414760682,1.07,0.2,1.5,1.675,0.4,0.6,2
job_t1,job,job,,1,5b,4,RPT+,20,0,0,1,0.08,0.2,0.08,0.21,0.1225,0.394490285,1.05,0.2,1.5,1.625,0.4,0.6,2
job_t1,job,job,,1,5c,1,Baseline,20,0,0,1,2.02,2.21,2.058,2.361,0.2525,0.058076225,1.06832579,2.21,0.0940594059,0.168811881,0.5,0,16
job_t1,job,job,,1,5c,2,Forward-only,20,0,0,1,1.09,1.14,1.1,1.181,0.045,0.0465862548,1.03596491,1.14,0.0458715596,0.0834862385,0.9,0,8
job_t1,job,job,,1,5c,3,THC,20,0,0,1,1.09,1.14,1.099,1.172,0.0425,0.0465350493,1.02807018,1.14,0.0458715596,0.0752293578,0.9,0,2
job_t1,job,job,,1,5c,4,RPT+,20,0,0,1,1.09,1.11,1.099,1.12,0.0125,0.00897193361,1.00900901,1.11,0.0183486239,0.0275229358,1,0,8
job_t1,job,job,,1,6a,1,Baseline,20,0,0,1,0.5,0.68,0.5,12.722,1.3275,1.61562031,18.7088235,0.68,0.36,24.444,0.45,0.25,5
job_t1,job,job,,1,6a,2,Forward-only,20,0,0,1,0.48,0.55,0.49,0.57,0.0475,0.060435426,1.03636364,0.55,0.145833333,0.1875,0.25,0,7
job_t1,job,job,,1,6a,3,THC,20,0,0,1,0.48,0.55,0.489,0.571,0.0575,0.0647482486,1.03818182,0.55,0.145833333,0.189583333,0.3,0,7
job_t1,job,job,,1,6a,4,RPT+,20,0,0,1,0.48,0.53,0.48,0.53,0.0175,0.039182738,1,0.53,0.104166667,0.104166667,0.3,0,7
job_t1,job,job,,1,6b,1,Baseline,20,0,0,1,0.45,0.73,0.45,0.74,0.29,0.231398956,1.01369863,0.73,0.622222222,0.644444444,0.45,0,5
job_t1,job,job,,1,6b,2,Forward-only,20,0,0,1,0.46,0.48,0.46,0.74,0.02,0.207741336,1.54166667,0.48,0.0434782609,0.608695652,0.8,0,5
job_t1,job,job,,1,6b,3,THC,20,0,0,1,0.46,0.475,0.46,0.74,0.0225,0.206093464,1.55789474,0.475,0.0326086957,0.608695652,0.8,0,7
job_t1,job,job,,1,6b,4,RPT+,20,0,0,1,0.45,0.46,0.45,0.471,0.02,0.0208682127,1.02391304,0.46,0.0222222222,0.0466666667,1,0,1
job_t1,job,job,,1,6c,1,Baseline,20,0,0,1,0.42,0.665,0.42,11.962,0.5275,1.59303127,17.9879699,0.665,0.583333333,27.4809524,0.45,0.25,5
job_t1,job,job,,1,6c,2,Forward-only,20,0,0,1,0.42,0.425,0.42,0.43,0.01,0.0117647059,1.01176471,0.425,0.0119047619,0.0238095238,1,0,2
job_t1,job,job,,1,6c,3,THC,20,0,0,1,0.42,0.43,0.42,0.431,0.01,0.0149956071,1.00232558,0.43,0.0238095238,0.0261904762,1,0,6
job_t1,job,job,,1,6c,4,RPT+,20,0,0,1,0.42,0.43,0.42,0.43,0.01,0.0114999518,1,0.43,0.0238095238,0.0238095238,1,0,2
job_t1,job,job,,1,6d,1,Baseline,20,0,0,1,0.7,0.94,0.71,0.951,0.23,0.136505682,1.01170213,0.94,0.342857143,0.358571429,0.45,0,8
job_t1,job,job,,1,6d,2,Forward-only,20,0,0,1,0.73,0.96,0.73,0.971,0.2325,0.134270844,1.01145833,0.96,0.315068493,0.330136986,0.45,0,5
job_t1,job,job,,1,6d,3,THC,20,0,0,1,0.72,0.96,0.73,0.98,0.24,0.137305592,1.02083333,0.96,0.333333333,0.361111111,0.45,0,17
job_t1,job,job,,1,6d,4,RPT+,20,0,0,1,0.55,0.55,0.55,0.56,0.0025,0.00783733397,1.01818182,0.55,0,0.0181818182,1,0,1
job_t1,job,job,,1,6e,1,Baseline,20,0,0,1,0.63,0.68,0.63,12.711,2.6225,1.55546638,18.6926471,0.68,0.0793650794,19.1761905,0.6,0.25,10
job_t1,job,job,,1,6e,2,Forward-only,20,0,0,1,0.44,0.605,0.44,0.681,0.17,0.176161934,1.12561983,0.605,0.375,0.547727273,0.25,0,1
job_t1,job,job,,1,6e,3,THC,20,0,0,1,0.43,0.6,0.439,0.68,0.1725,0.177564906,1.13333333,0.6,0.395348837,0.581395349,0.25,0,0
job_t1,job,job,,1,6e,4,RPT+,20,0,0,1,0.43,0.435,0.43,0.53,0.0325,0.0919267969,1.2183908,0.435,0.011627907,0.23255814,0.75,0,0
job_t1,job,job,,1,6f,1,Baseline,20,0,0,1,10.79,12.775,12.277,23.831,9.465,0.369833761,1.86544031,12.775,0.183966636,1.20861909,0.05,0.3,2
job_t1,job,job,,1,6f,2,Forward-only,20,0,0,1,10.73,12.725,12.198,24.001,9.425,0.372033619,1.88612967,12.725,0.185927307,1.23681267,0.05,0.3,2
job_t1,job,job,,1,6f,3,THC,20,0,0,1,12.93,15.445,13.419,27.529,8.4625,0.359237456,1.78238912,15.445,0.194508894,1.12907966,0.15,0.15,2
job_t1,job,job,,1,6f,4,RPT+,20,0,0,1,10.82,12.925,12.407,23.794,9.2625,0.365827308,1.84092843,12.925,0.194547135,1.19907579,0.05,0.3,2
job_t1,job,job,,1,7a,1,Baseline,20,0,0,1,2.75,3.175,2.813,4.098,0.9675,0.169710882,1.29070866,3.175,0.154545455,0.490181818,0.4,0,1
job_t1,job,job,,1,7a,2,Forward-only,20,0,0,1,0.95,1.105,1.027,1.282,0.0675,0.0822791121,1.160181,1.105,0.163157895,0.349473684,0.2,0,18
job_t1,job,job,,1,7a,3,THC,20,0,0,1,0.98,1.09,1.026,1.282,0.0775,0.0826449737,1.17614679,1.09,0.112244898,0.308163265,0.4,0,18
job_t1,job,job,,1,7a,4,RPT+,20,0,0,1,0.92,1.09,1.02,1.272,0.1025,0.087357418,1.16697248,1.09,0.184782609,0.382608696,0.05,0,18
job_t1,job,job,,1,7b,1,Baseline,20,0,0,1,2.48,2.845,2.724,4.196,0.59,0.1971036,1.47486819,2.845,0.147177419,0.691935484,0.1,0,4
job_t1,job,job,,1,7b,2,Forward-only,20,0,0,1,0.7,0.97,0.71,1.044,0.2525,0.147546195,1.07628866,0.97,0.385714286,0.491428571,0.3,0,10
job_t1,job,job,,1,7b,3,THC,20,0,0,1,0.7,0.975,0.71,1.071,0.27,0.149018081,1.09846154,0.975,0.392857143,0.53,0.3,0,10
job_t1,job,job,,1,7b,4,RPT+,20,0,0,1,0.7,0.97,0.71,1.08,0.2175,0.143527032,1.11340206,0.97,0.385714286,0.542857143,0.25,0,10
job_t1,job,job,,1,7c,1,Baseline,20,0,0,1,3.75,5.7,3.99,8.012,2.145,0.487818498,1.40561404,5.7,0.52,1.13653333,0.2,0.1,16
job_t1,job,job,,1,7c,2,Forward-only,20,0,0,1,1.68,2.365,1.837,2.962,0.565,0.20075536,1.25243129,2.365,0.407738095,0.763095238,0.1,0,8
job_t1,job,job,,1,7c,3,THC,20,0,0,1,1.58,2.38,1.756,2.955,0.525,0.211080404,1.24159664,2.38,0.506329114,0.870253165,0.1,0.1,8
job_t1,job,job,,1,7c,4,RPT+,20,0,0,1,1.61,2.35,1.862,2.879,0.4675,0.187383207,1.22510638,2.35,0.459627329,0.788198758,0.1,0,18
job_t1,job,job,,1,8a,1,Baseline,20,0,0,1,0.89,1.43,0.926,1.492,0.09,0.161955584,1.04335664,1.43,0.606741573,0.676404494,0.2,0,3
job_t1,job,job,,1,8a,2,Forward-only,20,0,0,1,0.68,0.825,0.78,0.92,0.12,0.0807346592,1.11515152,0.825,0.213235294,0.352941176,0.05,0,10
job_t1,job,job,,1,8a,3,THC,20,0,0,1,0.67,0.825,0.76,0.912,0.1125,0.0839605521,1.10545455,0.825,0.231343284,0.36119403,0.05,0,10
job_t1,job,job,,1,8a,4,RPT+,20,0,0,1,0.66,0.79,0.758,0.92,0.095,0.0842308341,1.16455696,0.79,0.196969697,0.393939394,0.05,0,10
job_t1,job,job,,1,8b,1,Baseline,20,0,0,1,0.58,1.255,0.616,1.351,0.0825,0.233534238,1.07649402,1.255,1.1637931,1.32931034,0.15,0.8,3
job_t1,job,job,,1,8b,2,Forward-only,20,0,0,1,0.56,0.65,0.57,0.89,0.2325,0.17195184,1.36923077,0.65,0.160714286,0.589285714,0.15,0,11
job_t1,job,job,,1,8b,3,THC,20,0,0,1,0.56,0.66,0.569,0.881,0.24,0.170287157,1.33484848,0.66,0.178571429,0.573214286,0.15,0,11
job_t1,job,job,,1,8b,4,RPT+,20,0,0,1,0.56,0.65,0.569,0.891,0.24,0.175012454,1.37076923,0.65,0.160714286,0.591071429,0.15,0,11
job_t1,job,job,,1,8c,1,Baseline,20,0,0,1,2.14,2.585,2.339,14.418,0.895,1.12272566,5.57756286,2.585,0.207943925,5.73738318,0.15,0.15,5
job_t1,job,job,,1,8c,2,Forward-only,20,0,0,1,2.2,2.545,2.266,3.289,0.3225,0.150210502,1.29233792,2.545,0.156818182,0.495,0.45,0,5
job_t1,job,job,,1,8c,3,THC,20,0,0,1,2.39,2.765,2.481,3.514,0.4425,0.139065389,1.27088608,2.765,0.156903766,0.470292887,0.35,0,0
job_t1,job,job,,1,8c,4,RPT+,20,0,0,1,2.21,2.55,2.258,3.356,0.35,0.153472472,1.31607843,2.55,0.153846154,0.518552036,0.4,0,5
job_t1,job,job,,1,8d,1,Baseline,20,0,0,1,0.96,1.165,0.978,13.354,0.2,1.67455162,11.4626609,1.165,0.213541667,12.9104167,0.25,0.15,10
job_t1,job,job,,1,8d,2,Forward-only,20,0,0,1,0.89,1.135,0.968,1.265,0.2625,0.11828361,1.11453744,1.135,0.275280899,0.421348315,0.15,0,6
job_t1,job,job,,1,8d,3,THC,20,0,0,1,0.93,1.19,0.968,1.362,0.28,0.129537239,1.14453782,1.19,0.279569892,0.464516129,0.25,0,6
job_t1,job,job,,1,8d,4,RPT+,20,0,0,1,0.88,1.14,0.967,1.273,0.255,0.119586656,1.11666667,1.14,0.295454545,0.446590909,0.1,0,6
job_t1,job,job,,1,9a,1,Baseline,20,0,0,1,1.19,1.655,1.359,2.94,0.39,0.33194647,1.77643505,1.655,0.390756303,1.47058824,0.1,0.2,3
job_t1,job,job,,1,9a,2,Forward-only,20,0,0,1,1.09,1.24,1.158,1.591,0.1475,0.137018764,1.28306452,1.24,0.137614679,0.459633028,0.35,0,10
job_t1,job,job,,1,9a,3,THC,20,0,0,1,1.1,1.235,1.158,1.611,0.1575,0.14576885,1.30445344,1.235,0.122727273,0.464545455,0.4,0,10
job_t1,job,job,,1,9a,4,RPT+,20,0,0,1,1,1.055,1,1.172,0.125,0.0626023843,1.11090047,1.055,0.055,0.172,0.65,0,6
job_t1,job,job,,1,9b,1,Baseline,20,0,0,1,1.1,1.845,1.223,2.159,0.365,0.195365434,1.1701897,1.845,0.677272727,0.962727273,0.1,0.1,16
job_t1,job,job,,1,9b,2,Forward-only,20,0,0,1,0.76,0.885,0.77,0.981,0.1925,0.113923423,1.10847458,0.885,0.164473684,0.290789474,0.5,0,11
job_t1,job,job,,1,9b,3,THC,20,0,0,1,0.76,0.875,0.769,0.971,0.1925,0.112592249,1.10971429,0.875,0.151315789,0.277631579,0.5,0,7
job_t1,job,job,,1,9b,4,RPT+,20,0,0,1,0.73,0.84,0.74,0.92,0.16,0.0940554658,1.0952381,0.84,0.150684932,0.260273973,0.5,0,5
job_t1,job,job,,1,9c,1,Baseline,20,0,0,1,1.13,1.78,1.299,3.084,0.64,0.366277263,1.73258427,1.78,0.575221239,1.72920354,0.1,0.25,3
job_t1,job,job,,1,9c,2,Forward-only,20,0,0,1,1.05,1.275,1.088,1.606,0.345,0.188074154,1.25960784,1.275,0.214285714,0.52952381,0.3,0,4
job_t1,job,job,,1,9c,3,THC,20,0,0,1,1.05,1.295,1.077,1.63,0.3625,0.195649422,1.25868726,1.295,0.233333333,0.552380952,0.3,0.05,4
job_t1,job,job,,1,9c,4,RPT+,20,0,0,1,0.88,0.925,0.9,1.068,0.095,0.0997593422,1.15459459,0.925,0.0511363636,0.213636364,0.65,0,5
job_t1,job,job,,1,9d,1,Baseline,20,0,0,1,1.6,2.115,1.74,3.439,0.9475,0.303675797,1.62600473,2.115,0.321875,1.149375,0.2,0.25,4
job_t1,job,job,,1,9d,2,Forward-only,20,0,0,1,1.65,1.96,1.79,2.222,0.2675,0.0860795737,1.13367347,1.96,0.187878788,0.346666667,0.15,0,4
job_t1,job,job,,1,9d,3,THC,20,0,0,1,1.68,1.99,1.809,2.292,0.2475,0.0943240196,1.15175879,1.99,0.18452381,0.364285714,0.25,0,4
job_t1,job,job,,1,9d,4,RPT+,20,0,0,1,1.18,1.445,1.209,1.62,0.13,0.0931105559,1.12110727,1.445,0.224576271,0.372881356,0.15,0,19
job_t1,job,job,,1,10a,1,Baseline,20,0,0,1,0.93,1.395,0.97,2.289,0.6725,0.339874396,1.64086022,1.395,0.5,1.46129032,0.3,0.25,6
job_t1,job,job,,1,10a,2,Forward-only,20,0,0,1,0.82,0.99,0.86,1.351,0.3125,0.171856897,1.36464646,0.99,0.207317073,0.647560976,0.25,0,5
job_t1,job,job,,1,10a,3,THC,20,0,0,1,0.82,0.98,0.85,1.343,0.315,0.178509409,1.37040816,0.98,0.195121951,0.637804878,0.25,0,5
job_t1,job,job,,1,10a,4,RPT+,20,0,0,1,0.8,0.84,0.81,0.87,0.0225,0.0251210205,1.03571429,0.84,0.05,0.0875,1,0,0
job_t1,job,job,,1,10b,1,Baseline,20,0,0,1,0.47,1.205,0.479,2.054,0.9325,0.51428293,1.70456432,1.205,1.56382979,3.37021277,0.15,0.55,6
job_t1,job,job,,1,10b,2,Forward-only,20,0,0,1,0.63,0.72,0.666,1.292,0.5325,0.307650222,1.79444444,0.72,0.142857143,1.05079365,0.3,0.2,3
job_t1,job,job,,1,10b,3,THC,20,0,0,1,0.63,0.72,0.668,1.301,0.545,0.31046098,1.80694444,0.72,0.142857143,1.06507937,0.3,0.25,18
job_t1,job,job,,1,10b,4,RPT+,20,0,0,1,0.63,0.68,0.64,0.69,0.02,0.0271155633,1.01470588,0.68,0.0793650794,0.0952380952,0.95,0,18
job_t1,job,job,,1,10c,1,Baseline,20,0,0,1,1.99,2.295,2.02,2.66,0.2,0.0893250959,1.15904139,2.295,0.153266332,0.336683417,0.15,0,16
job_t1,job,job,,1,10c,2,Forward-only,20,0,0,1,2.02,2.34,2.049,2.622,0.19,0.0780982568,1.12051282,2.34,0.158415842,0.298019802,0.15,0,6
job_t1,job,job,,1,10c,3,THC,20,0,0,1,2.02,2.34,2.057,2.734,0.2675,0.0953899791,1.16837607,2.34,0.158415842,0.353465347,0.15,0,6
job_t1,job,job,,1,10c,4,RPT+,20,0,0,1,2.52,2.845,2.53,3.224,0.17,0.0762703306,1.13321617,2.845,0.128968254,0.279365079,0.2,0,16
job_t1,job,job,,1,11a,1,Baseline,20,0,0,1,0.1,0.18,0.109,0.282,0.0825,0.371380303,1.56666667,0.18,0.8,1.82,0.15,0.25,4
job_t1,job,job,,1,11a,2,Forward-only,20,0,0,1,0.1,0.14,0.11,0.213,0.0075,0.271737458,1.52142857,0.14,0.4,1.13,0.25,0.15,12
job_t1,job,job,,1,11a,3,THC,20,0,0,1,0.1,0.14,0.11,0.213,0.015,0.272599298,1.52142857,0.14,0.4,1.13,0.25,0.15,12
job_t1,job,job,,1,11a,4,RPT+,20,0,0,1,0.1,0.14,0.1,0.14,0.03,0.130857367,1,0.14,0.4,0.4,0.3,0,0
job_t1,job,job,,1,11b,1,Baseline,20,0,0,1,0.09,0.185,0.1,0.261,0.13,0.382802033,1.41081081,0.185,1.05555556,1.9,0.05,0.5,4
job_t1,job,job,,1,11b,2,Forward-only,20,0,0,1,0.11,0.27,0.14,0.3,0.16,0.293012789,1.11111111,0.27,1.45454545,1.72727273,0.05,0.7,12
job_t1,job,job,,1,11b,3,THC,20,0,0,1,0.11,0.27,0.14,0.3,0.16,0.295328081,1.11111111,0.27,1.45454545,1.72727273,0.05,0.7,12
job_t1,job,job,,1,11b,4,RPT+,20,0,0,1,0.11,0.265,0.14,0.3,0.16,0.293903904,1.13207547,0.265,1.40909091,1.72727273,0.05,0.7,12
job_t1,job,job,,1,11c,1,Baseline,20,0,0,1,0.1,0.26,0.13,1.264,0.7475,0.859958647,4.86153846,0.26,1.6,11.64,0.05,0.7,8
job_t1,job,job,,1,11c,2,Forward-only,20,0,0,1,0.11,0.17,0.155,0.321,0.01,0.355711417,1.88823529,0.17,0.545454545,1.91818182,0.1,0.2,1
job_t1,job,job,,1,11c,3,THC,20,0,0,1,0.11,0.17,0.155,0.32,0.01,0.353503978,1.88235294,0.17,0.545454545,1.90909091,0.1,0.2,1
job_t1,job,job,,1,11c,4,RPT+,20,0,0,1,0.11,0.16,0.155,0.17,0.0025,0.104086326,1.0625,0.16,0.454545455,0.545454545,0.1,0,1
job_t1,job,job,,1,11d,1,Baseline,20,0,0,1,0.1,0.275,0.148,1.921,1.055,0.992977291,6.98545455,0.275,1.75,18.21,0.05,0.7,8
job_t1,job,job,,1,11d,2,Forward-only,20,0,0,1,0.11,0.235,0.174,0.374,0.1525,0.36011435,1.59148936,0.235,1.13636364,2.4,0.1,0.55,5
job_t1,job,job,,1,11d,3,THC,20,0,0,1,0.12,0.24,0.174,0.375,0.1525,0.356321839,1.5625,0.24,1,2.125,0.1,0.45,1
job_t1,job,job,,1,11d,4,RPT+,20,0,0,1,0.11,0.18,0.164,0.21,0.03,0.156063452,1.16666667,0.18,0.636363636,0.909090909,0.1,0,1
job_t1,job,job,,1,12a,1,Baseline,20,0,0,1,0.41,0.625,0.43,1.258,0.745,0.474579605,2.0128,0.625,0.524390244,2.06829268,0.35,0.4,8
job_t1,job,job,,1,12a,2,Forward-only,20,0,0,1,0.28,0.325,0.299,0.372,0.02,0.084660584,1.14461538,0.325,0.160714286,0.328571429,0.15,0,7
job_t1,job,job,,1,12a,3,THC,20,0,0,1,0.28,0.32,0.29,0.38,0.02,0.0876922456,1.1875,0.32,0.142857143,0.357142857,0.2,0,7
job_t1,job,job,,1,12a,4,RPT+,20,0,0,1,0.26,0.27,0.26,0.27,0.01,0.0184172161,1,0.27,0.0384615385,0.0384615385,1,0,4
job_t1,job,job,,1,12b,1,Baseline,20,0,0,1,0.34,0.55,0.389,2.722,0.315,2.50303203,4.94909091,0.55,0.617647059,7.00588235,0.05,0.35,4
job_t1,job,job,,1,12b,2,Forward-only,20,0,0,1,0.18,0.32,0.189,0.521,0.05,0.326758065,1.628125,0.32,0.777777778,1.89444444,0.15,0.2,7
job_t1,job,job,,1,12b,3,THC,20,0,0,1,0.18,0.32,0.189,0.522,0.03,0.326581832,1.63125,0.32,0.777777778,1.9,0.15,0.2,7
job_t1,job,job,,1,12b,4,RPT+,20,0,0,1,0.18,0.305,0.18,0.34,0.02,0.186947303,1.1147541,0.305,0.694444444,0.888888889,0.15,0,3
job_t1,job,job,,1,12c,1,Baseline,20,0,0,1,0.55,0.775,0.569,1.493,0.775,0.409024302,1.92645161,0.775,0.409090909,1.71454545,0.2,0.4,8
job_t1,job,job,,1,12c,2,Forward-only,20,0,0,1,0.38,0.45,0.38,0.502,0.0425,0.100940714,1.11555556,0.45,0.184210526,0.321052632,0.15,0,3
job_t1,job,job,,1,12c,3,THC,20,0,0,1,0.37,0.45,0.38,0.502,0.0525,0.110176421,1.11555556,0.45,0.216216216,0.356756757,0.15,0,3
job_t1,job,job,,1,12c,4,RPT+,20,0,0,1,0.32,0.33,0.32,0.514,0.01,0.225895775,1.55757576,0.33,0.03125,0.60625,0.8,0,7
job_t1,job,job,,1,13a,1,Baseline,20,0,0,1,1.17,3.92,2.169,9.508,2.6075,0.599036123,2.4255102,3.92,2.35042735,7.12649573,0.05,0.75,0
job_t1,job,job,,1,13a,2,Forward-only,20,0,0,1,0.38,0.555,0.399,0.611,0.0525,0.143996145,1.1009009,0.555,0.460526316,0.607894737,0.2,0,11
job_t1,job,job,,1,13a,3,THC,20,0,0,1,0.38,0.555,0.399,0.62,0.055,0.145069823,1.11711712,0.555,0.460526316,0.631578947,0.2,0,11
job_t1,job,job,,1,13a,4,RPT+,20,0,0,1,0.34,0.515,0.368,0.53,0.015,0.131976277,1.02912621,0.515,0.514705882,0.558823529,0.15,0,11
job_t1,job,job,,1,13b,1,Baseline,20,0,0,1,0.65,1.26,0.704,4.597,1.9375,1.44485625,3.6484127,1.26,0.938461538,6.07230769,0.15,0.5,3
job_t1,job,job,,1,13b,2,Forward-only,20,0,0,1,0.26,0.305,0.269,0.37,0.065,0.128119654,1.21311475,0.305,0.173076923,0.423076923,0.45,0,1
job_t1,job,job,,1,13b,3,THC,20,0,0,1,0.26,0.3,0.27,0.37,0.0575,0.126743836,1.23333333,0.3,0.153846154,0.423076923,0.4,0,5
job_t1,job,job,,1,13b,4,RPT+,20,0,0,1,0.25,0.26,0.259,0.27,0.0025,0.0218843655,1.03846154,0.26,0.04,0.08,1,0,0
job_t1,job,job,,1,13c,1,Baseline,20,0,0,1,0.51,1.12,0.573,4.598,1.5675,1.57913968,4.10535714,1.12,1.19607843,8.01568627,0.1,0.55,3
job_t1,job,job,,1,13c,2,Forward-only,20,0,0,1,0.2,0.24,0.209,0.32,0.07,0.176154809,1.33333333,0.24,0.2,0.6,0.5,0,1
job_t1,job,job,,1,13c,3,THC,20,0,0,1,0.2,0.24,0.209,0.32,0.0775,0.176843492,1.33333333,0.24,0.2,0.6,0.5,0,1
job_t1,job,job,,1,13c,4,RPT+,20,0,0,1,0.19,0.2,0.2,0.21,0.01,0.0285830975,1.05,0.2,0.0526315789,0.105263158,0.55,0,0
job_t1,job,job,,1,13d,1,Baseline,20,0,0,1,1.21,3.02,1.84,7.456,2.575,1.02632107,2.46887417,3.02,1.49586777,5.16198347,0.05,0.7,0
job_t1,job,job,,1,13d,2,Forward-only,20,0,0,1,0.94,1.17,0.959,1.351,0.2675,0.144887264,1.15470085,1.17,0.244680851,0.437234043,0.3,0,0
job_t1,job,job,,1,13d,3,THC,20,0,0,1,0.96,1.26,1.025,1.442,0.32,0.14135034,1.14444444,1.26,0.3125,0.502083333,0.2,0,0
job_t1,job,job,,1,13d,4,RPT+,20,0,0,1,0.88,1.19,0.998,1.398,0.25,0.159022818,1.17478992,1.19,0.352272727,0.588636364,0.1,0,2
job_t1,job,job,,1,14a,1,Baseline,20,0,0,1,0.52,2.035,0.671,2.484,0.83,0.408792185,1.22063882,2.035,2.91346154,3.77692308,0.05,0.75,16
job_t1,job,job,,1,14a,2,Forward-only,20,0,0,1,0.22,0.24,0.23,0.262,0.01,0.0660490927,1.09166667,0.24,0.0909090909,0.190909091,0.6,0,15
job_t1,job,job,,1,14a,3,THC,20,0,0,1,0.22,0.24,0.23,0.262,0.0125,0.0672883958,1.09166667,0.24,0.0909090909,0.190909091,0.55,0,15
job_t1,job,job,,1,14a,4,RPT+,20,0,0,1,0.21,0.23,0.22,0.24,0.01,0.0406737653,1.04347826,0.23,0.0952380952,0.142857143,0.8,0,1
job_t1,job,job,,1,14b,1,Baseline,20,0,0,1,0.41,1.825,0.522,2.306,1.0225,0.426974026,1.26356164,1.825,3.45121951,4.62439024,0.1,0.75,16
job_t1,job,job,,1,14b,2,Forward-only,20,0,0,1,0.23,0.24,0.23,0.271,0.0125,0.0592618486,1.12916667,0.24,0.0434782609,0.17826087,0.75,0,10
job_t1,job,job,,1,14b,3,THC,20,0,0,1,0.23,0.24,0.23,0.271,0.0125,0.0658683513,1.12916667,0.24,0.0434782609,0.17826087,0.75,0,13
job_t1,job,job,,1,14b,4,RPT+,20,0,0,1,0.23,0.24,0.23,0.24,0.01,0.0241977233,1,0.24,0.0434782609,0.0434782609,1,0,1
job_t1,job,job,,1,14c,1,Baseline,20,0,0,1,0.79,2.255,0.864,2.623,1.4725,0.376080422,1.1631929,2.255,1.85443038,2.32025316,0.1,0.7,16
job_t1,job,job,,1,14c,2,Forward-only,20,0,0,1,0.31,0.4,0.36,0.452,0.0325,0.0935388428,1.13,0.4,0.290322581,0.458064516,0.05,0,15
job_t1,job,job,,1,14c,3,THC,20,0,0,1,0.31,0.41,0.35,0.46,0.03,0.100575099,1.12195122,0.41,0.322580645,0.483870968,0.05,0,15
job_t1,job,job,,1,14c,4,RPT+,20,0,0,1,0.31,0.32,0.319,0.33,0.01,0.0186335404,1.03125,0.32,0.0322580645,0.064516129,1,0,1
job_t1,job,job,,1,15a,1,Baseline,20,0,0,1,0.88,1.49,0.899,1.65,0.5975,0.226965086,1.10738255,1.49,0.693181818,0.875,0.3,0,1
job_t1,job,job,,1,15a,2,Forward-only,20,0,0,1,0.89,0.9,0.89,1.011,0.0175,0.0473154366,1.12333333,0.9,0.0112359551,0.135955056,0.85,0,2
job_t1,job,job,,1,15a,3,THC,20,0,0,1,0.88,0.905,0.889,1.01,0.04,0.0484430043,1.1160221,0.905,0.0284090909,0.147727273,0.85,0,2
job_t1,job,job,,1,15a,4,RPT+,20,0,0,1,0.81,0.83,0.81,0.852,0.02,0.0229055886,1.02650602,0.83,0.024691358,0.0518518519,1,0,0
job_t1,job,job,,1,15b,1,Baseline,20,0,0,1,0.59,1.38,0.774,1.56,0.54,0.266864815,1.13043478,1.38,1.33898305,1.6440678,0.1,0.65,1
job_t1,job,job,,1,15b,2,Forward-only,20,0,0,1,0.6,0.71,0.62,0.792,0.13,0.0984994621,1.11549296,0.71,0.183333333,0.32,0.35,0,1
job_t1,job,job,,1,15b,3,THC,20,0,0,1,0.61,0.69,0.629,0.8,0.1325,0.0956264045,1.15942029,0.69,0.131147541,0.31147541,0.35,0,10
job_t1,job,job,,1,15b,4,RPT+,20,0,0,1,0.61,0.665,0.61,0.72,0.09,0.0697339572,1.08270677,0.665,0.0901639344,0.180327869,0.5,0,10
job_t1,job,job,,1,15c,1,Baseline,20,0,0,1,0.77,1.51,0.79,1.776,0.7375,0.290197942,1.17615894,1.51,0.961038961,1.30649351,0.2,0.3,1
job_t1,job,job,,1,15c,2,Forward-only,20,0,0,1,0.79,0.86,0.8,1.102,0.155,0.120230489,1.28139535,0.86,0.0886075949,0.394936709,0.55,0,10
job_t1,job,job,,1,15c,3,THC,20,0,0,1,0.79,0.855,0.809,1.113,0.1625,0.124943717,1.30175439,0.855,0.082278481,0.408860759,0.55,0,1
job_t1,job,job,,1,15c,4,RPT+,20,0,0,1,0.69,0.71,0.699,0.753,0.04,0.037958203,1.06056338,0.71,0.0289855072,0.0913043478,0.9,0,4
job_t1,job,job,,1,15d,1,Baseline,20,0,0,1,0.6,0.92,0.628,1.112,0.33,0.207710397,1.20869565,0.92,0.533333333,0.853333333,0.15,0.1,1
job_t1,job,job,,1,15d,2,Forward-only,20,0,0,1,0.63,0.73,0.639,0.931,0.1625,0.139383546,1.27534247,0.73,0.158730159,0.477777778,0.4,0,1
job_t1,job,job,,1,15d,3,THC,20,0,0,1,0.6,0.725,0.629,0.922,0.1575,0.142591354,1.27172414,0.725,0.208333333,0.536666667,0.3,0,1
job_t1,job,job,,1,15d,4,RPT+,20,0,0,1,0.48,0.515,0.49,0.571,0.03,0.0602018302,1.10873786,0.515,0.0729166667,0.189583333,0.65,0,4
job_t1,job,job,,1,16a,1,Baseline,20,0,0,1,3.18,6.27,3.255,187.805,137.8,1.40997775,29.9529506,6.27,0.971698113,58.0581761,0.2,0.5,19
job_t1,job,job,,1,16a,2,Forward-only,20,0,0,1,0.94,1.26,1.061,1.442,0.26,0.126057028,1.14444444,1.26,0.340425532,0.534042553,0.1,0,17
job_t1,job,job,,1,16a,3,THC,20,0,0,1,0.94,1.28,1.071,1.434,0.29,0.127801522,1.1203125,1.28,0.361702128,0.525531915,0.1,0,17
job_t1,job,job,,1,16a,4,RPT+,20,0,0,1,0.83,0.92,0.849,0.99,0.1025,0.0614875462,1.07608696,0.92,0.108433735,0.192771084,0.5,0,6
job_t1,job,job,,1,16b,1,Baseline,17,3,0,0.85,17.32,148.14,23.676,235.684,156.97,0.778329918,1.5909545,167.66,7.55311778,12.6076212,0.05,0.65,0
job_t1,job,job,,1,16b,2,Forward-only,20,0,0,1,3.04,4.73,3.429,7.879,2.4625,0.304492959,1.66575053,4.73,0.555921053,1.59177632,0.05,0.3,13
job_t1,job,job,,1,16b,3,THC,20,0,0,1,3.21,4.87,3.479,7.85,2.38,0.314082439,1.61190965,4.87,0.517133956,1.44548287,0.15,0.3,13
job_t1,job,job,,1,16b,4,RPT+,20,0,0,1,2.46,4.295,2.867,7.813,2.535,0.351372318,1.81909197,4.295,0.745934959,2.17601626,0.05,0.4,13
job_t1,job,job,,1,16c,1,Baseline,20,0,0,1,10.53,20.405,13.439,188.749,125.8175,1.2002664,9.25013477,20.405,0.937796771,16.9248813,0.1,0.45,13
job_t1,job,job,,1,16c,2,Forward-only,20,0,0,1,1.5,2.54,1.697,4.339,1.695,0.366528843,1.70826772,2.54,0.693333333,1.89266667,0.1,0.4,3
job_t1,job,job,,1,16c,3,THC,20,0,0,1,1.51,2.6,1.746,4.771,1.785,0.378015426,1.835,2.6,0.721854305,2.15960265,0.1,0.4,3
job_t1,job,job,,1,16c,4,RPT+,20,0,0,1,1.18,2.215,1.21,4.088,1.71,0.422327875,1.84559819,2.215,0.877118644,2.46440678,0.15,0.45,3
job_t1,job,job,,1,16d,1,Baseline,20,0,0,1,9.49,19.67,11.778,190.772,127.9025,1.22807038,9.69862735,19.67,1.07270811,19.1024236,0.1,0.55,13
job_t1,job,job,,1,16d,2,Forward-only,20,0,0,1,1.45,2.45,1.63,4.255,1.745,0.379478719,1.73673469,2.45,0.689655172,1.93448276,0.1,0.4,3
job_t1,job,job,,1,16d,3,THC,20,0,0,1,1.43,2.49,1.656,4.693,1.8525,0.396283396,1.88473896,2.49,0.741258741,2.28181818,0.1,0.4,3
job_t1,job,job,,1,16d,4,RPT+,20,0,0,1,1.13,2.16,1.13,4.128,1.7225,0.443629523,1.91111111,2.16,0.911504425,2.65309735,0.15,0.45,3
job_t1,job,job,,1,17a,1,Baseline,20,0,0,1,3.38,23.84,3.846,147.933,107.77,1.19816821,6.20524329,23.84,6.05325444,42.7671598,0.1,0.85,2
job_t1,job,job,,1,17a,2,Forward-only,20,0,0,1,1.31,2.085,1.628,2.896,0.75,0.353346181,1.38896882,2.085,0.591603053,1.21068702,0.05,0.2,2
job_t1,job,job,,1,17a,3,THC,20,0,0,1,1.35,2.25,1.644,3.325,0.7,0.337023386,1.47777778,2.25,0.666666667,1.46296296,0.05,0.2,2
job_t1,job,job,,1,17a,4,RPT+,20,0,0,1,1.31,2.055,1.464,2.837,0.695,0.375544656,1.38053528,2.055,0.56870229,1.16564885,0.1,0.15,6
job_t1,job,job,,1,17b,1,Baseline,19,1,0,0.95,1.76,8.5,2.596,123.312,67.705,1.19943141,14.5072941,12.525,3.82954545,69.0636364,0.05,0.75,18
job_t1,job,job,,1,17b,2,Forward-only,20,0,0,1,1.13,1.455,1.228,3.253,1.26,0.476053696,2.23573883,1.455,0.287610619,1.87876106,0.15,0.35,2
job_t1,job,job,,1,17b,3,THC,20,0,0,1,1.13,1.475,1.247,3.292,1.165,0.474313309,2.23186441,1.475,0.305309735,1.91327434,0.1,0.35,2
job_t1,job,job,,1,17b,4,RPT+,20,0,0,1,1.34,1.785,1.395,3.257,0.9375,0.394267689,1.82464986,1.785,0.332089552,1.43059701,0.25,0.2,18
job_t1,job,job,,1,17c,1,Baseline,19,1,0,0.95,1.57,7.62,1.638,122.074,67.685,1.2276579,16.02021,12.18,3.85350318,76.7541401,0.25,0.75,18
job_t1,job,job,,1,17c,2,Forward-only,20,0,0,1,0.76,0.95,0.806,1.094,0.105,0.113790488,1.15157895,0.95,0.25,0.439473684,0.15,0,16
job_t1,job,job,,1,17c,3,THC,20,0,0,1,0.77,0.94,0.828,1.121,0.0975,0.110194516,1.19255319,0.94,0.220779221,0.455844156,0.2,0,12
job_t1,job,job,,1,17c,4,RPT+,20,0,0,1,0.72,0.765,0.729,0.792,0.0425,0.0674980026,1.03529412,0.765,0.0625,0.1,0.9,0,0
job_t1,job,job,,1,17d,1,Baseline,19,1,0,0.95,2.3,14.3,2.46,140.058,119.26,1.17879391,9.79426573,15.43,5.2173913,59.8947826,0.2,0.75,18
job_t1,job,job,,1,17d,2,Forward-only,20,0,0,1,1.18,1.355,1.271,1.545,0.13,0.0829520168,1.1402214,1.355,0.148305085,0.309322034,0.15,0,12
job_t1,job,job,,1,17d,3,THC,20,0,0,1,1.19,1.37,1.271,1.543,0.135,0.0819193204,1.12627737,1.37,0.151260504,0.296638655,0.25,0,12
job_t1,job,job,,1,17d,4,RPT+,20,0,0,1,1.05,1.18,1.12,1.242,0.07,0.0618187498,1.05254237,1.18,0.123809524,0.182857143,0.45,0,18
job_t1,job,job,,1,17e,1,Baseline,18,2,0,0.9,12.07,126.995,20.411,264.923,154.4775,0.824725059,2.08609,127.67,9.52154101,20.9488815,0.05,0.7,0
job_t1,job,job,,1,17e,2,Forward-only,20,0,0,1,2.43,3.635,2.756,6.394,1.655,0.571178517,1.75900963,3.635,0.495884774,1.63127572,0.1,0.25,13
job_t1,job,job,,1,17e,3,THC,20,0,0,1,2.44,3.91,2.805,7.228,1.9775,0.617547271,1.84859335,3.91,0.602459016,1.96229508,0.1,0.3,13
job_t1,job,job,,1,17e,4,RPT+,20,0,0,1,2.16,3.135,2.328,6.388,1.48,0.655120789,2.03763955,3.135,0.451388889,1.95740741,0.15,0.25,6
job_t1,job,job,,1,17f,1,Baseline,19,1,0,0.95,6.62,30.11,20.192,200.7,97.66,0.969162805,6.66555961,31.935,3.54833837,29.3172205,0.05,0.95,18
job_t1,job,job,,1,17f,2,Forward-only,20,0,0,1,1.8,2.005,1.876,2.398,0.3575,0.195331721,1.19600998,2.005,0.113888889,0.332222222,0.45,0.05,2
job_t1,job,job,,1,17f,3,THC,20,0,0,1,1.83,2.01,1.858,2.491,0.3175,0.220673918,1.23930348,2.01,0.0983606557,0.361202186,0.55,0.05,2
job_t1,job,job,,1,17f,4,RPT+,20,0,0,1,1.52,1.805,1.557,2.693,0.4425,0.299969396,1.49196676,1.805,0.1875,0.771710526,0.2,0.05,6
job_t1,job,job,,1,18a,1,Baseline,20,0,0,1,1.41,2.015,1.569,8.161,1.085,0.94600712,4.05012407,2.015,0.429078014,4.78794326,0.05,0.2,2
job_t1,job,job,,1,18a,2,Forward-only,20,0,0,1,1.38,1.54,1.41,1.695,0.2525,0.0807362601,1.10064935,1.54,0.115942029,0.22826087,0.45,0,9
job_t1,job,job,,1,18a,3,THC,20,0,0,1,1.41,1.51,1.419,1.72,0.19,0.0753326759,1.13907285,1.51,0.0709219858,0.219858156,0.6,0,9
job_t1,job,job,,1,18a,4,RPT+,20,0,0,1,1.31,1.39,1.359,1.46,0.0825,0.0323665479,1.05035971,1.39,0.0610687023,0.114503817,0.7,0,11
job_t1,job,job,,1,18b,1,Baseline,20,0,0,1,1.65,2.935,1.753,3.75,1.11,0.244517825,1.27768313,2.935,0.778787879,1.27272727,0.15,0.45,6
job_t1,job,job,,1,18b,2,Forward-only,20,0,0,1,0.95,1.525,0.969,1.647,0.605,0.221873449,1.08,1.525,0.605263158,0.733684211,0.35,0,12
job_t1,job,job,,1,18b,3,THC,20,0,0,1,0.94,1.535,0.958,1.681,0.6225,0.2279966,1.09511401,1.535,0.632978723,0.788297872,0.35,0,2
job_t1,job,job,,1,18b,4,RPT+,20,0,0,1,1.45,1.55,1.478,1.64,0.12,0.0435872599,1.05806452,1.55,0.0689655172,0.131034483,0.55,0,4
job_t1,job,job,,1,18c,1,Baseline,20,0,0,1,2.39,3.835,2.618,4.567,1.23,0.206067896,1.19087353,3.835,0.60460251,0.910878661,0.15,0.1,2
job_t1,job,job,,1,18c,2,Forward-only,20,0,0,1,1.75,2.085,1.85,2.611,0.5725,0.141630834,1.25227818,2.085,0.191428571,0.492,0.3,0,9
job_t1,job,job,,1,18c,3,THC,20,0,0,1,1.72,2.095,1.859,2.63,0.5075,0.142309414,1.25536993,2.095,0.218023256,0.529069767,0.25,0,9
job_t1,job,job,,1,18c,4,RPT+,20,0,0,1,2,2.255,2.218,2.321,0.0625,0.0580415129,1.02926829,2.255,0.1275,0.1605,0.1,0,9
job_t1,job,job,,1,19a,1,Baseline,20,0,0,1,1.57,2.765,1.67,4.073,0.9725,0.296054251,1.47305606,2.765,0.761146497,1.59426752,0.15,0.25,5
job_t1,job,job,,1,19a,2,Forward-only,20,0,0,1,1.31,1.415,1.319,1.543,0.155,0.061657808,1.09045936,1.415,0.0801526718,0.177862595,0.55,0,9
job_t1,job,job,,1,19a,3,THC,20,0,0,1,1.3,1.405,1.32,1.524,0.1375,0.0588340745,1.08469751,1.405,0.0807692308,0.172307692,0.55,0,12
job_t1,job,job,,1,19a,4,RPT+,20,0,0,1,1.22,1.285,1.23,1.361,0.0675,0.0358026771,1.05914397,1.285,0.0532786885,0.11557377,0.8,0,12
job_t1,job,job,,1,19b,1,Baseline,20,0,0,1,1.03,2.225,1.883,2.921,0.7125,0.234123206,1.31280899,2.225,1.16019417,1.83592233,0.05,0.65,5
job_t1,job,job,,1,19b,2,Forward-only,20,0,0,1,0.84,1.145,0.931,1.181,0.145,0.102078393,1.03144105,1.145,0.363095238,0.405952381,0.1,0,17
job_t1,job,job,,1,19b,3,THC,20,0,0,1,0.84,1.155,0.932,1.19,0.1475,0.102173048,1.03030303,1.155,0.375,0.416666667,0.1,0,17
job_t1,job,job,,1,19b,4,RPT+,20,0,0,1,0.84,1.15,0.932,1.181,0.1425,0.100298766,1.02695652,1.15,0.369047619,0.405952381,0.1,0,3
job_t1,job,job,,1,19c,1,Baseline,20,0,0,1,1.47,2.65,1.732,3.481,0.995,0.314549436,1.31358491,2.65,0.802721088,1.36802721,0.05,0.3,5
job_t1,job,job,,1,19c,2,Forward-only,20,0,0,1,1.25,1.41,1.259,1.585,0.1475,0.0862956164,1.12411348,1.41,0.128,0.268,0.4,0,10
job_t1,job,job,,1,19c,3,THC,20,0,0,1,1.24,1.415,1.26,1.571,0.19,0.0826001195,1.11024735,1.415,0.141129032,0.266935484,0.4,0,3
job_t1,job,job,,1,19c,4,RPT+,20,0,0,1,1.1,1.16,1.11,1.202,0.055,0.0350526656,1.0362069,1.16,0.0545454545,0.0927272727,0.9,0,19
job_t1,job,job,,1,19d,1,Baseline,20,0,0,1,2.01,3.64,2.132,11.362,3.1725,0.967781547,3.12142857,3.64,0.810945274,4.65273632,0.2,0.45,1
job_t1,job,job,,1,19d,2,Forward-only,20,0,0,1,1.74,2.25,1.942,3.758,0.9725,0.309316863,1.67022222,2.25,0.293103448,1.15977011,0.1,0.15,16
job_t1,job,job,,1,19d,3,THC,20,0,0,1,1.75,2.3,1.984,3.955,0.95,0.322258904,1.71956522,2.3,0.314285714,1.26,0.05,0.2,16
job_t1,job,job,,1,19d,4,RPT+,20,0,0,1,1.22,1.74,1.24,3.095,1.0675,0.389046961,1.77873563,1.74,0.426229508,1.53688525,0.15,0.3,18
job_t1,job,job,,1,20a,1,Baseline,20,0,0,1,1.37,9.57,2.011,26.018,13.155,0.798297043,2.71870428,9.57,5.98540146,17.9912409,0.05,0.8,0
job_t1,job,job,,1,20a,2,Forward-only,20,0,0,1,1.13,1.445,1.205,1.64,0.1825,0.11436216,1.1349481,1.445,0.278761062,0.451327434,0.15,0,10
job_t1,job,job,,1,20a,3,THC,20,0,0,1,1.13,1.44,1.195,1.633,0.1775,0.115950401,1.13402778,1.44,0.274336283,0.445132743,0.15,0,10
job_t1,job,job,,1,20a,4,RPT+,20,0,0,1,1.11,1.29,1.156,1.371,0.095,0.0674044706,1.0627907,1.29,0.162162162,0.235135135,0.15,0,1
job_t1,job,job,,1,20b,1,Baseline,20,0,0,1,0.61,1.545,0.763,10.006,7.05,1.12831401,6.4763754,1.545,1.53278689,15.4032787,0.05,0.55,1
job_t1,job,job,,1,20b,2,Forward-only,20,0,0,1,0.88,0.97,0.92,1.19,0.0825,0.0986081003,1.22680412,0.97,0.102272727,0.352272727,0.5,0,0
job_t1,job,job,,1,20b,3,THC,20,0,0,1,0.89,0.98,0.91,1.171,0.0875,0.0962313348,1.19489796,0.98,0.101123596,0.315730337,0.5,0,0
job_t1,job,job,,1,20b,4,RPT+,20,0,0,1,0.9,0.93,0.909,1.01,0.0425,0.0372452821,1.08602151,0.93,0.0333333333,0.122222222,0.8,0,3
job_t1,job,job,,1,20c,1,Baseline,20,0,0,1,2.67,9.48,3.991,19.459,8.3625,0.595736695,2.05263713,9.48,2.5505618,6.28801498,0.05,0.8,0
job_t1,job,job,,1,20c,2,Forward-only,20,0,0,1,1.32,1.865,1.508,2.257,0.29,0.159679852,1.21018767,1.865,0.412878788,0.709848485,0.1,0,1
job_t1,job,job,,1,20c,3,THC,20,0,0,1,1.34,1.9,1.499,2.266,0.2975,0.161588029,1.19263158,1.9,0.417910448,0.691044776,0.1,0,1
job_t1,job,job,,1,20c,4,RPT+,20,0,0,1,1.25,1.655,1.322,1.831,0.245,0.125765801,1.10634441,1.655,0.324,0.4648,0.15,0,1
job_t1,job,job,,1,21a,1,Baseline,20,0,0,1,0.24,0.37,0.26,1.602,0.39,0.820935494,4.32972973,0.37,0.541666667,5.675,0.25,0.25,14
job_t1,job,job,,1,21a,2,Forward-only,20,0,0,1,0.21,0.24,0.23,0.38,0.0525,0.205270449,1.58333333,0.24,0.142857143,0.80952381,0.3,0,4
job_t1,job,job,,1,21a,3,THC,20,0,0,1,0.21,0.24,0.23,0.38,0.0525,0.204237794,1.58333333,0.24,0.142857143,0.80952381,0.3,0,4
job_t1,job,job,,1,21a,4,RPT+,20,0,0,1,0.21,0.24,0.23,0.28,0.025,0.0839489362,1.16666667,0.24,0.142857143,0.333333333,0.4,0,4
job_t1,job,job,,1,21b,1,Baseline,20,0,0,1,0.2,0.32,0.21,0.992,0.2625,0.636005691,3.1,0.32,0.6,3.96,0.25,0.35,14
job_t1,job,job,,1,21b,2,Forward-only,20,0,0,1,0.17,0.24,0.21,0.34,0.0525,0.189497403,1.41666667,0.24,0.411764706,1,0.05,0,11
job_t1,job,job,,1,21b,3,THC,20,0,0,1,0.17,0.24,0.21,0.34,0.0525,0.189066624,1.41666667,0.24,0.411764706,1,0.05,0,11
job_t1,job,job,,1,21b,4,RPT+,20,0,0,1,0.17,0.23,0.209,0.27,0.0125,0.100754467,1.17391304,0.23,0.352941176,0.588235294,0.05,0,11
job_t1,job,job,,1,21c,1,Baseline,20,0,0,1,0.26,0.435,0.26,1.671,0.4775,0.7907574,3.84137931,0.435,0.673076923,5.42692308,0.25,0.3,2
job_t1,job,job,,1,21c,2,Forward-only,20,0,0,1,0.22,0.245,0.239,0.43,0.0425,0.25659649,1.75510204,0.245,0.113636364,0.954545455,0.5,0,4
job_t1,job,job,,1,21c,3,THC,20,0,0,1,0.22,0.245,0.239,0.43,0.0425,0.254505198,1.75510204,0.245,0.113636364,0.954545455,0.5,0,4
job_t1,job,job,,1,21c,4,RPT+,20,0,0,1,0.21,0.24,0.23,0.28,0.02,0.0822422502,1.16666667,0.24,0.142857143,0.333333333,0.25,0,4
job_t1,job,job,,1,22a,1,Baseline,20,0,0,1,0.93,1.79,1.037,2.707,0.7425,0.769391263,1.5122905,1.79,0.924731183,1.91075269,0.1,0.45,10
job_t1,job,job,,1,22a,2,Forward-only,20,0,0,1,0.6,0.66,0.61,0.681,0.04,0.0433456039,1.03181818,0.66,0.1,0.135,0.55,0,11
job_t1,job,job,,1,22a,3,THC,20,0,0,1,0.58,0.67,0.609,0.681,0.05,0.0476292701,1.01641791,0.67,0.155172414,0.174137931,0.3,0,11
job_t1,job,job,,1,22a,4,RPT+,20,0,0,1,0.57,0.6,0.57,0.62,0.03,0.0283730135,1.03333333,0.6,0.0526315789,0.0877192982,1,0,4
job_t1,job,job,,1,22b,1,Baseline,20,0,0,1,0.79,1.71,0.884,2.695,0.9625,0.806828008,1.57602339,1.71,1.16455696,2.41139241,0.1,0.65,11
job_t1,job,job,,1,22b,2,Forward-only,20,0,0,1,0.56,0.645,0.58,0.67,0.0475,0.0535728519,1.03875969,0.645,0.151785714,0.196428571,0.25,0,11
job_t1,job,job,,1,22b,3,THC,20,0,0,1,0.56,0.65,0.579,0.68,0.0425,0.0550213027,1.04615385,0.65,0.160714286,0.214285714,0.2,0,11
job_t1,job,job,,1,22b,4,RPT+,20,0,0,1,0.55,0.59,0.559,0.6,0.03,0.0317663723,1.01694915,0.59,0.0727272727,0.0909090909,0.95,0,11
job_t1,job,job,,1,22c,1,Baseline,20,0,0,1,1.35,2.485,1.581,4.662,0.82,0.691429561,1.87605634,2.485,0.840740741,2.45333333,0.05,0.4,19
job_t1,job,job,,1,22c,2,Forward-only,20,0,0,1,0.63,0.71,0.659,0.751,0.0375,0.0489938425,1.05774648,0.71,0.126984127,0.192063492,0.4,0,9
job_t1,job,job,,1,22c,3,THC,20,0,0,1,0.61,0.71,0.66,0.751,0.0575,0.0563110979,1.05774648,0.71,0.163934426,0.231147541,0.25,0,9
job_t1,job,job,,1,22c,4,RPT+,20,0,0,1,0.58,0.61,0.59,0.621,0.01,0.0250390184,1.01803279,0.61,0.0517241379,0.0706896552,0.95,0,14
job_t1,job,job,,1,22d,1,Baseline,20,0,0,1,1.2,3.525,2.175,11.06,2.3875,1.04331279,3.13758865,3.525,1.9375,8.21666667,0.05,0.65,19
job_t1,job,job,,1,22d,2,Forward-only,20,0,0,1,0.49,0.59,0.52,0.683,0.0825,0.104645404,1.15762712,0.59,0.204081633,0.393877551,0.2,0,9
job_t1,job,job,,1,22d,3,THC,20,0,0,1,0.49,0.6,0.53,0.69,0.075,0.1022101,1.15,0.6,0.224489796,0.408163265,0.15,0,9
job_t1,job,job,,1,22d,4,RPT+,20,0,0,1,0.42,0.46,0.429,0.51,0.06,0.0689165051,1.10869565,0.46,0.0952380952,0.214285714,0.6,0,14
job_t1,job,job,,1,23a,1,Baseline,20,0,0,1,0.53,1.225,0.666,1.525,0.735,0.332214072,1.24489796,1.225,1.31132075,1.87735849,0.1,0.55,0
job_t1,job,job,,1,23a,2,Forward-only,20,0,0,1,0.5,0.6,0.519,0.73,0.075,0.114267024,1.21666667,0.6,0.2,0.46,0.25,0,9
job_t1,job,job,,1,23a,3,THC,20,0,0,1,0.51,0.6,0.52,0.721,0.0875,0.109043036,1.20166667,0.6,0.176470588,0.41372549,0.25,0,9
job_t1,job,job,,1,23a,4,RPT+,20,0,0,1,0.54,0.58,0.559,0.622,0.025,0.0466099199,1.07241379,0.58,0.0740740741,0.151851852,0.75,0,9
job_t1,job,job,,1,23b,1,Baseline,20,0,0,1,0.44,1.165,0.613,1.372,0.3375,0.292667646,1.1776824,1.165,1.64772727,2.11818182,0.1,0.75,1
job_t1,job,job,,1,23b,2,Forward-only,20,0,0,1,0.53,0.585,0.539,0.643,0.0675,0.0748965808,1.0991453,0.585,0.103773585,0.213207547,0.5,0,9
job_t1,job,job,,1,23b,3,THC,20,0,0,1,0.53,0.58,0.54,0.651,0.0575,0.0701262319,1.12241379,0.58,0.0943396226,0.228301887,0.6,0,9
job_t1,job,job,,1,23b,4,RPT+,20,0,0,1,0.53,0.585,0.539,0.641,0.0575,0.0665256605,1.0957265,0.585,0.103773585,0.209433962,0.5,0,9
job_t1,job,job,,1,23c,1,Baseline,20,0,0,1,0.54,1.305,0.676,1.614,0.6475,0.341042448,1.23678161,1.305,1.41666667,1.98888889,0.1,0.55,1
job_t1,job,job,,1,23c,2,Forward-only,20,0,0,1,0.61,0.74,0.665,0.851,0.0525,0.0920611802,1.15,0.74,0.213114754,0.395081967,0.15,0,11
job_t1,job,job,,1,23c,3,THC,20,0,0,1,0.61,0.735,0.665,0.861,0.065,0.0976130077,1.17142857,0.735,0.204918033,0.41147541,0.2,0,11
job_t1,job,job,,1,23c,4,RPT+,20,0,0,1,0.58,0.67,0.635,0.73,0.0575,0.0638922563,1.08955224,0.67,0.155172414,0.25862069,0.1,0,11
job_t1,job,job,,1,24a,1,Baseline,20,0,0,1,1.68,2.825,1.72,4.265,1.88,0.354918461,1.50973451,2.825,0.681547619,1.53869048,0.15,0.3,1
job_t1,job,job,,1,24a,2,Forward-only,20,0,0,1,1.12,1.405,1.169,1.712,0.3975,0.142579916,1.21850534,1.405,0.254464286,0.528571429,0.2,0,7
job_t1,job,job,,1,24a,3,THC,20,0,0,1,1.11,1.405,1.189,1.704,0.405,0.143332487,1.21281139,1.405,0.265765766,0.535135135,0.15,0,7
job_t1,job,job,,1,24a,4,RPT+,20,0,0,1,1.09,1.28,1.137,1.341,0.1175,0.0642273067,1.04765625,1.28,0.174311927,0.230275229,0.25,0,7
job_t1,job,job,,1,24b,1,Baseline,20,0,0,1,1.25,2.46,1.305,3.18,1.27,0.324419823,1.29268293,2.46,0.968,1.544,0.15,0.45,15
job_t1,job,job,,1,24b,2,Forward-only,20,0,0,1,0.72,1.06,0.811,1.611,0.2475,0.24988727,1.51981132,1.06,0.472222222,1.2375,0.1,0.2,19
job_t1,job,job,,1,24b,3,THC,20,0,0,1,0.72,1.065,0.828,1.621,0.2375,0.249898087,1.52206573,1.065,0.479166667,1.25138889,0.1,0.2,11
job_t1,job,job,,1,24b,4,RPT+,20,0,0,1,0.73,1.03,0.758,1.072,0.1975,0.124608792,1.0407767,1.03,0.410958904,0.468493151,0.15,0,19
job_t1,job,job,,1,25a,1,Baseline,20,0,0,1,3.43,3.975,3.679,4.532,0.6575,0.0892016964,1.14012579,3.975,0.158892128,0.321282799,0.25,0,1
job_t1,job,job,,1,25a,2,Forward-only,20,0,0,1,1.69,1.935,1.719,2.267,0.335,0.156579017,1.17157623,1.935,0.144970414,0.341420118,0.35,0,8
job_t1,job,job,,1,25a,3,THC,20,0,0,1,1.68,1.915,1.708,2.283,0.3525,0.161685862,1.1921671,1.915,0.139880952,0.358928571,0.35,0,9
job_t1,job,job,,1,25a,4,RPT+,20,0,0,1,1.69,1.795,1.71,2.119,0.1425,0.167479852,1.18050139,1.795,0.0621301775,0.253846154,0.65,0,8
job_t1,job,job,,1,25b,1,Baseline,20,0,0,1,3.05,3.56,3.097,3.903,0.465,0.0995210628,1.09634831,3.56,0.167213115,0.279672131,0.3,0,13
job_t1,job,job,,1,25b,2,Forward-only,20,0,0,1,0.73,1.53,0.793,1.63,0.2125,0.213036153,1.06535948,1.53,1.09589041,1.23287671,0.15,0.65,10
job_t1,job,job,,1,25b,3,THC,20,0,0,1,0.72,1.525,0.802,1.633,0.2025,0.207733329,1.07081967,1.525,1.11805556,1.26805556,0.1,0.65,10
job_t1,job,job,,1,25b,4,RPT+,20,0,0,1,0.72,1.53,0.739,1.651,0.2775,0.218968391,1.07908497,1.53,1.125,1.29305556,0.15,0.65,10
job_t1,job,job,,1,25c,1,Baseline,20,0,0,1,3.18,4.405,3.413,5.436,1.3075,0.17486968,1.23405221,4.405,0.385220126,0.709433962,0.15,0,8
job_t1,job,job,,1,25c,2,Forward-only,20,0,0,1,1.71,2.66,2.084,3.114,0.605,0.157272727,1.17067669,2.66,0.555555556,0.821052632,0.05,0,8
job_t1,job,job,,1,25c,3,THC,20,0,0,1,1.71,2.605,2.147,3.086,0.6425,0.161157821,1.18464491,2.605,0.523391813,0.804678363,0.05,0,8
job_t1,job,job,,1,25c,4,RPT+,20,0,0,1,1.82,2.51,2.051,3.13,0.3525,0.157994352,1.24701195,2.51,0.379120879,0.71978022,0.1,0,8
job_t1,job,job,,1,26a,1,Baseline,20,0,0,1,2.89,6.945,3.066,25.541,14.9,0.875744947,3.67760979,6.945,1.40311419,7.83771626,0.15,0.65,6
job_t1,job,job,,1,26a,2,Forward-only,20,0,0,1,1.36,1.735,1.397,2.32,0.265,0.170658125,1.33717579,1.735,0.275735294,0.705882353,0.15,0,2
job_t1,job,job,,1,26a,3,THC,20,0,0,1,1.36,1.74,1.398,2.29,0.26,0.167868752,1.31609195,1.74,0.279411765,0.683823529,0.15,0,2
job_t1,job,job,,1,26a,4,RPT+,20,0,0,1,1.31,1.565,1.32,1.65,0.1575,0.082952778,1.0543131,1.565,0.194656489,0.259541985,0.25,0,8
job_t1,job,job,,1,26b,1,Baseline,20,0,0,1,2.48,6.095,2.607,18.662,6.3675,0.924308363,3.06185398,6.095,1.45766129,6.525,0.2,0.7,0
job_t1,job,job,,1,26b,2,Forward-only,20,0,0,1,1.14,1.37,1.199,1.622,0.1025,0.102777033,1.18394161,1.37,0.201754386,0.422807018,0.15,0,8
job_t1,job,job,,1,26b,3,THC,20,0,0,1,1.14,1.38,1.199,1.622,0.06,0.10058196,1.17536232,1.38,0.210526316,0.422807018,0.15,0,8
job_t1,job,job,,1,26b,4,RPT+,20,0,0,1,1.09,1.3,1.139,1.353,0.0975,0.068719923,1.04076923,1.3,0.19266055,0.241284404,0.25,0,17
job_t1,job,job,,1,26c,1,Baseline,20,0,0,1,3.31,6.91,3.643,70.898,18.3175,1.20335495,10.2602026,6.91,1.08761329,20.4193353,0.1,0.55,0
job_t1,job,job,,1,26c,2,Forward-only,20,0,0,1,1.28,1.56,1.309,2.161,0.47,0.183592532,1.38525641,1.56,0.21875,0.68828125,0.15,0,2
job_t1,job,job,,1,26c,3,THC,20,0,0,1,1.28,1.57,1.325,2.143,0.4675,0.179349862,1.36496815,1.57,0.2265625,0.67421875,0.15,0,2
job_t1,job,job,,1,26c,4,RPT+,20,0,0,1,1.17,1.47,1.189,1.726,0.3425,0.146130362,1.17414966,1.47,0.256410256,0.475213675,0.25,0,17
job_t1,job,job,,1,27a,1,Baseline,20,0,0,1,0.21,0.315,0.219,1.081,0.18,0.73040622,3.43174603,0.315,0.5,4.14761905,0.35,0.2,5
job_t1,job,job,,1,27a,2,Forward-only,20,0,0,1,0.2,0.25,0.21,0.271,0.025,0.0927534553,1.084,0.25,0.25,0.355,0.15,0,11
job_t1,job,job,,1,27a,3,THC,20,0,0,1,0.2,0.25,0.209,0.27,0.0325,0.0956796935,1.08,0.25,0.25,0.35,0.15,0,3
job_t1,job,job,,1,27a,4,RPT+,20,0,0,1,0.2,0.245,0.2,0.27,0.03,0.0939317877,1.10204082,0.245,0.225,0.35,0.15,0,3
job_t1,job,job,,1,27b,1,Baseline,20,0,0,1,0.21,0.26,0.21,1.043,0.1275,0.771907902,4.01153846,0.26,0.238095238,3.96666667,0.3,0.2,0
job_t1,job,job,,1,27b,2,Forward-only,20,0,0,1,0.14,0.21,0.17,0.311,0.0575,0.245325952,1.48095238,0.21,0.5,1.22142857,0.05,0.25,11
job_t1,job,job,,1,27b,3,THC,20,0,0,1,0.14,0.21,0.17,0.312,0.0575,0.244926593,1.48571429,0.21,0.5,1.22857143,0.05,0.25,11
job_t1,job,job,,1,27b,4,RPT+,20,0,0,1,0.14,0.21,0.17,0.312,0.06,0.247494214,1.48571429,0.21,0.5,1.22857143,0.05,0.25,11
job_t1,job,job,,1,27c,1,Baseline,20,0,0,1,0.26,0.4,0.26,1.654,0.2425,0.848578178,4.135,0.4,0.538461538,5.36153846,0.3,0.2,0
job_t1,job,job,,1,27c,2,Forward-only,20,0,0,1,0.21,0.245,0.21,0.271,0.035,0.098284172,1.10612245,0.245,0.166666667,0.29047619,0.3,0,1
job_t1,job,job,,1,27c,3,THC,20,0,0,1,0.21,0.25,0.21,0.271,0.035,0.0944084368,1.084,0.25,0.19047619,0.29047619,0.3,0,1
job_t1,job,job,,1,27c,4,RPT+,20,0,0,1,0.21,0.24,0.21,0.271,0.035,0.0948229467,1.12916667,0.24,0.142857143,0.29047619,0.3,0,1
job_t1,job,job,,1,28a,1,Baseline,20,0,0,1,1.04,3.18,1.604,9.201,2.4925,0.644676464,2.89339623,3.18,2.05769231,7.84711538,0.05,0.8,0
job_t1,job,job,,1,28a,2,Forward-only,20,0,0,1,0.61,0.665,0.64,0.708,0.03,0.0645348053,1.06466165,0.665,0.0901639344,0.160655738,0.6,0,5
job_t1,job,job,,1,28a,3,THC,20,0,0,1,0.6,0.66,0.64,0.699,0.0225,0.0651251322,1.05909091,0.66,0.1,0.165,0.55,0,5
job_t1,job,job,,1,28a,4,RPT+,20,0,0,1,0.58,0.6,0.59,0.61,0.0025,0.0123219389,1.01666667,0.6,0.0344827586,0.0517241379,1,0,19
job_t1,job,job,,1,28b,1,Baseline,20,0,0,1,0.7,1.665,0.73,2.057,1.1375,0.401145802,1.23543544,1.665,1.37857143,1.93857143,0.25,0.55,0
job_t1,job,job,,1,28b,2,Forward-only,20,0,0,1,0.58,0.6,0.59,0.645,0.015,0.0600983634,1.075,0.6,0.0344827586,0.112068966,0.8,0,3
job_t1,job,job,,1,28b,3,THC,20,0,0,1,0.58,0.6,0.59,0.644,0.02,0.0567442985,1.07333333,0.6,0.0344827586,0.110344828,0.85,0,3
job_t1,job,job,,1,28b,4,RPT+,20,0,0,1,0.55,0.58,0.56,0.59,0.0125,0.0201706112,1.01724138,0.58,0.0545454545,0.0727272727,1,0,3
job_t1,job,job,,1,28c,1,Baseline,20,0,0,1,1.31,3.205,1.607,7.326,2.395,0.572589412,2.28580343,3.205,1.44656489,4.59236641,0.1,0.65,0
job_t1,job,job,,1,28c,2,Forward-only,20,0,0,1,0.62,0.69,0.649,0.761,0.0475,0.0643942944,1.10289855,0.69,0.112903226,0.227419355,0.45,0,5
job_t1,job,job,,1,28c,3,THC,20,0,0,1,0.64,0.695,0.658,0.751,0.0525,0.0572685218,1.08057554,0.695,0.0859375,0.1734375,0.65,0,5
job_t1,job,job,,1,28c,4,RPT+,20,0,0,1,0.59,0.61,0.599,0.64,0.03,0.0279386244,1.04918033,0.61,0.0338983051,0.0847457627,0.95,0,9
job_t1,job,job,,1,29a,1,Baseline,20,0,0,1,1.31,2.865,1.445,4.656,1.6725,0.442894529,1.62513089,2.865,1.1870229,2.55419847,0.1,0.6,1
job_t1,job,job,,1,29a,2,Forward-only,20,0,0,1,0.89,1.085,1.025,1.221,0.115,0.087193756,1.12534562,1.085,0.219101124,0.371910112,0.05,0,14
job_t1,job,job,,1,29a,3,THC,20,0,0,1,0.91,1.105,1.032,1.195,0.0925,0.0815172071,1.08144796,1.105,0.214285714,0.313186813,0.1,0,14
job_t1,job,job,,1,29a,4,RPT+,20,0,0,1,0.91,1.075,0.939,1.15,0.085,0.070975056,1.06976744,1.075,0.181318681,0.263736264,0.2,0,14
job_t1,job,job,,1,29b,1,Baseline,20,0,0,1,1.09,1.62,1.289,3.214,0.6,0.559118504,1.98395062,1.62,0.486238532,1.94862385,0.1,0.25,9
job_t1,job,job,,1,29b,2,Forward-only,20,0,0,1,0.85,0.995,0.897,1.024,0.0825,0.0596807869,1.02914573,0.995,0.170588235,0.204705882,0.35,0,10
job_t1,job,job,,1,29b,3,THC,20,0,0,1,0.86,0.99,0.907,1.034,0.08,0.0585846943,1.04444444,0.99,0.151162791,0.202325581,0.35,0,10
job_t1,job,job,,1,29b,4,RPT+,20,0,0,1,0.85,0.975,0.897,1.01,0.065,0.048747329,1.03589744,0.975,0.147058824,0.188235294,0.35,0,10
job_t1,job,job,,1,29c,1,Baseline,20,0,0,1,1.69,4.495,2.675,28.922,7.965,2.45985837,6.43426029,4.495,1.65976331,16.1136095,0.05,0.7,18
job_t1,job,job,,1,29c,2,Forward-only,20,0,0,1,1.02,1.33,1.162,1.715,0.14,0.156743198,1.28947368,1.33,0.303921569,0.681372549,0.1,0,8
job_t1,job,job,,1,29c,3,THC,20,0,0,1,1.03,1.335,1.156,1.741,0.13,0.155316076,1.30411985,1.335,0.296116505,0.690291262,0.1,0,8
job_t1,job,job,,1,29c,4,RPT+,20,0,0,1,1.01,1.23,1.079,1.293,0.1125,0.0700809464,1.05121951,1.23,0.217821782,0.28019802,0.15,0,8
job_t1,job,job,,1,30a,1,Baseline,20,0,0,1,2.79,3.935,3.26,4.321,0.6275,0.113752994,1.09809403,3.935,0.410394265,0.54874552,0.05,0,4
job_t1,job,job,,1,30a,2,Forward-only,20,0,0,1,1.58,1.85,1.656,2.108,0.2475,0.0915387313,1.13945946,1.85,0.170886076,0.334177215,0.25,0,14
job_t1,job,job,,1,30a,3,THC,20,0,0,1,1.59,1.845,1.683,2.112,0.25,0.0886416184,1.14471545,1.845,0.160377358,0.328301887,0.3,0,14
job_t1,job,job,,1,30a,4,RPT+,20,0,0,1,1.56,1.79,1.669,1.95,0.1325,0.0691787112,1.08938547,1.79,0.147435897,0.25,0.15,0,17
job_t1,job,job,,1,30b,1,Baseline,20,0,0,1,2.87,3.65,3.036,4.201,0.8125,0.119994134,1.1509589,3.65,0.271777003,0.463763066,0.15,0,4
job_t1,job,job,,1,30b,2,Forward-only,20,0,0,1,1.37,1.64,1.408,1.777,0.265,0.102221578,1.08353659,1.64,0.197080292,0.297080292,0.35,0,14
job_t1,job,job,,1,30b,3,THC,20,0,0,1,1.37,1.63,1.389,1.782,0.265,0.105744771,1.09325153,1.63,0.189781022,0.300729927,0.35,0,14
job_t1,job,job,,1,30b,4,RPT+,20,0,0,1,1.36,1.565,1.388,1.713,0.24,0.0880708899,1.09456869,1.565,0.150735294,0.259558824,0.45,0,0
job_t1,job,job,,1,30c,1,Baseline,20,0,0,1,3.25,4.68,3.433,5.333,0.96,0.157120063,1.13952991,4.68,0.44,0.640923077,0.2,0,0
job_t1,job,job,,1,30c,2,Forward-only,20,0,0,1,1.75,2.095,1.923,2.425,0.1425,0.186205881,1.1575179,2.095,0.197142857,0.385714286,0.1,0.05,4
job_t1,job,job,,1,30c,3,THC,20,0,0,1,1.73,2.075,1.924,2.488,0.1875,0.201078941,1.19903614,2.075,0.199421965,0.438150289,0.1,0.05,4
job_t1,job,job,,1,30c,4,RPT+,20,0,0,1,1.8,2.01,1.83,2.435,0.1825,0.157644893,1.21144279,2.01,0.116666667,0.352777778,0.45,0,4
job_t1,job,job,,1,31a,1,Baseline,20,0,0,1,3.53,4.22,3.686,4.924,0.4375,0.122848129,1.16682464,4.22,0.195467422,0.39490085,0.2,0,11
job_t1,job,job,,1,31a,2,Forward-only,20,0,0,1,1.48,1.795,1.546,2.071,0.2925,0.234930599,1.15376045,1.795,0.212837838,0.399324324,0.25,0.05,0
job_t1,job,job,,1,31a,3,THC,20,0,0,1,1.46,1.775,1.565,2.093,0.375,0.251464433,1.17915493,1.775,0.215753425,0.433561644,0.2,0.05,0
job_t1,job,job,,1,31a,4,RPT+,20,0,0,1,1.41,1.68,1.485,2.034,0.1625,0.207717401,1.21071429,1.68,0.191489362,0.442553191,0.15,0.05,0
job_t1,job,job,,1,31b,1,Baseline,20,0,0,1,2.93,3.69,3.106,4.056,0.7575,0.106505974,1.09918699,3.69,0.259385666,0.384300341,0.3,0,13
job_t1,job,job,,1,31b,2,Forward-only,20,0,0,1,0.83,1.6,0.969,1.752,0.6075,0.227914612,1.095,1.6,0.927710843,1.11084337,0.05,0.35,17
job_t1,job,job,,1,31b,3,THC,20,0,0,1,0.84,1.59,0.97,1.767,0.635,0.229094181,1.11132075,1.59,0.892857143,1.10357143,0.05,0.35,17
job_t1,job,job,,1,31b,4,RPT+,20,0,0,1,0.81,1.585,0.936,1.765,0.7425,0.271209242,1.11356467,1.585,0.956790123,1.17901235,0.1,0.35,3
job_t1,job,job,,1,31c,1,Baseline,20,0,0,1,3.38,5.905,5.029,9.435,1.775,0.29880338,1.59779848,5.905,0.74704142,1.79142012,0.05,0.45,0
job_t1,job,job,,1,31c,2,Forward-only,20,0,0,1,1.86,2.21,1.984,2.926,0.49,0.162142999,1.3239819,2.21,0.188172043,0.57311828,0.2,0,2
job_t1,job,job,,1,31c,3,THC,20,0,0,1,1.86,2.225,1.984,2.936,0.5225,0.161990998,1.31955056,2.225,0.196236559,0.578494624,0.15,0,2
job_t1,job,job,,1,31c,4,RPT+,20,0,0,1,1.62,1.885,1.783,2.233,0.2175,0.12854326,1.18461538,1.885,0.163580247,0.378395062,0.1,0,13
job_t1,job,job,,1,32a,1,Baseline,20,0,0,1,0.04,0.165,0.04,0.491,0.38,0.867351039,2.97575758,0.165,3.125,11.275,0.4,0.55,0
job_t1,job,job,,1,32a,2,Forward-only,20,0,0,1,0.04,0.05,0.04,0.21,0.17,0.816817569,4.2,0.05,0.25,4.25,0.45,0.3,0
job_t1,job,job,,1,32a,3,THC,20,0,0,1,0.04,0.05,0.04,0.21,0.17,0.816817569,4.2,0.05,0.25,4.25,0.45,0.3,0
job_t1,job,job,,1,32a,4,RPT+,20,0,0,1,0.04,0.04,0.04,0.05,0,0.0860413064,1.25,0.04,0,0.25,0.85,0,0
job_t1,job,job,,1,32b,1,Baseline,20,0,0,1,0.29,0.35,0.29,0.501,0.13,0.2205383,1.43142857,0.35,0.206896552,0.727586207,0.45,0,0
job_t1,job,job,,1,32b,2,Forward-only,20,0,0,1,0.28,0.29,0.289,0.41,0.12,0.171453929,1.4137931,0.29,0.0357142857,0.464285714,0.7,0,9
job_t1,job,job,,1,32b,3,THC,20,0,0,1,0.28,0.29,0.28,0.41,0.1125,0.172186504,1.4137931,0.29,0.0357142857,0.464285714,0.7,0,0
job_t1,job,job,,1,32b,4,RPT+,20,0,0,1,0.22,0.225,0.22,0.29,0.06,0.124560788,1.28888889,0.225,0.0227272727,0.318181818,0.6,0,0
job_t1,job,job,,1,33a,1,Baseline,20,0,0,1,0.44,0.64,0.489,0.856,0.28,0.340991176,1.3375,0.64,0.454545455,0.945454545,0.1,0.1,15
job_t1,job,job,,1,33a,2,Forward-only,20,0,0,1,0.15,0.19,0.178,0.22,0.04,0.106312355,1.15789474,0.19,0.266666667,0.466666667,0.1,0,13
job_t1,job,job,,1,33a,3,THC,20,0,0,1,0.15,0.19,0.178,0.22,0.0325,0.10502632,1.15789474,0.19,0.266666667,0.466666667,0.1,0,13
job_t1,job,job,,1,33a,4,RPT+,20,0,0,1,0.15,0.19,0.177,0.19,0.01,0.0671486652,1,0.19,0.266666667,0.266666667,0.1,0,13
job_t1,job,job,,1,33b,1,Baseline,20,0,0,1,0.34,0.53,0.377,0.676,0.23,0.25066074,1.2754717,0.53,0.558823529,0.988235294,0.1,0.1,7
job_t1,job,job,,1,33b,2,Forward-only,20,0,0,1,0.14,0.175,0.158,0.21,0.035,0.123916303,1.2,0.175,0.25,0.5,0.1,0,13
job_t1,job,job,,1,33b,3,THC,20,0,0,1,0.14,0.175,0.158,0.21,0.0325,0.121385842,1.2,0.175,0.25,0.5,0.1,0,13
job_t1,job,job,,1,33b,4,RPT+,20,0,0,1,0.14,0.17,0.158,0.18,0.02,0.0757256499,1.05882353,0.17,0.214285714,0.285714286,0.1,0,13
job_t1,job,job,,1,33c,1,Baseline,20,0,0,1,0.62,0.83,0.678,1.098,0.2025,0.264640101,1.32289157,0.83,0.338709677,0.770967742,0.15,0.05,2
job_t1,job,job,,1,33c,2,Forward-only,20,0,0,1,0.27,0.325,0.299,0.351,0.04,0.080698424,1.08,0.325,0.203703704,0.3,0.1,0,11
job_t1,job,job,,1,33c,3,THC,20,0,0,1,0.28,0.32,0.299,0.36,0.0325,0.0883840982,1.125,0.32,0.142857143,0.285714286,0.25,0,11
job_t1,job,job,,1,33c,4,RPT+,20,0,0,1,0.26,0.29,0.27,0.3,0.0125,0.0431385937,1.03448276,0.29,0.115384615,0.153846154,0.3,0,15
tpch_sf10_t1,TPCH SF10,tpch,10,1,Q01,1,Baseline,20,0,0,1,3.15,3.18,3.16,3.19,0.0225,0.00443678117,1.00314465,3.18,0.00952380952,0.0126984127,1,0,17
tpch_sf10_t1,TPCH SF10,tpch,10,1,Q01,2,Forward-only,20,0,0,1,3.14,3.17,3.15,3.18,0.02,0.00390064923,1.00315457,3.17,0.00955414013,0.0127388535,1,0,13
tpch_sf10_t1,TPCH SF10,tpch,10,1,Q01,3,THC,20,0,0,1,3.16,3.17,3.16,3.2,0.03,0.00508514146,1.00946372,3.17,0.00316455696,0.0126582278,1,0,4
tpch_sf10_t1,TPCH SF10,tpch,10,1,Q01,4,RPT+,20,0,0,1,3.13,3.18,3.159,3.2,0.0225,0.00596088023,1.00628931,3.18,0.0159744409,0.0223642173,1,0,8
tpch_sf10_t1,TPCH SF10,tpch,10,1,Q02,1,Baseline,20,0,0,1,0.76,0.97,0.834,1.141,0.26,0.145832454,1.17628866,0.97,0.276315789,0.501315789,0.1,0,12
tpch_sf10_t1,TPCH SF10,tpch,10,1,Q02,2,Forward-only,20,0,0,1,0.59,0.725,0.59,0.78,0.0925,0.0982744701,1.07586207,0.725,0.228813559,0.322033898,0.2,0,9
tpch_sf10_t1,TPCH SF10,tpch,10,1,Q02,3,THC,20,0,0,1,0.59,0.735,0.59,0.782,0.0825,0.100192245,1.06394558,0.735,0.245762712,0.325423729,0.2,0,9
tpch_sf10_t1,TPCH SF10,tpch,10,1,Q02,4,RPT+,20,0,0,1,0.62,0.77,0.638,0.821,0.0925,0.0988561678,1.06623377,0.77,0.241935484,0.324193548,0.2,0,9
tpch_sf10_t1,TPCH SF10,tpch,10,1,Q03,1,Baseline,20,0,0,1,4.61,4.695,4.677,4.76,0.04,0.00824084974,1.01384452,4.695,0.0184381779,0.032537961,1,0,19
tpch_sf10_t1,TPCH SF10,tpch,10,1,Q03,2,Forward-only,20,0,0,1,4.66,4.75,4.679,4.79,0.055,0.00855961645,1.00842105,4.75,0.0193133047,0.0278969957,1,0,11
tpch_sf10_t1,TPCH SF10,tpch,10,1,Q03,3,THC,20,0,0,1,5.18,5.225,5.189,5.271,0.04,0.00628191536,1.00880383,5.225,0.00868725869,0.0175675676,1,0,2
tpch_sf10_t1,TPCH SF10,tpch,10,1,Q03,4,RPT+,20,0,0,1,4.7,4.76,4.719,4.795,0.0525,0.00807973185,1.00735294,4.76,0.0127659574,0.020212766,1,0,19
tpch_sf10_t1,TPCH SF10,tpch,10,1,Q04,1,Baseline,20,0,0,1,2.95,3,2.969,3.031,0.0325,0.0257912884,1.01033333,3,0.0169491525,0.0274576271,0.95,0,17
tpch_sf10_t1,TPCH SF10,tpch,10,1,Q04,2,Forward-only,20,0,0,1,2.96,3,2.969,3.041,0.0225,0.0127286271,1.01366667,3,0.0135135135,0.0273648649,1,0,17
tpch_sf10_t1,TPCH SF10,tpch,10,1,Q04,3,THC,20,0,0,1,3.6,3.7,3.648,3.722,0.0425,0.0111291546,1.00594595,3.7,0.0277777778,0.0338888889,1,0,16
tpch_sf10_t1,TPCH SF10,tpch,10,1,Q04,4,RPT+,20,0,0,1,2.97,3,2.979,3.031,0.0325,0.0119489486,1.01033333,3,0.0101010101,0.0205387205,1,0,6
tpch_sf10_t1,TPCH SF10,tpch,10,1,Q05,1,Baseline,14,6,0,0.7,6.75,7.56,6.802,8.202,1.1975,0.0766950863,1.08492063,7.975,0.12,0.215111111,0.3,0.3,6
tpch_sf10_t1,TPCH SF10,tpch,10,1,Q05,2,Forward-only,14,6,0,0.7,5.34,6.69,5.743,7.137,0.505,0.0840045623,1.06681614,6.77,0.252808989,0.336516854,0.1,0.3,17
tpch_sf10_t1,TPCH SF10,tpch,10,1,Q05,3,THC,14,6,0,0.7,5.62,7.35,5.957,7.82,0.7325,0.100970815,1.06394558,7.545,0.307829181,0.391459075,0.15,0.3,17
tpch_sf10_t1,TPCH SF10,tpch,10,1,Q05,4,RPT+,14,6,0,0.7,4.27,4.625,4.442,4.868,0.1475,0.0359342773,1.05254054,4.7,0.0831381733,0.140046838,0.5,0.3,4
tpch_sf10_t1,TPCH SF10,tpch,10,1,Q06,1,Baseline,20,0,0,1,0.98,0.99,0.98,1,0.01,0.00719177082,1.01010101,0.99,0.0102040816,0.0204081633,1,0,4
tpch_sf10_t1,TPCH SF10,tpch,10,1,Q06,2,Forward-only,20,0,0,1,0.98,0.99,0.98,1,0.01,0.00835421862,1.01010101,0.99,0.0102040816,0.0204081633,1,0,4
tpch_sf10_t1,TPCH SF10,tpch,10,1,Q06,3,THC,20,0,0,1,0.98,0.99,0.98,1,0.0125,0.00747029207,1.01010101,0.99,0.0102040816,0.0204081633,1,0,0
tpch_sf10_t1,TPCH SF10,tpch,10,1,Q06,4,RPT+,20,0,0,1,0.97,0.99,0.979,1,0.02,0.0105564272,1.01010101,0.99,0.0206185567,0.0309278351,1,0,11
tpch_sf10_t1,TPCH SF10,tpch,10,1,Q07,1,Baseline,20,0,0,1,4.83,7.61,4.886,8.56,1.345,0.172899735,1.12483574,7.61,0.575569358,0.772256729,0.15,0,9
tpch_sf10_t1,TPCH SF10,tpch,10,1,Q07,2,Forward-only,20,0,0,1,2.14,2.17,2.15,2.211,0.04,0.0108262866,1.01889401,2.17,0.0140186916,0.0331775701,1,0,9
tpch_sf10_t1,TPCH SF10,tpch,10,1,Q07,3,THC,20,0,0,1,2.15,2.185,2.16,2.212,0.0225,0.0105365511,1.01235698,2.185,0.0162790698,0.0288372093,1,0,1
tpch_sf10_t1,TPCH SF10,tpch,10,1,Q07,4,RPT+,20,0,0,1,1.92,2.03,1.949,2.09,0.105,0.03107397,1.02955665,2.03,0.0572916667,0.0885416667,0.95,0,8
tpch_sf10_t1,TPCH SF10,tpch,10,1,Q08,1,Baseline,20,0,0,1,4.5,7.27,4.55,12.015,5.945,0.390630644,1.65268226,7.27,0.615555556,1.67,0.35,0.4,19
tpch_sf10_t1,TPCH SF10,tpch,10,1,Q08,2,Forward-only,20,0,0,1,2.54,2.61,2.55,2.691,0.13,0.0229286114,1.03103448,2.61,0.0275590551,0.0594488189,1,0,6
tpch_sf10_t1,TPCH SF10,tpch,10,1,Q08,3,THC,20,0,0,1,2.54,2.635,2.577,2.693,0.0725,0.0246740185,1.02201139,2.635,0.0374015748,0.0602362205,0.95,0,0
tpch_sf10_t1,TPCH SF10,tpch,10,1,Q08,4,RPT+,20,0,0,1,2.23,2.275,2.23,2.311,0.0525,0.0139761606,1.01582418,2.275,0.0201793722,0.03632287,1,0,6
tpch_sf10_t1,TPCH SF10,tpch,10,1,Q09,1,Baseline,20,0,0,1,12.12,14.975,12.189,20.762,7.1825,0.212152483,1.38644407,14.975,0.235561056,0.713036304,0.3,0,5
tpch_sf10_t1,TPCH SF10,tpch,10,1,Q09,2,Forward-only,20,0,0,1,5.04,5.515,5.358,11.255,1.5625,0.363452778,2.04079782,5.515,0.0942460317,1.23313492,0.6,0.25,3
tpch_sf10_t1,TPCH SF10,tpch,10,1,Q09,3,THC,20,0,0,1,5.41,5.88,5.71,11.751,1.5725,0.352157298,1.99846939,5.88,0.0868761553,1.17208872,0.7,0.25,2
tpch_sf10_t1,TPCH SF10,tpch,10,1,Q09,4,RPT+,20,0,0,1,4.72,4.885,4.77,5.361,0.1175,0.0421353153,1.09744115,4.885,0.0349576271,0.135805085,0.85,0,5
tpch_sf10_t1,TPCH SF10,tpch,10,1,Q10,1,Baseline,20,0,0,1,4.26,4.335,4.306,4.401,0.05,0.00927440342,1.01522491,4.335,0.0176056338,0.0330985915,1,0,18
tpch_sf10_t1,TPCH SF10,tpch,10,1,Q10,2,Forward-only,20,0,0,1,2.66,2.695,2.67,2.711,0.01,0.00567819545,1.00593692,2.695,0.0131578947,0.0191729323,1,0,6
tpch_sf10_t1,TPCH SF10,tpch,10,1,Q10,3,THC,20,0,0,1,2.71,2.74,2.71,2.774,0.04,0.0110201619,1.01240876,2.74,0.0110701107,0.0236162362,1,0,2
tpch_sf10_t1,TPCH SF10,tpch,10,1,Q10,4,RPT+,20,0,0,1,2.67,2.72,2.68,2.761,0.05,0.0114316456,1.01507353,2.72,0.0187265918,0.034082397,1,0,14
tpch_sf10_t1,TPCH SF10,tpch,10,1,Q11,1,Baseline,20,0,0,1,0.58,0.68,0.589,0.771,0.1,0.104718293,1.13382353,0.68,0.172413793,0.329310345,0.4,0,2
tpch_sf10_t1,TPCH SF10,tpch,10,1,Q11,2,Forward-only,20,0,0,1,0.58,0.69,0.59,0.79,0.11,0.114215743,1.14492754,0.69,0.189655172,0.362068966,0.4,0,12
tpch_sf10_t1,TPCH SF10,tpch,10,1,Q11,3,THC,20,0,0,1,0.57,0.685,0.58,0.791,0.1125,0.118162357,1.15474453,0.685,0.201754386,0.387719298,0.4,0,12
tpch_sf10_t1,TPCH SF10,tpch,10,1,Q11,4,RPT+,20,0,0,1,0.46,0.47,0.46,0.48,0.01,0.0175482793,1.0212766,0.47,0.0217391304,0.0434782609,1,0,10
tpch_sf10_t1,TPCH SF10,tpch,10,1,Q12,1,Baseline,20,0,0,1,2.12,2.15,2.12,2.19,0.0125,0.0112014833,1.01860465,2.15,0.0141509434,0.0330188679,1,0,3
tpch_sf10_t1,TPCH SF10,tpch,10,1,Q12,2,Forward-only,20,0,0,1,2.11,2.135,2.12,2.151,0.0225,0.00722878931,1.00749415,2.135,0.0118483412,0.0194312796,1,0,6
tpch_sf10_t1,TPCH SF10,tpch,10,1,Q12,3,THC,20,0,0,1,2.34,2.395,2.359,2.41,0.025,0.00944371216,1.00626305,2.395,0.0235042735,0.0299145299,1,0,6
tpch_sf10_t1,TPCH SF10,tpch,10,1,Q12,4,RPT+,20,0,0,1,1.59,1.63,1.609,1.64,0.02,0.00851526492,1.00613497,1.63,0.0251572327,0.0314465409,1,0,8
tpch_sf10_t1,TPCH SF10,tpch,10,1,Q13,1,Baseline,20,0,0,1,5.06,5.14,5.07,5.181,0.065,0.0105502707,1.00797665,5.14,0.0158102767,0.0239130435,1,0,14
tpch_sf10_t1,TPCH SF10,tpch,10,1,Q13,2,Forward-only,20,0,0,1,5.07,5.13,5.079,5.181,0.055,0.0075083344,1.00994152,5.13,0.0118343195,0.0218934911,1,0,9
tpch_sf10_t1,TPCH SF10,tpch,10,1,Q13,3,THC,20,0,0,1,4.83,4.93,4.879,4.972,0.065,0.00866812443,1.00851927,4.93,0.0207039337,0.0293995859,1,0,19
tpch_sf10_t1,TPCH SF10,tpch,10,1,Q13,4,RPT+,20,0,0,1,5.02,5.17,5.03,5.19,0.0975,0.0125570982,1.00386847,5.17,0.0298804781,0.0338645418,1,0,9
tpch_sf10_t1,TPCH SF10,tpch,10,1,Q14,1,Baseline,20,0,0,1,3.01,3.07,3.039,3.114,0.025,0.0121866346,1.01433225,3.07,0.0199335548,0.034551495,1,0,9
tpch_sf10_t1,TPCH SF10,tpch,10,1,Q14,2,Forward-only,20,0,0,1,3,3.065,3.039,3.101,0.04,0.00902109029,1.01174551,3.065,0.0216666667,0.0336666667,1,0,1
tpch_sf10_t1,TPCH SF10,tpch,10,1,Q14,3,THC,20,0,0,1,3.1,3.175,3.129,3.202,0.0425,0.0104957913,1.00850394,3.175,0.0241935484,0.0329032258,1,0,15
tpch_sf10_t1,TPCH SF10,tpch,10,1,Q14,4,RPT+,20,0,0,1,1.28,1.3,1.28,1.311,0.02,0.0099923136,1.00846154,1.3,0.015625,0.02421875,1,0,0
tpch_sf10_t1,TPCH SF10,tpch,10,1,Q15,1,Baseline,20,0,0,1,1.22,1.23,1.229,1.24,0.01,0.00579191276,1.00813008,1.23,0.00819672131,0.0163934426,1,0,14
tpch_sf10_t1,TPCH SF10,tpch,10,1,Q15,2,Forward-only,20,0,0,1,1.22,1.23,1.22,1.24,0.0125,0.00723205404,1.00813008,1.23,0.00819672131,0.0163934426,1,0,2
tpch_sf10_t1,TPCH SF10,tpch,10,1,Q15,3,THC,20,0,0,1,1.21,1.23,1.219,1.23,0.01,0.00603780032,1,1.23,0.0165289256,0.0165289256,1,0,12
tpch_sf10_t1,TPCH SF10,tpch,10,1,Q15,4,RPT+,20,0,0,1,1.2,1.22,1.21,1.24,0.02,0.00930206117,1.01639344,1.22,0.0166666667,0.0333333333,1,0,3
tpch_sf10_t1,TPCH SF10,tpch,10,1,Q16,1,Baseline,20,0,0,1,1.2,1.24,1.219,1.26,0.02,0.0139561069,1.01612903,1.24,0.0333333333,0.05,1,0,15
tpch_sf10_t1,TPCH SF10,tpch,10,1,Q16,2,Forward-only,20,0,0,1,1.21,1.235,1.22,1.251,0.02,0.0109328798,1.01295547,1.235,0.020661157,0.0338842975,1,0,15
tpch_sf10_t1,TPCH SF10,tpch,10,1,Q16,3,THC,20,0,0,1,1.22,1.24,1.22,1.25,0.02,0.00930296215,1.00806452,1.24,0.0163934426,0.0245901639,1,0,2
tpch_sf10_t1,TPCH SF10,tpch,10,1,Q16,4,RPT+,20,0,0,1,1.21,1.24,1.219,1.261,0.0225,0.0140150726,1.01693548,1.24,0.0247933884,0.0421487603,1,0,5
tpch_sf10_t1,TPCH SF10,tpch,10,1,Q17,1,Baseline,20,0,0,1,4.44,4.53,4.467,4.561,0.0425,0.00853224226,1.00684327,4.53,0.0202702703,0.0272522523,1,0,8
tpch_sf10_t1,TPCH SF10,tpch,10,1,Q17,2,Forward-only,20,0,0,1,4.47,4.5,4.488,4.551,0.0225,0.00582435722,1.01133333,4.5,0.0067114094,0.0181208054,1,0,12
tpch_sf10_t1,TPCH SF10,tpch,10,1,Q17,3,THC,20,0,0,1,4.42,4.515,4.469,4.541,0.04,0.00755025262,1.00575858,4.515,0.0214932127,0.0273755656,1,0,18
tpch_sf10_t1,TPCH SF10,tpch,10,1,Q17,4,RPT+,20,0,0,1,3.19,3.22,3.199,3.279,0.04,0.0233829598,1.01832298,3.22,0.00940438871,0.0278996865,1,0,13
tpch_sf10_t1,TPCH SF10,tpch,10,1,Q18,1,Baseline,20,0,0,1,15.81,16.015,15.87,16.212,0.28,0.00849267402,1.01230097,16.015,0.0129664769,0.025426945,1,0,19
tpch_sf10_t1,TPCH SF10,tpch,10,1,Q18,2,Forward-only,20,0,0,1,15.67,16.05,15.839,16.185,0.2475,0.0093443391,1.00841121,16.05,0.0242501595,0.0328653478,1,0,11
tpch_sf10_t1,TPCH SF10,tpch,10,1,Q18,3,THC,20,0,0,1,18.63,18.76,18.658,18.899,0.1075,0.00512953651,1.00740938,18.76,0.00697799249,0.0144390768,1,0,3
tpch_sf10_t1,TPCH SF10,tpch,10,1,Q18,4,RPT+,20,0,0,1,15.84,16.015,15.898,16.362,0.33,0.0113815865,1.02166719,16.015,0.0110479798,0.0329545455,1,0,8
tpch_sf10_t1,TPCH SF10,tpch,10,1,Q19,1,Baseline,20,0,0,1,4.17,4.23,4.188,4.27,0.0375,0.00773311462,1.00945626,4.23,0.0143884892,0.0239808153,1,0,2
tpch_sf10_t1,TPCH SF10,tpch,10,1,Q19,2,Forward-only,20,0,0,1,4.18,4.22,4.18,4.27,0.0525,0.00889492776,1.01184834,4.22,0.00956937799,0.0215311005,1,0,1
tpch_sf10_t1,TPCH SF10,tpch,10,1,Q19,3,THC,20,0,0,1,4.38,4.465,4.408,4.521,0.0575,0.0122724493,1.01254199,4.465,0.0194063927,0.0321917808,1,0,15
tpch_sf10_t1,TPCH SF10,tpch,10,1,Q19,4,RPT+,20,0,0,1,2.68,2.72,2.69,2.771,0.0525,0.011639707,1.01875,2.72,0.0149253731,0.0339552239,1,0,18
tpch_sf10_t1,TPCH SF10,tpch,10,1,Q20,1,Baseline,20,0,0,1,3.24,3.275,3.25,3.351,0.05,0.0111081237,1.02320611,3.275,0.0108024691,0.0342592593,1,0,7
tpch_sf10_t1,TPCH SF10,tpch,10,1,Q20,2,Forward-only,20,0,0,1,2.36,2.39,2.369,2.44,0.0325,0.0199141754,1.0209205,2.39,0.0127118644,0.0338983051,1,0,3
tpch_sf10_t1,TPCH SF10,tpch,10,1,Q20,3,THC,20,0,0,1,2.36,2.39,2.37,2.43,0.02,0.00780557969,1.0167364,2.39,0.0127118644,0.0296610169,1,0,14
tpch_sf10_t1,TPCH SF10,tpch,10,1,Q20,4,RPT+,20,0,0,1,2.34,2.39,2.349,2.421,0.0325,0.0139265403,1.01297071,2.39,0.0213675214,0.0346153846,1,0,15
tpch_sf10_t1,TPCH SF10,tpch,10,1,Q21,1,Baseline,20,0,0,1,9.92,12.29,10.03,12.54,0.23,0.0733831548,1.02034174,12.29,0.23891129,0.264112903,0.15,0,1
tpch_sf10_t1,TPCH SF10,tpch,10,1,Q21,2,Forward-only,20,0,0,1,8.58,8.705,8.608,8.93,0.15,0.0158850455,1.02584721,8.705,0.0145687646,0.0407925408,1,0,4
tpch_sf10_t1,TPCH SF10,tpch,10,1,Q21,3,THC,20,0,0,1,10.51,10.715,10.585,10.854,0.1025,0.0115504966,1.01297247,10.715,0.0195052331,0.0327307326,1,0,11
tpch_sf10_t1,TPCH SF10,tpch,10,1,Q21,4,RPT+,20,0,0,1,8.06,8.26,8.09,8.345,0.11,0.0115857941,1.01029056,8.26,0.0248138958,0.0353598015,1,0,5
tpch_sf10_t1,TPCH SF10,tpch,10,1,Q22,1,Baseline,20,0,0,1,1.38,1.41,1.39,1.441,0.0225,0.0135018941,1.02198582,1.41,0.0217391304,0.0442028986,1,0,18
tpch_sf10_t1,TPCH SF10,tpch,10,1,Q22,2,Forward-only,20,0,0,1,1.39,1.41,1.399,1.441,0.0225,0.0152299973,1.02198582,1.41,0.0143884892,0.0366906475,1,0,0
tpch_sf10_t1,TPCH SF10,tpch,10,1,Q22,3,THC,20,0,0,1,1.38,1.4,1.389,1.431,0.02,0.0119140402,1.02214286,1.4,0.0144927536,0.0369565217,1,0,14
tpch_sf10_t1,TPCH SF10,tpch,10,1,Q22,4,RPT+,20,0,0,1,1.36,1.4,1.37,1.431,0.0325,0.0181608351,1.02214286,1.4,0.0294117647,0.0522058824,1,0,17
tpch_sf20_t1,TPCH SF20,tpch,20,1,Q01,1,Baseline,20,0,0,1,6.43,6.49,6.43,6.532,0.04,0.0512878586,1.00647149,6.49,0.00933125972,0.0158631415,0.95,0,12
tpch_sf20_t1,TPCH SF20,tpch,20,1,Q01,2,Forward-only,20,0,0,1,6.44,6.475,6.449,6.501,0.025,0.00373279147,1.00401544,6.475,0.00543478261,0.00947204969,1,0,4
tpch_sf20_t1,TPCH SF20,tpch,20,1,Q01,3,THC,20,0,0,1,6.43,6.48,6.459,6.522,0.0425,0.00481495605,1.00648148,6.48,0.00777604977,0.0143079316,1,0,11
tpch_sf20_t1,TPCH SF20,tpch,20,1,Q01,4,RPT+,20,0,0,1,6.44,6.475,6.45,6.53,0.035,0.00442574779,1.00849421,6.475,0.00543478261,0.0139751553,1,0,19
tpch_sf20_t1,TPCH SF20,tpch,20,1,Q02,1,Baseline,20,0,0,1,1.48,1.895,1.654,2.253,0.5,0.145770226,1.18891821,1.895,0.280405405,0.522297297,0.1,0,16
tpch_sf20_t1,TPCH SF20,tpch,20,1,Q02,2,Forward-only,20,0,0,1,1.1,1.39,1.118,1.472,0.165,0.10341074,1.05899281,1.39,0.263636364,0.338181818,0.2,0,9
tpch_sf20_t1,TPCH SF20,tpch,20,1,Q02,3,THC,20,0,0,1,1.1,1.385,1.118,1.481,0.165,0.102942419,1.06931408,1.385,0.259090909,0.346363636,0.2,0,9
tpch_sf20_t1,TPCH SF20,tpch,20,1,Q02,4,RPT+,20,0,0,1,1.18,1.495,1.218,1.59,0.17,0.0977406301,1.06354515,1.495,0.266949153,0.347457627,0.2,0,9
tpch_sf20_t1,TPCH SF20,tpch,20,1,Q03,1,Baseline,20,0,0,1,9.43,9.555,9.459,9.602,0.095,0.0131992708,1.00491889,9.555,0.0132555673,0.0182396607,1,0,5
tpch_sf20_t1,TPCH SF20,tpch,20,1,Q03,2,Forward-only,20,0,0,1,9.51,9.59,9.539,9.672,0.0775,0.00593876037,1.00855057,9.59,0.00841219769,0.0170347003,1,0,4
tpch_sf20_t1,TPCH SF20,tpch,20,1,Q03,3,THC,20,0,0,1,10.53,10.755,10.613,10.852,0.1125,0.00915315492,1.00901906,10.755,0.0213675214,0.0305792972,1,0,11
tpch_sf20_t1,TPCH SF20,tpch,20,1,Q03,4,RPT+,20,0,0,1,9.47,9.665,9.56,9.801,0.1625,0.0104162764,1.01407139,9.665,0.0205913411,0.0349524815,1,0,10
tpch_sf20_t1,TPCH SF20,tpch,20,1,Q04,1,Baseline,20,0,0,1,6.1,6.245,6.12,6.312,0.11,0.0212363715,1.01072858,6.245,0.0237704918,0.0347540984,0.95,0,1
tpch_sf20_t1,TPCH SF20,tpch,20,1,Q04,2,Forward-only,20,0,0,1,6.07,6.17,6.129,6.21,0.04,0.00622961698,1.00648298,6.17,0.0164744646,0.0230642504,1,0,11
tpch_sf20_t1,TPCH SF20,tpch,20,1,Q04,3,THC,20,0,0,1,7.62,7.735,7.64,7.793,0.1075,0.00826803014,1.00749838,7.735,0.0150918635,0.0227034121,1,0,10
tpch_sf20_t1,TPCH SF20,tpch,20,1,Q04,4,RPT+,20,0,0,1,6.11,6.19,6.11,6.261,0.0875,0.00925222686,1.01147011,6.19,0.0130932897,0.0247135843,1,0,4
tpch_sf20_t1,TPCH SF20,tpch,20,1,Q05,1,Baseline,14,6,0,0.7,13.86,15.51,13.898,16.956,2.34,0.0781959782,1.09323017,16.44,0.119047619,0.223376623,0.3,0.3,8
tpch_sf20_t1,TPCH SF20,tpch,20,1,Q05,2,Forward-only,14,6,0,0.7,11.29,13.725,11.907,14.913,1.0525,0.0824802711,1.08655738,14.12,0.215677591,0.320903454,0.15,0.3,17
tpch_sf20_t1,TPCH SF20,tpch,20,1,Q05,3,THC,14,6,0,0.7,11.57,15.195,12.366,15.933,1.475,0.0988376017,1.04856861,15.47,0.313310285,0.377095938,0.15,0.3,17
tpch_sf20_t1,TPCH SF20,tpch,20,1,Q05,4,RPT+,14,6,0,0.7,9.3,10.13,9.559,10.571,0.515,0.0393223721,1.04353406,10.39,0.0892473118,0.136666667,0.45,0.3,4
tpch_sf20_t1,TPCH SF20,tpch,20,1,Q06,1,Baseline,20,0,0,1,2,2.02,2,2.042,0.02,0.0082862356,1.01089109,2.02,0.01,0.021,1,0,0
tpch_sf20_t1,TPCH SF20,tpch,20,1,Q06,2,Forward-only,20,0,0,1,2,2.02,2.01,2.04,0.02,0.00561028713,1.00990099,2.02,0.01,0.02,1,0,2
tpch_sf20_t1,TPCH SF20,tpch,20,1,Q06,3,THC,20,0,0,1,1.99,2.025,2.009,2.04,0.01,0.00688161476,1.00740741,2.025,0.0175879397,0.0251256281,1,0,18
tpch_sf20_t1,TPCH SF20,tpch,20,1,Q06,4,RPT+,20,0,0,1,1.99,2.025,2.008,2.04,0.02,0.00715330643,1.00740741,2.025,0.0175879397,0.0251256281,1,0,5
tpch_sf20_t1,TPCH SF20,tpch,20,1,Q07,1,Baseline,20,0,0,1,9.91,14.42,10.092,18.468,4.3075,0.189773865,1.28072122,14.42,0.455095863,0.863572149,0.15,0,19
tpch_sf20_t1,TPCH SF20,tpch,20,1,Q07,2,Forward-only,20,0,0,1,4.46,4.525,4.47,4.6,0.0675,0.0101545698,1.01657459,4.525,0.014573991,0.0313901345,1,0,18
tpch_sf20_t1,TPCH SF20,tpch,20,1,Q07,3,THC,20,0,0,1,4.48,4.545,4.489,4.661,0.0975,0.0153915349,1.02552255,4.545,0.0145089286,0.0404017857,1,0,4
tpch_sf20_t1,TPCH SF20,tpch,20,1,Q07,4,RPT+,20,0,0,1,3.98,4.26,4.029,4.491,0.375,0.0443629467,1.05422535,4.26,0.0703517588,0.12839196,0.6,0,0
tpch_sf20_t1,TPCH SF20,tpch,20,1,Q08,1,Baseline,20,0,0,1,9.31,14.485,9.365,24.835,12.135,0.385910369,1.71453227,14.485,0.555853921,1.66756176,0.35,0.35,7
tpch_sf20_t1,TPCH SF20,tpch,20,1,Q08,2,Forward-only,20,0,0,1,5.11,5.225,5.119,5.431,0.2525,0.0248265261,1.03942584,5.225,0.0225048924,0.0628180039,1,0,3
tpch_sf20_t1,TPCH SF20,tpch,20,1,Q08,3,THC,20,0,0,1,5.11,5.225,5.159,5.452,0.215,0.022314068,1.04344498,5.225,0.0225048924,0.066927593,1,0,0
tpch_sf20_t1,TPCH SF20,tpch,20,1,Q08,4,RPT+,20,0,0,1,4.5,4.55,4.527,4.654,0.055,0.0196141071,1.02285714,4.55,0.0111111111,0.0342222222,1,0,2
tpch_sf20_t1,TPCH SF20,tpch,20,1,Q09,1,Baseline,20,0,0,1,24.25,30.46,24.415,42.54,15.4575,0.215787785,1.39658569,30.46,0.256082474,0.754226804,0.3,0,5
tpch_sf20_t1,TPCH SF20,tpch,20,1,Q09,2,Forward-only,20,0,0,1,10.16,11.25,10.918,23.003,2.9825,0.365889333,2.04471111,11.25,0.107283465,1.2640748,0.35,0.25,3
tpch_sf20_t1,TPCH SF20,tpch,20,1,Q09,3,THC,20,0,0,1,10.91,12.13,11.827,24.412,3.065,0.356481454,2.01253092,12.13,0.111824015,1.2375802,0.4,0.25,3
tpch_sf20_t1,TPCH SF20,tpch,20,1,Q09,4,RPT+,20,0,0,1,10.17,10.455,10.227,11.592,0.265,0.0446806296,1.10875179,10.455,0.0280235988,0.139823009,0.85,0,13
tpch_sf20_t1,TPCH SF20,tpch,20,1,Q10,1,Baseline,20,0,0,1,8.72,8.79,8.73,8.891,0.0875,0.00653235924,1.01149033,8.79,0.00802752294,0.0196100917,1,0,19
tpch_sf20_t1,TPCH SF20,tpch,20,1,Q10,2,Forward-only,20,0,0,1,5.43,5.5,5.459,5.561,0.0725,0.00844554182,1.01109091,5.5,0.0128913444,0.0241252302,1,0,4
tpch_sf20_t1,TPCH SF20,tpch,20,1,Q10,3,THC,20,0,0,1,5.56,5.61,5.569,5.67,0.065,0.00708911381,1.01069519,5.61,0.00899280576,0.0197841727,1,0,4
tpch_sf20_t1,TPCH SF20,tpch,20,1,Q10,4,RPT+,20,0,0,1,5.52,5.57,5.529,5.66,0.0925,0.0103404012,1.01615799,5.57,0.00905797101,0.0253623188,1,0,11
tpch_sf20_t1,TPCH SF20,tpch,20,1,Q11,1,Baseline,20,0,0,1,1.08,1.32,1.119,1.52,0.205,0.117067392,1.15151515,1.32,0.222222222,0.407407407,0.4,0,2
tpch_sf20_t1,TPCH SF20,tpch,20,1,Q11,2,Forward-only,20,0,0,1,1.1,1.3,1.109,1.51,0.2125,0.116786754,1.16153846,1.3,0.181818182,0.372727273,0.4,0,2
tpch_sf20_t1,TPCH SF20,tpch,20,1,Q11,3,THC,20,0,0,1,1.08,1.31,1.09,1.5,0.2325,0.120173804,1.14503817,1.31,0.212962963,0.388888889,0.4,0,16
tpch_sf20_t1,TPCH SF20,tpch,20,1,Q11,4,RPT+,20,0,0,1,0.86,0.89,0.87,0.902,0.02,0.0202367449,1.01348315,0.89,0.0348837209,0.0488372093,1,0,12
tpch_sf20_t1,TPCH SF20,tpch,20,1,Q12,1,Baseline,20,0,0,1,4.28,4.325,4.289,4.351,0.0425,0.00630647695,1.00601156,4.325,0.0105140187,0.016588785,1,0,14
tpch_sf20_t1,TPCH SF20,tpch,20,1,Q12,2,Forward-only,20,0,0,1,4.23,4.31,4.27,4.35,0.0425,0.00844136711,1.00928074,4.31,0.0189125296,0.0283687943,1,0,4
tpch_sf20_t1,TPCH SF20,tpch,20,1,Q12,3,THC,20,0,0,1,4.82,4.885,4.857,4.951,0.0425,0.0088401916,1.01351075,4.885,0.0134854772,0.0271784232,1,0,14
tpch_sf20_t1,TPCH SF20,tpch,20,1,Q12,4,RPT+,20,0,0,1,3.19,3.26,3.21,3.301,0.0425,0.0129008672,1.01257669,3.26,0.0219435737,0.0347962382,1,0,5
tpch_sf20_t1,TPCH SF20,tpch,20,1,Q13,1,Baseline,20,0,0,1,10.42,10.605,10.468,10.721,0.1375,0.012201445,1.01093824,10.605,0.0177543186,0.0288867562,1,0,7
tpch_sf20_t1,TPCH SF20,tpch,20,1,Q13,2,Forward-only,20,0,0,1,10.38,10.52,10.418,10.663,0.1475,0.00898858173,1.01359316,10.52,0.0134874759,0.0272639692,1,0,8
tpch_sf20_t1,TPCH SF20,tpch,20,1,Q13,3,THC,20,0,0,1,10.4,10.595,10.459,10.662,0.14,0.00824338402,1.00632374,10.595,0.01875,0.0251923077,1,0,14
tpch_sf20_t1,TPCH SF20,tpch,20,1,Q13,4,RPT+,20,0,0,1,10.34,10.58,10.38,10.711,0.2325,0.0121588392,1.01238185,10.58,0.0232108317,0.0358800774,1,0,12
tpch_sf20_t1,TPCH SF20,tpch,20,1,Q14,1,Baseline,20,0,0,1,5.96,6.08,6.008,6.131,0.0925,0.00907778646,1.00838816,6.08,0.0201342282,0.0286912752,1,0,14
tpch_sf20_t1,TPCH SF20,tpch,20,1,Q14,2,Forward-only,20,0,0,1,5.95,6.04,5.979,6.103,0.05,0.00799368697,1.01043046,6.04,0.0151260504,0.0257142857,1,0,13
tpch_sf20_t1,TPCH SF20,tpch,20,1,Q14,3,THC,20,0,0,1,6.14,6.25,6.209,6.332,0.0425,0.00870299861,1.01312,6.25,0.0179153094,0.0312703583,1,0,4
tpch_sf20_t1,TPCH SF20,tpch,20,1,Q14,4,RPT+,20,0,0,1,2.52,2.565,2.53,2.59,0.05,0.0095289271,1.00974659,2.565,0.0178571429,0.0277777778,1,0,14
tpch_sf20_t1,TPCH SF20,tpch,20,1,Q15,1,Baseline,20,0,0,1,2.56,2.58,2.56,2.601,0.02,0.00606258006,1.00813953,2.58,0.0078125,0.016015625,1,0,4
tpch_sf20_t1,TPCH SF20,tpch,20,1,Q15,2,Forward-only,20,0,0,1,2.54,2.57,2.559,2.58,0.0125,0.00437109508,1.00389105,2.57,0.0118110236,0.0157480315,1,0,7
tpch_sf20_t1,TPCH SF20,tpch,20,1,Q15,3,THC,20,0,0,1,2.54,2.57,2.55,2.6,0.035,0.0079048135,1.01167315,2.57,0.0118110236,0.0236220472,1,0,11
tpch_sf20_t1,TPCH SF20,tpch,20,1,Q15,4,RPT+,20,0,0,1,2.53,2.555,2.53,2.6,0.0325,0.00903656277,1.01761252,2.555,0.00988142292,0.0276679842,1,0,5
tpch_sf20_t1,TPCH SF20,tpch,20,1,Q16,1,Baseline,20,0,0,1,2.48,2.51,2.49,2.55,0.03,0.0110317389,1.01593625,2.51,0.0120967742,0.0282258065,1,0,18
tpch_sf20_t1,TPCH SF20,tpch,20,1,Q16,2,Forward-only,20,0,0,1,2.45,2.505,2.478,2.53,0.04,0.00931321028,1.00998004,2.505,0.0224489796,0.0326530612,1,0,2
tpch_sf20_t1,TPCH SF20,tpch,20,1,Q16,3,THC,20,0,0,1,2.45,2.505,2.47,2.53,0.0325,0.00983895574,1.00998004,2.505,0.0224489796,0.0326530612,1,0,17
tpch_sf20_t1,TPCH SF20,tpch,20,1,Q16,4,RPT+,20,0,0,1,2.48,2.51,2.489,2.551,0.05,0.0104824461,1.01633466,2.51,0.0120967742,0.0286290323,1,0,4
tpch_sf20_t1,TPCH SF20,tpch,20,1,Q17,1,Baseline,20,0,0,1,9.38,9.565,9.499,9.703,0.105,0.0147865408,1.0144276,9.565,0.0197228145,0.034434968,1,0,15
tpch_sf20_t1,TPCH SF20,tpch,20,1,Q17,2,Forward-only,20,0,0,1,9.45,9.53,9.488,9.665,0.0625,0.0088045332,1.01416579,9.53,0.00846560847,0.0227513228,1,0,9
tpch_sf20_t1,TPCH SF20,tpch,20,1,Q17,3,THC,20,0,0,1,9.47,9.56,9.47,9.651,0.1175,0.00725483322,1.00951883,9.56,0.00950369588,0.0191129884,1,0,4
tpch_sf20_t1,TPCH SF20,tpch,20,1,Q17,4,RPT+,20,0,0,1,6.63,6.68,6.65,6.73,0.025,0.00476411829,1.00748503,6.68,0.00754147813,0.0150829563,1,0,19
tpch_sf20_t1,TPCH SF20,tpch,20,1,Q18,1,Baseline,20,0,0,1,32.64,33.33,32.794,33.587,0.4475,0.0096803441,1.00771077,33.33,0.0211397059,0.0290134804,1,0,2
tpch_sf20_t1,TPCH SF20,tpch,20,1,Q18,2,Forward-only,20,0,0,1,32.35,33.335,32.837,33.679,0.52,0.0121997728,1.01031948,33.335,0.0304482226,0.0410819165,1,0,10
tpch_sf20_t1,TPCH SF20,tpch,20,1,Q18,3,THC,20,0,0,1,38.78,39.59,38.895,40.223,0.87,0.0127339547,1.01598889,39.59,0.0208870552,0.037209902,1,0,12
tpch_sf20_t1,TPCH SF20,tpch,20,1,Q18,4,RPT+,20,0,0,1,32.28,33.2,32.443,33.85,0.655,0.0145727895,1.01957831,33.2,0.0285006196,0.0486369269,1,0,15
tpch_sf20_t1,TPCH SF20,tpch,20,1,Q19,1,Baseline,20,0,0,1,8.31,8.38,8.319,8.422,0.055,0.00835322196,1.00501193,8.38,0.00842358604,0.0134777377,1,0,8
tpch_sf20_t1,TPCH SF20,tpch,20,1,Q19,2,Forward-only,20,0,0,1,8.25,8.37,8.317,8.473,0.1025,0.00863888763,1.01230585,8.37,0.0145454545,0.027030303,1,0,15
tpch_sf20_t1,TPCH SF20,tpch,20,1,Q19,3,THC,20,0,0,1,8.68,8.82,8.728,8.904,0.1,0.00994580538,1.00952381,8.82,0.0161290323,0.0258064516,1,0,9
tpch_sf20_t1,TPCH SF20,tpch,20,1,Q19,4,RPT+,20,0,0,1,5.35,5.46,5.369,5.51,0.11,0.0106203974,1.00915751,5.46,0.0205607477,0.0299065421,1,0,6
tpch_sf20_t1,TPCH SF20,tpch,20,1,Q20,1,Baseline,20,0,0,1,6.56,6.65,6.59,6.735,0.065,0.0102648499,1.01278195,6.65,0.0137195122,0.0266768293,1,0,6
tpch_sf20_t1,TPCH SF20,tpch,20,1,Q20,2,Forward-only,20,0,0,1,4.83,4.915,4.86,4.97,0.0725,0.0128337081,1.01119023,4.915,0.0175983437,0.0289855072,1,0,13
tpch_sf20_t1,TPCH SF20,tpch,20,1,Q20,3,THC,20,0,0,1,4.85,4.92,4.889,4.972,0.0425,0.013856234,1.01056911,4.92,0.0144329897,0.0251546392,1,0,5
tpch_sf20_t1,TPCH SF20,tpch,20,1,Q20,4,RPT+,20,0,0,1,4.88,4.93,4.88,5.012,0.065,0.0107377573,1.01663286,4.93,0.0102459016,0.0270491803,1,0,8
tpch_sf20_t1,TPCH SF20,tpch,20,1,Q21,1,Baseline,20,0,0,1,20.32,25.48,20.958,26.022,0.5625,0.0714687449,1.02127159,25.48,0.253937008,0.280610236,0.15,0,1
tpch_sf20_t1,TPCH SF20,tpch,20,1,Q21,2,Forward-only,20,0,0,1,17.82,18.115,17.942,18.426,0.1925,0.0133647611,1.01716809,18.115,0.0165544332,0.034006734,1,0,16
tpch_sf20_t1,TPCH SF20,tpch,20,1,Q21,3,THC,20,0,0,1,22.43,22.69,22.459,23.083,0.345,0.0117492131,1.01732041,22.69,0.0115916184,0.0291127954,1,0,3
tpch_sf20_t1,TPCH SF20,tpch,20,1,Q21,4,RPT+,20,0,0,1,16.97,17.295,16.997,17.685,0.345,0.0175934325,1.02254987,17.295,0.0191514437,0.0421331762,1,0,10
tpch_sf20_t1,TPCH SF20,tpch,20,1,Q22,1,Baseline,20,0,0,1,2.84,2.89,2.859,2.96,0.0625,0.0135322837,1.02422145,2.89,0.0176056338,0.0422535211,1,0,6
tpch_sf20_t1,TPCH SF20,tpch,20,1,Q22,2,Forward-only,20,0,0,1,2.83,2.89,2.849,2.951,0.0575,0.0168484652,1.02110727,2.89,0.0212014134,0.0427561837,1,0,2
tpch_sf20_t1,TPCH SF20,tpch,20,1,Q22,3,THC,20,0,0,1,3.29,3.35,3.3,3.426,0.0675,0.018785121,1.02268657,3.35,0.0182370821,0.041337386,1,0,7
tpch_sf20_t1,TPCH SF20,tpch,20,1,Q22,4,RPT+,20,0,0,1,2.84,2.9,2.85,2.982,0.065,0.0191157897,1.02827586,2.9,0.0211267606,0.05,1,0,10
tpch_sf50_t1,TPCH SF50,tpch,50,1,Q01,1,Baseline,20,0,0,1,16,16.08,16.029,16.219,0.115,0.0350375185,1.00864428,16.08,0.005,0.0136875,0.95,0,13
tpch_sf50_t1,TPCH SF50,tpch,50,1,Q01,2,Forward-only,20,0,0,1,15.97,16.07,16.007,16.158,0.065,0.00453643869,1.00547604,16.07,0.00626174076,0.0117720726,1,0,4
tpch_sf50_t1,TPCH SF50,tpch,50,1,Q01,3,THC,20,0,0,1,15.95,16.1,16.03,16.182,0.0725,0.00410459151,1.00509317,16.1,0.00940438871,0.0145454545,1,0,2
tpch_sf50_t1,TPCH SF50,tpch,50,1,Q01,4,RPT+,20,0,0,1,16.02,16.135,16.049,16.27,0.1125,0.00503722389,1.0083669,16.135,0.00717852684,0.0156054931,1,0,15
tpch_sf50_t1,TPCH SF50,tpch,50,1,Q02,1,Baseline,20,0,0,1,3.67,4.685,4.053,5.679,1.265,0.150560648,1.21216649,4.685,0.276566757,0.547411444,0.1,0,16
tpch_sf50_t1,TPCH SF50,tpch,50,1,Q02,2,Forward-only,20,0,0,1,2.63,3.44,2.684,3.62,0.4325,0.107399608,1.05232558,3.44,0.307984791,0.376425856,0.2,0,9
tpch_sf50_t1,TPCH SF50,tpch,50,1,Q02,3,THC,20,0,0,1,2.63,3.365,2.686,3.601,0.3975,0.10711183,1.07013373,3.365,0.279467681,0.369201521,0.2,0,17
tpch_sf50_t1,TPCH SF50,tpch,50,1,Q02,4,RPT+,20,0,0,1,2.89,3.69,3.015,3.982,0.405,0.101111291,1.07913279,3.69,0.276816609,0.377854671,0.2,0,9
tpch_sf50_t1,TPCH SF50,tpch,50,1,Q03,1,Baseline,20,0,0,1,23.18,23.45,23.269,23.7,0.275,0.0128729508,1.01066098,23.45,0.0116479724,0.022433132,1,0,12
tpch_sf50_t1,TPCH SF50,tpch,50,1,Q03,2,Forward-only,20,0,0,1,23.33,23.475,23.4,23.721,0.21,0.00569954738,1.01047923,23.475,0.0062151736,0.0167595371,1,0,19
tpch_sf50_t1,TPCH SF50,tpch,50,1,Q03,3,THC,20,0,0,1,27.02,27.36,27.06,27.591,0.415,0.007361151,1.00844298,27.36,0.0125832717,0.0211324944,1,0,11
tpch_sf50_t1,TPCH SF50,tpch,50,1,Q03,4,RPT+,20,0,0,1,23.28,23.635,23.431,23.792,0.205,0.00655568906,1.00664269,23.635,0.0152491409,0.0219931271,1,0,13
tpch_sf50_t1,TPCH SF50,tpch,50,1,Q04,1,Baseline,20,0,0,1,15.81,16.005,15.906,16.118,0.125,0.0152402442,1.00706029,16.005,0.0123339658,0.0194813409,1,0,13
tpch_sf50_t1,TPCH SF50,tpch,50,1,Q04,2,Forward-only,20,0,0,1,15.87,16.07,15.928,16.203,0.17,0.00676535703,1.00827629,16.07,0.0126023945,0.0209829868,1,0,9
tpch_sf50_t1,TPCH SF50,tpch,50,1,Q04,3,THC,20,0,0,1,20.95,21.24,21.028,21.58,0.245,0.00934626096,1.01600753,21.24,0.0138424821,0.030071599,1,0,16
tpch_sf50_t1,TPCH SF50,tpch,50,1,Q04,4,RPT+,20,0,0,1,15.73,16.03,15.805,16.214,0.2525,0.0124984286,1.01147848,16.03,0.0190718373,0.0307692308,1,0,5
tpch_sf50_t1,TPCH SF50,tpch,50,1,Q05,1,Baseline,14,6,0,0.7,35.97,40.305,36.585,43.751,5.9325,0.0716141982,1.08549808,42.68,0.120517098,0.216319155,0.3,0.3,10
tpch_sf50_t1,TPCH SF50,tpch,50,1,Q05,2,Forward-only,14,6,0,0.7,29.07,36.36,31.293,38.657,3.3825,0.0822584975,1.06317382,37.075,0.250773994,0.329790162,0.15,0.3,17
tpch_sf50_t1,TPCH SF50,tpch,50,1,Q05,3,THC,14,6,0,0.7,30.17,39.075,32.271,41.966,4.22,0.0988494517,1.07398592,40.135,0.295160756,0.390984422,0.15,0.3,17
tpch_sf50_t1,TPCH SF50,tpch,50,1,Q05,4,RPT+,14,6,0,0.7,24.96,27.15,25.243,28.582,2.01,0.0496921784,1.05274401,27.675,0.0877403846,0.145112179,0.45,0.3,4
tpch_sf50_t1,TPCH SF50,tpch,50,1,Q06,1,Baseline,20,0,0,1,4.96,5,4.99,5.07,0.045,0.00823111854,1.014,5,0.00806451613,0.0221774194,1,0,6
tpch_sf50_t1,TPCH SF50,tpch,50,1,Q06,2,Forward-only,20,0,0,1,4.97,5.02,4.99,5.061,0.0425,0.00573438759,1.00816733,5.02,0.0100603622,0.0183098592,1,0,4
tpch_sf50_t1,TPCH SF50,tpch,50,1,Q06,3,THC,20,0,0,1,4.97,5.02,4.98,5.04,0.04,0.00481972316,1.00398406,5.02,0.0100603622,0.014084507,1,0,13
tpch_sf50_t1,TPCH SF50,tpch,50,1,Q06,4,RPT+,20,0,0,1,4.99,5.04,5.01,5.06,0.0225,0.00384016672,1.00396825,5.04,0.0100200401,0.0140280561,1,0,6
tpch_sf50_t1,TPCH SF50,tpch,50,1,Q07,1,Baseline,20,0,0,1,25.98,39.42,26.189,44.678,7.1375,0.166899451,1.13338407,39.42,0.517321016,0.719707467,0.15,0,9
tpch_sf50_t1,TPCH SF50,tpch,50,1,Q07,2,Forward-only,20,0,0,1,11.28,11.55,11.308,11.844,0.205,0.0169460057,1.02545455,11.55,0.0239361702,0.05,1,0,0
tpch_sf50_t1,TPCH SF50,tpch,50,1,Q07,3,THC,20,0,0,1,11.33,11.665,11.412,12.035,0.3425,0.0222450508,1.03171882,11.665,0.0295675199,0.0622241836,1,0,4
tpch_sf50_t1,TPCH SF50,tpch,50,1,Q07,4,RPT+,20,0,0,1,10.25,10.975,10.355,11.372,0.8,0.0409170597,1.03617312,10.975,0.0707317073,0.109463415,0.8,0,12
tpch_sf50_t1,TPCH SF50,tpch,50,1,Q08,1,Baseline,20,0,0,1,22.75,36.49,23.075,63.949,30.7875,0.403789536,1.75250754,36.49,0.603956044,1.81094505,0.35,0.45,4
tpch_sf50_t1,TPCH SF50,tpch,50,1,Q08,2,Forward-only,20,0,0,1,12.96,13.225,13.036,14.293,1.025,0.0416284066,1.08075614,13.225,0.0204475309,0.102854938,0.8,0,3
tpch_sf50_t1,TPCH SF50,tpch,50,1,Q08,3,THC,20,0,0,1,13.09,13.375,13.15,14.391,0.9725,0.04075253,1.07596262,13.375,0.0217723453,0.0993888464,0.9,0,0
tpch_sf50_t1,TPCH SF50,tpch,50,1,Q08,4,RPT+,20,0,0,1,11.41,11.67,11.578,11.875,0.205,0.0137168048,1.01756641,11.67,0.0227870289,0.0407537248,1,0,9
tpch_sf50_t1,TPCH SF50,tpch,50,1,Q09,1,Baseline,20,0,0,1,60.07,76.49,60.902,105.486,41.3675,0.221124686,1.37908223,76.49,0.273347761,0.756051274,0.3,0,5
tpch_sf50_t1,TPCH SF50,tpch,50,1,Q09,2,Forward-only,20,0,0,1,26.6,28.735,28.152,58.463,7.26,0.361174759,2.03455716,28.735,0.0802631579,1.19785714,0.75,0.25,3
tpch_sf50_t1,TPCH SF50,tpch,50,1,Q09,3,THC,20,0,0,1,29.28,31.285,30.713,62.886,7.695,0.35044144,2.01010069,31.285,0.068476776,1.1477459,0.75,0.25,3
tpch_sf50_t1,TPCH SF50,tpch,50,1,Q09,4,RPT+,20,0,0,1,27.3,27.65,27.336,30.177,0.29,0.0349234542,1.09139241,27.65,0.0128205128,0.105384615,0.85,0,17
tpch_sf50_t1,TPCH SF50,tpch,50,1,Q10,1,Baseline,20,0,0,1,22.02,22.335,22.099,22.451,0.2,0.00667575399,1.00519364,22.335,0.0143051771,0.0195731153,1,0,12
tpch_sf50_t1,TPCH SF50,tpch,50,1,Q10,2,Forward-only,20,0,0,1,13.93,14.13,13.99,14.231,0.1475,0.00647127296,1.00714791,14.13,0.0143575018,0.0216080402,1,0,7
tpch_sf50_t1,TPCH SF50,tpch,50,1,Q10,3,THC,20,0,0,1,14.29,14.44,14.32,14.553,0.12,0.00633288256,1.00782548,14.44,0.0104968509,0.0184044787,1,0,12
tpch_sf50_t1,TPCH SF50,tpch,50,1,Q10,4,RPT+,20,0,0,1,14.19,14.31,14.268,14.451,0.125,0.00548499974,1.00985325,14.31,0.00845665962,0.0183932347,1,0,9
tpch_sf50_t1,TPCH SF50,tpch,50,1,Q11,1,Baseline,20,0,0,1,2.6,3.24,2.668,3.784,0.595,0.135935985,1.16790123,3.24,0.246153846,0.455384615,0.4,0,12
tpch_sf50_t1,TPCH SF50,tpch,50,1,Q11,2,Forward-only,20,0,0,1,2.59,3.15,2.619,3.72,0.555,0.131960022,1.18095238,3.15,0.216216216,0.436293436,0.4,0,6
tpch_sf50_t1,TPCH SF50,tpch,50,1,Q11,3,THC,20,0,0,1,2.65,3.15,2.659,3.703,0.5325,0.125614913,1.17555556,3.15,0.188679245,0.397358491,0.4,0,2
tpch_sf50_t1,TPCH SF50,tpch,50,1,Q11,4,RPT+,20,0,0,1,2.09,2.135,2.109,2.18,0.0425,0.0134129619,1.02107728,2.135,0.0215311005,0.043062201,1,0,10
tpch_sf50_t1,TPCH SF50,tpch,50,1,Q12,1,Baseline,20,0,0,1,11.1,11.25,11.159,11.353,0.1025,0.00927868798,1.00915556,11.25,0.0135135135,0.0227927928,1,0,12
tpch_sf50_t1,TPCH SF50,tpch,50,1,Q12,2,Forward-only,20,0,0,1,11.09,11.16,11.109,11.283,0.085,0.00578861323,1.01102151,11.16,0.00631199279,0.0174030658,1,0,12
tpch_sf50_t1,TPCH SF50,tpch,50,1,Q12,3,THC,20,0,0,1,13.4,13.54,13.427,13.725,0.16,0.00871301467,1.01366322,13.54,0.0104477612,0.0242537313,1,0,2
tpch_sf50_t1,TPCH SF50,tpch,50,1,Q12,4,RPT+,20,0,0,1,7.95,7.995,7.96,8.063,0.0725,0.0054271559,1.00850532,7.995,0.00566037736,0.0142138365,1,0,2
tpch_sf50_t1,TPCH SF50,tpch,50,1,Q13,1,Baseline,20,0,0,1,26.94,27.405,27.16,27.672,0.24,0.00957957067,1.00974275,27.405,0.0172605791,0.0271714922,1,0,13
tpch_sf50_t1,TPCH SF50,tpch,50,1,Q13,2,Forward-only,20,0,0,1,26.81,27.27,26.959,27.5,0.24,0.007641169,1.00843418,27.27,0.0171577769,0.0257366654,1,0,0
tpch_sf50_t1,TPCH SF50,tpch,50,1,Q13,3,THC,20,0,0,1,29.77,30.095,29.877,30.461,0.245,0.00694988574,1.01216149,30.095,0.0109170306,0.0232112865,1,0,19
tpch_sf50_t1,TPCH SF50,tpch,50,1,Q13,4,RPT+,20,0,0,1,26.89,27.305,26.899,27.515,0.2625,0.00796149999,1.0076909,27.305,0.0154332466,0.0232428412,1,0,15
tpch_sf50_t1,TPCH SF50,tpch,50,1,Q14,1,Baseline,20,0,0,1,15,15.2,15.059,15.353,0.1725,0.00790144677,1.01006579,15.2,0.0133333333,0.0235333333,1,0,7
tpch_sf50_t1,TPCH SF50,tpch,50,1,Q14,2,Forward-only,20,0,0,1,14.8,15.055,14.886,15.255,0.1175,0.00994323213,1.01328462,15.055,0.0172297297,0.0307432432,1,0,4
tpch_sf50_t1,TPCH SF50,tpch,50,1,Q14,3,THC,20,0,0,1,15.52,15.725,15.592,15.941,0.175,0.00811228694,1.01373609,15.725,0.0132087629,0.0271262887,1,0,0
tpch_sf50_t1,TPCH SF50,tpch,50,1,Q14,4,RPT+,20,0,0,1,6.25,6.36,6.299,6.39,0.035,0.00592408304,1.00471698,6.36,0.0176,0.0224,1,0,8
tpch_sf50_t1,TPCH SF50,tpch,50,1,Q15,1,Baseline,20,0,0,1,6.41,6.48,6.43,6.512,0.0425,0.00596589721,1.00493827,6.48,0.0109204368,0.0159126365,1,0,14
tpch_sf50_t1,TPCH SF50,tpch,50,1,Q15,2,Forward-only,20,0,0,1,6.43,6.485,6.449,6.522,0.0525,0.0053422918,1.00570547,6.485,0.00855365474,0.0143079316,1,0,4
tpch_sf50_t1,TPCH SF50,tpch,50,1,Q15,3,THC,20,0,0,1,6.48,6.52,6.49,6.545,0.0325,0.00462176782,1.00383436,6.52,0.00617283951,0.0100308642,1,0,5
tpch_sf50_t1,TPCH SF50,tpch,50,1,Q15,4,RPT+,20,0,0,1,6.42,6.48,6.44,6.534,0.0325,0.00610426948,1.00833333,6.48,0.00934579439,0.0177570093,1,0,19
tpch_sf50_t1,TPCH SF50,tpch,50,1,Q16,1,Baseline,20,0,0,1,6.38,6.455,6.409,6.551,0.095,0.00884368852,1.01487219,6.455,0.0117554859,0.0268025078,1,0,17
tpch_sf50_t1,TPCH SF50,tpch,50,1,Q16,2,Forward-only,20,0,0,1,6.34,6.44,6.34,6.53,0.1125,0.0101570967,1.01397516,6.44,0.0157728707,0.0299684543,1,0,4
tpch_sf50_t1,TPCH SF50,tpch,50,1,Q16,3,THC,20,0,0,1,6.34,6.43,6.377,6.522,0.085,0.010145226,1.01430793,6.43,0.0141955836,0.0287066246,1,0,17
tpch_sf50_t1,TPCH SF50,tpch,50,1,Q16,4,RPT+,20,0,0,1,6.35,6.435,6.38,6.504,0.0725,0.00811293728,1.01072261,6.435,0.0133858268,0.0242519685,1,0,12
tpch_sf50_t1,TPCH SF50,tpch,50,1,Q17,1,Baseline,20,0,0,1,24.83,25.3,25.081,25.682,0.2625,0.0142868241,1.01509881,25.3,0.0189287153,0.0343133306,1,0,11
tpch_sf50_t1,TPCH SF50,tpch,50,1,Q17,2,Forward-only,20,0,0,1,24.77,25.15,24.926,25.4,0.225,0.00798852081,1.00994036,25.15,0.0153411385,0.0254339927,1,0,19
tpch_sf50_t1,TPCH SF50,tpch,50,1,Q17,3,THC,20,0,0,1,25,25.19,25.039,25.477,0.3025,0.00701292006,1.01139341,25.19,0.0076,0.01908,1,0,19
tpch_sf50_t1,TPCH SF50,tpch,50,1,Q17,4,RPT+,20,0,0,1,17.01,17.3,17.2,17.431,0.14,0.0154043032,1.00757225,17.3,0.0170487948,0.024750147,1,0,15
tpch_sf50_t1,TPCH SF50,tpch,50,1,Q18,1,Baseline,20,0,0,1,83.5,85.485,84.483,86.196,0.715,0.00833716519,1.00831725,85.485,0.0237724551,0.0322874251,1,0,18
tpch_sf50_t1,TPCH SF50,tpch,50,1,Q18,2,Forward-only,20,0,0,1,83.23,84.985,83.307,85.55,1.24,0.00990627306,1.00664823,84.985,0.0210861468,0.0278745645,1,0,15
tpch_sf50_t1,TPCH SF50,tpch,50,1,Q18,3,THC,20,0,0,1,104.2,105.56,104.406,106.788,1.0575,0.00848770488,1.01163319,105.56,0.0130518234,0.0248368522,1,0,13
tpch_sf50_t1,TPCH SF50,tpch,50,1,Q18,4,RPT+,20,0,0,1,83.48,85.54,83.687,86.411,1.485,0.0126244077,1.01018237,85.54,0.0246765692,0.035110206,1,0,14
tpch_sf50_t1,TPCH SF50,tpch,50,1,Q19,1,Baseline,20,0,0,1,20.54,20.765,20.598,20.98,0.1825,0.00966555007,1.01035396,20.765,0.0109542356,0.0214216164,1,0,10
tpch_sf50_t1,TPCH SF50,tpch,50,1,Q19,2,Forward-only,20,0,0,1,20.47,20.69,20.544,21.012,0.195,0.0128055813,1.01556307,20.69,0.0107474353,0.0264777723,1,0,7
tpch_sf50_t1,TPCH SF50,tpch,50,1,Q19,3,THC,20,0,0,1,21.49,22.045,21.848,22.377,0.255,0.0112585047,1.0150601,22.045,0.0258259656,0.0412750116,1,0,13
tpch_sf50_t1,TPCH SF50,tpch,50,1,Q19,4,RPT+,20,0,0,1,13.45,13.61,13.47,13.743,0.1325,0.00733484657,1.00977223,13.61,0.0118959108,0.0217843866,1,0,17
tpch_sf50_t1,TPCH SF50,tpch,50,1,Q20,1,Baseline,20,0,0,1,16.55,16.905,16.708,17.045,0.225,0.00900990562,1.00828157,16.905,0.0214501511,0.0299093656,1,0,14
tpch_sf50_t1,TPCH SF50,tpch,50,1,Q20,2,Forward-only,20,0,0,1,11.83,11.985,11.858,12.551,0.2725,0.0218782044,1.0472257,11.985,0.0131022823,0.0609467456,1,0,16
tpch_sf50_t1,TPCH SF50,tpch,50,1,Q20,3,THC,20,0,0,1,11.76,11.935,11.797,12.188,0.215,0.0146700516,1.02119816,11.935,0.0148809524,0.0363945578,1,0,11
tpch_sf50_t1,TPCH SF50,tpch,50,1,Q20,4,RPT+,20,0,0,1,11.83,11.945,11.849,12.217,0.1475,0.0152254116,1.02277103,11.945,0.00972104818,0.0327134404,1,0,17
tpch_sf50_t1,TPCH SF50,tpch,50,1,Q21,1,Baseline,20,0,0,1,56.81,66.625,57.409,68.26,2,0.0561501629,1.02454034,66.625,0.172768879,0.201549023,0.15,0,9
tpch_sf50_t1,TPCH SF50,tpch,50,1,Q21,2,Forward-only,20,0,0,1,47.47,48.315,47.653,49.822,0.8425,0.0160662309,1.03119114,48.315,0.0178007162,0.0495470824,1,0,3
tpch_sf50_t1,TPCH SF50,tpch,50,1,Q21,3,THC,20,0,0,1,61.56,63.025,62.469,64.147,0.9675,0.0125080173,1.01780246,63.025,0.0237979207,0.0420240416,1,0,8
tpch_sf50_t1,TPCH SF50,tpch,50,1,Q21,4,RPT+,20,0,0,1,45.44,46.045,45.565,48.79,0.6225,0.0240182695,1.05961559,46.045,0.0133142606,0.0737235915,1,0,10
tpch_sf50_t1,TPCH SF50,tpch,50,1,Q22,1,Baseline,20,0,0,1,8.15,8.38,8.206,8.533,0.205,0.0172669599,1.01825776,8.38,0.0282208589,0.046993865,1,0,13
tpch_sf50_t1,TPCH SF50,tpch,50,1,Q22,2,Forward-only,20,0,0,1,8.16,8.325,8.19,8.411,0.1525,0.0104980769,1.01033033,8.325,0.0202205882,0.0307598039,1,0,2
tpch_sf50_t1,TPCH SF50,tpch,50,1,Q22,3,THC,20,0,0,1,11.07,11.205,11.09,11.454,0.195,0.0115081978,1.02222222,11.205,0.012195122,0.0346883469,1,0,16
tpch_sf50_t1,TPCH SF50,tpch,50,1,Q22,4,RPT+,20,0,0,1,8.1,8.35,8.19,8.512,0.1975,0.0155219538,1.0194012,8.35,0.0308641975,0.0508641975,1,0,19
tpch_sf100_t1,TPCH SF100,tpch,100,1,Q01,1,Baseline,20,0,0,1,30.97,31.265,31.025,31.501,0.2825,0.00763287985,1.00754838,31.265,0.00952534711,0.0171456248,1,0,3
tpch_sf100_t1,TPCH SF100,tpch,100,1,Q01,2,Forward-only,20,0,0,1,31.03,31.2,31.059,31.491,0.3675,0.00572212827,1.00932692,31.2,0.00547856913,0.0148565904,1,0,8
tpch_sf100_t1,TPCH SF100,tpch,100,1,Q01,3,THC,20,0,0,1,30.94,31.265,31.108,31.492,0.19,0.00495455032,1.00726051,31.265,0.0105042017,0.0178409825,1,0,4
tpch_sf100_t1,TPCH SF100,tpch,100,1,Q01,4,RPT+,20,0,0,1,31.1,31.235,31.149,31.562,0.225,0.00504304532,1.01046903,31.235,0.00434083601,0.0148553055,1,0,8
tpch_sf100_t1,TPCH SF100,tpch,100,1,Q02,1,Baseline,20,0,0,1,7.47,9.59,8.394,11.317,2.555,0.144085115,1.18008342,9.59,0.283801874,0.514993307,0.1,0,16
tpch_sf100_t1,TPCH SF100,tpch,100,1,Q02,2,Forward-only,20,0,0,1,5.27,6.81,5.468,7.294,0.705,0.104792662,1.07107195,6.81,0.292220114,0.384060721,0.2,0,9
tpch_sf100_t1,TPCH SF100,tpch,100,1,Q02,3,THC,20,0,0,1,5.18,6.74,5.506,7.381,0.7075,0.10988652,1.09510386,6.74,0.301158301,0.424903475,0.2,0,17
tpch_sf100_t1,TPCH SF100,tpch,100,1,Q02,4,RPT+,20,0,0,1,5.83,7.375,6.175,8.052,0.7725,0.0999101822,1.09179661,7.375,0.265008576,0.381132075,0.2,0,17
tpch_sf100_t1,TPCH SF100,tpch,100,1,Q03,1,Baseline,20,0,0,1,45.47,46.4,45.839,46.913,0.545,0.00920824728,1.01105603,46.4,0.020453046,0.03173521,1,0,18
tpch_sf100_t1,TPCH SF100,tpch,100,1,Q03,2,Forward-only,20,0,0,1,46.08,46.9,46.33,47.375,0.505,0.00864795378,1.01012793,46.9,0.0177951389,0.0281032986,1,0,0
tpch_sf100_t1,TPCH SF100,tpch,100,1,Q03,3,THC,20,0,0,1,54.76,55.83,54.958,56.371,0.73,0.00922049414,1.00969013,55.83,0.0195398101,0.0294192841,1,0,0
tpch_sf100_t1,TPCH SF100,tpch,100,1,Q03,4,RPT+,20,0,0,1,46.18,46.795,46.448,47.272,0.4475,0.00686449558,1.0101934,46.795,0.0133174534,0.0236466003,1,0,2
tpch_sf100_t1,TPCH SF100,tpch,100,1,Q04,1,Baseline,20,0,0,1,32.16,32.795,32.616,33.002,0.23,0.0103475124,1.00631194,32.795,0.0197450249,0.026181592,1,0,5
tpch_sf100_t1,TPCH SF100,tpch,100,1,Q04,2,Forward-only,20,0,0,1,32.02,32.67,32.454,32.922,0.27,0.0108452698,1.0077135,32.67,0.0202998126,0.0281698938,1,0,19
tpch_sf100_t1,TPCH SF100,tpch,100,1,Q04,3,THC,20,0,0,1,43.65,44.48,43.889,45,0.495,0.0103350553,1.01169065,44.48,0.0190148912,0.0309278351,1,0,0
tpch_sf100_t1,TPCH SF100,tpch,100,1,Q04,4,RPT+,20,0,0,1,32.17,32.57,32.358,33.137,0.3975,0.0143007435,1.01740866,32.57,0.0124339447,0.0300590612,1,0,16
tpch_sf100_t1,TPCH SF100,tpch,100,1,Q05,1,Baseline,14,6,0,0.7,73.92,81.725,74.015,88.546,12,0.0725185923,1.08346283,86.57,0.105587121,0.197862554,0.3,0.3,14
tpch_sf100_t1,TPCH SF100,tpch,100,1,Q05,2,Forward-only,14,6,0,0.7,59.57,73.4,62.747,77.663,7.0275,0.0832788154,1.05807902,75.425,0.232163841,0.303726708,0.15,0.3,17
tpch_sf100_t1,TPCH SF100,tpch,100,1,Q05,3,THC,14,6,0,0.7,61.24,80.93,64.577,84.417,9.565,0.102740802,1.04308662,81.915,0.321521881,0.37846179,0.15,0.3,17
tpch_sf100_t1,TPCH SF100,tpch,100,1,Q05,4,RPT+,14,6,0,0.7,51.15,58.19,52.209,61.688,5.3975,0.062723948,1.06011342,59.43,0.137634409,0.206021505,0.25,0.3,4
tpch_sf100_t1,TPCH SF100,tpch,100,1,Q06,1,Baseline,20,0,0,1,9.01,9.095,9.04,9.17,0.075,0.00576295936,1.00824629,9.095,0.00943396226,0.0177580466,1,0,13
tpch_sf100_t1,TPCH SF100,tpch,100,1,Q06,2,Forward-only,20,0,0,1,9.04,9.105,9.05,9.192,0.08,0.00602410874,1.00955519,9.105,0.00719026549,0.0168141593,1,0,5
tpch_sf100_t1,TPCH SF100,tpch,100,1,Q06,3,THC,20,0,0,1,9.03,9.105,9.068,9.16,0.065,0.00477865256,1.00604064,9.105,0.00830564784,0.0143964563,1,0,15
tpch_sf100_t1,TPCH SF100,tpch,100,1,Q06,4,RPT+,20,0,0,1,9,9.1,9.029,9.183,0.1,0.00723146832,1.00912088,9.1,0.0111111111,0.0203333333,1,0,10
tpch_sf100_t1,TPCH SF100,tpch,100,1,Q07,1,Baseline,20,0,0,1,52.79,80.04,53.471,91.505,14.1975,0.168078286,1.14324088,80.04,0.516196249,0.733377534,0.15,0,9
tpch_sf100_t1,TPCH SF100,tpch,100,1,Q07,2,Forward-only,20,0,0,1,22.12,22.92,22.335,23.225,0.475,0.0158746895,1.01330716,22.92,0.0361663653,0.049954792,1,0,14
tpch_sf100_t1,TPCH SF100,tpch,100,1,Q07,3,THC,20,0,0,1,22.33,23.035,22.57,23.962,0.4175,0.021150483,1.04024311,23.035,0.0315718764,0.0730855352,1,0,18
tpch_sf100_t1,TPCH SF100,tpch,100,1,Q07,4,RPT+,20,0,0,1,20.16,21.355,20.357,22.458,1.7125,0.0429840661,1.05165067,21.355,0.0592757937,0.113988095,0.75,0,0
tpch_sf100_t1,TPCH SF100,tpch,100,1,Q08,1,Baseline,20,0,0,1,46.13,72.745,46.655,128.441,60.7175,0.399141311,1.76563338,72.745,0.576956427,1.7843269,0.35,0.45,19
tpch_sf100_t1,TPCH SF100,tpch,100,1,Q08,2,Forward-only,20,0,0,1,25.7,26.98,26.158,29.247,2.54,0.0482033377,1.0840252,26.98,0.0498054475,0.138015564,0.55,0,18
tpch_sf100_t1,TPCH SF100,tpch,100,1,Q08,3,THC,20,0,0,1,26.1,27.305,26.344,28.897,2.1075,0.0402764644,1.05830434,27.305,0.0461685824,0.107164751,0.75,0,18
tpch_sf100_t1,TPCH SF100,tpch,100,1,Q08,4,RPT+,20,0,0,1,22.98,23.375,23.095,23.795,0.29,0.0156161237,1.01796791,23.375,0.0171888599,0.0354656223,1,0,5
tpch_sf100_t1,TPCH SF100,tpch,100,1,Q09,1,Baseline,20,0,0,1,122.04,158.375,123.465,220.558,84.4075,0.229905515,1.39263141,158.375,0.297730252,0.807259915,0.3,0,13
tpch_sf100_t1,TPCH SF100,tpch,100,1,Q09,2,Forward-only,20,0,0,1,56.46,57.905,57.022,118.461,15.7475,0.361084538,2.04578188,57.905,0.0255933404,1.09814028,0.75,0.25,2
tpch_sf100_t1,TPCH SF100,tpch,100,1,Q09,3,THC,20,0,0,1,63.15,64.395,63.512,127.859,17.275,0.343057853,1.98554236,64.395,0.0197149644,1.02468725,0.75,0.25,2
tpch_sf100_t1,TPCH SF100,tpch,100,1,Q09,4,RPT+,20,0,0,1,55.71,57.595,55.765,62.016,3.945,0.0444733608,1.07676014,57.595,0.0338359361,0.113193323,0.85,0,6
tpch_sf100_t1,TPCH SF100,tpch,100,1,Q10,1,Baseline,20,0,0,1,43.31,44.24,43.617,44.428,0.2175,0.00796499661,1.00424955,44.24,0.0214731009,0.0258138998,1,0,13
tpch_sf100_t1,TPCH SF100,tpch,100,1,Q10,2,Forward-only,20,0,0,1,27.81,28.07,27.91,28.353,0.1475,0.00575288938,1.01008194,28.07,0.00934915498,0.0195253506,1,0,13
tpch_sf100_t1,TPCH SF100,tpch,100,1,Q10,3,THC,20,0,0,1,28.28,28.605,28.327,28.882,0.4025,0.00743215438,1.00968362,28.605,0.0114922207,0.0212871287,1,0,7
tpch_sf100_t1,TPCH SF100,tpch,100,1,Q10,4,RPT+,20,0,0,1,28.17,28.485,28.26,28.885,0.42,0.0100876821,1.01404248,28.485,0.0111821086,0.0253816116,1,0,10
tpch_sf100_t1,TPCH SF100,tpch,100,1,Q11,1,Baseline,20,0,0,1,5.17,6.425,5.238,7.826,1.2625,0.152496126,1.21805447,6.425,0.242746615,0.513733075,0.4,0,16
tpch_sf100_t1,TPCH SF100,tpch,100,1,Q11,2,Forward-only,20,0,0,1,5.17,6.295,5.207,7.35,1.1225,0.13239591,1.16759333,6.295,0.217601547,0.421663443,0.4,0,2
tpch_sf100_t1,TPCH SF100,tpch,100,1,Q11,3,THC,20,0,0,1,5.17,6.265,5.217,7.401,1.125,0.132094789,1.18132482,6.265,0.211798839,0.431528046,0.4,0,12
tpch_sf100_t1,TPCH SF100,tpch,100,1,Q11,4,RPT+,20,0,0,1,4.14,4.255,4.158,4.39,0.0975,0.0231750039,1.03172738,4.255,0.0277777778,0.0603864734,1,0,10
tpch_sf100_t1,TPCH SF100,tpch,100,1,Q12,1,Baseline,20,0,0,1,22.38,22.78,22.486,22.991,0.195,0.00841328476,1.00926251,22.78,0.017873101,0.0273011618,1,0,16
tpch_sf100_t1,TPCH SF100,tpch,100,1,Q12,2,Forward-only,20,0,0,1,22.51,22.835,22.58,23.004,0.195,0.00698754446,1.00740092,22.835,0.0144380275,0.0219458019,1,0,9
tpch_sf100_t1,TPCH SF100,tpch,100,1,Q12,3,THC,20,0,0,1,28.42,29.1,28.612,29.45,0.495,0.011440866,1.01202749,29.1,0.0239268121,0.036242083,1,0,6
tpch_sf100_t1,TPCH SF100,tpch,100,1,Q12,4,RPT+,20,0,0,1,15.58,15.735,15.648,16.019,0.17,0.0103194876,1.01804894,15.735,0.00994865212,0.0281771502,1,0,6
tpch_sf100_t1,TPCH SF100,tpch,100,1,Q13,1,Baseline,20,0,0,1,54.92,55.735,55.177,56.08,0.5975,0.00667673799,1.00619001,55.735,0.0148397669,0.0211216315,1,0,9
tpch_sf100_t1,TPCH SF100,tpch,100,1,Q13,2,Forward-only,20,0,0,1,54.21,55.235,54.722,56.015,0.7575,0.00959985021,1.01412148,55.235,0.0189079506,0.0332964398,1,0,18
tpch_sf100_t1,TPCH SF100,tpch,100,1,Q13,3,THC,20,0,0,1,62.38,63.67,62.554,64.071,0.735,0.00891520064,1.0062981,63.67,0.020679705,0.0271080475,1,0,14
tpch_sf100_t1,TPCH SF100,tpch,100,1,Q13,4,RPT+,20,0,0,1,54.46,55.475,54.534,55.885,1.04,0.00984493172,1.00739072,55.475,0.0186375321,0.0261659934,1,0,7
tpch_sf100_t1,TPCH SF100,tpch,100,1,Q14,1,Baseline,20,0,0,1,30.12,30.465,30.168,30.893,0.2275,0.00820194195,1.01404891,30.465,0.0114541833,0.0256640106,1,0,10
tpch_sf100_t1,TPCH SF100,tpch,100,1,Q14,2,Forward-only,20,0,0,1,30.12,30.44,30.259,30.814,0.3725,0.00892301015,1.01228647,30.44,0.01062417,0.0230411687,1,0,9
tpch_sf100_t1,TPCH SF100,tpch,100,1,Q14,3,THC,20,0,0,1,31.22,31.75,31.414,32.253,0.51,0.0108006113,1.01584252,31.75,0.0169762972,0.0330877643,1,0,19
tpch_sf100_t1,TPCH SF100,tpch,100,1,Q14,4,RPT+,20,0,0,1,12.5,12.72,12.56,12.843,0.1425,0.00834621796,1.00966981,12.72,0.0176,0.02744,1,0,12
tpch_sf100_t1,TPCH SF100,tpch,100,1,Q15,1,Baseline,20,0,0,1,12.2,12.36,12.286,12.402,0.0725,0.00454343384,1.00339806,12.36,0.0131147541,0.016557377,1,0,11
tpch_sf100_t1,TPCH SF100,tpch,100,1,Q15,2,Forward-only,20,0,0,1,12.27,12.335,12.279,12.443,0.125,0.00588322406,1.00875557,12.335,0.00529747351,0.0140994295,1,0,3
tpch_sf100_t1,TPCH SF100,tpch,100,1,Q15,3,THC,20,0,0,1,12.24,12.425,12.26,12.542,0.155,0.00892953218,1.0094165,12.425,0.0151143791,0.0246732026,1,0,13
tpch_sf100_t1,TPCH SF100,tpch,100,1,Q15,4,RPT+,20,0,0,1,12.13,12.275,12.18,12.427,0.125,0.00835671882,1.01238289,12.275,0.0119538335,0.0244847486,1,0,5
tpch_sf100_t1,TPCH SF100,tpch,100,1,Q16,1,Baseline,20,0,0,1,12.99,13.15,13.049,13.361,0.17,0.00900095228,1.01604563,13.15,0.0123171671,0.0285604311,1,0,8
tpch_sf100_t1,TPCH SF100,tpch,100,1,Q16,2,Forward-only,20,0,0,1,12.87,13.175,13.031,13.293,0.1425,0.0106080427,1.00895636,13.175,0.0236985237,0.0328671329,1,0,5
tpch_sf100_t1,TPCH SF100,tpch,100,1,Q16,3,THC,20,0,0,1,12.83,13.06,12.885,13.245,0.2025,0.0113244285,1.01416539,13.06,0.0179267342,0.0323460639,1,0,7
tpch_sf100_t1,TPCH SF100,tpch,100,1,Q16,4,RPT+,20,0,0,1,12.87,13.13,12.97,13.367,0.2025,0.0119071478,1.01805027,13.13,0.0202020202,0.0386169386,1,0,12
tpch_sf100_t1,TPCH SF100,tpch,100,1,Q17,1,Baseline,20,0,0,1,51.83,52.305,52.032,52.813,0.2975,0.00624827881,1.00971226,52.305,0.0091645765,0.0189658499,1,0,19
tpch_sf100_t1,TPCH SF100,tpch,100,1,Q17,2,Forward-only,20,0,0,1,51.35,52.555,51.78,53.321,0.915,0.0142440172,1.01457521,52.555,0.023466407,0.0383836417,1,0,12
tpch_sf100_t1,TPCH SF100,tpch,100,1,Q17,3,THC,20,0,0,1,51.79,52.49,52.209,52.97,0.565,0.00781508833,1.0091446,52.49,0.0135161228,0.0227843213,1,0,17
tpch_sf100_t1,TPCH SF100,tpch,100,1,Q17,4,RPT+,20,0,0,1,35.15,35.72,35.363,35.933,0.275,0.0166664785,1.00596305,35.72,0.0162162162,0.0222759602,1,0,1
tpch_sf100_t1,TPCH SF100,tpch,100,1,Q18,1,Baseline,20,0,0,1,175.91,177.495,176.04,178.877,1.2825,0.00616804469,1.00778613,177.495,0.00901028935,0.0168665795,1,0,15
tpch_sf100_t1,TPCH SF100,tpch,100,1,Q18,2,Forward-only,20,0,0,1,175.61,177.045,175.769,178.501,1.3525,0.006154098,1.0082239,177.045,0.00817151643,0.016462616,1,0,6
tpch_sf100_t1,TPCH SF100,tpch,100,1,Q18,3,THC,20,0,0,1,216.47,222.295,219.748,223.362,2.2675,0.00857601302,1.00479993,222.295,0.0269090405,0.03183813,1,0,0
tpch_sf100_t1,TPCH SF100,tpch,100,1,Q18,4,RPT+,20,0,0,1,174.42,177.095,174.858,178.489,1.4125,0.00794837408,1.00787148,177.095,0.015336544,0.0233287467,1,0,3
tpch_sf100_t1,TPCH SF100,tpch,100,1,Q19,1,Baseline,20,0,0,1,41.34,41.825,41.465,42.413,0.4275,0.00851064381,1.01405858,41.825,0.0117319787,0.025955491,1,0,10
tpch_sf100_t1,TPCH SF100,tpch,100,1,Q19,2,Forward-only,20,0,0,1,40.97,41.635,41.188,42.112,0.5575,0.00953440257,1.01145671,41.635,0.0162313888,0.0278740542,1,0,8
tpch_sf100_t1,TPCH SF100,tpch,100,1,Q19,3,THC,20,0,0,1,43.63,44.295,43.751,44.814,0.8025,0.00938733679,1.0117169,44.295,0.0152418061,0.0271372909,1,0,11
tpch_sf100_t1,TPCH SF100,tpch,100,1,Q19,4,RPT+,20,0,0,1,27.37,27.71,27.419,27.941,0.3325,0.00783641492,1.00833634,27.71,0.0124223602,0.0208622579,1,0,13
tpch_sf100_t1,TPCH SF100,tpch,100,1,Q20,1,Baseline,20,0,0,1,33.27,33.665,33.31,34.304,0.335,0.00999819788,1.01898114,33.665,0.0118725579,0.0310790502,1,0,2
tpch_sf100_t1,TPCH SF100,tpch,100,1,Q20,2,Forward-only,20,0,0,1,22.84,23.21,22.888,23.445,0.3175,0.0153370157,1.01012495,23.21,0.0161996497,0.0264886165,1,0,10
tpch_sf100_t1,TPCH SF100,tpch,100,1,Q20,3,THC,20,0,0,1,22.73,23.055,22.903,23.852,0.3425,0.0192913504,1.03456951,23.055,0.0142982842,0.0493620766,1,0,7
tpch_sf100_t1,TPCH SF100,tpch,100,1,Q20,4,RPT+,20,0,0,1,22.75,23.1,22.889,23.523,0.2325,0.0108841363,1.01831169,23.1,0.0153846154,0.033978022,1,0,7
tpch_sf100_t1,TPCH SF100,tpch,100,1,Q21,1,Baseline,20,0,0,1,119.27,138.54,122.331,141.743,2.58,0.0508414192,1.02311968,138.54,0.161566194,0.188421229,0.15,0,9
tpch_sf100_t1,TPCH SF100,tpch,100,1,Q21,2,Forward-only,20,0,0,1,99.22,100.7,99.508,104.295,1.385,0.01824688,1.0357001,100.7,0.0149163475,0.0511489619,1,0,18
tpch_sf100_t1,TPCH SF100,tpch,100,1,Q21,3,THC,20,0,0,1,131.7,133.31,132.228,135.371,1.1775,0.01187899,1.01546021,133.31,0.0122247532,0.027873956,1,0,18
tpch_sf100_t1,TPCH SF100,tpch,100,1,Q21,4,RPT+,20,0,0,1,94.29,96.665,95.013,102.03,1.2525,0.0250719235,1.05550096,96.665,0.025188249,0.0820871779,1,0,12
tpch_sf100_t1,TPCH SF100,tpch,100,1,Q22,1,Baseline,20,0,0,1,17.91,18.285,18.016,18.65,0.3125,0.0132771514,1.01996172,18.285,0.0209380235,0.0413176996,1,0,15
tpch_sf100_t1,TPCH SF100,tpch,100,1,Q22,2,Forward-only,20,0,0,1,17.94,18.21,17.998,18.693,0.2925,0.0159134827,1.02652389,18.21,0.0150501672,0.0419732441,1,0,14
tpch_sf100_t1,TPCH SF100,tpch,100,1,Q22,3,THC,20,0,0,1,26.72,27.22,26.759,27.473,0.53,0.0110199999,1.00929464,27.22,0.0187125749,0.0281811377,1,0,1
tpch_sf100_t1,TPCH SF100,tpch,100,1,Q22,4,RPT+,20,0,0,1,17.86,18.11,17.91,18.409,0.3875,0.0120546815,1.01651022,18.11,0.0139977604,0.0307390817,1,0,19
tpcds_sf10_t1,TPCDS SF10,tpcds,10,1,Q01,1,Baseline,20,0,0,1,0.92,0.92,0.92,0.92,0,0.00236768003,1,0.92,0,0,1,0,0
tpcds_sf10_t1,TPCDS SF10,tpcds,10,1,Q01,2,Forward-only,20,0,0,1,0.92,0.92,0.92,0.921,0,0.00325732899,1.00108696,0.92,0,0.00108695652,1,0,0
tpcds_sf10_t1,TPCDS SF10,tpcds,10,1,Q01,3,THC,20,0,0,1,1.13,1.13,1.13,1.23,0,0.031185277,1.08849558,1.13,0,0.0884955752,1,0,0
tpcds_sf10_t1,TPCDS SF10,tpcds,10,1,Q01,4,RPT+,20,0,0,1,0.92,0.92,0.92,0.93,0.0025,0.00469390463,1.01086957,0.92,0,0.0108695652,1,0,0
tpcds_sf10_t1,TPCDS SF10,tpcds,10,1,Q02,1,Baseline,20,0,0,1,1.84,1.84,1.84,1.85,0,0.00217155266,1.00543478,1.84,0,0.00543478261,1,0,0
tpcds_sf10_t1,TPCDS SF10,tpcds,10,1,Q02,2,Forward-only,20,0,0,1,1.84,1.84,1.84,1.85,0.0025,0.00235013678,1.00543478,1.84,0,0.00543478261,1,0,0
tpcds_sf10_t1,TPCDS SF10,tpcds,10,1,Q02,3,THC,20,0,0,1,1.84,1.84,1.84,1.85,0.0025,0.00235013678,1.00543478,1.84,0,0.00543478261,1,0,0
tpcds_sf10_t1,TPCDS SF10,tpcds,10,1,Q02,4,RPT+,20,0,0,1,1.84,1.85,1.84,1.85,0.01,0.00265383504,1,1.85,0.00543478261,0.00543478261,1,0,0
tpcds_sf10_t1,TPCDS SF10,tpcds,10,1,Q03,1,Baseline,20,0,0,1,1.03,1.18,1.03,1.33,0.3,0.127118644,1.12711864,1.18,0.145631068,0.291262136,0.5,0,1
tpcds_sf10_t1,TPCDS SF10,tpcds,10,1,Q03,2,Forward-only,20,0,0,1,0.72,0.82,0.72,0.82,0.025,0.0544670065,1,0.82,0.138888889,0.138888889,0.25,0,4
tpcds_sf10_t1,TPCDS SF10,tpcds,10,1,Q03,3,THC,20,0,0,1,0.72,0.82,0.72,0.82,0.1,0.0607604587,1,0.82,0.138888889,0.138888889,0.35,0,2
tpcds_sf10_t1,TPCDS SF10,tpcds,10,1,Q03,4,RPT+,20,0,0,1,0.72,0.82,0.72,0.82,0.1,0.0641927379,1,0.82,0.138888889,0.138888889,0.45,0,0
tpcds_sf10_t1,TPCDS SF10,tpcds,10,1,Q04,1,Baseline,20,0,0,1,12.19,12.64,12.38,12.81,0.4,0.0160412782,1.01344937,12.64,0.0369155045,0.0508613618,1,0,19
tpcds_sf10_t1,TPCDS SF10,tpcds,10,1,Q04,2,Forward-only,20,0,0,1,11.68,12.03,11.779,12.39,0.3025,0.0171899558,1.02992519,12.03,0.0299657534,0.0607876712,1,0,15
tpcds_sf10_t1,TPCDS SF10,tpcds,10,1,Q04,3,THC,20,0,0,1,11.57,11.98,11.68,12.29,0.51,0.0205141014,1.02587646,11.98,0.0354364736,0.0622299049,1,0,3
tpcds_sf10_t1,TPCDS SF10,tpcds,10,1,Q04,4,RPT+,20,0,0,1,11.78,12.19,11.88,12.391,0.235,0.0155382024,1.01648893,12.19,0.0348047538,0.0518675722,1,0,6
tpcds_sf10_t1,TPCDS SF10,tpcds,10,1,Q05,1,Baseline,20,0,0,1,2.05,2.15,2.05,2.15,0.1,0.0227425426,1,2.15,0.0487804878,0.0487804878,1,0,0
tpcds_sf10_t1,TPCDS SF10,tpcds,10,1,Q05,2,Forward-only,20,0,0,1,1.54,1.64,1.54,1.64,0.025,0.0314754291,1,1.64,0.0649350649,0.0649350649,0.95,0,1
tpcds_sf10_t1,TPCDS SF10,tpcds,10,1,Q05,3,THC,20,0,0,1,1.75,1.85,1.75,1.85,0.1,0.0251789873,1,1.85,0.0571428571,0.0571428571,1,0,0
tpcds_sf10_t1,TPCDS SF10,tpcds,10,1,Q05,4,RPT+,20,0,0,1,1.54,1.64,1.63,1.64,0,0.018404908,1,1.64,0.0649350649,0.0649350649,1,0,1
tpcds_sf10_t1,TPCDS SF10,tpcds,10,1,Q06,1,Baseline,20,0,0,1,3.27,3.38,3.28,3.38,0,0.0144534686,1,3.38,0.0336391437,0.0336391437,1,0,6
tpcds_sf10_t1,TPCDS SF10,tpcds,10,1,Q06,2,Forward-only,20,0,0,1,3.28,3.38,3.37,3.39,0,0.0132311715,1.00295858,3.38,0.0304878049,0.0335365854,1,0,0
tpcds_sf10_t1,TPCDS SF10,tpcds,10,1,Q06,3,THC,20,0,0,1,3.28,3.38,3.28,3.38,0.025,0.0151756533,1,3.38,0.0304878049,0.0304878049,1,0,1
tpcds_sf10_t1,TPCDS SF10,tpcds,10,1,Q06,4,RPT+,20,0,0,1,3.28,3.38,3.28,3.38,0.1,0.0136793304,1,3.38,0.0304878049,0.0304878049,1,0,1
tpcds_sf10_t1,TPCDS SF10,tpcds,10,1,Q07,1,Baseline,20,0,0,1,1.74,2.46,1.74,3.5,0.695,0.246369555,1.42276423,2.46,0.413793103,1.01149425,0.25,0.15,1
tpcds_sf10_t1,TPCDS SF10,tpcds,10,1,Q07,2,Forward-only,20,0,0,1,1.23,1.33,1.23,1.34,0.035,0.0349998814,1.0075188,1.33,0.081300813,0.0894308943,1,0,2
tpcds_sf10_t1,TPCDS SF10,tpcds,10,1,Q07,3,THC,20,0,0,1,1.23,1.34,1.23,1.34,0.11,0.0385679668,1,1.34,0.0894308943,0.0894308943,1,0,2
tpcds_sf10_t1,TPCDS SF10,tpcds,10,1,Q07,4,RPT+,20,0,0,1,1.23,1.34,1.23,1.34,0.11,0.0460054773,1,1.34,0.0894308943,0.0894308943,0.95,0,2
tpcds_sf10_t1,TPCDS SF10,tpcds,10,1,Q08,1,Baseline,20,0,0,1,2.46,2.46,2.46,2.56,0,0.0205605626,1.04065041,2.46,0,0.0406504065,1,0,0
tpcds_sf10_t1,TPCDS SF10,tpcds,10,1,Q08,2,Forward-only,20,0,0,1,1.84,1.84,1.84,1.86,0.01,0.0175785186,1.01086957,1.84,0,0.0108695652,1,0,0
tpcds_sf10_t1,TPCDS SF10,tpcds,10,1,Q08,3,THC,20,0,0,1,1.84,1.84,1.84,1.85,0.01,0.00265671339,1.00543478,1.84,0,0.00543478261,1,0,0
tpcds_sf10_t1,TPCDS SF10,tpcds,10,1,Q08,4,RPT+,20,0,0,1,1.84,1.84,1.84,1.85,0.0025,0.0245525039,1.00543478,1.84,0,0.00543478261,0.95,0,1
tpcds_sf10_t1,TPCDS SF10,tpcds,10,1,Q09,1,Baseline,20,0,0,1,3.17,3.17,3.17,3.18,0.01,0.0015434718,1.00315457,3.17,0,0.00315457413,1,0,0
tpcds_sf10_t1,TPCDS SF10,tpcds,10,1,Q09,2,Forward-only,20,0,0,1,3.17,3.17,3.17,3.18,0.01,0.0015434718,1.00315457,3.17,0,0.00315457413,1,0,1
tpcds_sf10_t1,TPCDS SF10,tpcds,10,1,Q09,3,THC,20,0,0,1,3.17,3.18,3.17,3.18,0.01,0.00144242232,1,3.18,0.00315457413,0.00315457413,1,0,2
tpcds_sf10_t1,TPCDS SF10,tpcds,10,1,Q09,4,RPT+,20,0,0,1,3.17,3.18,3.17,3.18,0.01,0.00144242232,1,3.18,0.00315457413,0.00315457413,1,0,6
tpcds_sf10_t1,TPCDS SF10,tpcds,10,1,Q10,1,Baseline,20,0,0,1,1.33,1.435,1.33,1.44,0.11,0.0449102655,1.00348432,1.435,0.0789473684,0.0827067669,0.95,0,0
tpcds_sf10_t1,TPCDS SF10,tpcds,10,1,Q10,2,Forward-only,20,0,0,1,1.33,1.385,1.33,1.45,0.11,0.0508152218,1.04693141,1.385,0.0413533835,0.0902255639,0.9,0,0
tpcds_sf10_t1,TPCDS SF10,tpcds,10,1,Q10,3,THC,20,0,0,1,1.33,1.44,1.33,1.54,0.21,0.0676126925,1.06944444,1.44,0.0827067669,0.157894737,0.6,0,0
tpcds_sf10_t1,TPCDS SF10,tpcds,10,1,Q10,4,RPT+,20,0,0,1,0.72,0.82,0.72,0.93,0.2,0.104872887,1.13414634,0.82,0.138888889,0.291666667,0.4,0,4
tpcds_sf10_t1,TPCDS SF10,tpcds,10,1,Q11,1,Baseline,20,0,0,1,8.5,8.8,8.6,8.92,0.3025,0.0180335572,1.01363636,8.8,0.0352941176,0.0494117647,1,0,13
tpcds_sf10_t1,TPCDS SF10,tpcds,10,1,Q11,2,Forward-only,20,0,0,1,7.88,8.09,7.889,8.3,0.21,0.0189705468,1.02595797,8.09,0.0266497462,0.0532994924,1,0,3
tpcds_sf10_t1,TPCDS SF10,tpcds,10,1,Q11,3,THC,20,0,0,1,7.78,8.04,7.879,8.291,0.3025,0.0219328987,1.03121891,8.04,0.0334190231,0.0656812339,1,0,1
tpcds_sf10_t1,TPCDS SF10,tpcds,10,1,Q11,4,RPT+,20,0,0,1,7.89,8.14,7.99,8.3,0.31,0.0172222617,1.01965602,8.14,0.0316856781,0.051964512,1,0,8
tpcds_sf10_t1,TPCDS SF10,tpcds,10,1,Q12,1,Baseline,20,0,0,1,0.31,0.31,0.31,0.41,0.1,0.138252058,1.32258065,0.31,0,0.322580645,0.65,0,1
tpcds_sf10_t1,TPCDS SF10,tpcds,10,1,Q12,2,Forward-only,20,0,0,1,0.31,0.31,0.31,0.31,0,0,1,0.31,0,0,1,0,0
tpcds_sf10_t1,TPCDS SF10,tpcds,10,1,Q12,3,THC,20,0,0,1,0.31,0.31,0.31,0.31,0,0,1,0.31,0,0,1,0,0
tpcds_sf10_t1,TPCDS SF10,tpcds,10,1,Q12,4,RPT+,20,0,0,1,0.31,0.31,0.31,0.31,0,0,1,0.31,0,0,1,0,0
tpcds_sf10_t1,TPCDS SF10,tpcds,10,1,Q13,1,Baseline,20,0,0,1,2.15,2.665,2.26,3.29,0.5875,0.1448679,1.23452158,2.665,0.239534884,0.530232558,0.25,0,12
tpcds_sf10_t1,TPCDS SF10,tpcds,10,1,Q13,2,Forward-only,20,0,0,1,2.36,2.77,2.36,3.481,0.5125,0.137538226,1.2566787,2.77,0.173728814,0.475,0.25,0,0
tpcds_sf10_t1,TPCDS SF10,tpcds,10,1,Q13,3,THC,20,0,0,1,2.36,2.82,2.36,3.49,0.5875,0.14196181,1.23758865,2.82,0.194915254,0.478813559,0.25,0,0
tpcds_sf10_t1,TPCDS SF10,tpcds,10,1,Q13,4,RPT+,20,0,0,1,2.46,2.62,2.55,2.77,0.135,0.0414865412,1.05725191,2.62,0.0650406504,0.12601626,0.75,0,0
tpcds_sf10_t1,TPCDS SF10,tpcds,10,1,Q14,1,Baseline,20,0,0,1,20.65,21.48,20.949,21.901,0.42,0.0175060743,1.01959963,21.48,0.0401937046,0.0605811138,1,0,0
tpcds_sf10_t1,TPCDS SF10,tpcds,10,1,Q14,2,Forward-only,20,0,0,1,20.77,21.48,20.97,22.09,0.84,0.0204505845,1.02839851,21.48,0.0341839191,0.0635532017,1,0,0
tpcds_sf10_t1,TPCDS SF10,tpcds,10,1,Q14,3,THC,20,0,0,1,20.98,21.38,21.08,21.791,0.535,0.0139879083,1.01922357,21.38,0.0190657769,0.0386558627,1,0,15
tpcds_sf10_t1,TPCDS SF10,tpcds,10,1,Q14,4,RPT+,20,0,0,1,20.88,21.79,21.17,22.191,0.6375,0.0179987642,1.01840294,21.79,0.0435823755,0.0627873563,1,0,0
tpcds_sf10_t1,TPCDS SF10,tpcds,10,1,Q15,1,Baseline,20,0,0,1,0.21,0.21,0.21,0.21,0,0,1,0.21,0,0,1,0,0
tpcds_sf10_t1,TPCDS SF10,tpcds,10,1,Q15,2,Forward-only,20,0,0,1,0.21,0.21,0.21,0.21,0,0,1,0.21,0,0,1,0,0
tpcds_sf10_t1,TPCDS SF10,tpcds,10,1,Q15,3,THC,20,0,0,1,0.21,0.21,0.21,0.21,0,0,1,0.21,0,0,1,0,0
tpcds_sf10_t1,TPCDS SF10,tpcds,10,1,Q15,4,RPT+,20,0,0,1,0.21,0.21,0.21,0.21,0,0,1,0.21,0,0,1,0,0
tpcds_sf10_t1,TPCDS SF10,tpcds,10,1,Q16,1,Baseline,20,0,0,1,0.21,0.21,0.21,0.31,0.025,0.184260724,1.47619048,0.21,0,0.476190476,0.75,0,0
tpcds_sf10_t1,TPCDS SF10,tpcds,10,1,Q16,2,Forward-only,20,0,0,1,0.21,0.21,0.21,0.21,0,0,1,0.21,0,0,1,0,0
tpcds_sf10_t1,TPCDS SF10,tpcds,10,1,Q16,3,THC,20,0,0,1,0.21,0.21,0.21,0.21,0,0,1,0.21,0,0,1,0,0
tpcds_sf10_t1,TPCDS SF10,tpcds,10,1,Q16,4,RPT+,20,0,0,1,0.21,0.21,0.21,0.21,0,0,1,0.21,0,0,1,0,0
tpcds_sf10_t1,TPCDS SF10,tpcds,10,1,Q17,1,Baseline,20,0,0,1,1.85,2.77,1.95,3.8,0.97,0.23002665,1.37184116,2.77,0.497297297,1.05405405,0.15,0.15,1
tpcds_sf10_t1,TPCDS SF10,tpcds,10,1,Q17,2,Forward-only,20,0,0,1,1.13,1.23,1.13,1.44,0.1025,0.0789693934,1.17073171,1.23,0.0884955752,0.274336283,0.7,0,0
tpcds_sf10_t1,TPCDS SF10,tpcds,10,1,Q17,3,THC,20,0,0,1,1.13,1.23,1.13,1.44,0.11,0.0744470245,1.17073171,1.23,0.0884955752,0.274336283,0.7,0,0
tpcds_sf10_t1,TPCDS SF10,tpcds,10,1,Q17,4,RPT+,20,0,0,1,1.23,1.23,1.23,1.44,0.11,0.0662326324,1.17073171,1.23,0,0.170731707,0.8,0,0
tpcds_sf10_t1,TPCDS SF10,tpcds,10,1,Q18,1,Baseline,20,0,0,1,0.72,0.975,0.72,1.981,0.51,0.445901886,2.03179487,0.975,0.354166667,1.75138889,0.3,0.2,1
tpcds_sf10_t1,TPCDS SF10,tpcds,10,1,Q18,2,Forward-only,20,0,0,1,0.51,0.52,0.51,0.63,0.11,0.12425406,1.21153846,0.52,0.0196078431,0.235294118,0.65,0,1
tpcds_sf10_t1,TPCDS SF10,tpcds,10,1,Q18,3,THC,20,0,0,1,0.51,0.52,0.51,0.63,0.1,0.120658045,1.21153846,0.52,0.0196078431,0.235294118,0.65,0,6
tpcds_sf10_t1,TPCDS SF10,tpcds,10,1,Q18,4,RPT+,20,0,0,1,0.52,0.52,0.52,0.52,0,0,1,0.52,0,0,1,0,0
tpcds_sf10_t1,TPCDS SF10,tpcds,10,1,Q19,1,Baseline,20,0,0,1,1.23,1.49,1.23,1.64,0.235,0.105282863,1.10067114,1.49,0.211382114,0.333333333,0.35,0,2
tpcds_sf10_t1,TPCDS SF10,tpcds,10,1,Q19,2,Forward-only,20,0,0,1,0.82,0.92,0.82,0.93,0.1025,0.0579872224,1.01086957,0.92,0.12195122,0.134146341,0.4,0,0
tpcds_sf10_t1,TPCDS SF10,tpcds,10,1,Q19,3,THC,20,0,0,1,0.82,0.82,0.82,0.93,0.11,0.0629376757,1.13414634,0.82,0,0.134146341,0.55,0,0
tpcds_sf10_t1,TPCDS SF10,tpcds,10,1,Q19,4,RPT+,20,0,0,1,0.82,0.82,0.82,0.82,0,0,1,0.82,0,0,1,0,0
tpcds_sf10_t1,TPCDS SF10,tpcds,10,1,Q20,1,Baseline,20,0,0,1,0.21,0.21,0.21,0.21,0,0,1,0.21,0,0,1,0,0
tpcds_sf10_t1,TPCDS SF10,tpcds,10,1,Q20,2,Forward-only,20,0,0,1,0.21,0.21,0.21,0.21,0,0,1,0.21,0,0,1,0,0
tpcds_sf10_t1,TPCDS SF10,tpcds,10,1,Q20,3,THC,20,0,0,1,0.21,0.21,0.21,0.21,0,0,1,0.21,0,0,1,0,0
tpcds_sf10_t1,TPCDS SF10,tpcds,10,1,Q20,4,RPT+,20,0,0,1,0.21,0.21,0.21,0.21,0,0,1,0.21,0,0,1,0,0
tpcds_sf10_t1,TPCDS SF10,tpcds,10,1,Q21,1,Baseline,20,0,0,1,0.41,0.41,0.41,0.41,0,0,1,0.41,0,0,1,0,0
tpcds_sf10_t1,TPCDS SF10,tpcds,10,1,Q21,2,Forward-only,20,0,0,1,0.21,0.31,0.3,0.31,0,0.1,1,0.31,0.476190476,0.476190476,0.1,0,0
tpcds_sf10_t1,TPCDS SF10,tpcds,10,1,Q21,3,THC,20,0,0,1,0.31,0.31,0.31,0.31,0,0,1,0.31,0,0,1,0,0
tpcds_sf10_t1,TPCDS SF10,tpcds,10,1,Q21,4,RPT+,20,0,0,1,0.31,0.31,0.31,0.31,0,0,1,0.31,0,0,1,0,0
tpcds_sf10_t1,TPCDS SF10,tpcds,10,1,Q22,1,Baseline,20,0,0,1,11.78,11.89,11.789,12.091,0.2025,0.0184602336,1.01690496,11.89,0.00933786078,0.0264006791,1,0,2
tpcds_sf10_t1,TPCDS SF10,tpcds,10,1,Q22,2,Forward-only,20,0,0,1,11.68,12.09,11.88,12.2,0.1575,0.0119280715,1.00909843,12.09,0.0351027397,0.0445205479,1,0,10
tpcds_sf10_t1,TPCDS SF10,tpcds,10,1,Q22,3,THC,20,0,0,1,11.79,12,11.79,12.11,0.2025,0.0108125511,1.00916667,12,0.0178117048,0.0271416455,1,0,0
tpcds_sf10_t1,TPCDS SF10,tpcds,10,1,Q22,4,RPT+,20,0,0,1,11.89,12,11.98,12.21,0.135,0.00970467424,1.0175,12,0.00925147183,0.0269133726,1,0,0
tpcds_sf10_t1,TPCDS SF10,tpcds,10,1,Q23,1,Baseline,20,0,0,1,11.47,11.825,11.66,12,0.31,0.0149658768,1.01479915,11.825,0.0309503051,0.0462074978,1,0,14
tpcds_sf10_t1,TPCDS SF10,tpcds,10,1,Q23,2,Forward-only,20,0,0,1,11.78,12.08,11.78,12.3,0.235,0.0158803939,1.01821192,12.08,0.025466893,0.0441426146,1,0,2
tpcds_sf10_t1,TPCDS SF10,tpcds,10,1,Q23,3,THC,20,0,0,1,11.47,11.93,11.77,12.39,0.51,0.0235034521,1.03855826,11.93,0.0401046207,0.0802092415,1,0,13
tpcds_sf10_t1,TPCDS SF10,tpcds,10,1,Q23,4,RPT+,20,0,0,1,11.68,12.09,11.78,12.29,0.235,0.0153864503,1.0165426,12.09,0.0351027397,0.0522260274,1,0,11
tpcds_sf10_t1,TPCDS SF10,tpcds,10,1,Q24,1,Baseline,20,0,0,1,2.56,6.355,3.949,54.267,5.245,1.49706444,8.53926042,6.355,1.48242188,20.1980469,0.05,0.6,18
tpcds_sf10_t1,TPCDS SF10,tpcds,10,1,Q24,2,Forward-only,20,0,0,1,1.23,2.155,1.809,60.873,0.41,2.14946001,28.2473318,2.155,0.75203252,48.4902439,0.05,0.2,0
tpcds_sf10_t1,TPCDS SF10,tpcds,10,1,Q24,3,THC,20,0,0,1,1.23,2.155,1.899,72.752,0.5375,2.13759275,33.7596288,2.155,0.75203252,58.1479675,0.05,0.25,0
tpcds_sf10_t1,TPCDS SF10,tpcds,10,1,Q24,4,RPT+,20,0,0,1,1.23,1.95,1.71,58.945,0.15,1.96111517,30.2282051,1.95,0.585365854,46.9227642,0.05,0.2,0
tpcds_sf10_t1,TPCDS SF10,tpcds,10,1,Q25,1,Baseline,20,0,0,1,1.64,2,1.749,3.2,1.12,0.346486146,1.6,2,0.219512195,0.951219512,0.15,0.1,1
tpcds_sf10_t1,TPCDS SF10,tpcds,10,1,Q25,2,Forward-only,20,0,0,1,1.03,1.13,1.13,1.23,0.1,0.0572020234,1.08849558,1.13,0.0970873786,0.194174757,0.65,0,1
tpcds_sf10_t1,TPCDS SF10,tpcds,10,1,Q25,3,THC,20,0,0,1,1.03,1.23,1.12,1.34,0.1,0.0767460319,1.08943089,1.23,0.194174757,0.300970874,0.4,0,1
tpcds_sf10_t1,TPCDS SF10,tpcds,10,1,Q25,4,RPT+,20,0,0,1,1.03,1.13,1.03,1.13,0.1,0.0506160397,1,1.13,0.0970873786,0.0970873786,0.95,0,3
tpcds_sf10_t1,TPCDS SF10,tpcds,10,1,Q26,1,Baseline,20,0,0,1,0.41,0.51,0.41,0.92,0.21,0.318519166,1.80392157,0.51,0.243902439,1.24390244,0.4,0.15,0
tpcds_sf10_t1,TPCDS SF10,tpcds,10,1,Q26,2,Forward-only,20,0,0,1,0.31,0.31,0.31,0.31,0,0,1,0.31,0,0,1,0,0
tpcds_sf10_t1,TPCDS SF10,tpcds,10,1,Q26,3,THC,20,0,0,1,0.31,0.31,0.31,0.31,0,0,1,0.31,0,0,1,0,0
tpcds_sf10_t1,TPCDS SF10,tpcds,10,1,Q26,4,RPT+,20,0,0,1,0.31,0.31,0.31,0.31,0,0,1,0.31,0,0,1,0,0
tpcds_sf10_t1,TPCDS SF10,tpcds,10,1,Q27,1,Baseline,20,0,0,1,3.89,5.48,4.61,6.36,1.13,0.132654485,1.16058394,5.48,0.40874036,0.63496144,0.05,0,0
tpcds_sf10_t1,TPCDS SF10,tpcds,10,1,Q27,2,Forward-only,20,0,0,1,2.56,2.67,2.56,2.77,0.11,0.0302027432,1.03745318,2.67,0.04296875,0.08203125,0.95,0,6
tpcds_sf10_t1,TPCDS SF10,tpcds,10,1,Q27,3,THC,20,0,0,1,2.56,2.67,2.56,2.78,0.1,0.0316397882,1.0411985,2.67,0.04296875,0.0859375,0.9,0,6
tpcds_sf10_t1,TPCDS SF10,tpcds,10,1,Q27,4,RPT+,20,0,0,1,2.56,2.67,2.56,2.78,0.135,0.0357721964,1.0411985,2.67,0.04296875,0.0859375,0.9,0,1
tpcds_sf10_t1,TPCDS SF10,tpcds,10,1,Q28,1,Baseline,20,0,0,1,3.38,3.38,3.38,3.38,0,0,1,3.38,0,0,1,0,0
tpcds_sf10_t1,TPCDS SF10,tpcds,10,1,Q28,2,Forward-only,20,0,0,1,3.38,3.38,3.38,3.38,0,0,1,3.38,0,0,1,0,0
tpcds_sf10_t1,TPCDS SF10,tpcds,10,1,Q28,3,THC,20,0,0,1,3.38,3.38,3.38,3.38,0,0,1,3.38,0,0,1,0,0
tpcds_sf10_t1,TPCDS SF10,tpcds,10,1,Q28,4,RPT+,20,0,0,1,3.38,3.38,3.38,3.38,0,0.00643855088,1,3.38,0,0,1,0,0
tpcds_sf10_t1,TPCDS SF10,tpcds,10,1,Q29,1,Baseline,20,0,0,1,2.15,2.61,2.26,3.321,0.56,0.245668883,1.27241379,2.61,0.213953488,0.544651163,0.25,0.05,1
tpcds_sf10_t1,TPCDS SF10,tpcds,10,1,Q29,2,Forward-only,20,0,0,1,1.44,1.59,1.54,1.96,0.41,0.118595407,1.2327044,1.59,0.104166667,0.361111111,0.5,0,11
tpcds_sf10_t1,TPCDS SF10,tpcds,10,1,Q29,3,THC,20,0,0,1,1.44,1.64,1.54,1.96,0.41,0.113377839,1.19512195,1.64,0.138888889,0.361111111,0.4,0,11
tpcds_sf10_t1,TPCDS SF10,tpcds,10,1,Q29,4,RPT+,20,0,0,1,1.44,1.69,1.44,1.95,0.31,0.115304572,1.15384615,1.69,0.173611111,0.354166667,0.4,0,3
tpcds_sf10_t1,TPCDS SF10,tpcds,10,1,Q30,1,Baseline,20,0,0,1,0.31,0.31,0.31,0.31,0,0.0691888721,1,0.31,0,0,0.95,0,0
tpcds_sf10_t1,TPCDS SF10,tpcds,10,1,Q30,2,Forward-only,20,0,0,1,0.31,0.31,0.31,0.31,0,0.0691888721,1,0.31,0,0,0.95,0,0
tpcds_sf10_t1,TPCDS SF10,tpcds,10,1,Q30,3,THC,20,0,0,1,0.31,0.31,0.31,0.31,0,0.0691888721,1,0.31,0,0,0.95,0,1
tpcds_sf10_t1,TPCDS SF10,tpcds,10,1,Q30,4,RPT+,20,0,0,1,0.31,0.31,0.31,0.31,0,0,1,0.31,0,0,1,0,0
tpcds_sf10_t1,TPCDS SF10,tpcds,10,1,Q31,1,Baseline,20,0,0,1,2.05,2.05,2.05,2.05,0,0,1,2.05,0,0,1,0,0
tpcds_sf10_t1,TPCDS SF10,tpcds,10,1,Q31,2,Forward-only,20,0,0,1,1.44,1.54,1.44,1.54,0,0.0234145194,1,1.54,0.0694444444,0.0694444444,1,0,5
tpcds_sf10_t1,TPCDS SF10,tpcds,10,1,Q31,3,THC,20,0,0,1,1.44,1.54,1.44,1.54,0.1,0.0316923323,1,1.54,0.0694444444,0.0694444444,1,0,0
tpcds_sf10_t1,TPCDS SF10,tpcds,10,1,Q31,4,RPT+,20,0,0,1,1.44,1.44,1.44,1.44,0,0,1,1.44,0,0,1,0,0
tpcds_sf10_t1,TPCDS SF10,tpcds,10,1,Q32,1,Baseline,20,0,0,1,0.11,0.11,0.11,0.11,0,0,1,0.11,0,0,1,0,0
tpcds_sf10_t1,TPCDS SF10,tpcds,10,1,Q32,2,Forward-only,20,0,0,1,0.11,0.11,0.11,0.11,0,0,1,0.11,0,0,1,0,0
tpcds_sf10_t1,TPCDS SF10,tpcds,10,1,Q32,3,THC,20,0,0,1,0.11,0.11,0.11,0.11,0,0,1,0.11,0,0,1,0,0
tpcds_sf10_t1,TPCDS SF10,tpcds,10,1,Q32,4,RPT+,20,0,0,1,0.11,0.11,0.11,0.11,0,0,1,0.11,0,0,1,0,0
tpcds_sf10_t1,TPCDS SF10,tpcds,10,1,Q33,1,Baseline,20,0,0,1,1.23,1.33,1.23,1.34,0.025,0.0401501398,1.0075188,1.33,0.081300813,0.0894308943,0.95,0,2
tpcds_sf10_t1,TPCDS SF10,tpcds,10,1,Q33,2,Forward-only,20,0,0,1,0.92,0.93,0.929,1.03,0.1,0.0520889154,1.10752688,0.93,0.0108695652,0.119565217,0.55,0,9
tpcds_sf10_t1,TPCDS SF10,tpcds,10,1,Q33,3,THC,20,0,0,1,0.93,0.93,0.93,1.03,0.1,0.0505049432,1.10752688,0.93,0,0.107526882,0.6,0,1
tpcds_sf10_t1,TPCDS SF10,tpcds,10,1,Q33,4,RPT+,20,0,0,1,0.93,0.93,0.93,0.93,0,0.02330962,1,0.93,0,0,0.95,0,0
tpcds_sf10_t1,TPCDS SF10,tpcds,10,1,Q34,1,Baseline,20,0,0,1,1.74,1.79,1.74,1.85,0.11,0.0345812938,1.03351955,1.79,0.0287356322,0.0632183908,0.95,0,0
tpcds_sf10_t1,TPCDS SF10,tpcds,10,1,Q34,2,Forward-only,20,0,0,1,1.03,1.03,1.03,1.03,0,0,1,1.03,0,0,1,0,0
tpcds_sf10_t1,TPCDS SF10,tpcds,10,1,Q34,3,THC,20,0,0,1,1.03,1.03,1.03,1.03,0,0,1,1.03,0,0,1,0,0
tpcds_sf10_t1,TPCDS SF10,tpcds,10,1,Q34,4,RPT+,20,0,0,1,1.03,1.03,1.03,1.03,0,0,1,1.03,0,0,1,0,0
tpcds_sf10_t1,TPCDS SF10,tpcds,10,1,Q35,1,Baseline,20,0,0,1,2.05,2.05,2.05,2.15,0.1,0.0228762398,1.04878049,2.05,0,0.0487804878,1,0,2
tpcds_sf10_t1,TPCDS SF10,tpcds,10,1,Q35,2,Forward-only,20,0,0,1,2.05,2.05,2.05,2.15,0.1,0.0237467169,1.04878049,2.05,0,0.0487804878,1,0,0
tpcds_sf10_t1,TPCDS SF10,tpcds,10,1,Q35,3,THC,20,0,0,1,2.26,2.26,2.26,2.26,0,0,1,2.26,0,0,1,0,0
tpcds_sf10_t1,TPCDS SF10,tpcds,10,1,Q35,4,RPT+,20,0,0,1,1.74,1.8,1.74,1.85,0.1,0.0286915991,1.02777778,1.8,0.0344827586,0.0632183908,1,0,4
tpcds_sf10_t1,TPCDS SF10,tpcds,10,1,Q36,1,Baseline,20,0,0,1,1.95,2.15,2.04,2.16,0.1,0.0372367051,1.00465116,2.15,0.102564103,0.107692308,0.3,0,2
tpcds_sf10_t1,TPCDS SF10,tpcds,10,1,Q36,2,Forward-only,20,0,0,1,1.23,1.33,1.23,1.34,0.11,0.0479134467,1.0075188,1.33,0.081300813,0.0894308943,0.95,0,0
tpcds_sf10_t1,TPCDS SF10,tpcds,10,1,Q36,3,THC,20,0,0,1,1.23,1.34,1.23,1.34,0.11,0.0475004291,1,1.34,0.0894308943,0.0894308943,0.95,0,0
tpcds_sf10_t1,TPCDS SF10,tpcds,10,1,Q36,4,RPT+,20,0,0,1,1.44,1.44,1.44,1.54,0.1,0.0393983236,1.06944444,1.44,0,0.0694444444,0.95,0,0
tpcds_sf10_t1,TPCDS SF10,tpcds,10,1,Q37,1,Baseline,20,0,0,1,0.51,17.145,0.51,25.109,16.5625,0.737923212,1.4645086,17.145,32.6176471,48.2333333,0.2,0.75,6
tpcds_sf10_t1,TPCDS SF10,tpcds,10,1,Q37,2,Forward-only,20,0,0,1,0.51,0.52,0.51,1.23,0.645,0.436909563,2.36538462,0.52,0.0196078431,1.41176471,0.65,0.35,0
tpcds_sf10_t1,TPCDS SF10,tpcds,10,1,Q37,3,THC,20,0,0,1,0.51,0.515,0.51,1.23,0.645,0.437680133,2.38834951,0.515,0.00980392157,1.41176471,0.65,0.35,0
tpcds_sf10_t1,TPCDS SF10,tpcds,10,1,Q37,4,RPT+,20,0,0,1,0.41,0.41,0.41,0.41,0,0,1,0.41,0,0,1,0,0
tpcds_sf10_t1,TPCDS SF10,tpcds,10,1,Q38,1,Baseline,20,0,0,1,2.77,2.87,2.86,2.87,0,0.0134051409,1,2.87,0.036101083,0.036101083,1,0,15
tpcds_sf10_t1,TPCDS SF10,tpcds,10,1,Q38,2,Forward-only,20,0,0,1,2.87,2.97,2.96,2.97,0,0.0101351351,1,2.97,0.0348432056,0.0348432056,1,0,8
tpcds_sf10_t1,TPCDS SF10,tpcds,10,1,Q38,3,THC,20,0,0,1,2.87,2.97,2.87,2.97,0.1,0.0170083323,1,2.97,0.0348432056,0.0348432056,1,0,0
tpcds_sf10_t1,TPCDS SF10,tpcds,10,1,Q38,4,RPT+,20,0,0,1,2.56,2.56,2.56,2.67,0.1,0.0188846269,1.04296875,2.56,0,0.04296875,1,0,0
tpcds_sf10_t1,TPCDS SF10,tpcds,10,1,Q39,1,Baseline,20,0,0,1,0.92,0.93,0.92,1.23,0.06,0.118621839,1.32258065,0.93,0.0108695652,0.336956522,0.75,0,1
tpcds_sf10_t1,TPCDS SF10,tpcds,10,1,Q39,2,Forward-only,20,0,0,1,0.92,0.93,0.92,1.23,0.15,0.124900774,1.32258065,0.93,0.0108695652,0.336956522,0.6,0,3
tpcds_sf10_t1,TPCDS SF10,tpcds,10,1,Q39,3,THC,20,0,0,1,0.93,0.93,0.93,1.23,0.15,0.125688185,1.32258065,0.93,0,0.322580645,0.65,0,1
tpcds_sf10_t1,TPCDS SF10,tpcds,10,1,Q39,4,RPT+,20,0,0,1,0.93,0.98,0.93,1.23,0.15,0.118907269,1.25510204,0.98,0.0537634409,0.322580645,0.5,0,0
tpcds_sf10_t1,TPCDS SF10,tpcds,10,1,Q40,1,Baseline,20,0,0,1,0.31,0.31,0.31,0.31,0,0,1,0.31,0,0,1,0,0
tpcds_sf10_t1,TPCDS SF10,tpcds,10,1,Q40,2,Forward-only,20,0,0,1,0.21,0.21,0.21,0.21,0,0,1,0.21,0,0,1,0,0
tpcds_sf10_t1,TPCDS SF10,tpcds,10,1,Q40,3,THC,20,0,0,1,0.21,0.21,0.21,0.21,0,0,1,0.21,0,0,1,0,0
tpcds_sf10_t1,TPCDS SF10,tpcds,10,1,Q40,4,RPT+,20,0,0,1,0.11,0.11,0.11,0.11,0,0,1,0.11,0,0,1,0,0
tpcds_sf10_t1,TPCDS SF10,tpcds,10,1,Q41,1,Baseline,20,0,0,1,0.1,0.11,0.11,0.11,0,0.0199036481,1,0.11,0.1,0.1,1,0,1
tpcds_sf10_t1,TPCDS SF10,tpcds,10,1,Q41,2,Forward-only,20,0,0,1,0.11,0.11,0.11,0.11,0,0,1,0.11,0,0,1,0,0
tpcds_sf10_t1,TPCDS SF10,tpcds,10,1,Q41,3,THC,20,0,0,1,0.11,0.11,0.11,0.11,0,0,1,0.11,0,0,1,0,0
tpcds_sf10_t1,TPCDS SF10,tpcds,10,1,Q41,4,RPT+,20,0,0,1,0.11,0.11,0.11,0.11,0,0,1,0.11,0,0,1,0,0
tpcds_sf10_t1,TPCDS SF10,tpcds,10,1,Q42,1,Baseline,20,0,0,1,0.92,0.98,0.92,1.13,0.21,0.0992034493,1.15306122,0.98,0.0652173913,0.22826087,0.5,0,1
tpcds_sf10_t1,TPCDS SF10,tpcds,10,1,Q42,2,Forward-only,20,0,0,1,0.62,0.62,0.62,0.62,0,0,1,0.62,0,0,1,0,0
tpcds_sf10_t1,TPCDS SF10,tpcds,10,1,Q42,3,THC,20,0,0,1,0.52,0.62,0.52,0.62,0,0.0590200697,1,0.62,0.192307692,0.192307692,0.15,0,0
tpcds_sf10_t1,TPCDS SF10,tpcds,10,1,Q42,4,RPT+,20,0,0,1,0.52,0.62,0.52,0.62,0.025,0.072775244,1,0.62,0.192307692,0.192307692,0.25,0,2
tpcds_sf10_t1,TPCDS SF10,tpcds,10,1,Q43,1,Baseline,20,0,0,1,1.64,1.64,1.64,1.74,0,0.0240963855,1.06097561,1.64,0,0.0609756098,1,0,1
tpcds_sf10_t1,TPCDS SF10,tpcds,10,1,Q43,2,Forward-only,20,0,0,1,0.92,1.03,0.92,1.03,0.1,0.0529677153,1,1.03,0.119565217,0.119565217,0.45,0,2
tpcds_sf10_t1,TPCDS SF10,tpcds,10,1,Q43,3,THC,20,0,0,1,0.92,0.98,0.92,1.03,0.1025,0.05383009,1.05102041,0.98,0.0652173913,0.119565217,0.5,0,2
tpcds_sf10_t1,TPCDS SF10,tpcds,10,1,Q43,4,RPT+,20,0,0,1,1.03,1.03,1.03,1.03,0,0.0210574828,1,1.03,0,0,1,0,0
tpcds_sf10_t1,TPCDS SF10,tpcds,10,1,Q44,1,Baseline,20,0,0,1,92.83,94.57,93.033,96.707,2.2975,0.0148918784,1.02259702,94.57,0.0187439405,0.0417645158,1,0,4
tpcds_sf10_t1,TPCDS SF10,tpcds,10,1,Q44,2,Forward-only,20,0,0,1,92,94.145,93.013,96.046,1.325,0.0153587608,1.02019226,94.145,0.0233152174,0.0439782609,1,0,17
tpcds_sf10_t1,TPCDS SF10,tpcds,10,1,Q44,3,THC,20,0,0,1,91.67,93.49,92.849,94.914,1.5475,0.0149599034,1.01523158,93.49,0.0198538235,0.0353878041,1,0,11
tpcds_sf10_t1,TPCDS SF10,tpcds,10,1,Q44,4,RPT+,20,0,0,1,84.83,86.61,85.92,87.774,0.83,0.01095873,1.01343956,86.61,0.0209831428,0.0347047035,1,0,3
tpcds_sf10_t1,TPCDS SF10,tpcds,10,1,Q45,1,Baseline,20,0,0,1,0.51,0.52,0.51,0.62,0.01,0.0988980214,1.19230769,0.52,0.0196078431,0.215686275,0.85,0,1
tpcds_sf10_t1,TPCDS SF10,tpcds,10,1,Q45,2,Forward-only,20,0,0,1,0.41,0.41,0.41,0.41,0,0,1,0.41,0,0,1,0,0
tpcds_sf10_t1,TPCDS SF10,tpcds,10,1,Q45,3,THC,20,0,0,1,0.41,0.41,0.41,0.41,0,0,1,0.41,0,0,1,0,0
tpcds_sf10_t1,TPCDS SF10,tpcds,10,1,Q45,4,RPT+,20,0,0,1,0.31,0.41,0.31,0.41,0,0.0903978282,1,0.41,0.322580645,0.322580645,0.15,0,2
tpcds_sf10_t1,TPCDS SF10,tpcds,10,1,Q46,1,Baseline,20,0,0,1,2.36,2.615,2.36,2.88,0.435,0.0884543607,1.10133843,2.615,0.108050847,0.220338983,0.5,0,2
tpcds_sf10_t1,TPCDS SF10,tpcds,10,1,Q46,2,Forward-only,20,0,0,1,1.64,1.64,1.64,1.64,0,0,1,1.64,0,0,1,0,0
tpcds_sf10_t1,TPCDS SF10,tpcds,10,1,Q46,3,THC,20,0,0,1,1.54,1.64,1.64,1.64,0,0.0133299662,1,1.64,0.0649350649,0.0649350649,1,0,8
tpcds_sf10_t1,TPCDS SF10,tpcds,10,1,Q46,4,RPT+,20,0,0,1,1.54,1.59,1.54,1.64,0.1,0.0314465409,1.03144654,1.59,0.0324675325,0.0649350649,1,0,3
tpcds_sf10_t1,TPCDS SF10,tpcds,10,1,Q47,1,Baseline,20,0,0,1,3.9,4.05,3.99,4.1,0.11,0.0150851094,1.01234568,4.05,0.0384615385,0.0512820513,1,0,12
tpcds_sf10_t1,TPCDS SF10,tpcds,10,1,Q47,2,Forward-only,20,0,0,1,4,4.15,4,4.2,0.1,0.0206272335,1.01204819,4.15,0.0375,0.05,1,0,6
tpcds_sf10_t1,TPCDS SF10,tpcds,10,1,Q47,3,THC,20,0,0,1,4,4.1,4.1,4.2,0.1,0.0140844249,1.02439024,4.1,0.025,0.05,1,0,7
tpcds_sf10_t1,TPCDS SF10,tpcds,10,1,Q47,4,RPT+,20,0,0,1,4,4.1,4,4.2,0.1,0.0192502789,1.02439024,4.1,0.025,0.05,1,0,2
tpcds_sf10_t1,TPCDS SF10,tpcds,10,1,Q48,1,Baseline,20,0,0,1,1.95,2.36,2.04,2.681,0.1775,0.109698965,1.13601695,2.36,0.21025641,0.374871795,0.25,0,4
tpcds_sf10_t1,TPCDS SF10,tpcds,10,1,Q48,2,Forward-only,20,0,0,1,2.05,2.46,2.149,2.88,0.225,0.105915983,1.17073171,2.46,0.2,0.404878049,0.2,0,4
tpcds_sf10_t1,TPCDS SF10,tpcds,10,1,Q48,3,THC,20,0,0,1,2.05,2.56,2.14,2.97,0.26,0.107743168,1.16015625,2.56,0.248780488,0.448780488,0.15,0,4
tpcds_sf10_t1,TPCDS SF10,tpcds,10,1,Q48,4,RPT+,20,0,0,1,2.26,2.41,2.26,2.97,0.1,0.0891490422,1.23236515,2.41,0.0663716814,0.314159292,0.8,0,5
tpcds_sf10_t1,TPCDS SF10,tpcds,10,1,Q49,1,Baseline,20,0,0,1,1.23,1.33,1.23,1.34,0.01,0.0317785926,1.0075188,1.33,0.081300813,0.0894308943,1,0,5
tpcds_sf10_t1,TPCDS SF10,tpcds,10,1,Q49,2,Forward-only,20,0,0,1,1.13,1.13,1.13,1.13,0,0.019202198,1,1.13,0,0,1,0,0
tpcds_sf10_t1,TPCDS SF10,tpcds,10,1,Q49,3,THC,20,0,0,1,1.13,1.13,1.13,1.13,0,0,1,1.13,0,0,1,0,0
tpcds_sf10_t1,TPCDS SF10,tpcds,10,1,Q49,4,RPT+,20,0,0,1,1.13,1.13,1.13,1.13,0,0,1,1.13,0,0,1,0,0
tpcds_sf10_t1,TPCDS SF10,tpcds,10,1,Q50,1,Baseline,20,0,0,1,3.49,5.38,3.78,6.87,2.7875,0.235425998,1.27695167,5.38,0.541547278,0.968481375,0.2,0.05,8
tpcds_sf10_t1,TPCDS SF10,tpcds,10,1,Q50,2,Forward-only,20,0,0,1,1.33,1.49,1.33,1.54,0.21,0.0671778741,1.03355705,1.49,0.120300752,0.157894737,0.5,0,2
tpcds_sf10_t1,TPCDS SF10,tpcds,10,1,Q50,3,THC,20,0,0,1,1.33,1.44,1.33,1.54,0.2,0.0649465895,1.06944444,1.44,0.0827067669,0.157894737,0.55,0,2
tpcds_sf10_t1,TPCDS SF10,tpcds,10,1,Q50,4,RPT+,20,0,0,1,1.23,1.33,1.23,1.34,0.1,0.0360610554,1.0075188,1.33,0.081300813,0.0894308943,1,0,2
tpcds_sf10_t1,TPCDS SF10,tpcds,10,1,Q51,1,Baseline,20,0,0,1,9.52,9.63,9.52,9.74,0.1025,0.00927575226,1.01142264,9.63,0.0115546218,0.0231092437,1,0,4
tpcds_sf10_t1,TPCDS SF10,tpcds,10,1,Q51,2,Forward-only,20,0,0,1,9.62,9.73,9.63,9.83,0.1,0.00735434815,1.01027749,9.73,0.0114345114,0.0218295218,1,0,3
tpcds_sf10_t1,TPCDS SF10,tpcds,10,1,Q51,3,THC,20,0,0,1,9.43,9.63,9.529,9.74,0.1,0.00978163693,1.01142264,9.63,0.0212089077,0.032873807,1,0,3
tpcds_sf10_t1,TPCDS SF10,tpcds,10,1,Q51,4,RPT+,20,0,0,1,9.22,9.32,9.32,9.53,0.1,0.00890680601,1.02253219,9.32,0.010845987,0.0336225597,1,0,12
tpcds_sf10_t1,TPCDS SF10,tpcds,10,1,Q52,1,Baseline,20,0,0,1,0.92,1.03,0.92,1.13,0.2025,0.099816017,1.09708738,1.03,0.119565217,0.22826087,0.5,0,1
tpcds_sf10_t1,TPCDS SF10,tpcds,10,1,Q52,2,Forward-only,20,0,0,1,0.52,0.62,0.61,0.62,0,0.0491803279,1,0.62,0.192307692,0.192307692,0.1,0,6
tpcds_sf10_t1,TPCDS SF10,tpcds,10,1,Q52,3,THC,20,0,0,1,0.62,0.62,0.62,0.62,0,0,1,0.62,0,0,1,0,0
tpcds_sf10_t1,TPCDS SF10,tpcds,10,1,Q52,4,RPT+,20,0,0,1,0.52,0.62,0.61,0.62,0,0.0491803279,1,0.62,0.192307692,0.192307692,0.1,0,4
tpcds_sf10_t1,TPCDS SF10,tpcds,10,1,Q53,1,Baseline,20,0,0,1,1.03,1.44,1.03,1.74,0.71,0.221474569,1.20833333,1.44,0.398058252,0.689320388,0.35,0,0
tpcds_sf10_t1,TPCDS SF10,tpcds,10,1,Q53,2,Forward-only,20,0,0,1,0.72,0.82,0.72,0.82,0.1,0.0607604587,1,0.82,0.138888889,0.138888889,0.35,0,7
tpcds_sf10_t1,TPCDS SF10,tpcds,10,1,Q53,3,THC,20,0,0,1,0.72,0.82,0.72,0.82,0.1,0.0628074293,1,0.82,0.138888889,0.138888889,0.4,0,1
tpcds_sf10_t1,TPCDS SF10,tpcds,10,1,Q53,4,RPT+,20,0,0,1,0.72,0.82,0.81,0.82,0,0.037037037,1,0.82,0.138888889,0.138888889,0.1,0,5
tpcds_sf10_t1,TPCDS SF10,tpcds,10,1,Q54,1,Baseline,0,20,0,0,,,,,,,,300,,,,,
tpcds_sf10_t1,TPCDS SF10,tpcds,10,1,Q54,2,Forward-only,0,20,0,0,,,,,,,,300,,,,,
tpcds_sf10_t1,TPCDS SF10,tpcds,10,1,Q54,3,THC,0,20,0,0,,,,,,,,300,,,,,
tpcds_sf10_t1,TPCDS SF10,tpcds,10,1,Q54,4,RPT+,0,20,0,0,,,,,,,,300,,,,,
tpcds_sf10_t1,TPCDS SF10,tpcds,10,1,Q55,1,Baseline,20,0,0,1,0.92,0.98,0.92,1.13,0.21,0.0961516681,1.15306122,0.98,0.0652173913,0.22826087,0.5,0,3
tpcds_sf10_t1,TPCDS SF10,tpcds,10,1,Q55,2,Forward-only,20,0,0,1,0.62,0.62,0.62,0.62,0,0,1,0.62,0,0,1,0,0
tpcds_sf10_t1,TPCDS SF10,tpcds,10,1,Q55,3,THC,20,0,0,1,0.62,0.62,0.62,0.62,0,0,1,0.62,0,0,1,0,0
tpcds_sf10_t1,TPCDS SF10,tpcds,10,1,Q55,4,RPT+,20,0,0,1,0.52,0.62,0.62,0.62,0,0.0354382028,1,0.62,0.192307692,0.192307692,0.05,0,8
tpcds_sf10_t1,TPCDS SF10,tpcds,10,1,Q56,1,Baseline,20,0,0,1,1.23,1.33,1.23,1.34,0.035,0.0405948453,1.0075188,1.33,0.081300813,0.0894308943,0.95,0,6
tpcds_sf10_t1,TPCDS SF10,tpcds,10,1,Q56,2,Forward-only,20,0,0,1,0.92,0.93,0.929,0.93,0,0.0237966925,1,0.93,0.0108695652,0.0108695652,0.95,0,9
tpcds_sf10_t1,TPCDS SF10,tpcds,10,1,Q56,3,THC,20,0,0,1,0.92,0.93,0.93,0.93,0,0.00234475468,1,0.93,0.0108695652,0.0108695652,1,0,3
tpcds_sf10_t1,TPCDS SF10,tpcds,10,1,Q56,4,RPT+,20,0,0,1,0.82,0.93,0.93,0.93,0,0.0259317947,1,0.93,0.134146341,0.134146341,0.05,0,13
tpcds_sf10_t1,TPCDS SF10,tpcds,10,1,Q57,1,Baseline,20,0,0,1,1.54,1.64,1.64,1.64,0,0.0192821809,1,1.64,0.0649350649,0.0649350649,0.95,0,4
tpcds_sf10_t1,TPCDS SF10,tpcds,10,1,Q57,2,Forward-only,20,0,0,1,1.64,1.64,1.64,1.74,0.1,0.027440573,1.06097561,1.64,0,0.0609756098,1,0,0
tpcds_sf10_t1,TPCDS SF10,tpcds,10,1,Q57,3,THC,20,0,0,1,1.64,1.64,1.64,1.74,0.1,0.0284757971,1.06097561,1.64,0,0.0609756098,1,0,0
tpcds_sf10_t1,TPCDS SF10,tpcds,10,1,Q57,4,RPT+,20,0,0,1,1.64,1.64,1.64,1.74,0.1,0.0284757971,1.06097561,1.64,0,0.0609756098,1,0,0
tpcds_sf10_t1,TPCDS SF10,tpcds,10,1,Q58,1,Baseline,20,0,0,1,3.38,3.48,3.48,3.499,0,0.0110177805,1.00545977,3.48,0.0295857988,0.0352071006,1,0,0
tpcds_sf10_t1,TPCDS SF10,tpcds,10,1,Q58,2,Forward-only,20,0,0,1,3.38,3.48,3.47,3.481,0,0.0114858831,1.00028736,3.48,0.0295857988,0.0298816568,1,0,4
tpcds_sf10_t1,TPCDS SF10,tpcds,10,1,Q58,3,THC,20,0,0,1,3.48,3.48,3.48,3.5,0.01,0.00928756524,1.00574713,3.48,0,0.00574712644,1,0,0
tpcds_sf10_t1,TPCDS SF10,tpcds,10,1,Q58,4,RPT+,20,0,0,1,3.38,3.48,3.38,3.49,0,0.010601659,1.00287356,3.48,0.0295857988,0.0325443787,1,0,11
tpcds_sf10_t1,TPCDS SF10,tpcds,10,1,Q59,1,Baseline,20,0,0,1,3.28,3.38,3.28,3.38,0,0.0119047619,1,3.38,0.0304878049,0.0304878049,1,0,6
tpcds_sf10_t1,TPCDS SF10,tpcds,10,1,Q59,2,Forward-only,20,0,0,1,3.28,3.38,3.28,3.38,0.1,0.0146676033,1,3.38,0.0304878049,0.0304878049,1,0,0
tpcds_sf10_t1,TPCDS SF10,tpcds,10,1,Q59,3,THC,20,0,0,1,3.28,3.38,3.28,3.38,0.025,0.0129064889,1,3.38,0.0304878049,0.0304878049,1,0,6
tpcds_sf10_t1,TPCDS SF10,tpcds,10,1,Q59,4,RPT+,20,0,0,1,3.28,3.38,3.28,3.38,0.025,0.0129064889,1,3.38,0.0304878049,0.0304878049,1,0,0
tpcds_sf10_t1,TPCDS SF10,tpcds,10,1,Q60,1,Baseline,20,0,0,1,1.44,1.59,1.44,1.64,0.1,0.0461137748,1.03144654,1.59,0.104166667,0.138888889,0.5,0,0
tpcds_sf10_t1,TPCDS SF10,tpcds,10,1,Q60,2,Forward-only,20,0,0,1,1.03,1.13,1.03,1.13,0,0.0320243427,1,1.13,0.0970873786,0.0970873786,1,0,0
tpcds_sf10_t1,TPCDS SF10,tpcds,10,1,Q60,3,THC,20,0,0,1,1.03,1.13,1.03,1.13,0.1,0.041659779,1,1.13,0.0970873786,0.0970873786,1,0,0
tpcds_sf10_t1,TPCDS SF10,tpcds,10,1,Q60,4,RPT+,20,0,0,1,1.13,1.13,1.13,1.13,0,0,1,1.13,0,0,1,0,0
tpcds_sf10_t1,TPCDS SF10,tpcds,10,1,Q61,1,Baseline,20,0,0,1,2.05,2.26,2.14,2.501,0.135,0.109728578,1.10663717,2.26,0.102439024,0.22,0.45,0,2
tpcds_sf10_t1,TPCDS SF10,tpcds,10,1,Q61,2,Forward-only,20,0,0,1,1.33,1.44,1.339,1.44,0,0.0267776348,1,1.44,0.0827067669,0.0827067669,1,0,1
tpcds_sf10_t1,TPCDS SF10,tpcds,10,1,Q61,3,THC,20,0,0,1,1.34,1.44,1.34,1.44,0.025,0.0306016044,1,1.44,0.0746268657,0.0746268657,1,0,0
tpcds_sf10_t1,TPCDS SF10,tpcds,10,1,Q61,4,RPT+,20,0,0,1,1.33,1.34,1.33,1.34,0.01,0.0170899328,1,1.34,0.00751879699,0.00751879699,1,0,3
tpcds_sf10_t1,TPCDS SF10,tpcds,10,1,Q62,1,Baseline,20,0,0,1,0.82,0.82,0.82,0.82,0,0,1,0.82,0,0,1,0,0
tpcds_sf10_t1,TPCDS SF10,tpcds,10,1,Q62,2,Forward-only,20,0,0,1,0.82,0.82,0.82,0.82,0,0,1,0.82,0,0,1,0,0
tpcds_sf10_t1,TPCDS SF10,tpcds,10,1,Q62,3,THC,20,0,0,1,0.82,0.82,0.82,0.82,0,0,1,0.82,0,0,1,0,0
tpcds_sf10_t1,TPCDS SF10,tpcds,10,1,Q62,4,RPT+,20,0,0,1,0.82,0.82,0.82,0.82,0,0,1,0.82,0,0,1,0,0
tpcds_sf10_t1,TPCDS SF10,tpcds,10,1,Q63,1,Baseline,20,0,0,1,1.03,1.44,1.03,1.74,0.71,0.219264624,1.20833333,1.44,0.398058252,0.689320388,0.35,0,0
tpcds_sf10_t1,TPCDS SF10,tpcds,10,1,Q63,2,Forward-only,20,0,0,1,0.72,0.82,0.72,0.82,0.1,0.0641927379,1,0.82,0.138888889,0.138888889,0.45,0,1
tpcds_sf10_t1,TPCDS SF10,tpcds,10,1,Q63,3,THC,20,0,0,1,0.72,0.82,0.72,0.82,0.1,0.0641927379,1,0.82,0.138888889,0.138888889,0.45,0,4
tpcds_sf10_t1,TPCDS SF10,tpcds,10,1,Q63,4,RPT+,20,0,0,1,0.72,0.82,0.72,0.82,0,0.05,1,0.82,0.138888889,0.138888889,0.2,0,4
tpcds_sf10_t1,TPCDS SF10,tpcds,10,1,Q64,1,Baseline,20,0,0,1,3.59,10.545,5.197,18.741,5.3225,0.436285868,1.7772404,10.545,1.93732591,4.22033426,0.05,0.75,6
tpcds_sf10_t1,TPCDS SF10,tpcds,10,1,Q64,2,Forward-only,20,0,0,1,2.87,3.49,2.96,3.79,0.6625,0.105827993,1.08595989,3.49,0.216027875,0.320557491,0.4,0,0
tpcds_sf10_t1,TPCDS SF10,tpcds,10,1,Q64,3,THC,20,0,0,1,2.77,4.05,2.96,4.32,1.255,0.169288059,1.06666667,4.05,0.462093863,0.559566787,0.25,0,12
tpcds_sf10_t1,TPCDS SF10,tpcds,10,1,Q64,4,RPT+,20,0,0,1,2.26,2.41,2.26,2.98,0.125,0.100077853,1.23651452,2.41,0.0663716814,0.318584071,0.75,0,6
tpcds_sf10_t1,TPCDS SF10,tpcds,10,1,Q65,1,Baseline,20,0,0,1,5.02,5.18,5.12,5.23,0.1,0.0133267703,1.00965251,5.18,0.03187251,0.0418326693,1,0,8
tpcds_sf10_t1,TPCDS SF10,tpcds,10,1,Q65,2,Forward-only,20,0,0,1,4.92,5.13,5.02,5.23,0.21,0.0180820153,1.01949318,5.13,0.0426829268,0.0630081301,1,0,4
tpcds_sf10_t1,TPCDS SF10,tpcds,10,1,Q65,3,THC,20,0,0,1,5.02,5.13,5.029,5.23,0.2,0.0159362814,1.01949318,5.13,0.0219123506,0.0418326693,1,0,1
tpcds_sf10_t1,TPCDS SF10,tpcds,10,1,Q65,4,RPT+,20,0,0,1,4.61,4.77,4.7,4.82,0.1,0.0145247184,1.01048218,4.77,0.0347071584,0.0455531453,1,0,1
tpcds_sf10_t1,TPCDS SF10,tpcds,10,1,Q66,1,Baseline,20,0,0,1,0.72,0.92,0.82,1.03,0.135,0.100608378,1.11956522,0.92,0.277777778,0.430555556,0.05,0,8
tpcds_sf10_t1,TPCDS SF10,tpcds,10,1,Q66,2,Forward-only,20,0,0,1,0.51,0.52,0.52,0.52,0,0.00419528291,1,0.52,0.0196078431,0.0196078431,1,0,11
tpcds_sf10_t1,TPCDS SF10,tpcds,10,1,Q66,3,THC,20,0,0,1,0.52,0.52,0.52,0.52,0,0,1,0.52,0,0,1,0,0
tpcds_sf10_t1,TPCDS SF10,tpcds,10,1,Q66,4,RPT+,20,0,0,1,0.52,0.52,0.52,0.52,0,0,1,0.52,0,0,1,0,0
tpcds_sf10_t1,TPCDS SF10,tpcds,10,1,Q67,1,Baseline,20,0,0,1,18.24,18.9,18.439,19.05,0.34,0.0133607755,1.00793651,18.9,0.0361842105,0.0444078947,1,0,8
tpcds_sf10_t1,TPCDS SF10,tpcds,10,1,Q67,2,Forward-only,20,0,0,1,18.35,18.915,18.641,19.09,0.235,0.0147998809,1.00925192,18.915,0.0307901907,0.0403269755,1,0,6
tpcds_sf10_t1,TPCDS SF10,tpcds,10,1,Q67,3,THC,20,0,0,1,18.25,18.66,18.459,18.971,0.21,0.0112927174,1.01666667,18.66,0.0224657534,0.0395068493,1,0,15
tpcds_sf10_t1,TPCDS SF10,tpcds,10,1,Q67,4,RPT+,20,0,0,1,18.56,19.27,18.84,19.581,0.4675,0.0170159602,1.01613908,19.27,0.0382543103,0.0550107759,1,0,11
tpcds_sf10_t1,TPCDS SF10,tpcds,10,1,Q68,1,Baseline,20,0,0,1,1.95,2.46,2.05,2.68,0.52,0.114547804,1.08943089,2.46,0.261538462,0.374358974,0.15,0,17
tpcds_sf10_t1,TPCDS SF10,tpcds,10,1,Q68,2,Forward-only,20,0,0,1,1.54,1.54,1.54,1.64,0.1,0.0313876163,1.06493506,1.54,0,0.0649350649,1,0,0
tpcds_sf10_t1,TPCDS SF10,tpcds,10,1,Q68,3,THC,20,0,0,1,1.44,1.54,1.54,1.64,0.1,0.0363349941,1.06493506,1.54,0.0694444444,0.138888889,0.6,0,1
tpcds_sf10_t1,TPCDS SF10,tpcds,10,1,Q68,4,RPT+,20,0,0,1,1.44,1.49,1.44,1.54,0.1,0.033557047,1.03355705,1.49,0.0347222222,0.0694444444,1,0,0
tpcds_sf10_t1,TPCDS SF10,tpcds,10,1,Q69,1,Baseline,20,0,0,1,1.23,1.33,1.23,1.44,0.1275,0.0629054438,1.08270677,1.33,0.081300813,0.170731707,0.75,0,2
tpcds_sf10_t1,TPCDS SF10,tpcds,10,1,Q69,2,Forward-only,20,0,0,1,1.23,1.33,1.23,1.33,0.1,0.0387154645,1,1.33,0.081300813,0.081300813,1,0,0
tpcds_sf10_t1,TPCDS SF10,tpcds,10,1,Q69,3,THC,20,0,0,1,1.23,1.33,1.23,1.33,0.1,0.0368316294,1,1.33,0.081300813,0.081300813,1,0,0
tpcds_sf10_t1,TPCDS SF10,tpcds,10,1,Q69,4,RPT+,20,0,0,1,0.72,0.72,0.72,0.72,0,0,1,0.72,0,0,1,0,0
tpcds_sf10_t1,TPCDS SF10,tpcds,10,1,Q70,1,Baseline,20,0,0,1,3.48,3.58,3.48,3.58,0.1,0.0138389251,1,3.58,0.0287356322,0.0287356322,1,0,0
tpcds_sf10_t1,TPCDS SF10,tpcds,10,1,Q70,2,Forward-only,20,0,0,1,3.27,3.28,3.279,3.28,0,0.00676799963,1,3.28,0.00305810398,0.00305810398,1,0,0
tpcds_sf10_t1,TPCDS SF10,tpcds,10,1,Q70,3,THC,20,0,0,1,3.28,3.28,3.28,3.29,0,0.00911854103,1.00304878,3.28,0,0.00304878049,1,0,0
tpcds_sf10_t1,TPCDS SF10,tpcds,10,1,Q70,4,RPT+,20,0,0,1,2.77,2.87,2.86,2.87,0,0.0104895105,1,2.87,0.036101083,0.036101083,1,0,10
tpcds_sf10_t1,TPCDS SF10,tpcds,10,1,Q71,1,Baseline,20,0,0,1,1.44,1.44,1.44,1.54,0.1,0.0311739843,1.06944444,1.44,0,0.0694444444,1,0,0
tpcds_sf10_t1,TPCDS SF10,tpcds,10,1,Q71,2,Forward-only,20,0,0,1,1.23,1.33,1.33,1.34,0,0.0170348976,1.0075188,1.33,0.081300813,0.0894308943,1,0,16
tpcds_sf10_t1,TPCDS SF10,tpcds,10,1,Q71,3,THC,20,0,0,1,1.33,1.34,1.33,1.34,0.01,0.00356879611,1,1.34,0.00751879699,0.00751879699,1,0,2
tpcds_sf10_t1,TPCDS SF10,tpcds,10,1,Q71,4,RPT+,20,0,0,1,0.82,0.82,0.82,0.93,0.11,0.0623712666,1.13414634,0.82,0,0.134146341,0.6,0,0
tpcds_sf10_t1,TPCDS SF10,tpcds,10,1,Q72,1,Baseline,16,4,0,0.8,12.07,219.195,15.045,257.87,225.73,0.624982657,1.17644107,234.715,17.1603148,20.3645402,0.05,0.75,5
tpcds_sf10_t1,TPCDS SF10,tpcds,10,1,Q72,2,Forward-only,20,0,0,1,2.87,3.89,2.98,4.921,0.9975,0.520585122,1.26503856,3.89,0.355400697,0.714634146,0.15,0.05,2
tpcds_sf10_t1,TPCDS SF10,tpcds,10,1,Q72,3,THC,20,0,0,1,2.87,3.84,3.069,4.72,1.02,0.503907058,1.22916667,3.84,0.337979094,0.644599303,0.15,0.05,2
tpcds_sf10_t1,TPCDS SF10,tpcds,10,1,Q72,4,RPT+,20,0,0,1,2.87,3.84,2.97,6.04,1.94,0.499779101,1.57291667,3.84,0.337979094,1.10452962,0.2,0.2,6
tpcds_sf10_t1,TPCDS SF10,tpcds,10,1,Q73,1,Baseline,20,0,0,1,1.33,1.64,1.33,1.65,0.31,0.100865639,1.00609756,1.64,0.233082707,0.240601504,0.35,0,3
tpcds_sf10_t1,TPCDS SF10,tpcds,10,1,Q73,2,Forward-only,20,0,0,1,0.92,0.92,0.92,0.93,0.01,0.00530192585,1.01086957,0.92,0,0.0108695652,1,0,0
tpcds_sf10_t1,TPCDS SF10,tpcds,10,1,Q73,3,THC,20,0,0,1,0.92,0.93,0.929,0.93,0,0.00322927879,1,0.93,0.0108695652,0.0108695652,1,0,7
tpcds_sf10_t1,TPCDS SF10,tpcds,10,1,Q73,4,RPT+,20,0,0,1,0.92,0.93,0.92,0.93,0,0.00431034483,1,0.93,0.0108695652,0.0108695652,1,0,3
tpcds_sf10_t1,TPCDS SF10,tpcds,10,1,Q74,1,Baseline,20,0,0,1,5.63,5.74,5.72,5.84,0.11,0.0118632869,1.0174216,5.74,0.0195381883,0.0373001776,1,0,8
tpcds_sf10_t1,TPCDS SF10,tpcds,10,1,Q74,2,Forward-only,20,0,0,1,5.12,5.22,5.211,5.34,0.11,0.0157468617,1.02298851,5.22,0.01953125,0.04296875,1,0,16
tpcds_sf10_t1,TPCDS SF10,tpcds,10,1,Q74,3,THC,20,0,0,1,5.12,5.23,5.12,5.33,0.01,0.0127273549,1.01912046,5.23,0.021484375,0.041015625,1,0,6
tpcds_sf10_t1,TPCDS SF10,tpcds,10,1,Q74,4,RPT+,20,0,0,1,5.02,5.275,5.12,5.53,0.41,0.0389809019,1.04834123,5.275,0.0507968127,0.101593625,0.55,0,14
tpcds_sf10_t1,TPCDS SF10,tpcds,10,1,Q75,1,Baseline,20,0,0,1,4.2,4.31,4.29,4.41,0.1025,0.0144855076,1.02320186,4.31,0.0261904762,0.05,1,0,1
tpcds_sf10_t1,TPCDS SF10,tpcds,10,1,Q75,2,Forward-only,20,0,0,1,3.08,3.18,3.08,3.28,0.025,0.0197003091,1.03144654,3.18,0.0324675325,0.0649350649,1,0,0
tpcds_sf10_t1,TPCDS SF10,tpcds,10,1,Q75,3,THC,20,0,0,1,3.08,3.18,3.08,3.19,0.025,0.0180813952,1.00314465,3.18,0.0324675325,0.0357142857,1,0,0
tpcds_sf10_t1,TPCDS SF10,tpcds,10,1,Q75,4,RPT+,20,0,0,1,3.08,3.18,3.08,3.18,0.1,0.0156018455,1,3.18,0.0324675325,0.0324675325,1,0,0
tpcds_sf10_t1,TPCDS SF10,tpcds,10,1,Q76,1,Baseline,20,0,0,1,1.74,1.8,1.74,1.85,0.11,0.0298347014,1.02777778,1.8,0.0344827586,0.0632183908,1,0,1
tpcds_sf10_t1,TPCDS SF10,tpcds,10,1,Q76,2,Forward-only,20,0,0,1,1.74,1.85,1.74,1.85,0.1,0.0288781277,1,1.85,0.0632183908,0.0632183908,1,0,7
tpcds_sf10_t1,TPCDS SF10,tpcds,10,1,Q76,3,THC,20,0,0,1,1.74,1.75,1.75,1.85,0.1,0.0276302952,1.05714286,1.75,0.00574712644,0.0632183908,1,0,1
tpcds_sf10_t1,TPCDS SF10,tpcds,10,1,Q76,4,RPT+,20,0,0,1,1.33,1.34,1.34,1.34,0,0.00162706194,1,1.34,0.00751879699,0.00751879699,1,0,19
tpcds_sf10_t1,TPCDS SF10,tpcds,10,1,Q77,1,Baseline,20,0,0,1,1.54,1.64,1.54,1.64,0.1,0.0297177321,1,1.64,0.0649350649,0.0649350649,1,0,1
tpcds_sf10_t1,TPCDS SF10,tpcds,10,1,Q77,2,Forward-only,20,0,0,1,1.03,1.03,1.03,1.04,0,0.0288461538,1.00970874,1.03,0,0.00970873786,1,0,1
tpcds_sf10_t1,TPCDS SF10,tpcds,10,1,Q77,3,THC,20,0,0,1,1.03,1.03,1.03,1.04,0,0.0288461538,1.00970874,1.03,0,0.00970873786,1,0,0
tpcds_sf10_t1,TPCDS SF10,tpcds,10,1,Q77,4,RPT+,20,0,0,1,1.03,1.03,1.03,1.03,0,0,1,1.03,0,0,1,0,0
tpcds_sf10_t1,TPCDS SF10,tpcds,10,1,Q78,1,Baseline,20,0,0,1,7.68,7.79,7.689,7.89,0.0325,0.00967658002,1.01283697,7.79,0.0143229167,0.02734375,1,0,0
tpcds_sf10_t1,TPCDS SF10,tpcds,10,1,Q78,2,Forward-only,20,0,0,1,7.69,7.79,7.79,7.891,0.1,0.00859428912,1.01296534,7.79,0.0130039012,0.0261378414,1,0,16
tpcds_sf10_t1,TPCDS SF10,tpcds,10,1,Q78,3,THC,20,0,0,1,8,8.2,8.1,8.3,0.1,0.00955966913,1.01219512,8.2,0.025,0.0375,1,0,19
tpcds_sf10_t1,TPCDS SF10,tpcds,10,1,Q78,4,RPT+,20,0,0,1,5.95,6.36,5.95,6.872,0.26,0.0789221909,1.08050314,6.36,0.068907563,0.154957983,0.8,0,3
tpcds_sf10_t1,TPCDS SF10,tpcds,10,1,Q79,1,Baseline,20,0,0,1,2.36,2.56,2.36,2.67,0.3,0.056257056,1.04296875,2.56,0.0847457627,0.131355932,0.6,0,0
tpcds_sf10_t1,TPCDS SF10,tpcds,10,1,Q79,2,Forward-only,20,0,0,1,1.54,1.64,1.54,1.64,0.1,0.0306186218,1,1.64,0.0649350649,0.0649350649,1,0,0
tpcds_sf10_t1,TPCDS SF10,tpcds,10,1,Q79,3,THC,20,0,0,1,1.54,1.64,1.54,1.64,0.1,0.0284632031,1,1.64,0.0649350649,0.0649350649,1,0,3
tpcds_sf10_t1,TPCDS SF10,tpcds,10,1,Q79,4,RPT+,20,0,0,1,1.64,1.74,1.64,1.75,0.1,0.0301873218,1.00574713,1.74,0.0609756098,0.0670731707,1,0,0
tpcds_sf10_t1,TPCDS SF10,tpcds,10,1,Q80,1,Baseline,20,0,0,1,3.08,3.18,3.17,3.29,0.1,0.0246391594,1.03459119,3.18,0.0324675325,0.0681818182,1,0,11
tpcds_sf10_t1,TPCDS SF10,tpcds,10,1,Q80,2,Forward-only,20,0,0,1,1.64,1.75,1.74,1.75,0.01,0.0192016662,1,1.75,0.0670731707,0.0670731707,0.95,0,3
tpcds_sf10_t1,TPCDS SF10,tpcds,10,1,Q80,3,THC,20,0,0,1,1.75,1.75,1.75,1.76,0,0.0170454545,1.00571429,1.75,0,0.00571428571,1,0,0
tpcds_sf10_t1,TPCDS SF10,tpcds,10,1,Q80,4,RPT+,20,0,0,1,1.34,1.44,1.34,1.44,0.1,0.0356626322,1,1.44,0.0746268657,0.0746268657,1,0,2
tpcds_sf10_t1,TPCDS SF10,tpcds,10,1,Q81,1,Baseline,20,0,0,1,0.41,0.41,0.41,0.41,0,0,1,0.41,0,0,1,0,0
tpcds_sf10_t1,TPCDS SF10,tpcds,10,1,Q81,2,Forward-only,20,0,0,1,0.41,0.41,0.41,0.41,0,0,1,0.41,0,0,1,0,0
tpcds_sf10_t1,TPCDS SF10,tpcds,10,1,Q81,3,THC,20,0,0,1,0.41,0.41,0.41,0.41,0,0,1,0.41,0,0,1,0,0
tpcds_sf10_t1,TPCDS SF10,tpcds,10,1,Q81,4,RPT+,20,0,0,1,0.41,0.41,0.41,0.41,0,0,1,0.41,0,0,1,0,0
tpcds_sf10_t1,TPCDS SF10,tpcds,10,1,Q82,1,Baseline,20,0,0,1,0.82,20.22,0.92,48.161,38.7125,0.91920916,2.38184965,20.22,23.6585366,57.7329268,0.05,0.7,0
tpcds_sf10_t1,TPCDS SF10,tpcds,10,1,Q82,2,Forward-only,20,0,0,1,0.82,0.82,0.82,2.36,1.54,0.550481012,2.87804878,0.82,0,1.87804878,0.7,0.3,0
tpcds_sf10_t1,TPCDS SF10,tpcds,10,1,Q82,3,THC,20,0,0,1,0.82,0.82,0.82,2.36,1.54,0.550481012,2.87804878,0.82,0,1.87804878,0.7,0.3,0
tpcds_sf10_t1,TPCDS SF10,tpcds,10,1,Q82,4,RPT+,20,0,0,1,0.51,0.52,0.51,0.52,0.01,0.00886378278,1,0.52,0.0196078431,0.0196078431,1,0,0
tpcds_sf10_t1,TPCDS SF10,tpcds,10,1,Q83,1,Baseline,20,0,0,1,0.51,0.51,0.51,0.511,0,0.00587084149,1.00196078,0.51,0,0.00196078431,1,0,0
tpcds_sf10_t1,TPCDS SF10,tpcds,10,1,Q83,2,Forward-only,20,0,0,1,0.21,0.21,0.21,0.21,0,0,1,0.21,0,0,1,0,0
tpcds_sf10_t1,TPCDS SF10,tpcds,10,1,Q83,3,THC,20,0,0,1,0.21,0.21,0.21,0.21,0,0,1,0.21,0,0,1,0,0
tpcds_sf10_t1,TPCDS SF10,tpcds,10,1,Q83,4,RPT+,20,0,0,1,0.21,0.21,0.21,0.21,0,0,1,0.21,0,0,1,0,0
tpcds_sf10_t1,TPCDS SF10,tpcds,10,1,Q84,1,Baseline,20,0,0,1,0.31,0.51,0.31,0.73,0.335,0.326414352,1.43137255,0.51,0.64516129,1.35483871,0.3,0.25,0
tpcds_sf10_t1,TPCDS SF10,tpcds,10,1,Q84,2,Forward-only,20,0,0,1,0.31,0.31,0.31,0.31,0,0.0691888721,1,0.31,0,0,0.95,0,0
tpcds_sf10_t1,TPCDS SF10,tpcds,10,1,Q84,3,THC,20,0,0,1,0.31,0.31,0.31,0.31,0,0.0691888721,1,0.31,0,0,0.95,0,0
tpcds_sf10_t1,TPCDS SF10,tpcds,10,1,Q84,4,RPT+,20,0,0,1,0.21,0.21,0.21,0.21,0,0,1,0.21,0,0,1,0,0
tpcds_sf10_t1,TPCDS SF10,tpcds,10,1,Q85,1,Baseline,20,0,0,1,0.92,1.03,0.92,1.23,0.2025,0.114483397,1.19417476,1.03,0.119565217,0.336956522,0.3,0,0
tpcds_sf10_t1,TPCDS SF10,tpcds,10,1,Q85,2,Forward-only,20,0,0,1,0.92,1.03,0.93,1.23,0.1,0.104670265,1.19417476,1.03,0.119565217,0.336956522,0.2,0,2
tpcds_sf10_t1,TPCDS SF10,tpcds,10,1,Q85,3,THC,20,0,0,1,0.92,1.03,0.93,1.241,0.15,0.12174613,1.20485437,1.03,0.119565217,0.348913043,0.25,0,14
tpcds_sf10_t1,TPCDS SF10,tpcds,10,1,Q85,4,RPT+,20,0,0,1,0.92,1.03,0.929,1.23,0.1,0.106253913,1.19417476,1.03,0.119565217,0.336956522,0.2,0,2
tpcds_sf10_t1,TPCDS SF10,tpcds,10,1,Q86,1,Baseline,20,0,0,1,0.51,0.51,0.51,0.62,0.11,0.0949800206,1.21568627,0.51,0,0.215686275,0.65,0,0
tpcds_sf10_t1,TPCDS SF10,tpcds,10,1,Q86,2,Forward-only,20,0,0,1,0.62,0.62,0.62,0.62,0,0,1,0.62,0,0,1,0,0
tpcds_sf10_t1,TPCDS SF10,tpcds,10,1,Q86,3,THC,20,0,0,1,0.62,0.62,0.62,0.62,0,0,1,0.62,0,0,1,0,0
tpcds_sf10_t1,TPCDS SF10,tpcds,10,1,Q86,4,RPT+,20,0,0,1,0.62,0.62,0.62,0.62,0,0,1,0.62,0,0,1,0,0
tpcds_sf10_t1,TPCDS SF10,tpcds,10,1,Q87,1,Baseline,20,0,0,1,2.97,3.07,2.97,3.07,0,0.0131147541,1,3.07,0.0336700337,0.0336700337,1,0,4
tpcds_sf10_t1,TPCDS SF10,tpcds,10,1,Q87,2,Forward-only,20,0,0,1,3.07,3.08,3.07,3.18,0.11,0.0172715054,1.03246753,3.08,0.00325732899,0.0358306189,1,0,0
tpcds_sf10_t1,TPCDS SF10,tpcds,10,1,Q87,3,THC,20,0,0,1,3.07,3.07,3.07,3.18,0.035,0.0151318155,1.03583062,3.07,0,0.0358306189,1,0,0
tpcds_sf10_t1,TPCDS SF10,tpcds,10,1,Q87,4,RPT+,20,0,0,1,2.77,2.77,2.77,2.77,0,0.00785387197,1,2.77,0,0,1,0,0
tpcds_sf10_t1,TPCDS SF10,tpcds,10,1,Q88,1,Baseline,20,0,0,1,5.01,5.47,5.1,5.93,0.435,0.0567888061,1.08409506,5.47,0.0918163673,0.183632735,0.5,0,12
tpcds_sf10_t1,TPCDS SF10,tpcds,10,1,Q88,2,Forward-only,20,0,0,1,2.66,2.71,2.66,2.77,0.11,0.0195772528,1.02214022,2.71,0.0187969925,0.0413533835,1,0,1
tpcds_sf10_t1,TPCDS SF10,tpcds,10,1,Q88,3,THC,20,0,0,1,2.66,2.77,2.66,2.77,0.11,0.0197684425,1,2.77,0.0413533835,0.0413533835,1,0,1
tpcds_sf10_t1,TPCDS SF10,tpcds,10,1,Q88,4,RPT+,20,0,0,1,2.56,2.66,2.66,2.671,0,0.0153467911,1.00413534,2.66,0.0390625,0.043359375,1,0,18
tpcds_sf10_t1,TPCDS SF10,tpcds,10,1,Q89,1,Baseline,20,0,0,1,1.23,1.54,1.23,1.95,0.72,0.199084391,1.26623377,1.54,0.25203252,0.585365854,0.35,0,0
tpcds_sf10_t1,TPCDS SF10,tpcds,10,1,Q89,2,Forward-only,20,0,0,1,0.92,0.93,0.92,0.93,0.0025,0.00466860056,1,0.93,0.0108695652,0.0108695652,1,0,4
tpcds_sf10_t1,TPCDS SF10,tpcds,10,1,Q89,3,THC,20,0,0,1,0.92,0.93,0.93,0.93,0,0.00234475468,1,0.93,0.0108695652,0.0108695652,1,0,1
tpcds_sf10_t1,TPCDS SF10,tpcds,10,1,Q89,4,RPT+,20,0,0,1,0.92,0.93,0.929,0.93,0,0.00322927879,1,0.93,0.0108695652,0.0108695652,1,0,0
tpcds_sf10_t1,TPCDS SF10,tpcds,10,1,Q90,1,Baseline,20,0,0,1,0.41,0.51,0.41,0.53,0.11,0.133527332,1.03921569,0.51,0.243902439,0.292682927,0.35,0,0
tpcds_sf10_t1,TPCDS SF10,tpcds,10,1,Q90,2,Forward-only,20,0,0,1,0.31,0.31,0.31,0.31,0,0,1,0.31,0,0,1,0,0
tpcds_sf10_t1,TPCDS SF10,tpcds,10,1,Q90,3,THC,20,0,0,1,0.31,0.31,0.31,0.31,0,0,1,0.31,0,0,1,0,0
tpcds_sf10_t1,TPCDS SF10,tpcds,10,1,Q90,4,RPT+,20,0,0,1,0.31,0.31,0.31,0.31,0,0,1,0.31,0,0,1,0,0
tpcds_sf10_t1,TPCDS SF10,tpcds,10,1,Q91,1,Baseline,20,0,0,1,0.21,0.21,0.21,0.21,0,0.101369743,1,0.21,0,0,0.95,0,0
tpcds_sf10_t1,TPCDS SF10,tpcds,10,1,Q91,2,Forward-only,20,0,0,1,0.21,0.21,0.21,0.21,0,0,1,0.21,0,0,1,0,0
tpcds_sf10_t1,TPCDS SF10,tpcds,10,1,Q91,3,THC,20,0,0,1,0.21,0.21,0.21,0.21,0,0,1,0.21,0,0,1,0,0
tpcds_sf10_t1,TPCDS SF10,tpcds,10,1,Q91,4,RPT+,20,0,0,1,0.21,0.21,0.21,0.21,0,0,1,0.21,0,0,1,0,0
tpcds_sf10_t1,TPCDS SF10,tpcds,10,1,Q92,1,Baseline,20,0,0,1,0.41,0.51,0.51,0.511,0,0.0439251201,1.00196078,0.51,0.243902439,0.246341463,0.05,0,11
tpcds_sf10_t1,TPCDS SF10,tpcds,10,1,Q92,2,Forward-only,20,0,0,1,0.41,0.41,0.41,0.41,0,0,1,0.41,0,0,1,0,0
tpcds_sf10_t1,TPCDS SF10,tpcds,10,1,Q92,3,THC,20,0,0,1,0.41,0.41,0.41,0.41,0,0,1,0.41,0,0,1,0,0
tpcds_sf10_t1,TPCDS SF10,tpcds,10,1,Q92,4,RPT+,20,0,0,1,0.31,0.31,0.31,0.31,0,0,1,0.31,0,0,1,0,0
tpcds_sf10_t1,TPCDS SF10,tpcds,10,1,Q93,1,Baseline,20,0,0,1,3.49,3.59,3.58,3.6,0,0.0124572032,1.00278552,3.59,0.0286532951,0.0315186246,1,0,2
tpcds_sf10_t1,TPCDS SF10,tpcds,10,1,Q93,2,Forward-only,20,0,0,1,2.66,2.66,2.66,2.661,0,0.00112739572,1.00037594,2.66,0,0.00037593985,1,0,0
tpcds_sf10_t1,TPCDS SF10,tpcds,10,1,Q93,3,THC,20,0,0,1,2.66,2.66,2.66,2.67,0,0.0089751344,1.0037594,2.66,0,0.0037593985,1,0,0
tpcds_sf10_t1,TPCDS SF10,tpcds,10,1,Q93,4,RPT+,20,0,0,1,2.66,2.665,2.66,2.67,0.01,0.00878355011,1.00187617,2.665,0.00187969925,0.0037593985,1,0,0
tpcds_sf10_t1,TPCDS SF10,tpcds,10,1,Q94,1,Baseline,20,0,0,1,0.51,0.52,0.51,0.62,0.11,0.0944530108,1.19230769,0.52,0.0196078431,0.215686275,0.55,0,0
tpcds_sf10_t1,TPCDS SF10,tpcds,10,1,Q94,2,Forward-only,20,0,0,1,0.51,0.51,0.51,0.52,0.01,0.00893289609,1.01960784,0.51,0,0.0196078431,1,0,0
tpcds_sf10_t1,TPCDS SF10,tpcds,10,1,Q94,3,THC,20,0,0,1,0.51,0.52,0.51,0.52,0,0.00688662336,1,0.52,0.0196078431,0.0196078431,1,0,1
tpcds_sf10_t1,TPCDS SF10,tpcds,10,1,Q94,4,RPT+,20,0,0,1,0.51,0.52,0.52,0.52,0,0.00419528291,1,0.52,0.0196078431,0.0196078431,1,0,16
tpcds_sf10_t1,TPCDS SF10,tpcds,10,1,Q95,1,Baseline,20,0,0,1,12.36,12.47,12.37,12.671,0.095,0.00795187908,1.01611868,12.47,0.00889967638,0.0251618123,1,0,0
tpcds_sf10_t1,TPCDS SF10,tpcds,10,1,Q95,2,Forward-only,20,0,0,1,12.17,12.47,12.36,12.598,0.21,0.0104167363,1.01026464,12.47,0.0246507806,0.035168447,1,0,1
tpcds_sf10_t1,TPCDS SF10,tpcds,10,1,Q95,3,THC,20,0,0,1,13.7,13.86,13.8,14.01,0.125,0.00700451214,1.01082251,13.86,0.0116788321,0.0226277372,1,0,0
tpcds_sf10_t1,TPCDS SF10,tpcds,10,1,Q95,4,RPT+,20,0,0,1,1.03,1.03,1.03,1.03,0,0,1,1.03,0,0,1,0,0
tpcds_sf10_t1,TPCDS SF10,tpcds,10,1,Q96,1,Baseline,20,0,0,1,0.82,0.82,0.82,0.82,0,0.0264175694,1,0.82,0,0,0.95,0,0
tpcds_sf10_t1,TPCDS SF10,tpcds,10,1,Q96,2,Forward-only,20,0,0,1,0.51,0.52,0.51,0.52,0,0.00688662336,1,0.52,0.0196078431,0.0196078431,1,0,1
tpcds_sf10_t1,TPCDS SF10,tpcds,10,1,Q96,3,THC,20,0,0,1,0.52,0.52,0.52,0.52,0,0,1,0.52,0,0,1,0,0
tpcds_sf10_t1,TPCDS SF10,tpcds,10,1,Q96,4,RPT+,20,0,0,1,0.52,0.52,0.52,0.52,0,0,1,0.52,0,0,1,0,0
tpcds_sf10_t1,TPCDS SF10,tpcds,10,1,Q97,1,Baseline,20,0,0,1,2.77,2.87,2.87,2.97,0.1,0.0196996956,1.03484321,2.87,0.036101083,0.0722021661,1,0,13
tpcds_sf10_t1,TPCDS SF10,tpcds,10,1,Q97,2,Forward-only,20,0,0,1,2.87,2.87,2.87,2.97,0.025,0.0152694024,1.03484321,2.87,0,0.0348432056,1,0,1
tpcds_sf10_t1,TPCDS SF10,tpcds,10,1,Q97,3,THC,20,0,0,1,2.87,2.87,2.87,2.971,0.1,0.0163473364,1.03519164,2.87,0,0.0351916376,1,0,0
tpcds_sf10_t1,TPCDS SF10,tpcds,10,1,Q97,4,RPT+,20,0,0,1,2.97,2.97,2.97,3.08,0.01,0.0128021584,1.03703704,2.97,0,0.037037037,1,0,5
tpcds_sf10_t1,TPCDS SF10,tpcds,10,1,Q98,1,Baseline,20,0,0,1,0.92,1.03,0.92,1.03,0,0.0387546683,1,1.03,0.119565217,0.119565217,0.15,0,3
tpcds_sf10_t1,TPCDS SF10,tpcds,10,1,Q98,2,Forward-only,20,0,0,1,0.72,0.72,0.72,0.72,0,0,1,0.72,0,0,1,0,0
tpcds_sf10_t1,TPCDS SF10,tpcds,10,1,Q98,3,THC,20,0,0,1,0.72,0.72,0.72,0.72,0,0,1,0.72,0,0,1,0,0
tpcds_sf10_t1,TPCDS SF10,tpcds,10,1,Q98,4,RPT+,20,0,0,1,0.62,0.62,0.62,0.62,0,0.0348711915,1,0.62,0,0,0.95,0,0
tpcds_sf10_t1,TPCDS SF10,tpcds,10,1,Q99,1,Baseline,20,0,0,1,0.82,0.82,0.82,0.82,0,0,1,0.82,0,0,1,0,0
tpcds_sf10_t1,TPCDS SF10,tpcds,10,1,Q99,2,Forward-only,20,0,0,1,0.82,0.82,0.82,0.82,0,0,1,0.82,0,0,1,0,0
tpcds_sf10_t1,TPCDS SF10,tpcds,10,1,Q99,3,THC,20,0,0,1,0.82,0.82,0.82,0.82,0,0,1,0.82,0,0,1,0,0
tpcds_sf10_t1,TPCDS SF10,tpcds,10,1,Q99,4,RPT+,20,0,0,1,1.03,1.03,1.03,1.03,0,0,1,1.03,0,0,1,0,0
tpcds_sf20_t1,TPCDS SF20,tpcds,20,1,Q01,1,Baseline,20,0,0,1,1.43,1.44,1.44,1.54,0.025,0.0298009161,1.06944444,1.44,0.00699300699,0.0769230769,1,0,0
tpcds_sf20_t1,TPCDS SF20,tpcds,20,1,Q01,2,Forward-only,20,0,0,1,1.44,1.54,1.44,1.54,0.1,0.0332771718,1,1.54,0.0694444444,0.0694444444,1,0,1
tpcds_sf20_t1,TPCDS SF20,tpcds,20,1,Q01,3,THC,20,0,0,1,1.95,1.95,1.95,1.95,0,0,1,1.95,0,0,1,0,0
tpcds_sf20_t1,TPCDS SF20,tpcds,20,1,Q01,4,RPT+,20,0,0,1,1.44,1.54,1.44,1.54,0.1,0.0316923323,1,1.54,0.0694444444,0.0694444444,1,0,0
tpcds_sf20_t1,TPCDS SF20,tpcds,20,1,Q02,1,Baseline,20,0,0,1,3.58,3.58,3.58,3.58,0,0,1,3.58,0,0,1,0,0
tpcds_sf20_t1,TPCDS SF20,tpcds,20,1,Q02,2,Forward-only,20,0,0,1,3.48,3.58,3.58,3.58,0,0.00615775104,1,3.58,0.0287356322,0.0287356322,1,0,13
tpcds_sf20_t1,TPCDS SF20,tpcds,20,1,Q02,3,THC,20,0,0,1,3.58,3.58,3.58,3.59,0,0.00111669458,1.0027933,3.58,0,0.00279329609,1,0,0
tpcds_sf20_t1,TPCDS SF20,tpcds,20,1,Q02,4,RPT+,20,0,0,1,3.48,3.59,3.58,3.59,0.01,0.00657816825,1,3.59,0.0316091954,0.0316091954,1,0,16
tpcds_sf20_t1,TPCDS SF20,tpcds,20,1,Q03,1,Baseline,20,0,0,1,1.85,2.255,1.85,2.56,0.71,0.15866166,1.13525499,2.255,0.218918919,0.383783784,0.5,0,1
tpcds_sf20_t1,TPCDS SF20,tpcds,20,1,Q03,2,Forward-only,20,0,0,1,1.44,1.49,1.44,1.54,0.1,0.033557047,1.03355705,1.49,0.0347222222,0.0694444444,1,0,0
tpcds_sf20_t1,TPCDS SF20,tpcds,20,1,Q03,3,THC,20,0,0,1,1.44,1.49,1.44,1.54,0.1,0.033557047,1.03355705,1.49,0.0347222222,0.0694444444,1,0,0
tpcds_sf20_t1,TPCDS SF20,tpcds,20,1,Q03,4,RPT+,20,0,0,1,1.44,1.49,1.44,1.54,0.1,0.033557047,1.03355705,1.49,0.0347222222,0.0694444444,1,0,0
tpcds_sf20_t1,TPCDS SF20,tpcds,20,1,Q04,1,Baseline,20,0,0,1,22.51,22.92,22.619,23.141,0.4025,0.00985652251,1.00964223,22.92,0.0182141271,0.0280319858,1,0,18
tpcds_sf20_t1,TPCDS SF20,tpcds,20,1,Q04,2,Forward-only,20,0,0,1,21.29,21.605,21.39,21.818,0.295,0.00839512902,1.00985883,21.605,0.0147956787,0.0248003758,1,0,18
tpcds_sf20_t1,TPCDS SF20,tpcds,20,1,Q04,3,THC,20,0,0,1,21.29,21.71,21.299,22.02,0.5,0.0133819437,1.01427913,21.71,0.0197275716,0.0342883983,1,0,2
tpcds_sf20_t1,TPCDS SF20,tpcds,20,1,Q04,4,RPT+,20,0,0,1,21.08,21.87,21.391,22.339,0.8525,0.0204425523,1.0214449,21.87,0.0374762808,0.0597248577,1,0,4
tpcds_sf20_t1,TPCDS SF20,tpcds,20,1,Q05,1,Baseline,20,0,0,1,4,4.1,4.1,4.2,0.1,0.0161211361,1.02439024,4.1,0.025,0.05,1,0,3
tpcds_sf20_t1,TPCDS SF20,tpcds,20,1,Q05,2,Forward-only,20,0,0,1,3.08,3.18,3.08,3.18,0,0.0150701296,1,3.18,0.0324675325,0.0324675325,1,0,0
tpcds_sf20_t1,TPCDS SF20,tpcds,20,1,Q05,3,THC,20,0,0,1,3.69,3.69,3.69,3.7,0,0.00852308001,1.00271003,3.69,0,0.0027100271,1,0,0
tpcds_sf20_t1,TPCDS SF20,tpcds,20,1,Q05,4,RPT+,20,0,0,1,3.08,3.18,3.08,3.18,0.1,0.0230935438,1,3.18,0.0324675325,0.0324675325,1,0,0
tpcds_sf20_t1,TPCDS SF20,tpcds,20,1,Q06,1,Baseline,20,0,0,1,6.24,6.34,6.24,6.441,0.125,0.0139336543,1.0159306,6.34,0.016025641,0.0322115385,1,0,0
tpcds_sf20_t1,TPCDS SF20,tpcds,20,1,Q06,2,Forward-only,20,0,0,1,6.14,6.34,6.24,6.35,0.1,0.0109143599,1.00157729,6.34,0.0325732899,0.0342019544,1,0,6
tpcds_sf20_t1,TPCDS SF20,tpcds,20,1,Q06,3,THC,20,0,0,1,6.14,6.29,6.24,6.35,0.1025,0.00976384028,1.00953895,6.29,0.0244299674,0.0342019544,1,0,16
tpcds_sf20_t1,TPCDS SF20,tpcds,20,1,Q06,4,RPT+,20,0,0,1,6.14,6.34,6.23,6.45,0.11,0.0139816544,1.01735016,6.34,0.0325732899,0.0504885993,1,0,6
tpcds_sf20_t1,TPCDS SF20,tpcds,20,1,Q07,1,Baseline,20,0,0,1,3.28,4.66,3.28,6.58,1.285,0.238723433,1.41201717,4.66,0.420731707,1.00609756,0.25,0.1,1
tpcds_sf20_t1,TPCDS SF20,tpcds,20,1,Q07,2,Forward-only,20,0,0,1,2.26,2.46,2.35,2.56,0.125,0.038962579,1.04065041,2.46,0.0884955752,0.132743363,0.75,0,8
tpcds_sf20_t1,TPCDS SF20,tpcds,20,1,Q07,3,THC,20,0,0,1,2.26,2.46,2.35,2.57,0.1275,0.0406318549,1.04471545,2.46,0.0884955752,0.137168142,0.75,0,2
tpcds_sf20_t1,TPCDS SF20,tpcds,20,1,Q07,4,RPT+,20,0,0,1,2.36,2.46,2.36,2.57,0.125,0.034201513,1.04471545,2.46,0.0423728814,0.0889830508,1,0,2
tpcds_sf20_t1,TPCDS SF20,tpcds,20,1,Q08,1,Baseline,20,0,0,1,2.97,3.07,3.06,3.07,0,0.0125304172,1,3.07,0.0336700337,0.0336700337,1,0,2
tpcds_sf20_t1,TPCDS SF20,tpcds,20,1,Q08,2,Forward-only,20,0,0,1,1.85,1.95,1.85,1.95,0.025,0.0224941663,1,1.95,0.0540540541,0.0540540541,1,0,8
tpcds_sf20_t1,TPCDS SF20,tpcds,20,1,Q08,3,THC,20,0,0,1,1.85,1.95,1.94,1.95,0,0.0154639175,1,1.95,0.0540540541,0.0540540541,1,0,12
tpcds_sf20_t1,TPCDS SF20,tpcds,20,1,Q08,4,RPT+,20,0,0,1,1.95,1.95,1.95,1.95,0,0.0111480791,1,1.95,0,0,1,0,0
tpcds_sf20_t1,TPCDS SF20,tpcds,20,1,Q09,1,Baseline,20,0,0,1,6.24,6.24,6.24,6.34,0.0025,0.00652505932,1.01602564,6.24,0,0.016025641,1,0,0
tpcds_sf20_t1,TPCDS SF20,tpcds,20,1,Q09,2,Forward-only,20,0,0,1,6.24,6.24,6.24,6.35,0.01,0.00677601634,1.01762821,6.24,0,0.0176282051,1,0,0
tpcds_sf20_t1,TPCDS SF20,tpcds,20,1,Q09,3,THC,20,0,0,1,6.24,6.24,6.24,6.35,0.01,0.00611423476,1.01762821,6.24,0,0.0176282051,1,0,0
tpcds_sf20_t1,TPCDS SF20,tpcds,20,1,Q09,4,RPT+,20,0,0,1,6.24,6.25,6.24,6.35,0.1025,0.00752839705,1.016,6.25,0.0016025641,0.0176282051,1,0,1
tpcds_sf20_t1,TPCDS SF20,tpcds,20,1,Q10,1,Baseline,20,0,0,1,2.36,2.46,2.45,2.56,0.1,0.0250500998,1.04065041,2.46,0.0423728814,0.0847457627,1,0,14
tpcds_sf20_t1,TPCDS SF20,tpcds,20,1,Q10,2,Forward-only,20,0,0,1,2.36,2.46,2.36,2.56,0.1,0.0286804355,1.04065041,2.46,0.0423728814,0.0847457627,1,0,12
tpcds_sf20_t1,TPCDS SF20,tpcds,20,1,Q10,3,THC,20,0,0,1,2.36,2.46,2.36,2.56,0.1,0.031749458,1.04065041,2.46,0.0423728814,0.0847457627,0.95,0,4
tpcds_sf20_t1,TPCDS SF20,tpcds,20,1,Q10,4,RPT+,20,0,0,1,1.13,1.33,1.23,1.34,0.11,0.0541589442,1.0075188,1.33,0.17699115,0.185840708,0.45,0,8
tpcds_sf20_t1,TPCDS SF20,tpcds,20,1,Q11,1,Baseline,20,0,0,1,15.45,15.76,15.641,15.971,0.3025,0.011062092,1.01338832,15.76,0.0200647249,0.0337216828,1,0,5
tpcds_sf20_t1,TPCDS SF20,tpcds,20,1,Q11,2,Forward-only,20,0,0,1,14.33,14.54,14.421,14.65,0.19,0.00834704399,1.00756534,14.54,0.0146545708,0.0223307746,1,0,5
tpcds_sf20_t1,TPCDS SF20,tpcds,20,1,Q11,3,THC,20,0,0,1,14.33,14.545,14.33,14.85,0.2575,0.0126183643,1.02096941,14.545,0.0150034892,0.0362875087,1,0,1
tpcds_sf20_t1,TPCDS SF20,tpcds,20,1,Q11,4,RPT+,20,0,0,1,14.13,14.75,14.229,15.151,0.675,0.0263518456,1.02718644,14.75,0.0438782732,0.0722576079,1,0,4
tpcds_sf20_t1,TPCDS SF20,tpcds,20,1,Q12,1,Baseline,20,0,0,1,0.51,0.52,0.51,0.52,0,0.00772200772,1,0.52,0.0196078431,0.0196078431,1,0,3
tpcds_sf20_t1,TPCDS SF20,tpcds,20,1,Q12,2,Forward-only,20,0,0,1,0.41,0.41,0.41,0.41,0,0,1,0.41,0,0,1,0,0
tpcds_sf20_t1,TPCDS SF20,tpcds,20,1,Q12,3,THC,20,0,0,1,0.41,0.41,0.41,0.41,0,0,1,0.41,0,0,1,0,0
tpcds_sf20_t1,TPCDS SF20,tpcds,20,1,Q12,4,RPT+,20,0,0,1,0.41,0.41,0.41,0.41,0,0,1,0.41,0,0,1,0,0
tpcds_sf20_t1,TPCDS SF20,tpcds,20,1,Q13,1,Baseline,20,0,0,1,4.1,4.97,4.19,6.35,1.075,0.153393001,1.277666,4.97,0.212195122,0.548780488,0.25,0,12
tpcds_sf20_t1,TPCDS SF20,tpcds,20,1,Q13,2,Forward-only,20,0,0,1,4.41,5.225,4.41,6.57,1.1,0.146558526,1.25741627,5.225,0.184807256,0.489795918,0.25,0,0
tpcds_sf20_t1,TPCDS SF20,tpcds,20,1,Q13,3,THC,20,0,0,1,4.41,5.23,4.41,6.66,1.1075,0.147765727,1.27342256,5.23,0.185941043,0.510204082,0.25,0,0
tpcds_sf20_t1,TPCDS SF20,tpcds,20,1,Q13,4,RPT+,20,0,0,1,4.71,5.02,4.71,5.23,0.31,0.0371531136,1.04183267,5.02,0.0658174098,0.110403397,0.8,0,4
tpcds_sf20_t1,TPCDS SF20,tpcds,20,1,Q14,1,Baseline,20,0,0,1,38.65,39.87,38.938,40.09,0.665,0.0144793272,1.00551793,39.87,0.0315653299,0.0372574386,1,0,1
tpcds_sf20_t1,TPCDS SF20,tpcds,20,1,Q14,2,Forward-only,20,0,0,1,38.56,39.84,38.759,40.6,1.395,0.0187534766,1.01907631,39.84,0.0331950207,0.0529045643,1,0,12
tpcds_sf20_t1,TPCDS SF20,tpcds,20,1,Q14,3,THC,20,0,0,1,38.27,39.785,38.97,40.602,1.2475,0.0176423209,1.02053538,39.785,0.039587144,0.0609354586,1,0,10
tpcds_sf20_t1,TPCDS SF20,tpcds,20,1,Q14,4,RPT+,20,0,0,1,39.07,40.445,39.287,41.329,1.2,0.0186085742,1.02185684,40.445,0.0351932429,0.0578192987,1,0,11
tpcds_sf20_t1,TPCDS SF20,tpcds,20,1,Q15,1,Baseline,20,0,0,1,0.31,0.31,0.31,0.31,0,0,1,0.31,0,0,1,0,0
tpcds_sf20_t1,TPCDS SF20,tpcds,20,1,Q15,2,Forward-only,20,0,0,1,0.31,0.31,0.31,0.31,0,0,1,0.31,0,0,1,0,0
tpcds_sf20_t1,TPCDS SF20,tpcds,20,1,Q15,3,THC,20,0,0,1,0.31,0.31,0.31,0.31,0,0,1,0.31,0,0,1,0,0
tpcds_sf20_t1,TPCDS SF20,tpcds,20,1,Q15,4,RPT+,20,0,0,1,0.31,0.31,0.31,0.31,0,0,1,0.31,0,0,1,0,0
tpcds_sf20_t1,TPCDS SF20,tpcds,20,1,Q16,1,Baseline,20,0,0,1,0.41,0.41,0.41,0.41,0,0,1,0.41,0,0,1,0,0
tpcds_sf20_t1,TPCDS SF20,tpcds,20,1,Q16,2,Forward-only,20,0,0,1,0.31,0.41,0.31,0.41,0.1,0.136299649,1,0.41,0.322580645,0.322580645,0.45,0,2
tpcds_sf20_t1,TPCDS SF20,tpcds,20,1,Q16,3,THC,20,0,0,1,0.31,0.31,0.31,0.41,0.1,0.140139076,1.32258065,0.31,0,0.322580645,0.55,0,0
tpcds_sf20_t1,TPCDS SF20,tpcds,20,1,Q16,4,RPT+,20,0,0,1,0.31,0.41,0.31,0.41,0.1,0.136299649,1,0.41,0.322580645,0.322580645,0.45,0,2
tpcds_sf20_t1,TPCDS SF20,tpcds,20,1,Q17,1,Baseline,20,0,0,1,2.97,5.125,3.459,6.46,2.66,0.269764752,1.2604878,5.125,0.725589226,1.17508418,0.1,0.3,11
tpcds_sf20_t1,TPCDS SF20,tpcds,20,1,Q17,2,Forward-only,20,0,0,1,2.05,2.26,2.15,2.47,0.1275,0.0584367405,1.09292035,2.26,0.102439024,0.204878049,0.25,0,11
tpcds_sf20_t1,TPCDS SF20,tpcds,20,1,Q17,3,THC,20,0,0,1,2.16,2.26,2.25,2.471,0.1,0.0489141455,1.09336283,2.26,0.0462962963,0.143981481,0.8,0,1
tpcds_sf20_t1,TPCDS SF20,tpcds,20,1,Q17,4,RPT+,20,0,0,1,2.26,2.36,2.26,2.67,0.125,0.0608139852,1.13135593,2.36,0.0442477876,0.181415929,0.8,0,3
tpcds_sf20_t1,TPCDS SF20,tpcds,20,1,Q18,1,Baseline,20,0,0,1,1.13,1.33,1.13,2.193,0.4375,0.43643914,1.64887218,1.33,0.17699115,0.940707965,0.45,0.1,1
tpcds_sf20_t1,TPCDS SF20,tpcds,20,1,Q18,2,Forward-only,20,0,0,1,0.72,0.82,0.72,0.921,0.1,0.0926339575,1.12317073,0.82,0.138888889,0.279166667,0.45,0,1
tpcds_sf20_t1,TPCDS SF20,tpcds,20,1,Q18,3,THC,20,0,0,1,0.72,0.82,0.72,0.921,0.1,0.0900149956,1.12317073,0.82,0.138888889,0.279166667,0.4,0,1
tpcds_sf20_t1,TPCDS SF20,tpcds,20,1,Q18,4,RPT+,20,0,0,1,0.62,0.72,0.72,0.82,0.1,0.0719718476,1.13888889,0.72,0.161290323,0.322580645,0.05,0,6
tpcds_sf20_t1,TPCDS SF20,tpcds,20,1,Q19,1,Baseline,20,0,0,1,2.26,2.72,2.26,3.131,0.66,0.153182829,1.15110294,2.72,0.203539823,0.38539823,0.4,0,2
tpcds_sf20_t1,TPCDS SF20,tpcds,20,1,Q19,2,Forward-only,20,0,0,1,1.54,1.54,1.54,1.54,0,0.0141064691,1,1.54,0,0,1,0,0
tpcds_sf20_t1,TPCDS SF20,tpcds,20,1,Q19,3,THC,20,0,0,1,1.44,1.54,1.54,1.54,0,0.0141983679,1,1.54,0.0694444444,0.0694444444,1,0,13
tpcds_sf20_t1,TPCDS SF20,tpcds,20,1,Q19,4,RPT+,20,0,0,1,1.44,1.54,1.44,1.55,0.025,0.0375263054,1.00649351,1.54,0.0694444444,0.0763888889,0.9,0,5
tpcds_sf20_t1,TPCDS SF20,tpcds,20,1,Q20,1,Baseline,20,0,0,1,0.21,0.21,0.21,0.21,0,0,1,0.21,0,0,1,0,0
tpcds_sf20_t1,TPCDS SF20,tpcds,20,1,Q20,2,Forward-only,20,0,0,1,0.21,0.21,0.21,0.21,0,0,1,0.21,0,0,1,0,0
tpcds_sf20_t1,TPCDS SF20,tpcds,20,1,Q20,3,THC,20,0,0,1,0.21,0.21,0.21,0.21,0,0,1,0.21,0,0,1,0,0
tpcds_sf20_t1,TPCDS SF20,tpcds,20,1,Q20,4,RPT+,20,0,0,1,0.21,0.21,0.21,0.21,0,0,1,0.21,0,0,1,0,0
tpcds_sf20_t1,TPCDS SF20,tpcds,20,1,Q21,1,Baseline,20,0,0,1,0.11,0.11,0.11,0.11,0,0,1,0.11,0,0,1,0,0
tpcds_sf20_t1,TPCDS SF20,tpcds,20,1,Q21,2,Forward-only,20,0,0,1,0.11,0.11,0.11,0.11,0,0,1,0.11,0,0,1,0,0
tpcds_sf20_t1,TPCDS SF20,tpcds,20,1,Q21,3,THC,20,0,0,1,0.11,0.11,0.11,0.11,0,0,1,0.11,0,0,1,0,0
tpcds_sf20_t1,TPCDS SF20,tpcds,20,1,Q21,4,RPT+,20,0,0,1,0.11,0.11,0.11,0.11,0,0,1,0.11,0,0,1,0,0
tpcds_sf20_t1,TPCDS SF20,tpcds,20,1,Q22,1,Baseline,20,0,0,1,1.54,1.64,1.64,1.64,0,0.0133299662,1,1.64,0.0649350649,0.0649350649,1,0,14
tpcds_sf20_t1,TPCDS SF20,tpcds,20,1,Q22,2,Forward-only,20,0,0,1,1.64,1.64,1.64,1.64,0,0,1,1.64,0,0,1,0,0
tpcds_sf20_t1,TPCDS SF20,tpcds,20,1,Q22,3,THC,20,0,0,1,1.64,1.64,1.64,1.64,0,0,1,1.64,0,0,1,0,0
tpcds_sf20_t1,TPCDS SF20,tpcds,20,1,Q22,4,RPT+,20,0,0,1,1.64,1.64,1.64,1.64,0,0.013248933,1,1.64,0,0,1,0,0
tpcds_sf20_t1,TPCDS SF20,tpcds,20,1,Q23,1,Baseline,20,0,0,1,23.34,24.2,23.829,24.451,0.3,0.0114926309,1.0103719,24.2,0.0368466153,0.0476006855,1,0,13
tpcds_sf20_t1,TPCDS SF20,tpcds,20,1,Q23,2,Forward-only,20,0,0,1,24.05,24.41,24.16,24.871,0.41,0.0119375032,1.0188857,24.41,0.014968815,0.0341372141,1,0,15
tpcds_sf20_t1,TPCDS SF20,tpcds,20,1,Q23,3,THC,20,0,0,1,23.85,24.625,24.142,24.881,0.51,0.0121508483,1.01039594,24.625,0.0324947589,0.0432285115,1,0,17
tpcds_sf20_t1,TPCDS SF20,tpcds,20,1,Q23,4,RPT+,20,0,0,1,24.07,24.675,24.279,25.09,0.345,0.0124845198,1.01681864,24.675,0.0251350229,0.0423764022,1,0,19
tpcds_sf20_t1,TPCDS SF20,tpcds,20,1,Q24,1,Baseline,20,0,0,1,4.1,6.6,4.19,62.119,6.2925,1.40560913,9.4119697,6.6,0.609756098,14.1509756,0.25,0.35,3
tpcds_sf20_t1,TPCDS SF20,tpcds,20,1,Q24,2,Forward-only,20,0,0,1,2.15,3.13,2.649,70.635,0.3025,1.83854532,22.5670927,3.13,0.455813953,31.8534884,0.05,0.2,0
tpcds_sf20_t1,TPCDS SF20,tpcds,20,1,Q24,3,THC,20,0,0,1,2.15,3.28,2.649,84.517,0.31,1.8898364,25.767378,3.28,0.525581395,38.3102326,0.05,0.2,0
tpcds_sf20_t1,TPCDS SF20,tpcds,20,1,Q24,4,RPT+,20,0,0,1,2.15,3.49,2.919,66.071,0.18,1.77525272,18.9315186,3.49,0.623255814,29.7306977,0.05,0.2,0
tpcds_sf20_t1,TPCDS SF20,tpcds,20,1,Q25,1,Baseline,20,0,0,1,2.56,3.28,2.76,6.071,2.87,0.394357373,1.85091463,3.28,0.28125,1.37148438,0.2,0.35,1
tpcds_sf20_t1,TPCDS SF20,tpcds,20,1,Q25,2,Forward-only,20,0,0,1,1.95,2.155,2.04,2.26,0.06,0.0468591667,1.0487239,2.155,0.105128205,0.158974359,0.25,0,1
tpcds_sf20_t1,TPCDS SF20,tpcds,20,1,Q25,3,THC,20,0,0,1,1.95,2.16,2.05,2.26,0.135,0.0444921732,1.0462963,2.16,0.107692308,0.158974359,0.3,0,11
tpcds_sf20_t1,TPCDS SF20,tpcds,20,1,Q25,4,RPT+,20,0,0,1,1.95,2.1,1.95,2.26,0.11,0.0457617028,1.07619048,2.1,0.0769230769,0.158974359,0.5,0,11
tpcds_sf20_t1,TPCDS SF20,tpcds,20,1,Q26,1,Baseline,20,0,0,1,0.62,0.82,0.62,1.64,0.535,0.378280937,2,0.82,0.322580645,1.64516129,0.25,0.15,1
tpcds_sf20_t1,TPCDS SF20,tpcds,20,1,Q26,2,Forward-only,20,0,0,1,0.41,0.52,0.41,0.52,0.11,0.11256227,1,0.52,0.268292683,0.268292683,0.4,0,2
tpcds_sf20_t1,TPCDS SF20,tpcds,20,1,Q26,3,THC,20,0,0,1,0.41,0.515,0.41,0.52,0.11,0.115561495,1.00970874,0.515,0.256097561,0.268292683,0.45,0,2
tpcds_sf20_t1,TPCDS SF20,tpcds,20,1,Q26,4,RPT+,20,0,0,1,0.41,0.52,0.5,0.52,0,0.0647102591,1,0.52,0.268292683,0.268292683,0.1,0,2
tpcds_sf20_t1,TPCDS SF20,tpcds,20,1,Q27,1,Baseline,20,0,0,1,7.67,11.92,9.11,14.171,2.915,0.170406706,1.18884228,11.92,0.55410691,0.847588005,0.05,0.05,0
tpcds_sf20_t1,TPCDS SF20,tpcds,20,1,Q27,2,Forward-only,20,0,0,1,4.82,5.17,4.92,5.34,0.21,0.0306189083,1.03288201,5.17,0.0726141079,0.107883817,0.85,0,11
tpcds_sf20_t1,TPCDS SF20,tpcds,20,1,Q27,3,THC,20,0,0,1,4.92,5.225,4.92,5.34,0.21,0.0303651931,1.02200957,5.225,0.0619918699,0.0853658537,0.9,0,6
tpcds_sf20_t1,TPCDS SF20,tpcds,20,1,Q27,4,RPT+,20,0,0,1,4.92,5.175,4.92,5.33,0.16,0.0283464383,1.02995169,5.175,0.0518292683,0.0833333333,0.95,0,6
tpcds_sf20_t1,TPCDS SF20,tpcds,20,1,Q28,1,Baseline,20,0,0,1,6.55,6.65,6.65,6.65,0,0.00475530475,1,6.65,0.0152671756,0.0152671756,1,0,13
tpcds_sf20_t1,TPCDS SF20,tpcds,20,1,Q28,2,Forward-only,20,0,0,1,6.55,6.65,6.55,6.76,0.035,0.00984936794,1.01654135,6.65,0.0152671756,0.0320610687,1,0,1
tpcds_sf20_t1,TPCDS SF20,tpcds,20,1,Q28,3,THC,20,0,0,1,6.55,6.65,6.55,6.67,0.11,0.00951446116,1.00300752,6.65,0.0152671756,0.0183206107,1,0,2
tpcds_sf20_t1,TPCDS SF20,tpcds,20,1,Q28,4,RPT+,20,0,0,1,6.56,6.66,6.65,6.66,0.01,0.00479992348,1,6.66,0.0152439024,0.0152439024,1,0,8
tpcds_sf20_t1,TPCDS SF20,tpcds,20,1,Q29,1,Baseline,20,0,0,1,3.59,4.3,4,6.261,1.665,0.250010887,1.45604651,4.3,0.197771588,0.744011142,0.05,0.05,11
tpcds_sf20_t1,TPCDS SF20,tpcds,20,1,Q29,2,Forward-only,20,0,0,1,2.77,3.125,2.87,3.8,0.545,0.113603358,1.216,3.125,0.128158845,0.371841155,0.45,0,11
tpcds_sf20_t1,TPCDS SF20,tpcds,20,1,Q29,3,THC,20,0,0,1,2.77,2.975,2.87,3.8,0.645,0.117073458,1.27731092,2.975,0.0740072202,0.371841155,0.55,0,11
tpcds_sf20_t1,TPCDS SF20,tpcds,20,1,Q29,4,RPT+,20,0,0,1,2.77,3.23,2.86,3.59,0.645,0.0991328664,1.11145511,3.23,0.166064982,0.296028881,0.4,0,11
tpcds_sf20_t1,TPCDS SF20,tpcds,20,1,Q30,1,Baseline,20,0,0,1,0.41,0.41,0.41,0.41,0,0,1,0.41,0,0,1,0,0
tpcds_sf20_t1,TPCDS SF20,tpcds,20,1,Q30,2,Forward-only,20,0,0,1,0.41,0.41,0.41,0.41,0,0,1,0.41,0,0,1,0,0
tpcds_sf20_t1,TPCDS SF20,tpcds,20,1,Q30,3,THC,20,0,0,1,0.41,0.41,0.41,0.41,0,0,1,0.41,0,0,1,0,0
tpcds_sf20_t1,TPCDS SF20,tpcds,20,1,Q30,4,RPT+,20,0,0,1,0.31,0.36,0.31,0.41,0.1,0.138888889,1.13888889,0.36,0.161290323,0.322580645,0.5,0,0
tpcds_sf20_t1,TPCDS SF20,tpcds,20,1,Q31,1,Baseline,20,0,0,1,3.79,3.89,3.79,3.901,0,0.0144131577,1.00282776,3.89,0.0263852243,0.0292875989,1,0,8
tpcds_sf20_t1,TPCDS SF20,tpcds,20,1,Q31,2,Forward-only,20,0,0,1,2.67,2.77,2.76,2.77,0,0.0108695652,1,2.77,0.0374531835,0.0374531835,1,0,12
tpcds_sf20_t1,TPCDS SF20,tpcds,20,1,Q31,3,THC,20,0,0,1,2.67,2.77,2.67,2.77,0,0.0157931121,1,2.77,0.0374531835,0.0374531835,1,0,3
tpcds_sf20_t1,TPCDS SF20,tpcds,20,1,Q31,4,RPT+,20,0,0,1,2.66,2.67,2.66,2.67,0,0.00838679159,1,2.67,0.0037593985,0.0037593985,1,0,3
tpcds_sf20_t1,TPCDS SF20,tpcds,20,1,Q32,1,Baseline,20,0,0,1,0.11,0.16,0.11,0.21,0.1,0.3125,1.3125,0.16,0.454545455,0.909090909,0.5,0,1
tpcds_sf20_t1,TPCDS SF20,tpcds,20,1,Q32,2,Forward-only,20,0,0,1,0.11,0.11,0.11,0.11,0,0,1,0.11,0,0,1,0,0
tpcds_sf20_t1,TPCDS SF20,tpcds,20,1,Q32,3,THC,20,0,0,1,0.11,0.11,0.11,0.11,0,0,1,0.11,0,0,1,0,0
tpcds_sf20_t1,TPCDS SF20,tpcds,20,1,Q32,4,RPT+,20,0,0,1,0.11,0.11,0.11,0.11,0,0,1,0.11,0,0,1,0,0
tpcds_sf20_t1,TPCDS SF20,tpcds,20,1,Q33,1,Baseline,20,0,0,1,2.36,2.46,2.36,2.46,0.1,0.0229126105,1,2.46,0.0423728814,0.0423728814,1,0,0
tpcds_sf20_t1,TPCDS SF20,tpcds,20,1,Q33,2,Forward-only,20,0,0,1,1.64,1.75,1.74,1.75,0.01,0.0192135736,1,1.75,0.0670731707,0.0670731707,0.95,0,0
tpcds_sf20_t1,TPCDS SF20,tpcds,20,1,Q33,3,THC,20,0,0,1,1.74,1.75,1.74,1.75,0.01,0.0130905764,1,1.75,0.00574712644,0.00574712644,1,0,0
tpcds_sf20_t1,TPCDS SF20,tpcds,20,1,Q33,4,RPT+,20,0,0,1,1.74,1.75,1.74,1.75,0.01,0.00262311145,1,1.75,0.00574712644,0.00574712644,1,0,0
tpcds_sf20_t1,TPCDS SF20,tpcds,20,1,Q34,1,Baseline,20,0,0,1,3.48,3.99,3.48,4.2,0.6125,0.0819453599,1.05263158,3.99,0.146551724,0.206896552,0.45,0,0
tpcds_sf20_t1,TPCDS SF20,tpcds,20,1,Q34,2,Forward-only,20,0,0,1,1.85,1.95,1.85,1.95,0,0.0184533034,1,1.95,0.0540540541,0.0540540541,1,0,7
tpcds_sf20_t1,TPCDS SF20,tpcds,20,1,Q34,3,THC,20,0,0,1,1.85,1.95,1.85,1.95,0,0.0184533034,1,1.95,0.0540540541,0.0540540541,1,0,7
tpcds_sf20_t1,TPCDS SF20,tpcds,20,1,Q34,4,RPT+,20,0,0,1,1.95,2.05,1.95,2.05,0.025,0.0213833433,1,2.05,0.0512820513,0.0512820513,1,0,3
tpcds_sf20_t1,TPCDS SF20,tpcds,20,1,Q35,1,Baseline,20,0,0,1,4.09,4.2,4.099,4.21,0.1,0.0156354891,1.00238095,4.2,0.0268948655,0.0293398533,1,0,0
tpcds_sf20_t1,TPCDS SF20,tpcds,20,1,Q35,2,Forward-only,20,0,0,1,3.99,4.1,4.1,4.2,0.1,0.0143828489,1.02439024,4.1,0.0275689223,0.0526315789,1,0,1
tpcds_sf20_t1,TPCDS SF20,tpcds,20,1,Q35,3,THC,20,0,0,1,3.99,4.2,4.1,4.2,0.1,0.0145691115,1,4.2,0.0526315789,0.0526315789,1,0,17
tpcds_sf20_t1,TPCDS SF20,tpcds,20,1,Q35,4,RPT+,20,0,0,1,2.77,2.87,2.87,2.97,0.025,0.0176436661,1.03484321,2.87,0.036101083,0.0722021661,1,0,6
tpcds_sf20_t1,TPCDS SF20,tpcds,20,1,Q36,1,Baseline,20,0,0,1,4.51,4.71,4.61,4.81,0.2,0.0212843201,1.02123142,4.71,0.044345898,0.066518847,1,0,6
tpcds_sf20_t1,TPCDS SF20,tpcds,20,1,Q36,2,Forward-only,20,0,0,1,4.61,4.82,4.8,5.02,0.1025,0.0205029174,1.04149378,4.82,0.0455531453,0.0889370933,1,0,6
tpcds_sf20_t1,TPCDS SF20,tpcds,20,1,Q36,3,THC,20,0,0,1,4.71,4.87,4.71,5.02,0.1025,0.0217118247,1.03080082,4.87,0.033970276,0.0658174098,1,0,2
tpcds_sf20_t1,TPCDS SF20,tpcds,20,1,Q36,4,RPT+,20,0,0,1,4.1,4.2,4.2,4.301,0.1,0.0137935422,1.02404762,4.2,0.0243902439,0.0490243902,1,0,15
tpcds_sf20_t1,TPCDS SF20,tpcds,20,1,Q37,1,Baseline,13,7,0,0.65,0.31,0.92,0.31,15.892,15.43,1.15927471,17.273913,15.74,1.96774194,50.2645161,0.25,0.75,2
tpcds_sf20_t1,TPCDS SF20,tpcds,20,1,Q37,2,Forward-only,20,0,0,1,0.31,0.31,0.31,0.31,0,0,1,0.31,0,0,1,0,0
tpcds_sf20_t1,TPCDS SF20,tpcds,20,1,Q37,3,THC,20,0,0,1,0.31,0.31,0.31,0.31,0,0,1,0.31,0,0,1,0,0
tpcds_sf20_t1,TPCDS SF20,tpcds,20,1,Q37,4,RPT+,20,0,0,1,0.21,0.21,0.21,0.21,0,0,1,0.21,0,0,1,0,0
tpcds_sf20_t1,TPCDS SF20,tpcds,20,1,Q38,1,Baseline,20,0,0,1,5.22,5.32,5.22,5.421,0.125,0.0159047028,1.01898496,5.32,0.0191570881,0.0385057471,1,0,0
tpcds_sf20_t1,TPCDS SF20,tpcds,20,1,Q38,2,Forward-only,20,0,0,1,5.33,5.53,5.43,5.53,0.1,0.0106210417,1,5.53,0.0375234522,0.0375234522,1,0,8
tpcds_sf20_t1,TPCDS SF20,tpcds,20,1,Q38,3,THC,20,0,0,1,5.32,5.53,5.411,5.53,0.1,0.0124893421,1,5.53,0.0394736842,0.0394736842,1,0,17
tpcds_sf20_t1,TPCDS SF20,tpcds,20,1,Q38,4,RPT+,20,0,0,1,4.71,4.81,4.71,4.82,0.11,0.0105651615,1.002079,4.81,0.0212314225,0.0233545648,1,0,6
tpcds_sf20_t1,TPCDS SF20,tpcds,20,1,Q39,1,Baseline,20,0,0,1,0.21,0.21,0.21,0.21,0,0,1,0.21,0,0,1,0,0
tpcds_sf20_t1,TPCDS SF20,tpcds,20,1,Q39,2,Forward-only,20,0,0,1,0.21,0.21,0.21,0.21,0,0,1,0.21,0,0,1,0,0
tpcds_sf20_t1,TPCDS SF20,tpcds,20,1,Q39,3,THC,20,0,0,1,0.21,0.21,0.21,0.21,0,0,1,0.21,0,0,1,0,0
tpcds_sf20_t1,TPCDS SF20,tpcds,20,1,Q39,4,RPT+,20,0,0,1,0.21,0.21,0.21,0.21,0,0,1,0.21,0,0,1,0,0
tpcds_sf20_t1,TPCDS SF20,tpcds,20,1,Q40,1,Baseline,20,0,0,1,0.41,0.46,0.41,0.52,0.1,0.111813307,1.13043478,0.46,0.12195122,0.268292683,0.5,0,0
tpcds_sf20_t1,TPCDS SF20,tpcds,20,1,Q40,2,Forward-only,20,0,0,1,0.41,0.41,0.41,0.41,0,0,1,0.41,0,0,1,0,0
tpcds_sf20_t1,TPCDS SF20,tpcds,20,1,Q40,3,THC,20,0,0,1,0.41,0.41,0.41,0.41,0,0,1,0.41,0,0,1,0,0
tpcds_sf20_t1,TPCDS SF20,tpcds,20,1,Q40,4,RPT+,20,0,0,1,0.11,0.11,0.11,0.11,0,0,1,0.11,0,0,1,0,0
tpcds_sf20_t1,TPCDS SF20,tpcds,20,1,Q41,1,Baseline,20,0,0,1,0.1,0.11,0.109,0.11,0,0.0275229358,1,0.11,0.1,0.1,1,0,0
tpcds_sf20_t1,TPCDS SF20,tpcds,20,1,Q41,2,Forward-only,20,0,0,1,0.11,0.11,0.11,0.11,0,0,1,0.11,0,0,1,0,0
tpcds_sf20_t1,TPCDS SF20,tpcds,20,1,Q41,3,THC,20,0,0,1,0.11,0.11,0.11,0.11,0,0,1,0.11,0,0,1,0,0
tpcds_sf20_t1,TPCDS SF20,tpcds,20,1,Q41,4,RPT+,20,0,0,1,0.11,0.11,0.11,0.11,0,0,1,0.11,0,0,1,0,0
tpcds_sf20_t1,TPCDS SF20,tpcds,20,1,Q42,1,Baseline,20,0,0,1,1.64,1.895,1.74,2.05,0.31,0.085396891,1.0817942,1.895,0.155487805,0.25,0.5,0,15
tpcds_sf20_t1,TPCDS SF20,tpcds,20,1,Q42,2,Forward-only,20,0,0,1,1.03,1.03,1.03,1.13,0,0.0380952381,1.09708738,1.03,0,0.0970873786,1,0,0
tpcds_sf20_t1,TPCDS SF20,tpcds,20,1,Q42,3,THC,20,0,0,1,1.03,1.03,1.03,1.13,0.025,0.041043858,1.09708738,1.03,0,0.0970873786,1,0,0
tpcds_sf20_t1,TPCDS SF20,tpcds,20,1,Q42,4,RPT+,20,0,0,1,1.03,1.03,1.03,1.13,0.1,0.0432318462,1.09708738,1.03,0,0.0970873786,1,0,0
tpcds_sf20_t1,TPCDS SF20,tpcds,20,1,Q43,1,Baseline,20,0,0,1,3.68,3.79,3.689,3.79,0.1,0.0136034525,1,3.79,0.0298913043,0.0298913043,1,0,2
tpcds_sf20_t1,TPCDS SF20,tpcds,20,1,Q43,2,Forward-only,20,0,0,1,3.89,3.94,3.89,4.09,0.1025,0.0187319826,1.03807107,3.94,0.0128534704,0.0514138817,1,0,1
tpcds_sf20_t1,TPCDS SF20,tpcds,20,1,Q43,3,THC,20,0,0,1,3.89,3.99,3.89,4,0.1,0.0119349727,1.00250627,3.99,0.0257069409,0.028277635,1,0,2
tpcds_sf20_t1,TPCDS SF20,tpcds,20,1,Q43,4,RPT+,20,0,0,1,3.17,3.28,3.18,3.28,0.1,0.0143511971,1,3.28,0.0347003155,0.0347003155,1,0,4
tpcds_sf20_t1,TPCDS SF20,tpcds,20,1,Q44,1,Baseline,20,0,0,1,10.23,10.43,10.41,10.53,0.0325,0.00895679293,1.00958773,10.43,0.0195503421,0.0293255132,1,0,2
tpcds_sf20_t1,TPCDS SF20,tpcds,20,1,Q44,2,Forward-only,20,0,0,1,10.33,10.48,10.33,10.65,0.2,0.0119036897,1.01622137,10.48,0.0145208132,0.0309777348,1,0,13
tpcds_sf20_t1,TPCDS SF20,tpcds,20,1,Q44,3,THC,20,0,0,1,10.33,10.485,10.33,10.64,0.1025,0.0100300398,1.01478302,10.485,0.0150048403,0.0300096805,1,0,3
tpcds_sf20_t1,TPCDS SF20,tpcds,20,1,Q44,4,RPT+,20,0,0,1,10.43,10.64,10.53,10.741,0.2,0.00851757899,1.00949248,10.64,0.0201342282,0.0298178332,1,0,3
tpcds_sf20_t1,TPCDS SF20,tpcds,20,1,Q45,1,Baseline,20,0,0,1,0.72,0.82,0.72,1.03,0.1275,0.122804175,1.25609756,0.82,0.138888889,0.430555556,0.15,0,1
tpcds_sf20_t1,TPCDS SF20,tpcds,20,1,Q45,2,Forward-only,20,0,0,1,0.51,0.57,0.52,0.62,0.1,0.0887524755,1.0877193,0.57,0.117647059,0.215686275,0.5,0,6
tpcds_sf20_t1,TPCDS SF20,tpcds,20,1,Q45,3,THC,20,0,0,1,0.51,0.62,0.52,0.62,0.1,0.0876349883,1,0.62,0.215686275,0.215686275,0.45,0,1
tpcds_sf20_t1,TPCDS SF20,tpcds,20,1,Q45,4,RPT+,20,0,0,1,0.52,0.62,0.52,0.62,0.1,0.0815332651,1,0.62,0.192307692,0.192307692,0.35,0,0
tpcds_sf20_t1,TPCDS SF20,tpcds,20,1,Q46,1,Baseline,20,0,0,1,4.92,5.58,5.02,6.05,0.72,0.0703243084,1.08422939,5.58,0.134146341,0.229674797,0.35,0,10
tpcds_sf20_t1,TPCDS SF20,tpcds,20,1,Q46,2,Forward-only,20,0,0,1,3.28,3.38,3.28,3.38,0.1,0.0174670041,1,3.38,0.0304878049,0.0304878049,1,0,1
tpcds_sf20_t1,TPCDS SF20,tpcds,20,1,Q46,3,THC,20,0,0,1,3.28,3.38,3.28,3.39,0.1,0.0180374978,1.00295858,3.38,0.0304878049,0.0335365854,1,0,1
tpcds_sf20_t1,TPCDS SF20,tpcds,20,1,Q46,4,RPT+,20,0,0,1,3.28,3.49,3.38,3.69,0.2,0.0326555312,1.05730659,3.49,0.0640243902,0.125,0.85,0,11
tpcds_sf20_t1,TPCDS SF20,tpcds,20,1,Q47,1,Baseline,20,0,0,1,6.86,7.165,6.95,7.27,0.2025,0.0190151556,1.01465457,7.165,0.0444606414,0.0597667638,1,0,6
tpcds_sf20_t1,TPCDS SF20,tpcds,20,1,Q47,2,Forward-only,20,0,0,1,7.07,7.27,7.17,7.471,0.1,0.0183305034,1.02764787,7.27,0.0282885431,0.056718529,1,0,10
tpcds_sf20_t1,TPCDS SF20,tpcds,20,1,Q47,3,THC,20,0,0,1,7.17,7.32,7.17,7.389,0.135,0.0134907589,1.00942623,7.32,0.0209205021,0.0305439331,1,0,3
tpcds_sf20_t1,TPCDS SF20,tpcds,20,1,Q47,4,RPT+,20,0,0,1,7.07,7.28,7.16,7.38,0.0925,0.0131125416,1.01373626,7.28,0.0297029703,0.0438472419,1,0,1
tpcds_sf20_t1,TPCDS SF20,tpcds,20,1,Q48,1,Baseline,20,0,0,1,3.69,4.4,3.78,5.061,0.415,0.117167615,1.15022727,4.4,0.192411924,0.371544715,0.25,0,0
tpcds_sf20_t1,TPCDS SF20,tpcds,20,1,Q48,2,Forward-only,20,0,0,1,3.79,4.61,3.889,5.271,0.355,0.112270754,1.14338395,4.61,0.216358839,0.390765172,0.2,0,4
tpcds_sf20_t1,TPCDS SF20,tpcds,20,1,Q48,3,THC,20,0,0,1,3.9,4.765,4,5.531,0.4375,0.108987234,1.16075551,4.765,0.221794872,0.418205128,0.25,0,8
tpcds_sf20_t1,TPCDS SF20,tpcds,20,1,Q48,4,RPT+,20,0,0,1,4.41,4.56,4.41,5.65,0.125,0.0896964942,1.23903509,4.56,0.0340136054,0.281179138,0.85,0,1
tpcds_sf20_t1,TPCDS SF20,tpcds,20,1,Q49,1,Baseline,20,0,0,1,3.18,3.23,3.18,3.38,0.1,0.0240315375,1.04643963,3.23,0.0157232704,0.0628930818,1,0,1
tpcds_sf20_t1,TPCDS SF20,tpcds,20,1,Q49,2,Forward-only,20,0,0,1,2.15,2.16,2.159,2.26,0.1,0.0226875301,1.0462963,2.16,0.00465116279,0.0511627907,1,0,5
tpcds_sf20_t1,TPCDS SF20,tpcds,20,1,Q49,3,THC,20,0,0,1,2.15,2.16,2.15,2.26,0.1,0.0273153096,1.0462963,2.16,0.00465116279,0.0511627907,1,0,5
tpcds_sf20_t1,TPCDS SF20,tpcds,20,1,Q49,4,RPT+,20,0,0,1,2.15,2.16,2.159,2.26,0.1,0.0230193301,1.0462963,2.16,0.00465116279,0.0511627907,1,0,2
tpcds_sf20_t1,TPCDS SF20,tpcds,20,1,Q50,1,Baseline,20,0,0,1,6.86,8.66,7.48,9.23,1.465,0.0928026983,1.06581986,8.66,0.262390671,0.34548105,0.15,0,8
tpcds_sf20_t1,TPCDS SF20,tpcds,20,1,Q50,2,Forward-only,20,0,0,1,3.69,4.56,3.69,5.54,1.74,0.157154893,1.21491228,4.56,0.235772358,0.501355014,0.3,0,2
tpcds_sf20_t1,TPCDS SF20,tpcds,20,1,Q50,3,THC,20,0,0,1,3.69,4.51,3.69,5.53,1.64,0.151582237,1.22616408,4.51,0.222222222,0.498644986,0.3,0,2
tpcds_sf20_t1,TPCDS SF20,tpcds,20,1,Q50,4,RPT+,20,0,0,1,3.38,3.69,3.489,3.891,0.4,0.0456907941,1.05447154,3.69,0.0917159763,0.151183432,0.7,0,11
tpcds_sf20_t1,TPCDS SF20,tpcds,20,1,Q51,1,Baseline,20,0,0,1,11.27,11.57,11.46,11.67,0.1,0.00790649627,1.00864304,11.57,0.0266193434,0.0354924579,1,0,16
tpcds_sf20_t1,TPCDS SF20,tpcds,20,1,Q51,2,Forward-only,20,0,0,1,11.47,11.67,11.57,11.69,0.11,0.00720077806,1.0017138,11.67,0.0174367916,0.0191804708,1,0,3
tpcds_sf20_t1,TPCDS SF20,tpcds,20,1,Q51,3,THC,20,0,0,1,11.47,11.67,11.57,11.78,0.1225,0.00762821376,1.00942588,11.67,0.0174367916,0.027027027,1,0,18
tpcds_sf20_t1,TPCDS SF20,tpcds,20,1,Q51,4,RPT+,20,0,0,1,11.06,11.17,11.07,11.28,0.1325,0.00822045253,1.00984781,11.17,0.00994575045,0.0198915009,1,0,2
tpcds_sf20_t1,TPCDS SF20,tpcds,20,1,Q52,1,Baseline,20,0,0,1,1.64,1.895,1.64,2.05,0.31,0.0981523515,1.0817942,1.895,0.155487805,0.25,0.5,0,3
tpcds_sf20_t1,TPCDS SF20,tpcds,20,1,Q52,2,Forward-only,20,0,0,1,1.03,1.03,1.03,1.13,0.1,0.045784855,1.09708738,1.03,0,0.0970873786,1,0,0
tpcds_sf20_t1,TPCDS SF20,tpcds,20,1,Q52,3,THC,20,0,0,1,1.03,1.03,1.03,1.13,0,0.0380952381,1.09708738,1.03,0,0.0970873786,1,0,0
tpcds_sf20_t1,TPCDS SF20,tpcds,20,1,Q52,4,RPT+,20,0,0,1,1.03,1.03,1.03,1.13,0.1,0.045784855,1.09708738,1.03,0,0.0970873786,1,0,0
tpcds_sf20_t1,TPCDS SF20,tpcds,20,1,Q53,1,Baseline,20,0,0,1,1.95,2.67,1.95,3.28,1.255,0.214439429,1.22846442,2.67,0.369230769,0.682051282,0.35,0,0
tpcds_sf20_t1,TPCDS SF20,tpcds,20,1,Q53,2,Forward-only,20,0,0,1,1.34,1.44,1.43,1.54,0.1,0.0435586683,1.06944444,1.44,0.0746268657,0.149253731,0.6,0,8
tpcds_sf20_t1,TPCDS SF20,tpcds,20,1,Q53,3,THC,20,0,0,1,1.34,1.44,1.34,1.54,0.1,0.0512555806,1.06944444,1.44,0.0746268657,0.149253731,0.6,0,4
tpcds_sf20_t1,TPCDS SF20,tpcds,20,1,Q53,4,RPT+,20,0,0,1,1.33,1.44,1.34,1.54,0.125,0.0517349844,1.06944444,1.44,0.0827067669,0.157894737,0.7,0,8
tpcds_sf20_t1,TPCDS SF20,tpcds,20,1,Q54,1,Baseline,0,20,0,0,,,,,,,,300,,,,,
tpcds_sf20_t1,TPCDS SF20,tpcds,20,1,Q54,2,Forward-only,0,20,0,0,,,,,,,,300,,,,,
tpcds_sf20_t1,TPCDS SF20,tpcds,20,1,Q54,3,THC,0,20,0,0,,,,,,,,300,,,,,
tpcds_sf20_t1,TPCDS SF20,tpcds,20,1,Q54,4,RPT+,0,20,0,0,,,,,,,,300,,,,,
tpcds_sf20_t1,TPCDS SF20,tpcds,20,1,Q55,1,Baseline,20,0,0,1,1.74,1.95,1.74,2.05,0.31,0.0796159495,1.05128205,1.95,0.120689655,0.17816092,0.5,0,1
tpcds_sf20_t1,TPCDS SF20,tpcds,20,1,Q55,2,Forward-only,20,0,0,1,1.03,1.13,1.03,1.13,0.1,0.041659779,1,1.13,0.0970873786,0.0970873786,1,0,0
tpcds_sf20_t1,TPCDS SF20,tpcds,20,1,Q55,3,THC,20,0,0,1,1.03,1.13,1.03,1.13,0.025,0.0391866699,1,1.13,0.0970873786,0.0970873786,1,0,0
tpcds_sf20_t1,TPCDS SF20,tpcds,20,1,Q55,4,RPT+,20,0,0,1,1.03,1.03,1.03,1.13,0.1,0.0462784854,1.09708738,1.03,0,0.0970873786,1,0,0
tpcds_sf20_t1,TPCDS SF20,tpcds,20,1,Q56,1,Baseline,20,0,0,1,2.26,2.36,2.35,2.46,0,0.0227222144,1.04237288,2.36,0.0442477876,0.0884955752,1,0,9
tpcds_sf20_t1,TPCDS SF20,tpcds,20,1,Q56,2,Forward-only,20,0,0,1,1.54,1.64,1.54,1.64,0,0.024691358,1,1.64,0.0649350649,0.0649350649,1,0,0
tpcds_sf20_t1,TPCDS SF20,tpcds,20,1,Q56,3,THC,20,0,0,1,1.54,1.64,1.54,1.64,0,0.0275289584,1,1.64,0.0649350649,0.0649350649,0.95,0,3
tpcds_sf20_t1,TPCDS SF20,tpcds,20,1,Q56,4,RPT+,20,0,0,1,1.54,1.54,1.54,1.64,0.1,0.0291883802,1.06493506,1.54,0,0.0649350649,1,0,0
tpcds_sf20_t1,TPCDS SF20,tpcds,20,1,Q57,1,Baseline,20,0,0,1,1.84,1.95,1.93,1.95,0,0.0169259231,1,1.95,0.0597826087,0.0597826087,1,0,1
tpcds_sf20_t1,TPCDS SF20,tpcds,20,1,Q57,2,Forward-only,20,0,0,1,1.95,1.95,1.95,2.05,0.1,0.0246179874,1.05128205,1.95,0,0.0512820513,1,0,1
tpcds_sf20_t1,TPCDS SF20,tpcds,20,1,Q57,3,THC,20,0,0,1,1.95,1.95,1.95,2.05,0.1,0.0249370285,1.05128205,1.95,0,0.0512820513,1,0,0
tpcds_sf20_t1,TPCDS SF20,tpcds,20,1,Q57,4,RPT+,20,0,0,1,1.95,2.05,1.95,2.05,0.1,0.0248126543,1,2.05,0.0512820513,0.0512820513,1,0,2
tpcds_sf20_t1,TPCDS SF20,tpcds,20,1,Q58,1,Baseline,20,0,0,1,6.45,6.55,6.45,6.55,0,0.00612557427,1,6.55,0.015503876,0.015503876,1,0,2
tpcds_sf20_t1,TPCDS SF20,tpcds,20,1,Q58,2,Forward-only,20,0,0,1,6.45,6.55,6.45,6.551,0.1,0.00766239882,1.00015267,6.55,0.015503876,0.0156589147,1,0,1
tpcds_sf20_t1,TPCDS SF20,tpcds,20,1,Q58,3,THC,20,0,0,1,6.45,6.55,6.45,6.57,0.11,0.00966007581,1.00305344,6.55,0.015503876,0.0186046512,1,0,4
tpcds_sf20_t1,TPCDS SF20,tpcds,20,1,Q58,4,RPT+,20,0,0,1,6.46,6.56,6.55,6.651,0.01,0.00660430895,1.01387195,6.56,0.0154798762,0.0295665635,1,0,6
tpcds_sf20_t1,TPCDS SF20,tpcds,20,1,Q59,1,Baseline,20,0,0,1,6.34,6.34,6.34,6.44,0.1,0.00748187609,1.01577287,6.34,0,0.0157728707,1,0,0
tpcds_sf20_t1,TPCDS SF20,tpcds,20,1,Q59,2,Forward-only,20,0,0,1,6.24,6.34,6.249,6.45,0.1,0.0105245057,1.01735016,6.34,0.016025641,0.0336538462,1,0,1
tpcds_sf20_t1,TPCDS SF20,tpcds,20,1,Q59,3,THC,20,0,0,1,6.24,6.35,6.33,6.45,0.1,0.0103640173,1.01574803,6.35,0.0176282051,0.0336538462,1,0,2
tpcds_sf20_t1,TPCDS SF20,tpcds,20,1,Q59,4,RPT+,20,0,0,1,6.24,6.35,6.249,6.45,0.1025,0.0106020902,1.01574803,6.35,0.0176282051,0.0336538462,1,0,1
tpcds_sf20_t1,TPCDS SF20,tpcds,20,1,Q60,1,Baseline,20,0,0,1,2.67,2.87,2.77,2.981,0.2,0.0384782236,1.03867596,2.87,0.074906367,0.116479401,0.6,0,12
tpcds_sf20_t1,TPCDS SF20,tpcds,20,1,Q60,2,Forward-only,20,0,0,1,1.85,1.85,1.85,1.95,0.025,0.0230940108,1.05405405,1.85,0,0.0540540541,1,0,0
tpcds_sf20_t1,TPCDS SF20,tpcds,20,1,Q60,3,THC,20,0,0,1,1.85,1.85,1.85,1.95,0.025,0.0230940108,1.05405405,1.85,0,0.0540540541,1,0,0
tpcds_sf20_t1,TPCDS SF20,tpcds,20,1,Q60,4,RPT+,20,0,0,1,1.75,1.75,1.75,1.85,0.1,0.0273686005,1.05714286,1.75,0,0.0571428571,1,0,0
tpcds_sf20_t1,TPCDS SF20,tpcds,20,1,Q61,1,Baseline,20,0,0,1,3.79,4.81,4.28,5.612,0.615,0.151926705,1.16673597,4.81,0.269129288,0.480738786,0.1,0,2
tpcds_sf20_t1,TPCDS SF20,tpcds,20,1,Q61,2,Forward-only,20,0,0,1,2.56,2.67,2.56,2.67,0,0.019334065,1,2.67,0.04296875,0.04296875,1,0,0
tpcds_sf20_t1,TPCDS SF20,tpcds,20,1,Q61,3,THC,20,0,0,1,2.56,2.67,2.56,2.67,0,0.017573786,1,2.67,0.04296875,0.04296875,1,0,3
tpcds_sf20_t1,TPCDS SF20,tpcds,20,1,Q61,4,RPT+,20,0,0,1,2.46,2.67,2.569,2.67,0.1,0.0258793286,1,2.67,0.0853658537,0.0853658537,0.95,0,16
tpcds_sf20_t1,TPCDS SF20,tpcds,20,1,Q62,1,Baseline,20,0,0,1,1.43,1.43,1.43,1.44,0.01,0.00332730799,1.00699301,1.43,0,0.00699300699,1,0,0
tpcds_sf20_t1,TPCDS SF20,tpcds,20,1,Q62,2,Forward-only,20,0,0,1,1.44,1.44,1.44,1.44,0,0.0150826953,1,1.44,0,0,1,0,0
tpcds_sf20_t1,TPCDS SF20,tpcds,20,1,Q62,3,THC,20,0,0,1,1.43,1.44,1.44,1.45,0,0.0208657015,1.00694444,1.44,0.00699300699,0.013986014,1,0,8
tpcds_sf20_t1,TPCDS SF20,tpcds,20,1,Q62,4,RPT+,20,0,0,1,1.43,1.44,1.44,1.44,0,0.0152419791,1,1.44,0.00699300699,0.00699300699,1,0,6
tpcds_sf20_t1,TPCDS SF20,tpcds,20,1,Q63,1,Baseline,20,0,0,1,1.95,2.67,1.95,3.28,1.23,0.213015809,1.22846442,2.67,0.369230769,0.682051282,0.35,0,0
tpcds_sf20_t1,TPCDS SF20,tpcds,20,1,Q63,2,Forward-only,20,0,0,1,1.34,1.44,1.34,1.54,0.2,0.0556867714,1.06944444,1.44,0.0746268657,0.149253731,0.65,0,1
tpcds_sf20_t1,TPCDS SF20,tpcds,20,1,Q63,3,THC,20,0,0,1,1.34,1.44,1.34,1.54,0.1,0.0512555806,1.06944444,1.44,0.0746268657,0.149253731,0.6,0,5
tpcds_sf20_t1,TPCDS SF20,tpcds,20,1,Q63,4,RPT+,20,0,0,1,1.34,1.44,1.34,1.54,0.1,0.046454315,1.06944444,1.44,0.0746268657,0.149253731,0.65,0,8
tpcds_sf20_t1,TPCDS SF20,tpcds,20,1,Q64,1,Baseline,20,0,0,1,6.56,14.485,8.007,23.475,5.98,0.357128155,1.62064204,14.485,1.20807927,2.5785061,0.1,0.7,6
tpcds_sf20_t1,TPCDS SF20,tpcds,20,1,Q64,2,Forward-only,20,0,0,1,4.72,6.41,5,6.97,1.3825,0.130841105,1.08736349,6.41,0.358050847,0.476694915,0.25,0,0
tpcds_sf20_t1,TPCDS SF20,tpcds,20,1,Q64,3,THC,20,0,0,1,4.82,7.84,5.109,8.41,3.02,0.215463282,1.07270408,7.84,0.626556017,0.744813278,0.3,0,0
tpcds_sf20_t1,TPCDS SF20,tpcds,20,1,Q64,4,RPT+,20,0,0,1,4.1,4.26,4.109,6.06,0.2375,0.160024002,1.42253521,4.26,0.0390243902,0.47804878,0.75,0,7
tpcds_sf20_t1,TPCDS SF20,tpcds,20,1,Q65,1,Baseline,20,0,0,1,5.02,5.12,5.12,5.22,0.01,0.00864502647,1.01953125,5.12,0.0199203187,0.0398406375,1,0,11
tpcds_sf20_t1,TPCDS SF20,tpcds,20,1,Q65,2,Forward-only,20,0,0,1,5.12,5.225,5.12,5.24,0.1,0.0122276385,1.00287081,5.225,0.0205078125,0.0234375,1,0,4
tpcds_sf20_t1,TPCDS SF20,tpcds,20,1,Q65,3,THC,20,0,0,1,5.02,5.23,5.129,5.24,0.01,0.0129124694,1.00191205,5.23,0.0418326693,0.0438247012,1,0,0
tpcds_sf20_t1,TPCDS SF20,tpcds,20,1,Q65,4,RPT+,20,0,0,1,5.54,5.84,5.639,5.95,0.135,0.0227899735,1.01883562,5.84,0.0541516245,0.0740072202,1,0,19
tpcds_sf20_t1,TPCDS SF20,tpcds,20,1,Q66,1,Baseline,20,0,0,1,1.44,1.64,1.44,1.85,0.3275,0.098937319,1.12804878,1.64,0.138888889,0.284722222,0.3,0,0
tpcds_sf20_t1,TPCDS SF20,tpcds,20,1,Q66,2,Forward-only,20,0,0,1,0.92,0.93,0.92,1.03,0.0025,0.0392537098,1.10752688,0.93,0.0108695652,0.119565217,0.85,0,3
tpcds_sf20_t1,TPCDS SF20,tpcds,20,1,Q66,3,THC,20,0,0,1,0.92,0.93,0.929,0.93,0,0.0237966925,1,0.93,0.0108695652,0.0108695652,0.95,0,14
tpcds_sf20_t1,TPCDS SF20,tpcds,20,1,Q66,4,RPT+,20,0,0,1,0.92,0.93,0.929,0.94,0,0.0324595328,1.01075269,0.93,0.0108695652,0.0217391304,0.9,0,3
tpcds_sf20_t1,TPCDS SF20,tpcds,20,1,Q67,1,Baseline,20,0,0,1,24.47,25.19,24.68,25.538,0.5325,0.0136461076,1.01381501,25.19,0.0294237842,0.0436452799,1,0,0
tpcds_sf20_t1,TPCDS SF20,tpcds,20,1,Q67,2,Forward-only,20,0,0,1,24.59,25.36,24.789,25.73,0.67,0.0154044153,1.01458991,25.36,0.0313135421,0.0463603091,1,0,4
tpcds_sf20_t1,TPCDS SF20,tpcds,20,1,Q67,3,THC,20,0,0,1,24.5,25.31,24.69,25.72,0.7425,0.0156011485,1.01619913,25.31,0.0330612245,0.0497959184,1,0,12
tpcds_sf20_t1,TPCDS SF20,tpcds,20,1,Q67,4,RPT+,20,0,0,1,24.8,25.645,25.128,26.16,0.6975,0.0172247136,1.02008189,25.645,0.0340725806,0.0548387097,1,0,2
tpcds_sf20_t1,TPCDS SF20,tpcds,20,1,Q68,1,Baseline,20,0,0,1,3.89,5.02,3.9,5.731,1.28,0.138224682,1.14163347,5.02,0.290488432,0.473264781,0.25,0,7
tpcds_sf20_t1,TPCDS SF20,tpcds,20,1,Q68,2,Forward-only,20,0,0,1,3.08,3.18,3.08,3.28,0.2,0.0317618496,1.03144654,3.18,0.0324675325,0.0649350649,0.95,0,0
tpcds_sf20_t1,TPCDS SF20,tpcds,20,1,Q68,3,THC,20,0,0,1,3.08,3.23,3.08,3.28,0.2,0.0295736086,1.01547988,3.23,0.0487012987,0.0649350649,1,0,0
tpcds_sf20_t1,TPCDS SF20,tpcds,20,1,Q68,4,RPT+,20,0,0,1,2.77,2.975,2.77,3.08,0.21,0.0414475229,1.03529412,2.975,0.0740072202,0.111913357,0.6,0,0
tpcds_sf20_t1,TPCDS SF20,tpcds,20,1,Q69,1,Baseline,20,0,0,1,2.15,2.36,2.25,2.46,0.11,0.0352165802,1.04237288,2.36,0.0976744186,0.144186047,0.85,0,8
tpcds_sf20_t1,TPCDS SF20,tpcds,20,1,Q69,2,Forward-only,20,0,0,1,2.25,2.26,2.25,2.36,0.11,0.0214115874,1.04424779,2.26,0.00444444444,0.0488888889,1,0,0
tpcds_sf20_t1,TPCDS SF20,tpcds,20,1,Q69,3,THC,20,0,0,1,2.15,2.26,2.24,2.36,0.01,0.0250270428,1.04424779,2.26,0.0511627907,0.0976744186,1,0,0
tpcds_sf20_t1,TPCDS SF20,tpcds,20,1,Q69,4,RPT+,20,0,0,1,1.13,1.13,1.13,1.23,0.1,0.0423398909,1.08849558,1.13,0,0.0884955752,1,0,0
tpcds_sf20_t1,TPCDS SF20,tpcds,20,1,Q70,1,Baseline,20,0,0,1,6.75,6.85,6.75,6.86,0.1,0.00893503111,1.00145985,6.85,0.0148148148,0.0162962963,1,0,2
tpcds_sf20_t1,TPCDS SF20,tpcds,20,1,Q70,2,Forward-only,20,0,0,1,6.24,6.45,6.33,6.45,0.11,0.0109317149,1,6.45,0.0336538462,0.0336538462,1,0,2
tpcds_sf20_t1,TPCDS SF20,tpcds,20,1,Q70,3,THC,20,0,0,1,6.34,6.45,6.34,6.55,0.11,0.0110936603,1.01550388,6.45,0.0173501577,0.0331230284,1,0,4
tpcds_sf20_t1,TPCDS SF20,tpcds,20,1,Q70,4,RPT+,20,0,0,1,5.43,5.53,5.43,5.53,0.025,0.00786580748,1,5.53,0.0184162063,0.0184162063,1,0,3
tpcds_sf20_t1,TPCDS SF20,tpcds,20,1,Q71,1,Baseline,20,0,0,1,2.77,2.82,2.77,2.87,0.1,0.0177304965,1.0177305,2.82,0.0180505415,0.036101083,1,0,0
tpcds_sf20_t1,TPCDS SF20,tpcds,20,1,Q71,2,Forward-only,20,0,0,1,2.46,2.46,2.46,2.56,0.025,0.0174250584,1.04065041,2.46,0,0.0406504065,1,0,0
tpcds_sf20_t1,TPCDS SF20,tpcds,20,1,Q71,3,THC,20,0,0,1,2.46,2.46,2.46,2.56,0.025,0.0177881934,1.04065041,2.46,0,0.0406504065,1,0,0
tpcds_sf20_t1,TPCDS SF20,tpcds,20,1,Q71,4,RPT+,20,0,0,1,1.54,1.64,1.54,1.64,0.1,0.0284632031,1,1.64,0.0649350649,0.0649350649,1,0,0
tpcds_sf20_t1,TPCDS SF20,tpcds,20,1,Q72,1,Baseline,20,0,0,1,2.25,44.045,4.925,153.277,43.4325,1.15803916,3.48000908,44.045,18.5755556,67.1231111,0.05,0.9,0
tpcds_sf20_t1,TPCDS SF20,tpcds,20,1,Q72,2,Forward-only,20,0,0,1,1.13,2.56,1.34,3.951,1.255,0.362963122,1.54335938,2.56,1.26548673,2.49646018,0.05,0.65,0
tpcds_sf20_t1,TPCDS SF20,tpcds,20,1,Q72,3,THC,20,0,0,1,1.13,2.665,1.33,3.95,1.255,0.360219437,1.48217636,2.665,1.35840708,2.49557522,0.05,0.65,0
tpcds_sf20_t1,TPCDS SF20,tpcds,20,1,Q72,4,RPT+,20,0,0,1,1.13,2.31,1.13,3.38,0.9225,0.339181663,1.46320346,2.31,1.04424779,1.99115044,0.2,0.5,0
tpcds_sf20_t1,TPCDS SF20,tpcds,20,1,Q73,1,Baseline,20,0,0,1,2.46,3.175,2.56,3.7,1.03,0.155779632,1.16535433,3.175,0.290650407,0.504065041,0.35,0,15
tpcds_sf20_t1,TPCDS SF20,tpcds,20,1,Q73,2,Forward-only,20,0,0,1,1.74,1.74,1.74,1.75,0,0.00229621125,1.00574713,1.74,0,0.00574712644,1,0,0
tpcds_sf20_t1,TPCDS SF20,tpcds,20,1,Q73,3,THC,20,0,0,1,1.74,1.74,1.74,1.75,0.01,0.00262913121,1.00574713,1.74,0,0.00574712644,1,0,0
tpcds_sf20_t1,TPCDS SF20,tpcds,20,1,Q73,4,RPT+,20,0,0,1,1.64,1.75,1.73,1.85,0.0025,0.032029389,1.05714286,1.75,0.0670731707,0.12804878,0.8,0,0
tpcds_sf20_t1,TPCDS SF20,tpcds,20,1,Q74,1,Baseline,20,0,0,1,10.44,10.85,10.54,11.05,0.335,0.0185888067,1.01843318,10.85,0.0392720307,0.0584291188,1,0,2
tpcds_sf20_t1,TPCDS SF20,tpcds,20,1,Q74,2,Forward-only,20,0,0,1,9.42,9.675,9.52,10.04,0.41,0.0224602406,1.0377261,9.675,0.0270700637,0.0658174098,1,0,4
tpcds_sf20_t1,TPCDS SF20,tpcds,20,1,Q74,3,THC,20,0,0,1,9.42,9.625,9.42,10.031,0.3425,0.024404401,1.04218182,9.625,0.0217622081,0.0648619958,1,0,0
tpcds_sf20_t1,TPCDS SF20,tpcds,20,1,Q74,4,RPT+,20,0,0,1,9.22,9.735,9.32,10.341,0.9225,0.0459919968,1.06224961,9.735,0.055856833,0.121583514,0.7,0,18
tpcds_sf20_t1,TPCDS SF20,tpcds,20,1,Q75,1,Baseline,20,0,0,1,8.3,8.5,8.4,8.71,0.1025,0.0129057686,1.02470588,8.5,0.0240963855,0.0493975904,1,0,13
tpcds_sf20_t1,TPCDS SF20,tpcds,20,1,Q75,2,Forward-only,20,0,0,1,6.05,6.25,6.05,6.36,0.21,0.0175614431,1.0176,6.25,0.0330578512,0.0512396694,1,0,0
tpcds_sf20_t1,TPCDS SF20,tpcds,20,1,Q75,3,THC,20,0,0,1,6.05,6.15,6.05,6.351,0.1025,0.0151648284,1.03268293,6.15,0.0165289256,0.0497520661,1,0,12
tpcds_sf20_t1,TPCDS SF20,tpcds,20,1,Q75,4,RPT+,20,0,0,1,5.95,6.15,5.95,6.251,0.135,0.0172195411,1.01642276,6.15,0.0336134454,0.0505882353,1,0,0
tpcds_sf20_t1,TPCDS SF20,tpcds,20,1,Q76,1,Baseline,20,0,0,1,3.18,3.38,3.28,3.38,0.1,0.0198605844,1,3.38,0.0628930818,0.0628930818,1,0,17
tpcds_sf20_t1,TPCDS SF20,tpcds,20,1,Q76,2,Forward-only,20,0,0,1,3.28,3.38,3.28,3.4,0.1,0.020250958,1.00591716,3.38,0.0304878049,0.0365853659,1,0,1
tpcds_sf20_t1,TPCDS SF20,tpcds,20,1,Q76,3,THC,20,0,0,1,3.18,3.38,3.27,3.4,0.1,0.0246308984,1.00591716,3.38,0.0628930818,0.0691823899,1,0,11
tpcds_sf20_t1,TPCDS SF20,tpcds,20,1,Q76,4,RPT+,20,0,0,1,2.36,2.46,2.36,2.46,0.025,0.0177828625,1,2.46,0.0423728814,0.0423728814,1,0,0
tpcds_sf20_t1,TPCDS SF20,tpcds,20,1,Q77,1,Baseline,20,0,0,1,2.97,3.08,2.97,3.08,0.11,0.0187593612,1,3.08,0.037037037,0.037037037,1,0,7
tpcds_sf20_t1,TPCDS SF20,tpcds,20,1,Q77,2,Forward-only,20,0,0,1,1.95,1.95,1.95,2.05,0,0.0181715736,1.05128205,1.95,0,0.0512820513,1,0,0
tpcds_sf20_t1,TPCDS SF20,tpcds,20,1,Q77,3,THC,20,0,0,1,1.95,1.95,1.95,2.05,0,0.0267803758,1.05128205,1.95,0,0.0512820513,0.95,0,0
tpcds_sf20_t1,TPCDS SF20,tpcds,20,1,Q77,4,RPT+,20,0,0,1,1.95,2.05,1.95,2.05,0.1,0.0243730323,1,2.05,0.0512820513,0.0512820513,1,0,4
tpcds_sf20_t1,TPCDS SF20,tpcds,20,1,Q78,1,Baseline,20,0,0,1,15.47,15.87,15.66,16.08,0.2275,0.0105732853,1.01323251,15.87,0.0258564964,0.0394311571,1,0,8
tpcds_sf20_t1,TPCDS SF20,tpcds,20,1,Q78,2,Forward-only,20,0,0,1,15.78,16.085,15.96,16.29,0.2,0.00909665496,1.01274479,16.085,0.0193282636,0.0323193916,1,0,10
tpcds_sf20_t1,TPCDS SF20,tpcds,20,1,Q78,3,THC,20,0,0,1,16.3,16.755,16.5,17.02,0.3125,0.0129151771,1.01581617,16.755,0.0279141104,0.0441717791,1,0,10
tpcds_sf20_t1,TPCDS SF20,tpcds,20,1,Q78,4,RPT+,20,0,0,1,13.43,13.84,13.44,14.244,0.3125,0.0518160751,1.02919075,13.84,0.0305286672,0.0606105733,0.9,0,13
tpcds_sf20_t1,TPCDS SF20,tpcds,20,1,Q79,1,Baseline,20,0,0,1,4.61,5.07,4.61,5.22,0.435,0.0509517028,1.0295858,5.07,0.0997830803,0.132321041,0.5,0,2
tpcds_sf20_t1,TPCDS SF20,tpcds,20,1,Q79,2,Forward-only,20,0,0,1,3.08,3.13,3.08,3.18,0.1,0.0159744409,1.01597444,3.13,0.0162337662,0.0324675325,1,0,0
tpcds_sf20_t1,TPCDS SF20,tpcds,20,1,Q79,3,THC,20,0,0,1,3.08,3.13,3.08,3.18,0.1,0.0159744409,1.01597444,3.13,0.0162337662,0.0324675325,1,0,0
tpcds_sf20_t1,TPCDS SF20,tpcds,20,1,Q79,4,RPT+,20,0,0,1,3.08,3.18,3.18,3.28,0.1,0.0173450603,1.03144654,3.18,0.0324675325,0.0649350649,1,0,3
tpcds_sf20_t1,TPCDS SF20,tpcds,20,1,Q80,1,Baseline,20,0,0,1,6.04,6.25,6.14,6.36,0.2,0.0185436836,1.0176,6.25,0.0347682119,0.0529801325,1,0,16
tpcds_sf20_t1,TPCDS SF20,tpcds,20,1,Q80,2,Forward-only,20,0,0,1,3.18,3.28,3.28,3.4,0.11,0.0269056059,1.03658537,3.28,0.0314465409,0.0691823899,0.95,0,18
tpcds_sf20_t1,TPCDS SF20,tpcds,20,1,Q80,3,THC,20,0,0,1,3.28,3.28,3.28,3.39,0.025,0.0178523496,1.03353659,3.28,0,0.0335365854,1,0,0
tpcds_sf20_t1,TPCDS SF20,tpcds,20,1,Q80,4,RPT+,20,0,0,1,2.56,2.57,2.569,2.67,0.1,0.018632119,1.03891051,2.57,0.00390625,0.04296875,1,0,0
tpcds_sf20_t1,TPCDS SF20,tpcds,20,1,Q81,1,Baseline,20,0,0,1,0.51,0.52,0.51,0.52,0.01,0.00923464861,1,0.52,0.0196078431,0.0196078431,1,0,0
tpcds_sf20_t1,TPCDS SF20,tpcds,20,1,Q81,2,Forward-only,20,0,0,1,0.51,0.52,0.52,0.52,0,0.00419528291,1,0.52,0.0196078431,0.0196078431,1,0,6
tpcds_sf20_t1,TPCDS SF20,tpcds,20,1,Q81,3,THC,20,0,0,1,0.52,0.52,0.52,0.52,0,0,1,0.52,0,0,1,0,0
tpcds_sf20_t1,TPCDS SF20,tpcds,20,1,Q81,4,RPT+,20,0,0,1,0.52,0.57,0.52,0.62,0.1,0.0877192982,1.0877193,0.57,0.0961538462,0.192307692,0.5,0,0
tpcds_sf20_t1,TPCDS SF20,tpcds,20,1,Q82,1,Baseline,14,6,0,0.7,1.13,2.2,1.13,33.37,24.325,1.34898713,15.1681818,17.72,0.946902655,28.5309735,0.3,0.5,0
tpcds_sf20_t1,TPCDS SF20,tpcds,20,1,Q82,2,Forward-only,20,0,0,1,1.13,1.13,1.13,1.33,0.1,0.0629729727,1.17699115,1.13,0,0.17699115,0.85,0,0
tpcds_sf20_t1,TPCDS SF20,tpcds,20,1,Q82,3,THC,20,0,0,1,1.13,1.13,1.13,1.33,0.1,0.0629729727,1.17699115,1.13,0,0.17699115,0.85,0,0
tpcds_sf20_t1,TPCDS SF20,tpcds,20,1,Q82,4,RPT+,20,0,0,1,0.41,0.41,0.41,0.52,0.11,0.117568788,1.26829268,0.41,0,0.268292683,0.6,0,0
tpcds_sf20_t1,TPCDS SF20,tpcds,20,1,Q83,1,Baseline,20,0,0,1,0.82,0.82,0.82,0.82,0,0,1,0.82,0,0,1,0,0
tpcds_sf20_t1,TPCDS SF20,tpcds,20,1,Q83,2,Forward-only,20,0,0,1,0.31,0.31,0.31,0.31,0,0,1,0.31,0,0,1,0,0
tpcds_sf20_t1,TPCDS SF20,tpcds,20,1,Q83,3,THC,20,0,0,1,0.31,0.31,0.31,0.31,0,0,1,0.31,0,0,1,0,0
tpcds_sf20_t1,TPCDS SF20,tpcds,20,1,Q83,4,RPT+,20,0,0,1,0.31,0.31,0.31,0.31,0,0,1,0.31,0,0,1,0,0
tpcds_sf20_t1,TPCDS SF20,tpcds,20,1,Q84,1,Baseline,20,0,0,1,0.31,0.67,0.31,0.83,0.41,0.358319208,1.23880597,0.67,1.16129032,1.67741935,0.15,0.5,0
tpcds_sf20_t1,TPCDS SF20,tpcds,20,1,Q84,2,Forward-only,20,0,0,1,0.31,0.31,0.31,0.32,0,0.09375,1.03225806,0.31,0,0.0322580645,0.9,0,0
tpcds_sf20_t1,TPCDS SF20,tpcds,20,1,Q84,3,THC,20,0,0,1,0.31,0.31,0.31,0.31,0,0.0691888721,1,0.31,0,0,0.95,0,0
tpcds_sf20_t1,TPCDS SF20,tpcds,20,1,Q84,4,RPT+,20,0,0,1,0.21,0.21,0.21,0.21,0,0,1,0.21,0,0,1,0,0
tpcds_sf20_t1,TPCDS SF20,tpcds,20,1,Q85,1,Baseline,20,0,0,1,1.44,1.64,1.54,1.86,0.2,0.0888937155,1.13414634,1.64,0.138888889,0.291666667,0.3,0,14
tpcds_sf20_t1,TPCDS SF20,tpcds,20,1,Q85,2,Forward-only,20,0,0,1,1.54,1.64,1.63,1.95,0.21,0.0837812897,1.18902439,1.64,0.0649350649,0.266233766,0.55,0,14
tpcds_sf20_t1,TPCDS SF20,tpcds,20,1,Q85,3,THC,20,0,0,1,1.54,1.745,1.64,1.95,0.21,0.0808542163,1.11747851,1.745,0.133116883,0.266233766,0.3,0,18
tpcds_sf20_t1,TPCDS SF20,tpcds,20,1,Q85,4,RPT+,20,0,0,1,1.54,1.69,1.54,1.95,0.21,0.0837758162,1.15384615,1.69,0.0974025974,0.266233766,0.5,0,13
tpcds_sf20_t1,TPCDS SF20,tpcds,20,1,Q86,1,Baseline,20,0,0,1,0.92,0.92,0.92,1.03,0.11,0.0547382953,1.11956522,0.92,0,0.119565217,0.65,0,0
tpcds_sf20_t1,TPCDS SF20,tpcds,20,1,Q86,2,Forward-only,20,0,0,1,1.03,1.03,1.03,1.03,0,0,1,1.03,0,0,1,0,0
tpcds_sf20_t1,TPCDS SF20,tpcds,20,1,Q86,3,THC,20,0,0,1,1.03,1.03,1.03,1.03,0,0,1,1.03,0,0,1,0,0
tpcds_sf20_t1,TPCDS SF20,tpcds,20,1,Q86,4,RPT+,20,0,0,1,1.03,1.03,1.03,1.03,0,0,1,1.03,0,0,1,0,0
tpcds_sf20_t1,TPCDS SF20,tpcds,20,1,Q87,1,Baseline,20,0,0,1,5.53,5.73,5.62,5.74,0.1,0.0142166118,1.0017452,5.73,0.0361663653,0.0379746835,1,0,4
tpcds_sf20_t1,TPCDS SF20,tpcds,20,1,Q87,2,Forward-only,20,0,0,1,5.73,5.84,5.739,5.94,0.1,0.0119151806,1.01712329,5.84,0.0191972077,0.0366492147,1,0,0
tpcds_sf20_t1,TPCDS SF20,tpcds,20,1,Q87,3,THC,20,0,0,1,5.73,5.84,5.83,5.94,0.1,0.0100620571,1.01712329,5.84,0.0191972077,0.0366492147,1,0,15
tpcds_sf20_t1,TPCDS SF20,tpcds,20,1,Q87,4,RPT+,20,0,0,1,5.12,5.13,5.12,5.23,0.1,0.00919266762,1.01949318,5.13,0.001953125,0.021484375,1,0,1
tpcds_sf20_t1,TPCDS SF20,tpcds,20,1,Q88,1,Baseline,20,0,0,1,9.81,10.79,9.92,11.782,1.015,0.0640040293,1.09193698,10.79,0.0998980632,0.201019368,0.5,0,0
tpcds_sf20_t1,TPCDS SF20,tpcds,20,1,Q88,2,Forward-only,20,0,0,1,5.22,5.32,5.22,5.421,0.025,0.0139664849,1.01898496,5.32,0.0191570881,0.0385057471,1,0,2
tpcds_sf20_t1,TPCDS SF20,tpcds,20,1,Q88,3,THC,20,0,0,1,5.22,5.42,5.31,5.43,0.1,0.0164432721,1.00184502,5.42,0.0383141762,0.0402298851,1,0,2
tpcds_sf20_t1,TPCDS SF20,tpcds,20,1,Q88,4,RPT+,20,0,0,1,5.12,5.27,5.12,5.33,0.11,0.0155758635,1.0113852,5.27,0.029296875,0.041015625,1,0,2
tpcds_sf20_t1,TPCDS SF20,tpcds,20,1,Q89,1,Baseline,20,0,0,1,2.26,3.02,2.26,3.69,1.43,0.204290611,1.2218543,3.02,0.336283186,0.632743363,0.35,0,0
tpcds_sf20_t1,TPCDS SF20,tpcds,20,1,Q89,2,Forward-only,20,0,0,1,1.54,1.64,1.63,1.75,0.1,0.0393345041,1.06707317,1.64,0.0649350649,0.136363636,0.6,0,7
tpcds_sf20_t1,TPCDS SF20,tpcds,20,1,Q89,3,THC,20,0,0,1,1.64,1.64,1.64,1.75,0.11,0.0316705943,1.06707317,1.64,0,0.0670731707,1,0,1
tpcds_sf20_t1,TPCDS SF20,tpcds,20,1,Q89,4,RPT+,20,0,0,1,1.54,1.64,1.64,1.75,0.1,0.0355338507,1.06707317,1.64,0.0649350649,0.136363636,0.6,0,17
tpcds_sf20_t1,TPCDS SF20,tpcds,20,1,Q90,1,Baseline,20,0,0,1,0.72,0.92,0.72,0.931,0.2,0.125784562,1.01195652,0.92,0.277777778,0.293055556,0.35,0,0
tpcds_sf20_t1,TPCDS SF20,tpcds,20,1,Q90,2,Forward-only,20,0,0,1,0.41,0.41,0.41,0.41,0,0.0576990233,1,0.41,0,0,0.95,0,0
tpcds_sf20_t1,TPCDS SF20,tpcds,20,1,Q90,3,THC,20,0,0,1,0.41,0.41,0.41,0.41,0,0,1,0.41,0,0,1,0,0
tpcds_sf20_t1,TPCDS SF20,tpcds,20,1,Q90,4,RPT+,20,0,0,1,0.41,0.41,0.41,0.41,0,0,1,0.41,0,0,1,0,0
tpcds_sf20_t1,TPCDS SF20,tpcds,20,1,Q91,1,Baseline,20,0,0,1,0.21,0.21,0.21,0.21,0,0.290593263,1,0.21,0,0,0.95,0.05,0
tpcds_sf20_t1,TPCDS SF20,tpcds,20,1,Q91,2,Forward-only,20,0,0,1,0.21,0.21,0.21,0.21,0,0,1,0.21,0,0,1,0,0
tpcds_sf20_t1,TPCDS SF20,tpcds,20,1,Q91,3,THC,20,0,0,1,0.21,0.21,0.21,0.21,0,0,1,0.21,0,0,1,0,0
tpcds_sf20_t1,TPCDS SF20,tpcds,20,1,Q91,4,RPT+,20,0,0,1,0.21,0.21,0.21,0.21,0,0,1,0.21,0,0,1,0,0
tpcds_sf20_t1,TPCDS SF20,tpcds,20,1,Q92,1,Baseline,20,0,0,1,0.82,0.87,0.82,0.92,0.1,0.0574712644,1.05747126,0.87,0.0609756098,0.12195122,0.5,0,1
tpcds_sf20_t1,TPCDS SF20,tpcds,20,1,Q92,2,Forward-only,20,0,0,1,0.62,0.62,0.62,0.63,0,0.0476190476,1.01612903,0.62,0,0.0161290323,0.9,0,0
tpcds_sf20_t1,TPCDS SF20,tpcds,20,1,Q92,3,THC,20,0,0,1,0.62,0.62,0.62,0.72,0,0.0562317199,1.16129032,0.62,0,0.161290323,0.85,0,0
tpcds_sf20_t1,TPCDS SF20,tpcds,20,1,Q92,4,RPT+,20,0,0,1,0.41,0.41,0.41,0.41,0,0,1,0.41,0,0,1,0,0
tpcds_sf20_t1,TPCDS SF20,tpcds,20,1,Q93,1,Baseline,20,0,0,1,7.17,7.22,7.17,7.289,0.1,0.0112203069,1.00955679,7.22,0.0069735007,0.0165969317,1,0,2
tpcds_sf20_t1,TPCDS SF20,tpcds,20,1,Q93,2,Forward-only,20,0,0,1,4.81,4.92,4.81,4.93,0.01,0.0116374906,1.00203252,4.92,0.0228690229,0.0249480249,1,0,3
tpcds_sf20_t1,TPCDS SF20,tpcds,20,1,Q93,3,THC,20,0,0,1,4.81,4.92,4.81,4.93,0.1,0.0126713329,1.00203252,4.92,0.0228690229,0.0249480249,1,0,1
tpcds_sf20_t1,TPCDS SF20,tpcds,20,1,Q93,4,RPT+,20,0,0,1,4.81,4.92,4.82,4.92,0.1,0.011105856,1,4.92,0.0228690229,0.0228690229,1,0,4
tpcds_sf20_t1,TPCDS SF20,tpcds,20,1,Q94,1,Baseline,20,0,0,1,1.03,1.03,1.03,1.03,0,0,1,1.03,0,0,1,0,0
tpcds_sf20_t1,TPCDS SF20,tpcds,20,1,Q94,2,Forward-only,20,0,0,1,0.82,0.82,0.82,0.82,0,0,1,0.82,0,0,1,0,0
tpcds_sf20_t1,TPCDS SF20,tpcds,20,1,Q94,3,THC,20,0,0,1,0.82,0.82,0.82,0.82,0,0.0264175694,1,0.82,0,0,0.95,0,0
tpcds_sf20_t1,TPCDS SF20,tpcds,20,1,Q94,4,RPT+,20,0,0,1,0.82,0.82,0.82,0.82,0,0,1,0.82,0,0,1,0,0
tpcds_sf20_t1,TPCDS SF20,tpcds,20,1,Q95,1,Baseline,20,0,0,1,23,23.205,23.081,23.628,0.2325,0.00964962736,1.01822883,23.205,0.00891304348,0.0273043478,1,0,1
tpcds_sf20_t1,TPCDS SF20,tpcds,20,1,Q95,2,Forward-only,20,0,0,1,22.6,22.91,22.79,23.23,0.335,0.00993284944,1.0139677,22.91,0.0137168142,0.0278761062,1,0,17
tpcds_sf20_t1,TPCDS SF20,tpcds,20,1,Q95,3,THC,20,0,0,1,25.56,25.825,25.65,26.1,0.295,0.00928720226,1.0106486,25.825,0.0103677621,0.0211267606,1,0,4
tpcds_sf20_t1,TPCDS SF20,tpcds,20,1,Q95,4,RPT+,20,0,0,1,1.95,1.95,1.95,1.95,0,0,1,1.95,0,0,1,0,0
tpcds_sf20_t1,TPCDS SF20,tpcds,20,1,Q96,1,Baseline,20,0,0,1,1.44,1.54,1.44,1.54,0.1,0.0388730126,1,1.54,0.0694444444,0.0694444444,0.95,0,4
tpcds_sf20_t1,TPCDS SF20,tpcds,20,1,Q96,2,Forward-only,20,0,0,1,0.82,0.93,0.92,0.93,0.01,0.0256712061,1,0.93,0.134146341,0.134146341,0.05,0,13
tpcds_sf20_t1,TPCDS SF20,tpcds,20,1,Q96,3,THC,20,0,0,1,0.82,0.93,0.92,0.93,0,0.025914668,1,0.93,0.134146341,0.134146341,0.05,0,8
tpcds_sf20_t1,TPCDS SF20,tpcds,20,1,Q96,4,RPT+,20,0,0,1,0.82,0.93,0.82,0.93,0.11,0.0556247134,1,0.93,0.134146341,0.134146341,0.3,0,3
tpcds_sf20_t1,TPCDS SF20,tpcds,20,1,Q97,1,Baseline,20,0,0,1,5.74,5.84,5.74,5.95,0.025,0.0145676534,1.01883562,5.84,0.0174216028,0.0365853659,1,0,4
tpcds_sf20_t1,TPCDS SF20,tpcds,20,1,Q97,2,Forward-only,20,0,0,1,5.74,5.84,5.74,5.95,0.025,0.0128264732,1.01883562,5.84,0.0174216028,0.0365853659,1,0,13
tpcds_sf20_t1,TPCDS SF20,tpcds,20,1,Q97,3,THC,20,0,0,1,5.74,5.84,5.74,5.95,0.11,0.013990516,1.01883562,5.84,0.0174216028,0.0365853659,1,0,9
tpcds_sf20_t1,TPCDS SF20,tpcds,20,1,Q97,4,RPT+,20,0,0,1,5.95,6.05,5.95,6.151,0,0.0118849553,1.01669421,6.05,0.0168067227,0.0337815126,1,0,4
tpcds_sf20_t1,TPCDS SF20,tpcds,20,1,Q98,1,Baseline,20,0,0,1,1.74,1.74,1.74,1.75,0,0.0137029464,1.00574713,1.74,0,0.00574712644,1,0,0
tpcds_sf20_t1,TPCDS SF20,tpcds,20,1,Q98,2,Forward-only,20,0,0,1,1.13,1.13,1.13,1.13,0,0.019202198,1,1.13,0,0,1,0,0
tpcds_sf20_t1,TPCDS SF20,tpcds,20,1,Q98,3,THC,20,0,0,1,1.13,1.13,1.13,1.13,0,0,1,1.13,0,0,1,0,0
tpcds_sf20_t1,TPCDS SF20,tpcds,20,1,Q98,4,RPT+,20,0,0,1,1.03,1.13,1.03,1.13,0.025,0.0459371127,1,1.13,0.0970873786,0.0970873786,0.95,0,2
tpcds_sf20_t1,TPCDS SF20,tpcds,20,1,Q99,1,Baseline,20,0,0,1,1.33,1.33,1.33,1.43,0.1,0.0361813613,1.07518797,1.33,0,0.0751879699,1,0,0
tpcds_sf20_t1,TPCDS SF20,tpcds,20,1,Q99,2,Forward-only,20,0,0,1,1.43,1.43,1.43,1.44,0.01,0.00341630369,1.00699301,1.43,0,0.00699300699,1,0,0
tpcds_sf20_t1,TPCDS SF20,tpcds,20,1,Q99,3,THC,20,0,0,1,1.43,1.44,1.43,1.44,0.01,0.0034115456,1,1.44,0.00699300699,0.00699300699,1,0,0
tpcds_sf20_t1,TPCDS SF20,tpcds,20,1,Q99,4,RPT+,20,0,0,1,1.84,1.9,1.849,1.95,0.1,0.0268975098,1.02631579,1.9,0.0326086957,0.0597826087,1,0,0
tpcds_sf50_t1,TPCDS SF50,tpcds,50,1,Q01,1,Baseline,20,0,0,1,3.28,3.38,3.28,3.38,0.1,0.013789988,1,3.38,0.0304878049,0.0304878049,1,0,2
tpcds_sf50_t1,TPCDS SF50,tpcds,50,1,Q01,2,Forward-only,20,0,0,1,3.28,3.38,3.28,3.39,0.035,0.0134701404,1.00295858,3.38,0.0304878049,0.0335365854,1,0,1
tpcds_sf50_t1,TPCDS SF50,tpcds,50,1,Q01,3,THC,20,0,0,1,4.41,4.51,4.41,4.62,0,0.0145564737,1.02439024,4.51,0.022675737,0.0476190476,1,0,7
tpcds_sf50_t1,TPCDS SF50,tpcds,50,1,Q01,4,RPT+,20,0,0,1,3.38,3.44,3.39,3.49,0.1,0.0146953147,1.01453488,3.44,0.0177514793,0.0325443787,1,0,5
tpcds_sf50_t1,TPCDS SF50,tpcds,50,1,Q02,1,Baseline,20,0,0,1,8.59,8.6,8.59,8.7,0.11,0.00600018218,1.01162791,8.6,0.00116414435,0.0128055879,1,0,0
tpcds_sf50_t1,TPCDS SF50,tpcds,50,1,Q02,2,Forward-only,20,0,0,1,8.59,8.6,8.6,8.7,0.0925,0.00557169809,1.01162791,8.6,0.00116414435,0.0128055879,1,0,17
tpcds_sf50_t1,TPCDS SF50,tpcds,50,1,Q02,3,THC,20,0,0,1,8.59,8.7,8.59,8.701,0.1,0.0069666387,1.00011494,8.7,0.0128055879,0.0129220023,1,0,1
tpcds_sf50_t1,TPCDS SF50,tpcds,50,1,Q02,4,RPT+,20,0,0,1,8.59,8.7,8.6,8.701,0.1,0.00684125323,1.00011494,8.7,0.0128055879,0.0129220023,1,0,7
tpcds_sf50_t1,TPCDS SF50,tpcds,50,1,Q03,1,Baseline,20,0,0,1,4.51,5.43,4.51,6.26,1.64,0.157043479,1.15285451,5.43,0.203991131,0.388026608,0.5,0,5
tpcds_sf50_t1,TPCDS SF50,tpcds,50,1,Q03,2,Forward-only,20,0,0,1,3.38,3.49,3.38,3.69,0.31,0.0424869019,1.05730659,3.49,0.0325443787,0.0917159763,1,0,0
tpcds_sf50_t1,TPCDS SF50,tpcds,50,1,Q03,3,THC,20,0,0,1,3.38,3.54,3.38,3.69,0.31,0.0435593812,1.04237288,3.54,0.0473372781,0.0917159763,1,0,0
tpcds_sf50_t1,TPCDS SF50,tpcds,50,1,Q03,4,RPT+,20,0,0,1,3.38,3.54,3.39,3.69,0.3,0.0425243536,1.04237288,3.54,0.0473372781,0.0917159763,1,0,2
tpcds_sf50_t1,TPCDS SF50,tpcds,50,1,Q04,1,Baseline,20,0,0,1,58.03,59.095,58.53,60.412,0.975,0.01310268,1.02228615,59.095,0.0183525763,0.0410477339,1,0,11
tpcds_sf50_t1,TPCDS SF50,tpcds,50,1,Q04,2,Forward-only,20,0,0,1,54.95,56.455,55.445,57.358,1.1875,0.0144576813,1.01599504,56.455,0.027388535,0.0438216561,1,0,17
tpcds_sf50_t1,TPCDS SF50,tpcds,50,1,Q04,3,THC,20,0,0,1,55.9,56.545,55.963,58.021,0.9575,0.0122822656,1.0261031,56.545,0.0115384615,0.0379427549,1,0,3
tpcds_sf50_t1,TPCDS SF50,tpcds,50,1,Q04,4,RPT+,20,0,0,1,55.5,56.415,55.937,57.875,1.4275,0.0139626662,1.02587964,56.415,0.0164864865,0.0427927928,1,0,14
tpcds_sf50_t1,TPCDS SF50,tpcds,50,1,Q05,1,Baseline,20,0,0,1,10.25,10.55,10.45,10.77,0.31,0.0186426605,1.02085308,10.55,0.0292682927,0.0507317073,1,0,3
tpcds_sf50_t1,TPCDS SF50,tpcds,50,1,Q05,2,Forward-only,20,0,0,1,7.99,8.1,7.99,8.41,0.125,0.0220809034,1.0382716,8.1,0.013767209,0.0525657071,1,0,3
tpcds_sf50_t1,TPCDS SF50,tpcds,50,1,Q05,3,THC,20,0,0,1,9.94,10.15,9.95,10.57,0.2025,0.0211340083,1.04137931,10.15,0.0211267606,0.0633802817,1,0,4
tpcds_sf50_t1,TPCDS SF50,tpcds,50,1,Q05,4,RPT+,20,0,0,1,8,8.1,8,8.2,0,0.00727318083,1.01234568,8.1,0.0125,0.025,1,0,0
tpcds_sf50_t1,TPCDS SF50,tpcds,50,1,Q06,1,Baseline,20,0,0,1,15.75,16.06,15.84,16.36,0.31,0.0120393838,1.01867995,16.06,0.0196825397,0.0387301587,1,0,3
tpcds_sf50_t1,TPCDS SF50,tpcds,50,1,Q06,2,Forward-only,20,0,0,1,15.75,15.96,15.85,16.29,0.1575,0.0126448318,1.02067669,15.96,0.0133333333,0.0342857143,1,0,18
tpcds_sf50_t1,TPCDS SF50,tpcds,50,1,Q06,3,THC,20,0,0,1,15.75,16.16,15.95,16.27,0.155,0.00885445897,1.00680693,16.16,0.026031746,0.033015873,1,0,3
tpcds_sf50_t1,TPCDS SF50,tpcds,50,1,Q06,4,RPT+,20,0,0,1,15.86,16.07,15.951,16.271,0.2025,0.00818457954,1.01250778,16.07,0.0132408575,0.0259142497,1,0,12
tpcds_sf50_t1,TPCDS SF50,tpcds,50,1,Q07,1,Baseline,20,0,0,1,7.89,11.415,7.98,13.32,2.4825,0.17712954,1.16688568,11.415,0.446768061,0.688212928,0.25,0,13
tpcds_sf50_t1,TPCDS SF50,tpcds,50,1,Q07,2,Forward-only,20,0,0,1,5.43,5.84,5.43,6.05,0.51,0.0413961749,1.0359589,5.84,0.0755064457,0.114180479,0.7,0,2
tpcds_sf50_t1,TPCDS SF50,tpcds,50,1,Q07,3,THC,20,0,0,1,5.43,5.845,5.529,6.05,0.435,0.0382413041,1.03507271,5.845,0.076427256,0.114180479,0.75,0,2
tpcds_sf50_t1,TPCDS SF50,tpcds,50,1,Q07,4,RPT+,20,0,0,1,5.54,5.85,5.54,6.05,0.36,0.0346706553,1.03418803,5.85,0.0559566787,0.0920577617,1,0,2
tpcds_sf50_t1,TPCDS SF50,tpcds,50,1,Q08,1,Baseline,20,0,0,1,7.78,7.78,7.78,7.88,0.1,0.0063577472,1.01285347,7.78,0,0.0128534704,1,0,1
tpcds_sf50_t1,TPCDS SF50,tpcds,50,1,Q08,2,Forward-only,20,0,0,1,4.81,4.82,4.81,4.92,0.11,0.0193171332,1.02074689,4.82,0.00207900208,0.0228690229,1,0,0
tpcds_sf50_t1,TPCDS SF50,tpcds,50,1,Q08,3,THC,20,0,0,1,4.81,4.92,4.82,4.92,0,0.0128738231,1,4.92,0.0228690229,0.0228690229,1,0,4
tpcds_sf50_t1,TPCDS SF50,tpcds,50,1,Q08,4,RPT+,20,0,0,1,4.92,4.92,4.92,5.02,0.025,0.00875657638,1.0203252,4.92,0,0.0203252033,1,0,0
tpcds_sf50_t1,TPCDS SF50,tpcds,50,1,Q09,1,Baseline,20,0,0,1,15.44,15.55,15.449,15.56,0.1,0.00406972633,1.00064309,15.55,0.00712435233,0.00777202073,1,0,17
tpcds_sf50_t1,TPCDS SF50,tpcds,50,1,Q09,2,Forward-only,20,0,0,1,15.44,15.55,15.449,15.651,0.1,0.00469149314,1.00649518,15.55,0.00712435233,0.0136658031,1,0,0
tpcds_sf50_t1,TPCDS SF50,tpcds,50,1,Q09,3,THC,20,0,0,1,15.45,15.55,15.45,15.56,0.0925,0.00363313496,1.00064309,15.55,0.00647249191,0.0071197411,1,0,0
tpcds_sf50_t1,TPCDS SF50,tpcds,50,1,Q09,4,RPT+,20,0,0,1,15.45,15.505,15.459,15.56,0.1,0.00381961528,1.00354724,15.505,0.00355987055,0.0071197411,1,0,6
tpcds_sf50_t1,TPCDS SF50,tpcds,50,1,Q10,1,Baseline,20,0,0,1,5.83,6.04,5.92,6.15,0.125,0.0207821613,1.01821192,6.04,0.0360205832,0.0548885077,1,0,10
tpcds_sf50_t1,TPCDS SF50,tpcds,50,1,Q10,2,Forward-only,20,0,0,1,5.73,6.04,5.84,6.14,0.2,0.0206211613,1.01655629,6.04,0.0541012216,0.0715532286,1,0,8
tpcds_sf50_t1,TPCDS SF50,tpcds,50,1,Q10,3,THC,20,0,0,1,5.83,6.09,5.84,6.25,0.235,0.0247601166,1.02627258,6.09,0.0445969125,0.0720411664,1,0,0
tpcds_sf50_t1,TPCDS SF50,tpcds,50,1,Q10,4,RPT+,20,0,0,1,2.77,2.98,2.87,3.18,0.135,0.0394897209,1.06711409,2.98,0.0758122744,0.14801444,0.55,0,6
tpcds_sf50_t1,TPCDS SF50,tpcds,50,1,Q11,1,Baseline,20,0,0,1,40.32,41.08,40.41,41.65,1.125,0.0130884976,1.01387537,41.08,0.0188492063,0.0329861111,1,0,7
tpcds_sf50_t1,TPCDS SF50,tpcds,50,1,Q11,2,Forward-only,20,0,0,1,37.36,38.07,37.55,38.818,0.935,0.0139159588,1.01964802,38.07,0.0190042827,0.0390256959,1,0,11
tpcds_sf50_t1,TPCDS SF50,tpcds,50,1,Q11,3,THC,20,0,0,1,37.45,38.075,37.687,38.599,0.515,0.0095395305,1.01376231,38.075,0.0166889186,0.0306809079,1,0,1
tpcds_sf50_t1,TPCDS SF50,tpcds,50,1,Q11,4,RPT+,20,0,0,1,37.17,38.12,37.451,38.928,0.79,0.01525739,1.02119622,38.12,0.0255582459,0.0472962066,1,0,16
tpcds_sf50_t1,TPCDS SF50,tpcds,50,1,Q12,1,Baseline,20,0,0,1,1.13,1.13,1.13,1.23,0.1,0.0418716195,1.08849558,1.13,0,0.0884955752,1,0,1
tpcds_sf50_t1,TPCDS SF50,tpcds,50,1,Q12,2,Forward-only,20,0,0,1,0.82,0.82,0.82,0.82,0,0,1,0.82,0,0,1,0,0
tpcds_sf50_t1,TPCDS SF50,tpcds,50,1,Q12,3,THC,20,0,0,1,0.82,0.82,0.82,0.82,0,0,1,0.82,0,0,1,0,0
tpcds_sf50_t1,TPCDS SF50,tpcds,50,1,Q12,4,RPT+,20,0,0,1,0.72,0.82,0.72,0.82,0.025,0.0544670065,1,0.82,0.138888889,0.138888889,0.25,0,9
tpcds_sf50_t1,TPCDS SF50,tpcds,50,1,Q13,1,Baseline,20,0,0,1,9.93,12.03,10.03,15.679,2.66,0.161296703,1.30332502,12.03,0.211480363,0.578952669,0.25,0,12
tpcds_sf50_t1,TPCDS SF50,tpcds,50,1,Q13,2,Forward-only,20,0,0,1,10.56,12.855,10.741,16.391,2.565,0.153059434,1.27506807,12.855,0.217329545,0.55217803,0.25,0,12
tpcds_sf50_t1,TPCDS SF50,tpcds,50,1,Q13,3,THC,20,0,0,1,10.56,12.755,10.66,16.501,2.6875,0.155611281,1.29368875,12.755,0.207859848,0.562594697,0.25,0,0
tpcds_sf50_t1,TPCDS SF50,tpcds,50,1,Q13,4,RPT+,20,0,0,1,11.38,11.99,11.38,12.82,0.755,0.0421804641,1.06922435,11.99,0.053602812,0.126537786,0.8,0,8
tpcds_sf50_t1,TPCDS SF50,tpcds,50,1,Q14,1,Baseline,20,0,0,1,101.72,104.25,101.766,107.381,2.69,0.0197452694,1.03003357,104.25,0.0248721982,0.0556527723,1,0,19
tpcds_sf50_t1,TPCDS SF50,tpcds,50,1,Q14,2,Forward-only,20,0,0,1,101.99,105.29,102.949,108.688,3.745,0.0210286237,1.03227277,105.29,0.0323561133,0.0656731052,1,0,10
tpcds_sf50_t1,TPCDS SF50,tpcds,50,1,Q14,3,THC,20,0,0,1,101.76,105.645,102.659,108.274,3.6075,0.0201389025,1.02488523,105.645,0.038178066,0.0640133648,1,0,3
tpcds_sf50_t1,TPCDS SF50,tpcds,50,1,Q14,4,RPT+,20,0,0,1,103.11,106.73,103.824,109.101,3.0375,0.0195099767,1.02221493,106.73,0.0351081369,0.0581029968,1,0,6
tpcds_sf50_t1,TPCDS SF50,tpcds,50,1,Q15,1,Baseline,20,0,0,1,0.62,0.62,0.62,0.62,0,0,1,0.62,0,0,1,0,0
tpcds_sf50_t1,TPCDS SF50,tpcds,50,1,Q15,2,Forward-only,20,0,0,1,0.62,0.62,0.62,0.62,0,0,1,0.62,0,0,1,0,0
tpcds_sf50_t1,TPCDS SF50,tpcds,50,1,Q15,3,THC,20,0,0,1,0.62,0.62,0.62,0.62,0,0,1,0.62,0,0,1,0,0
tpcds_sf50_t1,TPCDS SF50,tpcds,50,1,Q15,4,RPT+,20,0,0,1,0.62,0.62,0.62,0.62,0,0,1,0.62,0,0,1,0,0
tpcds_sf50_t1,TPCDS SF50,tpcds,50,1,Q16,1,Baseline,20,0,0,1,0.72,0.82,0.72,0.92,0.1,0.0847791248,1.12195122,0.82,0.138888889,0.277777778,0.35,0,1
tpcds_sf50_t1,TPCDS SF50,tpcds,50,1,Q16,2,Forward-only,20,0,0,1,0.62,0.72,0.62,0.72,0.025,0.0623039859,1,0.72,0.161290323,0.161290323,0.25,0,2
tpcds_sf50_t1,TPCDS SF50,tpcds,50,1,Q16,3,THC,20,0,0,1,0.62,0.72,0.62,0.72,0,0.0571428571,1,0.72,0.161290323,0.161290323,0.2,0,3
tpcds_sf50_t1,TPCDS SF50,tpcds,50,1,Q16,4,RPT+,20,0,0,1,0.62,0.72,0.62,0.72,0.025,0.0623039859,1,0.72,0.161290323,0.161290323,0.25,0,2
tpcds_sf50_t1,TPCDS SF50,tpcds,50,1,Q17,1,Baseline,20,0,0,1,7.58,12.545,8.718,16.119,6.495,0.263278097,1.28489438,12.545,0.655013193,1.12651715,0.1,0.3,11
tpcds_sf50_t1,TPCDS SF50,tpcds,50,1,Q17,2,Forward-only,20,0,0,1,4.92,5.535,5.32,6.261,0.26,0.0697012217,1.13116531,5.535,0.125,0.272560976,0.25,0,11
tpcds_sf50_t1,TPCDS SF50,tpcds,50,1,Q17,3,THC,20,0,0,1,4.92,5.59,5.32,6.36,0.3625,0.0692669271,1.13774597,5.59,0.136178862,0.292682927,0.15,0,11
tpcds_sf50_t1,TPCDS SF50,tpcds,50,1,Q17,4,RPT+,20,0,0,1,5.33,5.79,5.339,6.581,0.3275,0.073012124,1.13661485,5.79,0.08630394,0.234709193,0.7,0,3
tpcds_sf50_t1,TPCDS SF50,tpcds,50,1,Q18,1,Baseline,20,0,0,1,2.36,2.87,2.55,5.079,0.5875,0.489503728,1.76968641,2.87,0.216101695,1.15211864,0.25,0.1,6
tpcds_sf50_t1,TPCDS SF50,tpcds,50,1,Q18,2,Forward-only,20,0,0,1,1.54,1.64,1.54,1.95,0.1525,0.0875911333,1.18902439,1.64,0.0649350649,0.266233766,0.55,0,1
tpcds_sf50_t1,TPCDS SF50,tpcds,50,1,Q18,3,THC,20,0,0,1,1.54,1.74,1.54,1.95,0.16,0.0853975687,1.12068966,1.74,0.12987013,0.266233766,0.4,0,1
tpcds_sf50_t1,TPCDS SF50,tpcds,50,1,Q18,4,RPT+,20,0,0,1,1.44,1.64,1.54,1.85,0.21,0.0787437112,1.12804878,1.64,0.138888889,0.284722222,0.4,0,6
tpcds_sf50_t1,TPCDS SF50,tpcds,50,1,Q19,1,Baseline,20,0,0,1,5.33,6.655,5.42,7.813,1.685,0.167174804,1.17400451,6.655,0.248592871,0.465853659,0.25,0,2
tpcds_sf50_t1,TPCDS SF50,tpcds,50,1,Q19,2,Forward-only,20,0,0,1,3.49,3.59,3.59,3.69,0.1,0.0157869285,1.02785515,3.59,0.0286532951,0.0573065903,1,0,1
tpcds_sf50_t1,TPCDS SF50,tpcds,50,1,Q19,3,THC,20,0,0,1,3.49,3.59,3.58,3.69,0.1,0.0203526546,1.02785515,3.59,0.0286532951,0.0573065903,1,0,8
tpcds_sf50_t1,TPCDS SF50,tpcds,50,1,Q19,4,RPT+,20,0,0,1,3.49,3.59,3.49,3.69,0.1,0.0189981232,1.02785515,3.59,0.0286532951,0.0573065903,1,0,0
tpcds_sf50_t1,TPCDS SF50,tpcds,50,1,Q20,1,Baseline,20,0,0,1,0.21,0.31,0.21,0.31,0.1,0.163663418,1,0.31,0.476190476,0.476190476,0.3,0,2
tpcds_sf50_t1,TPCDS SF50,tpcds,50,1,Q20,2,Forward-only,20,0,0,1,0.31,0.31,0.31,0.31,0,0,1,0.31,0,0,1,0,0
tpcds_sf50_t1,TPCDS SF50,tpcds,50,1,Q20,3,THC,20,0,0,1,0.31,0.31,0.31,0.31,0,0,1,0.31,0,0,1,0,0
tpcds_sf50_t1,TPCDS SF50,tpcds,50,1,Q20,4,RPT+,20,0,0,1,0.31,0.31,0.31,0.31,0,0,1,0.31,0,0,1,0,0
tpcds_sf50_t1,TPCDS SF50,tpcds,50,1,Q21,1,Baseline,20,0,0,1,0.21,0.21,0.21,0.21,0,0,1,0.21,0,0,1,0,0
tpcds_sf50_t1,TPCDS SF50,tpcds,50,1,Q21,2,Forward-only,20,0,0,1,0.21,0.21,0.21,0.21,0,0,1,0.21,0,0,1,0,0
tpcds_sf50_t1,TPCDS SF50,tpcds,50,1,Q21,3,THC,20,0,0,1,0.21,0.21,0.21,0.21,0,0,1,0.21,0,0,1,0,0
tpcds_sf50_t1,TPCDS SF50,tpcds,50,1,Q21,4,RPT+,20,0,0,1,0.21,0.21,0.21,0.21,0,0,1,0.21,0,0,1,0,0
tpcds_sf50_t1,TPCDS SF50,tpcds,50,1,Q22,1,Baseline,20,0,0,1,4.81,4.91,4.81,5.011,0.0575,0.0147031515,1.02057026,4.91,0.0207900208,0.0417879418,1,0,7
tpcds_sf50_t1,TPCDS SF50,tpcds,50,1,Q22,2,Forward-only,20,0,0,1,4.81,4.97,4.91,5.02,0.1,0.0123732558,1.01006036,4.97,0.0332640333,0.0436590437,1,0,14
tpcds_sf50_t1,TPCDS SF50,tpcds,50,1,Q22,3,THC,20,0,0,1,4.91,5.02,4.92,5.02,0.025,0.010363951,1,5.02,0.0224032587,0.0224032587,1,0,0
tpcds_sf50_t1,TPCDS SF50,tpcds,50,1,Q22,4,RPT+,20,0,0,1,4.91,5.02,4.92,5.02,0.1,0.0118208911,1,5.02,0.0224032587,0.0224032587,1,0,7
tpcds_sf50_t1,TPCDS SF50,tpcds,50,1,Q23,1,Baseline,20,0,0,1,68.77,70.425,69.069,71.375,1.4775,0.0125890331,1.01348953,70.425,0.0240657263,0.0378798895,1,0,9
tpcds_sf50_t1,TPCDS SF50,tpcds,50,1,Q23,2,Forward-only,20,0,0,1,70.1,71.445,70.148,72.512,1.735,0.0131905803,1.01493457,71.445,0.0191868759,0.0344079886,1,0,3
tpcds_sf50_t1,TPCDS SF50,tpcds,50,1,Q23,3,THC,20,0,0,1,69.21,71.99,71.123,73.091,1.4725,0.0135041853,1.01529379,71.99,0.0401676058,0.0560757116,1,0,5
tpcds_sf50_t1,TPCDS SF50,tpcds,50,1,Q23,4,RPT+,20,0,0,1,69.13,71.39,69.695,72.437,1.73,0.0141935778,1.01466592,71.39,0.0326920295,0.0478374078,1,0,4
tpcds_sf50_t1,TPCDS SF50,tpcds,50,1,Q24,1,Baseline,17,3,0,0.85,11.89,21.5,13.63,34.5,7.17,0.542149329,1.60465116,23.955,0.80824222,1.90159798,0.05,0.5,18
tpcds_sf50_t1,TPCDS SF50,tpcds,50,1,Q24,2,Forward-only,17,3,0,0.85,5.43,9.12,7.354,10.368,1.13,1.02716184,1.13684211,9.425,0.679558011,0.909392265,0.05,0.2,0
tpcds_sf50_t1,TPCDS SF50,tpcds,50,1,Q24,3,THC,17,3,0,0.85,5.43,9.54,7.354,10.862,1.23,1.07038269,1.13857442,9.79,0.756906077,1.00036832,0.05,0.25,0
tpcds_sf50_t1,TPCDS SF50,tpcds,50,1,Q24,4,RPT+,17,3,0,0.85,5.43,9.95,7.5,10.578,0.31,0.96865113,1.06311558,9.95,0.832412523,0.948066298,0.05,0.25,0
tpcds_sf50_t1,TPCDS SF50,tpcds,50,1,Q25,1,Baseline,20,0,0,1,6.15,7.995,6.359,15.28,6.9075,0.433787699,1.9111945,7.995,0.3,1.48455285,0.25,0.35,1
tpcds_sf50_t1,TPCDS SF50,tpcds,50,1,Q25,2,Forward-only,20,0,0,1,4.72,5.13,4.82,5.43,0.41,0.0445940455,1.05847953,5.13,0.0868644068,0.150423729,0.6,0,1
tpcds_sf50_t1,TPCDS SF50,tpcds,50,1,Q25,3,THC,20,0,0,1,4.72,5.18,4.81,5.65,0.335,0.0617996899,1.09073359,5.18,0.0974576271,0.197033898,0.5,0,1
tpcds_sf50_t1,TPCDS SF50,tpcds,50,1,Q25,4,RPT+,20,0,0,1,4.72,5.08,4.82,5.34,0.435,0.0458511605,1.0511811,5.08,0.0762711864,0.131355932,0.6,0,17
tpcds_sf50_t1,TPCDS SF50,tpcds,50,1,Q26,1,Baseline,20,0,0,1,1.33,1.74,1.33,3.89,1.2825,0.427031932,2.23563218,1.74,0.308270677,1.92481203,0.25,0.3,1
tpcds_sf50_t1,TPCDS SF50,tpcds,50,1,Q26,2,Forward-only,20,0,0,1,0.92,1.03,0.92,1.04,0.1,0.0658463931,1.00970874,1.03,0.119565217,0.130434783,0.4,0,2
tpcds_sf50_t1,TPCDS SF50,tpcds,50,1,Q26,3,THC,20,0,0,1,0.93,1.03,0.93,1.13,0.1,0.0694738311,1.09708738,1.03,0.107526882,0.215053763,0.4,0,2
tpcds_sf50_t1,TPCDS SF50,tpcds,50,1,Q26,4,RPT+,20,0,0,1,0.93,1.03,0.93,1.13,0.025,0.0600480577,1.09708738,1.03,0.107526882,0.215053763,0.15,0,2
tpcds_sf50_t1,TPCDS SF50,tpcds,50,1,Q27,1,Baseline,20,0,0,1,18.62,26.245,21.779,30.031,4.1925,0.126697667,1.14425605,26.245,0.409505908,0.612835661,0.05,0,0
tpcds_sf50_t1,TPCDS SF50,tpcds,50,1,Q27,2,Forward-only,20,0,0,1,11.78,12.45,11.97,12.93,0.565,0.0317915543,1.03855422,12.45,0.0568760611,0.09762309,0.9,0,11
tpcds_sf50_t1,TPCDS SF50,tpcds,50,1,Q27,3,THC,20,0,0,1,11.78,12.39,11.979,12.93,0.715,0.0324048017,1.04358354,12.39,0.0517826825,0.09762309,0.9,0,6
tpcds_sf50_t1,TPCDS SF50,tpcds,50,1,Q27,4,RPT+,20,0,0,1,11.68,12.395,11.88,12.92,0.54,0.0316512737,1.04235579,12.395,0.0612157534,0.106164384,0.85,0,6
tpcds_sf50_t1,TPCDS SF50,tpcds,50,1,Q28,1,Baseline,20,0,0,1,16.27,16.37,16.27,16.471,0.1,0.00471054826,1.00616982,16.37,0.0061462815,0.0123540258,1,0,5
tpcds_sf50_t1,TPCDS SF50,tpcds,50,1,Q28,2,Forward-only,20,0,0,1,16.17,16.38,16.27,16.5,0.1025,0.00742599489,1.00732601,16.38,0.012987013,0.0204081633,1,0,16
tpcds_sf50_t1,TPCDS SF50,tpcds,50,1,Q28,3,THC,20,0,0,1,16.27,16.38,16.279,16.48,0.02,0.00373235579,1.00610501,16.38,0.00676090965,0.0129071911,1,0,6
tpcds_sf50_t1,TPCDS SF50,tpcds,50,1,Q28,4,RPT+,20,0,0,1,16.27,16.385,16.28,16.472,0.0125,0.00369512822,1.00530973,16.385,0.00706822372,0.0124154886,1,0,7
tpcds_sf50_t1,TPCDS SF50,tpcds,50,1,Q29,1,Baseline,20,0,0,1,9.12,11.015,10.13,15.51,3.7375,0.265592578,1.40807989,11.015,0.207785088,0.700657895,0.05,0.05,11
tpcds_sf50_t1,TPCDS SF50,tpcds,50,1,Q29,2,Forward-only,20,0,0,1,7.17,7.635,7.26,9.24,1.1625,0.0984388815,1.21021611,7.635,0.0648535565,0.288702929,0.5,0,11
tpcds_sf50_t1,TPCDS SF50,tpcds,50,1,Q29,3,THC,20,0,0,1,7.07,7.685,7.28,9.34,1.08,0.0991268981,1.21535459,7.685,0.0869872702,0.321074965,0.5,0,11
tpcds_sf50_t1,TPCDS SF50,tpcds,50,1,Q29,4,RPT+,20,0,0,1,7.18,8.045,7.28,8.95,1.365,0.0870803791,1.11249223,8.045,0.120473538,0.246518106,0.45,0,17
tpcds_sf50_t1,TPCDS SF50,tpcds,50,1,Q30,1,Baseline,20,0,0,1,0.82,0.82,0.82,0.82,0,0,1,0.82,0,0,1,0,0
tpcds_sf50_t1,TPCDS SF50,tpcds,50,1,Q30,2,Forward-only,20,0,0,1,0.82,0.82,0.82,0.82,0,0,1,0.82,0,0,1,0,0
tpcds_sf50_t1,TPCDS SF50,tpcds,50,1,Q30,3,THC,20,0,0,1,0.82,0.82,0.82,0.82,0,0,1,0.82,0,0,1,0,0
tpcds_sf50_t1,TPCDS SF50,tpcds,50,1,Q30,4,RPT+,20,0,0,1,0.72,0.82,0.81,0.82,0,0.037037037,1,0.82,0.138888889,0.138888889,0.1,0,16
tpcds_sf50_t1,TPCDS SF50,tpcds,50,1,Q31,1,Baseline,20,0,0,1,9.32,9.63,9.32,9.73,0.1575,0.0153226118,1.01038422,9.63,0.0332618026,0.0439914163,1,0,1
tpcds_sf50_t1,TPCDS SF50,tpcds,50,1,Q31,2,Forward-only,20,0,0,1,6.56,6.87,6.74,6.97,0.035,0.0158979706,1.01455604,6.87,0.0472560976,0.0625,1,0,6
tpcds_sf50_t1,TPCDS SF50,tpcds,50,1,Q31,3,THC,20,0,0,1,6.66,6.87,6.67,6.97,0.2025,0.015281505,1.01455604,6.87,0.0315315315,0.0465465465,1,0,2
tpcds_sf50_t1,TPCDS SF50,tpcds,50,1,Q31,4,RPT+,20,0,0,1,6.46,6.56,6.55,6.66,0.025,0.00882160522,1.0152439,6.56,0.0154798762,0.0309597523,1,0,1
tpcds_sf50_t1,TPCDS SF50,tpcds,50,1,Q32,1,Baseline,20,0,0,1,0.21,0.31,0.21,0.31,0.1,0.187733479,1,0.31,0.476190476,0.476190476,0.45,0,1
tpcds_sf50_t1,TPCDS SF50,tpcds,50,1,Q32,2,Forward-only,20,0,0,1,0.21,0.21,0.21,0.21,0,0,1,0.21,0,0,1,0,0
tpcds_sf50_t1,TPCDS SF50,tpcds,50,1,Q32,3,THC,20,0,0,1,0.21,0.21,0.21,0.22,0,0.136363636,1.04761905,0.21,0,0.0476190476,0.9,0,0
tpcds_sf50_t1,TPCDS SF50,tpcds,50,1,Q32,4,RPT+,20,0,0,1,0.21,0.31,0.21,0.31,0.1,0.187733479,1,0.31,0.476190476,0.476190476,0.45,0,0
tpcds_sf50_t1,TPCDS SF50,tpcds,50,1,Q33,1,Baseline,20,0,0,1,5.64,5.84,5.64,5.97,0.2,0.0267100819,1.02226027,5.84,0.0354609929,0.0585106383,0.95,0,5
tpcds_sf50_t1,TPCDS SF50,tpcds,50,1,Q33,2,Forward-only,20,0,0,1,4.1,4.1,4.1,4.21,0.1,0.0147962853,1.02682927,4.1,0,0.0268292683,1,0,0
tpcds_sf50_t1,TPCDS SF50,tpcds,50,1,Q33,3,THC,20,0,0,1,4,4.105,4.1,4.21,0.11,0.0169385441,1.02557856,4.105,0.02625,0.0525,1,0,10
tpcds_sf50_t1,TPCDS SF50,tpcds,50,1,Q33,4,RPT+,20,0,0,1,4,4.1,4.1,4.12,0.0025,0.0099453041,1.00487805,4.1,0.025,0.03,1,0,0
tpcds_sf50_t1,TPCDS SF50,tpcds,50,1,Q34,1,Baseline,20,0,0,1,8.09,8.39,8.28,8.7,0.235,0.0199460243,1.03694875,8.39,0.0370828183,0.0754017305,1,0,19
tpcds_sf50_t1,TPCDS SF50,tpcds,50,1,Q34,2,Forward-only,20,0,0,1,4.41,4.51,4.41,4.61,0.1,0.0145458252,1.02217295,4.51,0.022675737,0.0453514739,1,0,3
tpcds_sf50_t1,TPCDS SF50,tpcds,50,1,Q34,3,THC,20,0,0,1,4.41,4.51,4.41,4.61,0.1,0.0145458252,1.02217295,4.51,0.022675737,0.0453514739,1,0,3
tpcds_sf50_t1,TPCDS SF50,tpcds,50,1,Q34,4,RPT+,20,0,0,1,4.41,4.51,4.41,4.51,0.1,0.0111420766,1,4.51,0.022675737,0.022675737,1,0,3
tpcds_sf50_t1,TPCDS SF50,tpcds,50,1,Q35,1,Baseline,20,0,0,1,10.02,10.23,10.03,10.44,0.11,0.012384082,1.02052786,10.23,0.0209580838,0.0419161677,1,0,0
tpcds_sf50_t1,TPCDS SF50,tpcds,50,1,Q35,2,Forward-only,20,0,0,1,9.93,10.14,10.03,10.25,0.095,0.0106685262,1.01084813,10.14,0.0211480363,0.0322255791,1,0,18
tpcds_sf50_t1,TPCDS SF50,tpcds,50,1,Q35,3,THC,20,0,0,1,10.35,10.7,10.54,10.85,0.1275,0.012225025,1.01401869,10.7,0.0338164251,0.0483091787,1,0,13
tpcds_sf50_t1,TPCDS SF50,tpcds,50,1,Q35,4,RPT+,20,0,0,1,6.76,6.97,6.77,7.08,0.2025,0.0173530262,1.01578192,6.97,0.0310650888,0.0473372781,1,0,0
tpcds_sf50_t1,TPCDS SF50,tpcds,50,1,Q36,1,Baseline,20,0,0,1,9.63,10.035,9.82,10.34,0.335,0.0221198226,1.03039362,10.035,0.0420560748,0.0737279335,1,0,2
tpcds_sf50_t1,TPCDS SF50,tpcds,50,1,Q36,2,Forward-only,20,0,0,1,5.64,5.84,5.64,5.859,0.1,0.01611504,1.00325342,5.84,0.0354609929,0.0388297872,1,0,3
tpcds_sf50_t1,TPCDS SF50,tpcds,50,1,Q36,3,THC,20,0,0,1,5.64,5.74,5.64,5.95,0.11,0.0220861391,1.03658537,5.74,0.0177304965,0.054964539,1,0,2
tpcds_sf50_t1,TPCDS SF50,tpcds,50,1,Q36,4,RPT+,20,0,0,1,6.46,6.76,6.55,6.87,0.135,0.0201970066,1.01627219,6.76,0.0464396285,0.0634674923,1,0,0
tpcds_sf50_t1,TPCDS SF50,tpcds,50,1,Q37,1,Baseline,13,7,0,0.65,0.51,2.97,0.512,56.658,54.89,1.18546935,19.0767677,55.45,4.82352941,110.094118,0.25,0.75,6
tpcds_sf50_t1,TPCDS SF50,tpcds,50,1,Q37,2,Forward-only,20,0,0,1,0.51,0.52,0.51,0.52,0,0.00688662336,1,0.52,0.0196078431,0.0196078431,1,0,0
tpcds_sf50_t1,TPCDS SF50,tpcds,50,1,Q37,3,THC,20,0,0,1,0.51,0.52,0.52,0.52,0,0.00419528291,1,0.52,0.0196078431,0.0196078431,1,0,0
tpcds_sf50_t1,TPCDS SF50,tpcds,50,1,Q37,4,RPT+,20,0,0,1,0.41,0.41,0.41,0.41,0,0,1,0.41,0,0,1,0,0
tpcds_sf50_t1,TPCDS SF50,tpcds,50,1,Q38,1,Baseline,20,0,0,1,13.4,13.71,13.491,13.829,0.2275,0.0109259284,1.0086798,13.71,0.0231343284,0.0320149254,1,0,5
tpcds_sf50_t1,TPCDS SF50,tpcds,50,1,Q38,2,Forward-only,20,0,0,1,13.92,14.125,14.02,14.33,0.11,0.0076992267,1.01451327,14.125,0.0147270115,0.029454023,1,0,13
tpcds_sf50_t1,TPCDS SF50,tpcds,50,1,Q38,3,THC,20,0,0,1,13.82,14.13,14.01,14.349,0.21,0.0109951534,1.01549894,14.13,0.022431259,0.0382778582,1,0,19
tpcds_sf50_t1,TPCDS SF50,tpcds,50,1,Q38,4,RPT+,20,0,0,1,12.29,12.5,12.39,12.6,0.19,0.0072135885,1.008,12.5,0.0170870627,0.0252237592,1,0,16
tpcds_sf50_t1,TPCDS SF50,tpcds,50,1,Q39,1,Baseline,20,0,0,1,0.41,0.41,0.41,0.52,0.1,0.112992003,1.26829268,0.41,0,0.268292683,0.65,0,0
tpcds_sf50_t1,TPCDS SF50,tpcds,50,1,Q39,2,Forward-only,20,0,0,1,0.41,0.52,0.41,0.62,0.01,0.111732832,1.19230769,0.52,0.268292683,0.512195122,0.15,0,8
tpcds_sf50_t1,TPCDS SF50,tpcds,50,1,Q39,3,THC,20,0,0,1,0.41,0.52,0.41,0.52,0.01,0.091604614,1,0.52,0.268292683,0.268292683,0.15,0,7
tpcds_sf50_t1,TPCDS SF50,tpcds,50,1,Q39,4,RPT+,20,0,0,1,0.41,0.52,0.51,0.52,0,0.0643354052,1,0.52,0.268292683,0.268292683,0.05,0,18
tpcds_sf50_t1,TPCDS SF50,tpcds,50,1,Q40,1,Baseline,20,0,0,1,1.03,1.03,1.03,1.13,0,0.0380952381,1.09708738,1.03,0,0.0970873786,1,0,0
tpcds_sf50_t1,TPCDS SF50,tpcds,50,1,Q40,2,Forward-only,20,0,0,1,0.82,0.82,0.82,0.82,0,0,1,0.82,0,0,1,0,0
tpcds_sf50_t1,TPCDS SF50,tpcds,50,1,Q40,3,THC,20,0,0,1,0.82,0.82,0.82,0.82,0,0,1,0.82,0,0,1,0,0
tpcds_sf50_t1,TPCDS SF50,tpcds,50,1,Q40,4,RPT+,20,0,0,1,0.21,0.21,0.21,0.21,0,0,1,0.21,0,0,1,0,0
tpcds_sf50_t1,TPCDS SF50,tpcds,50,1,Q41,1,Baseline,20,0,0,1,0.11,0.11,0.11,0.11,0,0,1,0.11,0,0,1,0,0
tpcds_sf50_t1,TPCDS SF50,tpcds,50,1,Q41,2,Forward-only,20,0,0,1,0.11,0.11,0.11,0.11,0,0,1,0.11,0,0,1,0,0
tpcds_sf50_t1,TPCDS SF50,tpcds,50,1,Q41,3,THC,20,0,0,1,0.11,0.11,0.11,0.11,0,0,1,0.11,0,0,1,0,0
tpcds_sf50_t1,TPCDS SF50,tpcds,50,1,Q41,4,RPT+,20,0,0,1,0.11,0.11,0.11,0.11,0,0,1,0.11,0,0,1,0,0
tpcds_sf50_t1,TPCDS SF50,tpcds,50,1,Q42,1,Baseline,20,0,0,1,4,4.51,4,5.02,0.82,0.0973207097,1.11308204,4.51,0.1275,0.255,0.5,0,9
tpcds_sf50_t1,TPCDS SF50,tpcds,50,1,Q42,2,Forward-only,20,0,0,1,2.36,2.46,2.36,2.47,0.1,0.0273937683,1.00406504,2.46,0.0423728814,0.0466101695,1,0,0
tpcds_sf50_t1,TPCDS SF50,tpcds,50,1,Q42,3,THC,20,0,0,1,2.36,2.46,2.36,2.57,0.125,0.0312914237,1.04471545,2.46,0.0423728814,0.0889830508,1,0,2
tpcds_sf50_t1,TPCDS SF50,tpcds,50,1,Q42,4,RPT+,20,0,0,1,2.36,2.46,2.36,2.57,0.21,0.0343432215,1.04471545,2.46,0.0423728814,0.0889830508,1,0,2
tpcds_sf50_t1,TPCDS SF50,tpcds,50,1,Q43,1,Baseline,20,0,0,1,7.68,7.88,7.78,8,0.1025,0.0123057227,1.01522843,7.88,0.0260416667,0.0416666667,1,0,18
tpcds_sf50_t1,TPCDS SF50,tpcds,50,1,Q43,2,Forward-only,20,0,0,1,4.3,4.51,4.391,4.61,0.1,0.0204002819,1.02217295,4.51,0.0488372093,0.0720930233,1,0,6
tpcds_sf50_t1,TPCDS SF50,tpcds,50,1,Q43,3,THC,20,0,0,1,4.31,4.41,4.31,4.51,0.1,0.0189778148,1.02267574,4.41,0.0232018561,0.0464037123,1,0,4
tpcds_sf50_t1,TPCDS SF50,tpcds,50,1,Q43,4,RPT+,20,0,0,1,4.71,4.92,4.72,5.02,0.2,0.0233440361,1.0203252,4.92,0.0445859873,0.0658174098,1,0,0
tpcds_sf50_t1,TPCDS SF50,tpcds,50,1,Q44,1,Baseline,20,0,0,1,42.62,43.24,42.919,43.959,0.5025,0.0129098238,1.01662812,43.24,0.014547161,0.031417175,1,0,11
tpcds_sf50_t1,TPCDS SF50,tpcds,50,1,Q44,2,Forward-only,20,0,0,1,42.84,43.245,42.903,43.821,0.45,0.014135742,1.01331946,43.245,0.00945378151,0.0228991597,1,0,7
tpcds_sf50_t1,TPCDS SF50,tpcds,50,1,Q44,3,THC,20,0,0,1,42.31,43.345,42.829,43.87,0.695,0.0108711509,1.01211212,43.345,0.0244623021,0.0368707161,1,0,5
tpcds_sf50_t1,TPCDS SF50,tpcds,50,1,Q44,4,RPT+,20,0,0,1,42.11,43.215,42.738,44.262,0.76,0.0140358589,1.0242277,43.215,0.0262407979,0.0511042508,1,0,6
tpcds_sf50_t1,TPCDS SF50,tpcds,50,1,Q45,1,Baseline,20,0,0,1,1.85,2.15,1.85,2.57,0.135,0.115598333,1.19534884,2.15,0.162162162,0.389189189,0.2,0,1
tpcds_sf50_t1,TPCDS SF50,tpcds,50,1,Q45,2,Forward-only,20,0,0,1,1.23,1.39,1.23,1.54,0.235,0.088697354,1.10791367,1.39,0.130081301,0.25203252,0.5,0,0
tpcds_sf50_t1,TPCDS SF50,tpcds,50,1,Q45,3,THC,20,0,0,1,1.23,1.39,1.23,1.54,0.2275,0.0857823147,1.10791367,1.39,0.130081301,0.25203252,0.5,0,0
tpcds_sf50_t1,TPCDS SF50,tpcds,50,1,Q45,4,RPT+,20,0,0,1,1.23,1.49,1.23,1.64,0.2525,0.105666503,1.10067114,1.49,0.211382114,0.333333333,0.3,0,0
tpcds_sf50_t1,TPCDS SF50,tpcds,50,1,Q46,1,Baseline,20,0,0,1,11.16,12.695,11.169,13.72,2.1425,0.0806419354,1.08074045,12.695,0.137544803,0.229390681,0.35,0,10
tpcds_sf50_t1,TPCDS SF50,tpcds,50,1,Q46,2,Forward-only,20,0,0,1,7.18,7.375,7.27,7.38,0.1,0.0081447467,1.00067797,7.375,0.0271587744,0.0278551532,1,0,10
tpcds_sf50_t1,TPCDS SF50,tpcds,50,1,Q46,3,THC,20,0,0,1,7.17,7.38,7.18,7.48,0.1,0.0126693511,1.01355014,7.38,0.0292887029,0.0432357043,1,0,1
tpcds_sf50_t1,TPCDS SF50,tpcds,50,1,Q46,4,RPT+,20,0,0,1,7.07,7.18,7.17,7.38,0.2,0.0152355844,1.02785515,7.18,0.0155586987,0.0438472419,1,0,2
tpcds_sf50_t1,TPCDS SF50,tpcds,50,1,Q47,1,Baseline,20,0,0,1,16.99,17.45,17.18,17.81,0.31,0.0154734087,1.02063037,17.45,0.0270747499,0.0482636845,1,0,7
tpcds_sf50_t1,TPCDS SF50,tpcds,50,1,Q47,2,Forward-only,20,0,0,1,17.3,17.865,17.51,18.25,0.535,0.0183785226,1.02155052,17.865,0.0326589595,0.0549132948,1,0,1
tpcds_sf50_t1,TPCDS SF50,tpcds,50,1,Q47,3,THC,20,0,0,1,17.2,17.87,17.51,18.32,0.36,0.0175667524,1.02518187,17.87,0.0389534884,0.0651162791,1,0,6
tpcds_sf50_t1,TPCDS SF50,tpcds,50,1,Q47,4,RPT+,20,0,0,1,17.3,17.825,17.4,18.22,0.535,0.0173173874,1.02215989,17.825,0.0303468208,0.0531791908,1,0,0
tpcds_sf50_t1,TPCDS SF50,tpcds,50,1,Q48,1,Baseline,20,0,0,1,8.81,10.5,9.019,12.613,1.18,0.134308941,1.2012381,10.5,0.191827469,0.431668558,0.25,0,4
tpcds_sf50_t1,TPCDS SF50,tpcds,50,1,Q48,2,Forward-only,20,0,0,1,9.32,11.01,9.419,13.013,1.13,0.126831455,1.18192552,11.01,0.181330472,0.396244635,0.25,0,4
tpcds_sf50_t1,TPCDS SF50,tpcds,50,1,Q48,3,THC,20,0,0,1,9.33,11.58,9.71,13.415,1.13,0.124121608,1.15846287,11.58,0.241157556,0.437834941,0.25,0,8
tpcds_sf50_t1,TPCDS SF50,tpcds,50,1,Q48,4,RPT+,20,0,0,1,10.75,11.07,10.86,14.049,0.5125,0.09547223,1.26910569,11.07,0.0297674419,0.306883721,0.85,0,5
tpcds_sf50_t1,TPCDS SF50,tpcds,50,1,Q49,1,Baseline,20,0,0,1,7.38,7.84,7.58,8.2,0.4125,0.0312215282,1.04591837,7.84,0.0623306233,0.111111111,0.85,0,7
tpcds_sf50_t1,TPCDS SF50,tpcds,50,1,Q49,2,Forward-only,20,0,0,1,5.13,5.23,5.13,5.34,0.025,0.0159973236,1.0210325,5.23,0.0194931774,0.0409356725,1,0,2
tpcds_sf50_t1,TPCDS SF50,tpcds,50,1,Q49,3,THC,20,0,0,1,5.13,5.23,5.13,5.24,0.1,0.0121569675,1.00191205,5.23,0.0194931774,0.0214424951,1,0,2
tpcds_sf50_t1,TPCDS SF50,tpcds,50,1,Q49,4,RPT+,20,0,0,1,5.13,5.23,5.13,5.349,0.0275,0.0167574052,1.02275335,5.23,0.0194931774,0.0426900585,1,0,1
tpcds_sf50_t1,TPCDS SF50,tpcds,50,1,Q50,1,Baseline,20,0,0,1,18.74,23.65,20.569,25.211,4.06,0.0926403801,1.06600423,23.65,0.262006403,0.345304162,0.15,0,8
tpcds_sf50_t1,TPCDS SF50,tpcds,50,1,Q50,2,Forward-only,20,0,0,1,9.01,11.16,9.12,13.621,4.015,0.152730298,1.22051971,11.16,0.238623751,0.511764706,0.3,0,8
tpcds_sf50_t1,TPCDS SF50,tpcds,50,1,Q50,3,THC,20,0,0,1,9.12,11.16,9.21,13.42,3.8375,0.144358379,1.20250896,11.16,0.223684211,0.471491228,0.3,0,2
tpcds_sf50_t1,TPCDS SF50,tpcds,50,1,Q50,4,RPT+,20,0,0,1,7.99,8.51,8,9.12,0.7475,0.0465347558,1.07168038,8.51,0.0650813517,0.141426783,0.7,0,2
tpcds_sf50_t1,TPCDS SF50,tpcds,50,1,Q51,1,Baseline,20,0,0,1,26.92,27.225,27.019,27.43,0.2125,0.00645841079,1.00752984,27.225,0.0113298663,0.0189450223,1,0,0
tpcds_sf50_t1,TPCDS SF50,tpcds,50,1,Q51,2,Forward-only,20,0,0,1,27.33,27.695,27.449,27.86,0.2125,0.0060582055,1.00595775,27.695,0.0133552872,0.0193926089,1,0,17
tpcds_sf50_t1,TPCDS SF50,tpcds,50,1,Q51,3,THC,20,0,0,1,27.24,27.74,27.54,27.96,0.315,0.00710304777,1.00793079,27.74,0.0183553598,0.0264317181,1,0,2
tpcds_sf50_t1,TPCDS SF50,tpcds,50,1,Q51,4,RPT+,20,0,0,1,26.52,26.79,26.612,26.85,0.2025,0.00436187787,1.00223964,26.79,0.0101809955,0.0124434389,1,0,1
tpcds_sf50_t1,TPCDS SF50,tpcds,50,1,Q52,1,Baseline,20,0,0,1,4,4.51,4,5.02,0.845,0.101338679,1.11308204,4.51,0.1275,0.255,0.5,0,9
tpcds_sf50_t1,TPCDS SF50,tpcds,50,1,Q52,2,Forward-only,20,0,0,1,2.36,2.46,2.36,2.47,0.1,0.0250074698,1.00406504,2.46,0.0423728814,0.0466101695,1,0,0
tpcds_sf50_t1,TPCDS SF50,tpcds,50,1,Q52,3,THC,20,0,0,1,2.36,2.46,2.36,2.58,0.21,0.0410539997,1.04878049,2.46,0.0423728814,0.093220339,0.9,0,0
tpcds_sf50_t1,TPCDS SF50,tpcds,50,1,Q52,4,RPT+,20,0,0,1,2.36,2.46,2.36,2.561,0.1,0.0274678283,1.04105691,2.46,0.0423728814,0.0851694915,1,0,0
tpcds_sf50_t1,TPCDS SF50,tpcds,50,1,Q53,1,Baseline,20,0,0,1,4.61,6.56,4.61,8.09,3.38,0.231092724,1.23323171,6.56,0.422993492,0.754880694,0.35,0,12
tpcds_sf50_t1,TPCDS SF50,tpcds,50,1,Q53,2,Forward-only,20,0,0,1,3.28,3.28,3.28,3.59,0.31,0.044614678,1.0945122,3.28,0,0.0945121951,1,0,1
tpcds_sf50_t1,TPCDS SF50,tpcds,50,1,Q53,3,THC,20,0,0,1,3.28,3.28,3.28,3.59,0.31,0.0437739487,1.0945122,3.28,0,0.0945121951,1,0,1
tpcds_sf50_t1,TPCDS SF50,tpcds,50,1,Q53,4,RPT+,20,0,0,1,3.18,3.39,3.18,3.69,0.235,0.0500064061,1.08849558,3.39,0.0660377358,0.160377358,0.65,0,11
tpcds_sf50_t1,TPCDS SF50,tpcds,50,1,Q54,1,Baseline,0,20,0,0,,,,,,,,300,,,,,
tpcds_sf50_t1,TPCDS SF50,tpcds,50,1,Q54,2,Forward-only,0,20,0,0,,,,,,,,300,,,,,
tpcds_sf50_t1,TPCDS SF50,tpcds,50,1,Q54,3,THC,0,20,0,0,,,,,,,,300,,,,,
tpcds_sf50_t1,TPCDS SF50,tpcds,50,1,Q54,4,RPT+,0,20,0,0,,,,,,,,300,,,,,
tpcds_sf50_t1,TPCDS SF50,tpcds,50,1,Q55,1,Baseline,20,0,0,1,4,4.51,4.1,5.02,0.845,0.0948075293,1.11308204,4.51,0.1275,0.255,0.5,0,3
tpcds_sf50_t1,TPCDS SF50,tpcds,50,1,Q55,2,Forward-only,20,0,0,1,2.36,2.56,2.36,2.58,0.11,0.0356379251,1.0078125,2.56,0.0847457627,0.093220339,0.9,0,8
tpcds_sf50_t1,TPCDS SF50,tpcds,50,1,Q55,3,THC,20,0,0,1,2.36,2.57,2.45,2.57,0.11,0.0309735687,1,2.57,0.0889830508,0.0889830508,0.95,0,0
tpcds_sf50_t1,TPCDS SF50,tpcds,50,1,Q55,4,RPT+,20,0,0,1,2.46,2.51,2.46,2.58,0.11,0.0279670279,1.02788845,2.51,0.0203252033,0.0487804878,1,0,0
tpcds_sf50_t1,TPCDS SF50,tpcds,50,1,Q56,1,Baseline,20,0,0,1,5.53,5.64,5.54,5.75,0.1,0.0161739069,1.01950355,5.64,0.0198915009,0.0397830018,1,0,8
tpcds_sf50_t1,TPCDS SF50,tpcds,50,1,Q56,2,Forward-only,20,0,0,1,3.69,3.8,3.69,3.9,0.1025,0.02386061,1.02631579,3.8,0.0298102981,0.0569105691,0.95,0,7
tpcds_sf50_t1,TPCDS SF50,tpcds,50,1,Q56,3,THC,20,0,0,1,3.69,3.8,3.8,3.81,0,0.0104636401,1.00263158,3.8,0.0298102981,0.0325203252,1,0,8
tpcds_sf50_t1,TPCDS SF50,tpcds,50,1,Q56,4,RPT+,20,0,0,1,3.59,3.7,3.69,3.8,0.11,0.0152001352,1.02702703,3.7,0.0306406685,0.0584958217,1,0,11
tpcds_sf50_t1,TPCDS SF50,tpcds,50,1,Q57,1,Baseline,20,0,0,1,4.6,4.86,4.71,5.01,0.1,0.02133286,1.0308642,4.86,0.0565217391,0.0891304348,1,0,8
tpcds_sf50_t1,TPCDS SF50,tpcds,50,1,Q57,2,Forward-only,20,0,0,1,4.81,5.02,4.9,5.13,0.135,0.0224136289,1.02191235,5.02,0.0436590437,0.0665280665,1,0,0
tpcds_sf50_t1,TPCDS SF50,tpcds,50,1,Q57,3,THC,20,0,0,1,4.81,5.01,4.9,5.12,0.11,0.0174837723,1.02195609,5.01,0.0415800416,0.0644490644,1,0,12
tpcds_sf50_t1,TPCDS SF50,tpcds,50,1,Q57,4,RPT+,20,0,0,1,4.81,5.02,4.91,5.12,0.125,0.0179184539,1.01992032,5.02,0.0436590437,0.0644490644,1,0,18
tpcds_sf50_t1,TPCDS SF50,tpcds,50,1,Q58,1,Baseline,20,0,0,1,15.86,16.28,16.069,16.58,0.2275,0.0118605384,1.01842752,16.28,0.026481715,0.0453972257,1,0,11
tpcds_sf50_t1,TPCDS SF50,tpcds,50,1,Q58,2,Forward-only,20,0,0,1,16.07,16.28,16.079,16.491,0.2,0.00924263766,1.01296069,16.28,0.0130678283,0.0261978843,1,0,5
tpcds_sf50_t1,TPCDS SF50,tpcds,50,1,Q58,3,THC,20,0,0,1,15.87,16.275,16.07,16.499,0.3,0.0127873732,1.01376344,16.275,0.0255198488,0.0396345306,1,0,7
tpcds_sf50_t1,TPCDS SF50,tpcds,50,1,Q58,4,RPT+,20,0,0,1,16.08,16.23,16.08,16.39,0.1025,0.00727691835,1.00985829,16.23,0.00932835821,0.019278607,1,0,11
tpcds_sf50_t1,TPCDS SF50,tpcds,50,1,Q59,1,Baseline,20,0,0,1,15.95,16.16,15.96,16.279,0.2,0.00771388805,1.00736386,16.16,0.0131661442,0.0206269592,1,0,11
tpcds_sf50_t1,TPCDS SF50,tpcds,50,1,Q59,2,Forward-only,20,0,0,1,15.86,16.16,15.959,16.279,0.2025,0.00846049414,1.00736386,16.16,0.0189155107,0.0264186633,1,0,15
tpcds_sf50_t1,TPCDS SF50,tpcds,50,1,Q59,3,THC,20,0,0,1,15.96,16.215,16.05,16.28,0.2,0.00706472682,1.00400863,16.215,0.0159774436,0.0200501253,1,0,2
tpcds_sf50_t1,TPCDS SF50,tpcds,50,1,Q59,4,RPT+,20,0,0,1,15.96,16.17,15.97,16.28,0.14,0.00704839758,1.00680272,16.17,0.0131578947,0.0200501253,1,0,6
tpcds_sf50_t1,TPCDS SF50,tpcds,50,1,Q60,1,Baseline,20,0,0,1,6.56,7.07,6.65,7.48,0.46,0.0439926655,1.05799151,7.07,0.0777439024,0.140243902,0.65,0,0
tpcds_sf50_t1,TPCDS SF50,tpcds,50,1,Q60,2,Forward-only,20,0,0,1,4.31,4.51,4.31,4.61,0.1,0.0203278273,1.02217295,4.51,0.0464037123,0.0696055684,1,0,0
tpcds_sf50_t1,TPCDS SF50,tpcds,50,1,Q60,3,THC,20,0,0,1,4.31,4.51,4.31,4.62,0.1025,0.0209138144,1.02439024,4.51,0.0464037123,0.0719257541,1,0,0
tpcds_sf50_t1,TPCDS SF50,tpcds,50,1,Q60,4,RPT+,20,0,0,1,4.21,4.31,4.21,4.31,0.025,0.0118858264,1,4.31,0.0237529691,0.0237529691,1,0,0
tpcds_sf50_t1,TPCDS SF50,tpcds,50,1,Q61,1,Baseline,20,0,0,1,9.22,10.345,9.42,11.49,0.7425,0.0778921499,1.11068149,10.345,0.122017354,0.246203905,0.25,0,2
tpcds_sf50_t1,TPCDS SF50,tpcds,50,1,Q61,2,Forward-only,20,0,0,1,6.05,6.15,6.05,6.25,0.05,0.0114976712,1.01626016,6.15,0.0165289256,0.0330578512,1,0,0
tpcds_sf50_t1,TPCDS SF50,tpcds,50,1,Q61,3,THC,20,0,0,1,6.05,6.15,6.05,6.26,0.125,0.0138503659,1.01788618,6.15,0.0165289256,0.0347107438,1,0,0
tpcds_sf50_t1,TPCDS SF50,tpcds,50,1,Q61,4,RPT+,20,0,0,1,5.95,6.05,5.95,6.15,0.025,0.0110479671,1.01652893,6.05,0.0168067227,0.0336134454,1,0,0
tpcds_sf50_t1,TPCDS SF50,tpcds,50,1,Q62,1,Baseline,20,0,0,1,3.38,3.48,3.48,3.58,0.025,0.0145686272,1.02873563,3.48,0.0295857988,0.0591715976,1,0,0
tpcds_sf50_t1,TPCDS SF50,tpcds,50,1,Q62,2,Forward-only,20,0,0,1,3.48,3.58,3.58,3.69,0.01,0.0128835135,1.03072626,3.58,0.0287356322,0.0603448276,1,0,14
tpcds_sf50_t1,TPCDS SF50,tpcds,50,1,Q62,3,THC,20,0,0,1,3.58,3.58,3.58,3.6,0.01,0.00902911066,1.00558659,3.58,0,0.00558659218,1,0,0
tpcds_sf50_t1,TPCDS SF50,tpcds,50,1,Q62,4,RPT+,20,0,0,1,3.48,3.59,3.58,3.59,0.01,0.00933407808,1,3.59,0.0316091954,0.0316091954,1,0,14
tpcds_sf50_t1,TPCDS SF50,tpcds,50,1,Q63,1,Baseline,20,0,0,1,4.51,6.45,4.6,8.09,3.305,0.234589069,1.25426357,6.45,0.430155211,0.793791574,0.35,0,6
tpcds_sf50_t1,TPCDS SF50,tpcds,50,1,Q63,2,Forward-only,20,0,0,1,3.28,3.28,3.28,3.59,0.31,0.0419214529,1.0945122,3.28,0,0.0945121951,1,0,1
tpcds_sf50_t1,TPCDS SF50,tpcds,50,1,Q63,3,THC,20,0,0,1,3.28,3.28,3.28,3.59,0.31,0.0418020238,1.0945122,3.28,0,0.0945121951,1,0,1
tpcds_sf50_t1,TPCDS SF50,tpcds,50,1,Q63,4,RPT+,20,0,0,1,3.18,3.39,3.18,3.69,0.235,0.0485728898,1.08849558,3.39,0.0660377358,0.160377358,0.65,0,4
tpcds_sf50_t1,TPCDS SF50,tpcds,50,1,Q64,1,Baseline,20,0,0,1,17.62,46.26,21.175,60.746,15.6825,0.334981526,1.3131431,46.26,1.62542565,2.44755959,0.1,0.75,6
tpcds_sf50_t1,TPCDS SF50,tpcds,50,1,Q64,2,Forward-only,20,0,0,1,11.68,16.91,12.149,17.949,4.895,0.165000003,1.06144293,16.91,0.447773973,0.536729452,0.3,0,0
tpcds_sf50_t1,TPCDS SF50,tpcds,50,1,Q64,3,THC,20,0,0,1,11.78,21.375,12.179,22.269,9.315,0.256086644,1.04182456,21.375,0.814516129,0.89040747,0.3,0,12
tpcds_sf50_t1,TPCDS SF50,tpcds,50,1,Q64,4,RPT+,20,0,0,1,9.74,10.25,9.831,13.94,0.66,0.13921801,1.36,10.25,0.0523613963,0.431211499,0.8,0,7
tpcds_sf50_t1,TPCDS SF50,tpcds,50,1,Q65,1,Baseline,20,0,0,1,14.86,15.16,14.96,15.28,0.1925,0.00847749075,1.00791557,15.16,0.0201884253,0.0282637954,1,0,2
tpcds_sf50_t1,TPCDS SF50,tpcds,50,1,Q65,2,Forward-only,20,0,0,1,14.96,15.375,15.06,15.671,0.4125,0.0148028496,1.01925203,15.375,0.0277406417,0.047526738,1,0,7
tpcds_sf50_t1,TPCDS SF50,tpcds,50,1,Q65,3,THC,20,0,0,1,14.86,15.485,15.051,15.68,0.5275,0.017876684,1.01259283,15.485,0.0420592194,0.0551816958,1,0,0
tpcds_sf50_t1,TPCDS SF50,tpcds,50,1,Q65,4,RPT+,20,0,0,1,15.88,16.655,16.079,17.03,0.355,0.0216744715,1.02251576,16.655,0.0488035264,0.072418136,1,0,7
tpcds_sf50_t1,TPCDS SF50,tpcds,50,1,Q66,1,Baseline,20,0,0,1,3.48,4.1,3.48,4.61,0.7375,0.0997482288,1.12439024,4.1,0.17816092,0.324712644,0.3,0,0
tpcds_sf50_t1,TPCDS SF50,tpcds,50,1,Q66,2,Forward-only,20,0,0,1,2.26,2.31,2.26,2.36,0.1,0.0216450216,1.02164502,2.31,0.0221238938,0.0442477876,1,0,1
tpcds_sf50_t1,TPCDS SF50,tpcds,50,1,Q66,3,THC,20,0,0,1,2.16,2.36,2.26,2.36,0.1,0.0254639873,1,2.36,0.0925925926,0.0925925926,1,0,17
tpcds_sf50_t1,TPCDS SF50,tpcds,50,1,Q66,4,RPT+,20,0,0,1,2.26,2.36,2.26,2.36,0.1,0.0211162909,1,2.36,0.0442477876,0.0442477876,1,0,1
tpcds_sf50_t1,TPCDS SF50,tpcds,50,1,Q67,1,Baseline,20,0,0,1,75.88,76.785,75.973,78.48,1.145,0.0117460664,1.02207462,76.785,0.0119267264,0.0342646284,1,0,0
tpcds_sf50_t1,TPCDS SF50,tpcds,50,1,Q67,2,Forward-only,20,0,0,1,76.14,77.3,76.203,78.355,1.4275,0.0103401413,1.01364812,77.3,0.0152350932,0.0290911479,1,0,9
tpcds_sf50_t1,TPCDS SF50,tpcds,50,1,Q67,3,THC,20,0,0,1,76.27,78.165,76.659,79.201,1.5675,0.011944467,1.01325401,78.165,0.024845942,0.0384292645,1,0,18
tpcds_sf50_t1,TPCDS SF50,tpcds,50,1,Q67,4,RPT+,20,0,0,1,76.86,78.635,77.562,79.86,1.1775,0.0138713698,1.0155783,78.635,0.023093937,0.0390320062,1,0,7
tpcds_sf50_t1,TPCDS SF50,tpcds,50,1,Q68,1,Baseline,20,0,0,1,9.32,11.78,9.419,12.71,2.46,0.117958848,1.07894737,11.78,0.263948498,0.363733906,0.3,0,14
tpcds_sf50_t1,TPCDS SF50,tpcds,50,1,Q68,2,Forward-only,20,0,0,1,7.07,7.48,7.079,7.59,0.325,0.0265824456,1.01470588,7.48,0.0579915134,0.0735502122,1,0,6
tpcds_sf50_t1,TPCDS SF50,tpcds,50,1,Q68,3,THC,20,0,0,1,7.18,7.485,7.18,7.69,0.335,0.0255923366,1.02738811,7.485,0.0424791086,0.0710306407,1,0,0
tpcds_sf50_t1,TPCDS SF50,tpcds,50,1,Q68,4,RPT+,20,0,0,1,6.56,6.82,6.56,7.08,0.41,0.0309783169,1.03812317,6.82,0.0396341463,0.0792682927,1,0,0
tpcds_sf50_t1,TPCDS SF50,tpcds,50,1,Q69,1,Baseline,20,0,0,1,5.43,5.53,5.43,5.64,0.2,0.0173682239,1.0198915,5.53,0.0184162063,0.0386740331,1,0,4
tpcds_sf50_t1,TPCDS SF50,tpcds,50,1,Q69,2,Forward-only,20,0,0,1,5.33,5.53,5.43,5.63,0.1,0.0144158139,1.01808318,5.53,0.0375234522,0.0562851782,1,0,6
tpcds_sf50_t1,TPCDS SF50,tpcds,50,1,Q69,3,THC,20,0,0,1,5.33,5.53,5.33,5.541,0.1,0.0180184621,1.00198915,5.53,0.0375234522,0.039587242,1,0,4
tpcds_sf50_t1,TPCDS SF50,tpcds,50,1,Q69,4,RPT+,20,0,0,1,2.77,2.77,2.77,2.87,0.1,0.0170042638,1.03610108,2.77,0,0.036101083,1,0,2
tpcds_sf50_t1,TPCDS SF50,tpcds,50,1,Q70,1,Baseline,20,0,0,1,16.88,17.285,17.08,17.49,0.235,0.00979400497,1.01185999,17.285,0.023992891,0.0361374408,1,0,18
tpcds_sf50_t1,TPCDS SF50,tpcds,50,1,Q70,2,Forward-only,20,0,0,1,15.85,16.06,15.95,16.27,0.2425,0.00898402022,1.01307597,16.06,0.0132492114,0.0264984227,1,0,16
tpcds_sf50_t1,TPCDS SF50,tpcds,50,1,Q70,3,THC,20,0,0,1,15.76,16.16,15.85,16.261,0.3,0.010271772,1.00625,16.16,0.0253807107,0.0317893401,1,0,16
tpcds_sf50_t1,TPCDS SF50,tpcds,50,1,Q70,4,RPT+,20,0,0,1,13.42,13.71,13.61,13.83,0.125,0.00748065918,1.00875274,13.71,0.021609538,0.0305514158,1,0,14
tpcds_sf50_t1,TPCDS SF50,tpcds,50,1,Q71,1,Baseline,20,0,0,1,6.66,6.71,6.66,6.89,0.2,0.0193667095,1.02682563,6.71,0.00750750751,0.0345345345,1,0,1
tpcds_sf50_t1,TPCDS SF50,tpcds,50,1,Q71,2,Forward-only,20,0,0,1,5.84,5.95,5.93,6.05,0.11,0.0114813205,1.01680672,5.95,0.0188356164,0.0359589041,1,0,17
tpcds_sf50_t1,TPCDS SF50,tpcds,50,1,Q71,3,THC,20,0,0,1,5.94,5.95,5.95,6.05,0.1,0.00825518211,1.01680672,5.95,0.00168350168,0.0185185185,1,0,0
tpcds_sf50_t1,TPCDS SF50,tpcds,50,1,Q71,4,RPT+,20,0,0,1,3.69,3.8,3.78,3.8,0.0025,0.00863148306,1,3.8,0.0298102981,0.0298102981,1,0,6
tpcds_sf50_t1,TPCDS SF50,tpcds,50,1,Q72,1,Baseline,17,3,0,0.85,6.14,134.76,10.932,177.556,143.97,0.773813306,1.31757198,154.205,20.9478827,27.9179153,0.05,0.9,0
tpcds_sf50_t1,TPCDS SF50,tpcds,50,1,Q72,2,Forward-only,20,0,0,1,2.87,8.355,3.37,12.925,4.0125,0.418622197,1.54697786,8.355,1.91114983,3.50348432,0.05,0.8,0
tpcds_sf50_t1,TPCDS SF50,tpcds,50,1,Q72,3,THC,20,0,0,1,2.87,8.61,3.389,13.042,4.07,0.405841873,1.51475029,8.61,2,3.54425087,0.05,0.8,0
tpcds_sf50_t1,TPCDS SF50,tpcds,50,1,Q72,4,RPT+,20,0,0,1,2.67,7.535,2.77,11.281,3.405,0.393628015,1.49714665,7.535,1.82209738,3.22509363,0.15,0.75,14
tpcds_sf50_t1,TPCDS SF50,tpcds,50,1,Q73,1,Baseline,20,0,0,1,5.94,7.475,6.03,7.981,1.865,0.120621625,1.06769231,7.475,0.258417508,0.343602694,0.35,0,10
tpcds_sf50_t1,TPCDS SF50,tpcds,50,1,Q73,2,Forward-only,20,0,0,1,4,4.1,4,4.31,0.2,0.029866919,1.05121951,4.1,0.025,0.0775,1,0,0
tpcds_sf50_t1,TPCDS SF50,tpcds,50,1,Q73,3,THC,20,0,0,1,3.9,4.15,3.99,4.31,0.2025,0.0323219089,1.03855422,4.15,0.0641025641,0.105128205,0.85,0,0
tpcds_sf50_t1,TPCDS SF50,tpcds,50,1,Q73,4,RPT+,20,0,0,1,3.9,4.1,3.9,4.31,0.21,0.0346518301,1.05121951,4.1,0.0512820513,0.105128205,0.8,0,0
tpcds_sf50_t1,TPCDS SF50,tpcds,50,1,Q74,1,Baseline,20,0,0,1,27.23,27.825,27.409,28.041,0.3675,0.00942639597,1.0077628,27.825,0.0218508997,0.0297833272,1,0,16
tpcds_sf50_t1,TPCDS SF50,tpcds,50,1,Q74,2,Forward-only,20,0,0,1,24.87,25.485,25.06,25.809,0.41,0.0113131392,1.01271336,25.485,0.0247285887,0.0377563329,1,0,8
tpcds_sf50_t1,TPCDS SF50,tpcds,50,1,Q74,3,THC,20,0,0,1,25.09,25.59,25.189,26.028,0.445,0.0118963209,1.01711606,25.59,0.0199282583,0.0373854125,1,0,18
tpcds_sf50_t1,TPCDS SF50,tpcds,50,1,Q74,4,RPT+,20,0,0,1,24.57,25.495,24.589,26.721,1.7225,0.0347511256,1.04808786,25.495,0.0376475376,0.0875457875,1,0,6
tpcds_sf50_t1,TPCDS SF50,tpcds,50,1,Q75,1,Baseline,20,0,0,1,21.6,21.965,21.71,22.321,0.4025,0.0105472138,1.0162076,21.965,0.0168981481,0.0333796296,1,0,19
tpcds_sf50_t1,TPCDS SF50,tpcds,50,1,Q75,2,Forward-only,20,0,0,1,15.58,16.14,15.679,16.409,0.6425,0.0192893904,1.01666667,16.14,0.0359435173,0.0532092426,1,0,12
tpcds_sf50_t1,TPCDS SF50,tpcds,50,1,Q75,3,THC,20,0,0,1,15.48,16.095,15.671,16.32,0.41,0.0175723598,1.0139795,16.095,0.0397286822,0.0542635659,1,0,6
tpcds_sf50_t1,TPCDS SF50,tpcds,50,1,Q75,4,RPT+,20,0,0,1,15.27,15.74,15.361,15.99,0.36,0.0156338904,1.0158831,15.74,0.0307793058,0.047151277,1,0,2
tpcds_sf50_t1,TPCDS SF50,tpcds,50,1,Q76,1,Baseline,20,0,0,1,7.68,7.99,7.779,8.21,0.41,0.02481392,1.02753442,7.99,0.0403645833,0.0690104167,1,0,15
tpcds_sf50_t1,TPCDS SF50,tpcds,50,1,Q76,2,Forward-only,20,0,0,1,7.69,8.045,7.88,8.21,0.235,0.0202768824,1.02050963,8.045,0.0461638492,0.0676202861,1,0,7
tpcds_sf50_t1,TPCDS SF50,tpcds,50,1,Q76,3,THC,20,0,0,1,7.79,8.1,7.79,8.21,0.3,0.0243850279,1.01358025,8.1,0.0397946085,0.053915276,0.95,0,11
tpcds_sf50_t1,TPCDS SF50,tpcds,50,1,Q76,4,RPT+,20,0,0,1,5.74,5.845,5.74,5.85,0.1025,0.00863700574,1.00085543,5.845,0.0182926829,0.0191637631,1,0,4
tpcds_sf50_t1,TPCDS SF50,tpcds,50,1,Q77,1,Baseline,20,0,0,1,7.18,7.38,7.279,7.48,0.1,0.0109887565,1.01355014,7.38,0.0278551532,0.0417827298,1,0,7
tpcds_sf50_t1,TPCDS SF50,tpcds,50,1,Q77,2,Forward-only,20,0,0,1,4.61,4.62,4.61,4.72,0.01,0.0080373534,1.02164502,4.62,0.0021691974,0.0238611714,1,0,0
tpcds_sf50_t1,TPCDS SF50,tpcds,50,1,Q77,3,THC,20,0,0,1,4.61,4.62,4.61,4.72,0,0.00887937054,1.02164502,4.62,0.0021691974,0.0238611714,1,0,3
tpcds_sf50_t1,TPCDS SF50,tpcds,50,1,Q77,4,RPT+,20,0,0,1,4.72,4.82,4.72,4.82,0.1,0.0102489111,1,4.82,0.0211864407,0.0211864407,1,0,0
tpcds_sf50_t1,TPCDS SF50,tpcds,50,1,Q78,1,Baseline,20,0,0,1,40.04,40.955,40.449,41.4,0.645,0.0104334903,1.01086558,40.955,0.0228521479,0.033966034,1,0,3
tpcds_sf50_t1,TPCDS SF50,tpcds,50,1,Q78,2,Forward-only,20,0,0,1,40.66,41.54,40.95,42.091,0.59,0.0102101461,1.01326432,41.54,0.0216428923,0.0351942941,1,0,15
tpcds_sf50_t1,TPCDS SF50,tpcds,50,1,Q78,3,THC,20,0,0,1,43.42,44.04,43.529,44.699,0.62,0.0102220964,1.01496367,44.04,0.014279134,0.0294564717,1,0,11
tpcds_sf50_t1,TPCDS SF50,tpcds,50,1,Q78,4,RPT+,20,0,0,1,34.42,35.66,34.548,36.798,1.13,0.0461379555,1.03191251,35.66,0.0360255665,0.0690877397,0.9,0,3
tpcds_sf50_t1,TPCDS SF50,tpcds,50,1,Q79,1,Baseline,20,0,0,1,11.16,12.49,11.359,13,1.28,0.0569841215,1.04083267,12.49,0.119175627,0.164874552,0.45,0,14
tpcds_sf50_t1,TPCDS SF50,tpcds,50,1,Q79,2,Forward-only,20,0,0,1,7.48,7.63,7.48,7.79,0.2025,0.0143684801,1.02096986,7.63,0.0200534759,0.0414438503,1,0,0
tpcds_sf50_t1,TPCDS SF50,tpcds,50,1,Q79,3,THC,20,0,0,1,7.48,7.59,7.48,7.79,0.11,0.0139011818,1.02635046,7.59,0.0147058824,0.0414438503,1,0,3
tpcds_sf50_t1,TPCDS SF50,tpcds,50,1,Q79,4,RPT+,20,0,0,1,7.69,7.84,7.78,8,0.135,0.0127962483,1.02040816,7.84,0.0195058518,0.0403120936,1,0,7
tpcds_sf50_t1,TPCDS SF50,tpcds,50,1,Q80,1,Baseline,20,0,0,1,14.95,15.41,14.959,15.88,0.4375,0.0205783397,1.03049968,15.41,0.0307692308,0.0622073579,1,0,4
tpcds_sf50_t1,TPCDS SF50,tpcds,50,1,Q80,2,Forward-only,20,0,0,1,7.79,7.89,7.79,8.02,0.2025,0.0196230471,1.01647655,7.89,0.0128369705,0.0295250321,1,0,0
tpcds_sf50_t1,TPCDS SF50,tpcds,50,1,Q80,3,THC,20,0,0,1,7.79,7.9,7.89,8.319,0.31,0.0232251924,1.05303797,7.9,0.0141206675,0.0679075738,1,0,13
tpcds_sf50_t1,TPCDS SF50,tpcds,50,1,Q80,4,RPT+,20,0,0,1,5.95,6.05,5.95,6.17,0.1,0.024806434,1.01983471,6.05,0.0168067227,0.0369747899,0.95,0,1
tpcds_sf50_t1,TPCDS SF50,tpcds,50,1,Q81,1,Baseline,20,0,0,1,1.13,1.18,1.13,1.33,0.1,0.0607775692,1.12711864,1.18,0.0442477876,0.17699115,0.85,0,0
tpcds_sf50_t1,TPCDS SF50,tpcds,50,1,Q81,2,Forward-only,20,0,0,1,1.13,1.23,1.13,1.34,0.2,0.0717208217,1.08943089,1.23,0.0884955752,0.185840708,0.6,0,0
tpcds_sf50_t1,TPCDS SF50,tpcds,50,1,Q81,3,THC,20,0,0,1,1.13,1.23,1.13,1.34,0.21,0.0762034478,1.08943089,1.23,0.0884955752,0.185840708,0.65,0,0
tpcds_sf50_t1,TPCDS SF50,tpcds,50,1,Q81,4,RPT+,20,0,0,1,1.23,1.28,1.23,1.44,0.135,0.066681798,1.125,1.28,0.0406504065,0.170731707,0.75,0,0
tpcds_sf50_t1,TPCDS SF50,tpcds,50,1,Q82,1,Baseline,14,6,0,0.7,2.46,5.17,2.46,119.654,88.02,1.42874273,23.1439072,62.06,1.10162602,47.6398374,0.3,0.7,0
tpcds_sf50_t1,TPCDS SF50,tpcds,50,1,Q82,2,Forward-only,20,0,0,1,2.36,2.46,2.46,2.87,0.335,0.0714258415,1.16666667,2.46,0.0423728814,0.216101695,0.7,0,10
tpcds_sf50_t1,TPCDS SF50,tpcds,50,1,Q82,3,THC,20,0,0,1,2.46,2.46,2.46,2.87,0.335,0.0685201702,1.16666667,2.46,0,0.166666667,0.7,0,0
tpcds_sf50_t1,TPCDS SF50,tpcds,50,1,Q82,4,RPT+,20,0,0,1,0.93,1.03,0.93,1.03,0.025,0.043085841,1,1.03,0.107526882,0.107526882,0.25,0,5
tpcds_sf50_t1,TPCDS SF50,tpcds,50,1,Q83,1,Baseline,20,0,0,1,1.74,1.84,1.74,1.85,0.1025,0.0262793916,1.00543478,1.84,0.0574712644,0.0632183908,1,0,1
tpcds_sf50_t1,TPCDS SF50,tpcds,50,1,Q83,2,Forward-only,20,0,0,1,0.51,0.52,0.52,0.52,0,0.00419528291,1,0.52,0.0196078431,0.0196078431,1,0,3
tpcds_sf50_t1,TPCDS SF50,tpcds,50,1,Q83,3,THC,20,0,0,1,0.52,0.52,0.52,0.52,0,0,1,0.52,0,0,1,0,0
tpcds_sf50_t1,TPCDS SF50,tpcds,50,1,Q83,4,RPT+,20,0,0,1,0.52,0.52,0.52,0.52,0,0,1,0.52,0,0,1,0,0
tpcds_sf50_t1,TPCDS SF50,tpcds,50,1,Q84,1,Baseline,20,0,0,1,0.72,1.59,0.81,2.151,1.03,0.415284266,1.35283019,1.59,1.20833333,1.9875,0.1,0.5,0
tpcds_sf50_t1,TPCDS SF50,tpcds,50,1,Q84,2,Forward-only,20,0,0,1,0.72,0.82,0.72,0.82,0.1,0.0607604587,1,0.82,0.138888889,0.138888889,0.35,0,0
tpcds_sf50_t1,TPCDS SF50,tpcds,50,1,Q84,3,THC,20,0,0,1,0.72,0.82,0.72,0.82,0.1,0.0607604587,1,0.82,0.138888889,0.138888889,0.35,0,0
tpcds_sf50_t1,TPCDS SF50,tpcds,50,1,Q84,4,RPT+,20,0,0,1,0.41,0.41,0.41,0.41,0,0,1,0.41,0,0,1,0,0
tpcds_sf50_t1,TPCDS SF50,tpcds,50,1,Q85,1,Baseline,20,0,0,1,3.38,3.69,3.489,4.11,0.4275,0.0686545708,1.11382114,3.69,0.0917159763,0.215976331,0.55,0,14
tpcds_sf50_t1,TPCDS SF50,tpcds,50,1,Q85,2,Forward-only,20,0,0,1,3.49,3.9,3.59,4.22,0.335,0.0655987725,1.08205128,3.9,0.11747851,0.209169054,0.45,0,18
tpcds_sf50_t1,TPCDS SF50,tpcds,50,1,Q85,3,THC,20,0,0,1,3.59,4,3.68,4.32,0.41,0.0755399568,1.08,4,0.114206128,0.203342618,0.35,0,15
tpcds_sf50_t1,TPCDS SF50,tpcds,50,1,Q85,4,RPT+,20,0,0,1,3.49,3.9,3.59,4.22,0.4125,0.063802851,1.08205128,3.9,0.11747851,0.209169054,0.4,0,14
tpcds_sf50_t1,TPCDS SF50,tpcds,50,1,Q86,1,Baseline,20,0,0,1,2.36,2.36,2.36,2.46,0,0.0168067227,1.04237288,2.36,0,0.0423728814,1,0,0
tpcds_sf50_t1,TPCDS SF50,tpcds,50,1,Q86,2,Forward-only,20,0,0,1,2.36,2.46,2.46,2.56,0.025,0.0205605626,1.04065041,2.46,0.0423728814,0.0847457627,1,0,18
tpcds_sf50_t1,TPCDS SF50,tpcds,50,1,Q86,3,THC,20,0,0,1,2.46,2.46,2.46,2.56,0,0.0144271281,1.04065041,2.46,0,0.0406504065,1,0,0
tpcds_sf50_t1,TPCDS SF50,tpcds,50,1,Q86,4,RPT+,20,0,0,1,2.46,2.46,2.46,2.56,0.025,0.0174250584,1.04065041,2.46,0,0.0406504065,1,0,0
tpcds_sf50_t1,TPCDS SF50,tpcds,50,1,Q87,1,Baseline,20,0,0,1,14.22,14.53,14.33,14.74,0.2,0.0100984632,1.01445286,14.53,0.0218002813,0.0365682138,1,0,6
tpcds_sf50_t1,TPCDS SF50,tpcds,50,1,Q87,2,Forward-only,20,0,0,1,14.84,15.14,14.93,15.26,0.135,0.00976971227,1.00792602,15.14,0.0202156334,0.0283018868,1,0,1
tpcds_sf50_t1,TPCDS SF50,tpcds,50,1,Q87,3,THC,20,0,0,1,14.75,15.05,14.849,15.351,0.125,0.01185519,1.02,15.05,0.0203389831,0.0407457627,1,0,17
tpcds_sf50_t1,TPCDS SF50,tpcds,50,1,Q87,4,RPT+,20,0,0,1,13.21,13.43,13.31,13.539,0.125,0.00840038983,1.00811616,13.43,0.01665405,0.0249053747,1,0,8
tpcds_sf50_t1,TPCDS SF50,tpcds,50,1,Q88,1,Baseline,20,0,0,1,24.22,26.99,24.969,29.28,2.505,0.0655917941,1.08484624,26.99,0.114368291,0.208918249,0.45,0,0
tpcds_sf50_t1,TPCDS SF50,tpcds,50,1,Q88,2,Forward-only,20,0,0,1,12.69,13,12.88,13.2,0.11,0.0117018579,1.01538462,13,0.024428684,0.0401891253,1,0,18
tpcds_sf50_t1,TPCDS SF50,tpcds,50,1,Q88,3,THC,20,0,0,1,12.59,13,12.78,13.2,0.21,0.0134000254,1.01538462,13,0.0325655282,0.0484511517,1,0,18
tpcds_sf50_t1,TPCDS SF50,tpcds,50,1,Q88,4,RPT+,20,0,0,1,12.49,12.845,12.68,13,0.11,0.0119022283,1.01206695,12.845,0.0284227382,0.0408326661,1,0,18
tpcds_sf50_t1,TPCDS SF50,tpcds,50,1,Q89,1,Baseline,20,0,0,1,5.43,7.27,5.43,9.02,3.43,0.212563084,1.24071527,7.27,0.338858195,0.661141805,0.35,0,0
tpcds_sf50_t1,TPCDS SF50,tpcds,50,1,Q89,2,Forward-only,20,0,0,1,3.79,3.8,3.79,4.1,0.3025,0.0394775273,1.07894737,3.8,0.00263852243,0.0817941953,0.95,0,1
tpcds_sf50_t1,TPCDS SF50,tpcds,50,1,Q89,3,THC,20,0,0,1,3.79,3.85,3.799,4.11,0.3,0.0400991814,1.06753247,3.85,0.0158311346,0.0844327177,0.9,0,4
tpcds_sf50_t1,TPCDS SF50,tpcds,50,1,Q89,4,RPT+,20,0,0,1,3.79,3.95,3.8,4.21,0.31,0.0414485422,1.06582278,3.95,0.0422163588,0.110817942,0.65,0,5
tpcds_sf50_t1,TPCDS SF50,tpcds,50,1,Q90,1,Baseline,20,0,0,1,1.84,2.25,1.849,2.39,0.41,0.111391593,1.06222222,2.25,0.222826087,0.298913043,0.35,0,14
tpcds_sf50_t1,TPCDS SF50,tpcds,50,1,Q90,2,Forward-only,20,0,0,1,1.03,1.13,1.03,1.13,0.1,0.0449447659,1,1.13,0.0970873786,0.0970873786,1,0,0
tpcds_sf50_t1,TPCDS SF50,tpcds,50,1,Q90,3,THC,20,0,0,1,1.03,1.13,1.03,1.13,0.1,0.041659779,1,1.13,0.0970873786,0.0970873786,1,0,0
tpcds_sf50_t1,TPCDS SF50,tpcds,50,1,Q90,4,RPT+,20,0,0,1,1.03,1.13,1.03,1.13,0.1,0.041659779,1,1.13,0.0970873786,0.0970873786,1,0,0
tpcds_sf50_t1,TPCDS SF50,tpcds,50,1,Q91,1,Baseline,20,0,0,1,0.31,0.31,0.31,0.31,0,0,1,0.31,0,0,1,0,0
tpcds_sf50_t1,TPCDS SF50,tpcds,50,1,Q91,2,Forward-only,20,0,0,1,0.21,0.21,0.21,0.21,0,0,1,0.21,0,0,1,0,0
tpcds_sf50_t1,TPCDS SF50,tpcds,50,1,Q91,3,THC,20,0,0,1,0.21,0.21,0.21,0.21,0,0,1,0.21,0,0,1,0,0
tpcds_sf50_t1,TPCDS SF50,tpcds,50,1,Q91,4,RPT+,20,0,0,1,0.21,0.21,0.21,0.21,0,0,1,0.21,0,0,1,0,0
tpcds_sf50_t1,TPCDS SF50,tpcds,50,1,Q92,1,Baseline,20,0,0,1,1.95,2.1,1.95,2.16,0.2,0.0536525903,1.02857143,2.1,0.0769230769,0.107692308,0.5,0,1
tpcds_sf50_t1,TPCDS SF50,tpcds,50,1,Q92,2,Forward-only,20,0,0,1,1.54,1.54,1.54,1.64,0.025,0.0276685433,1.06493506,1.54,0,0.0649350649,1,0,1
tpcds_sf50_t1,TPCDS SF50,tpcds,50,1,Q92,3,THC,20,0,0,1,1.54,1.54,1.54,1.64,0.1,0.0302837842,1.06493506,1.54,0,0.0649350649,1,0,0
tpcds_sf50_t1,TPCDS SF50,tpcds,50,1,Q92,4,RPT+,20,0,0,1,1.03,1.03,1.03,1.13,0.1,0.0462784854,1.09708738,1.03,0,0.0970873786,1,0,2
tpcds_sf50_t1,TPCDS SF50,tpcds,50,1,Q93,1,Baseline,20,0,0,1,20.58,20.895,20.671,21.091,0.2275,0.0076940762,1.00938023,20.895,0.0153061224,0.024829932,1,0,19
tpcds_sf50_t1,TPCDS SF50,tpcds,50,1,Q93,2,Forward-only,20,0,0,1,12.29,12.49,12.38,12.609,0.1325,0.00990943101,1.00952762,12.49,0.016273393,0.0259560618,1,0,15
tpcds_sf50_t1,TPCDS SF50,tpcds,50,1,Q93,3,THC,20,0,0,1,14.66,14.87,14.76,15.07,0.11,0.00792616895,1.0134499,14.87,0.014324693,0.0279672578,1,0,16
tpcds_sf50_t1,TPCDS SF50,tpcds,50,1,Q93,4,RPT+,20,0,0,1,12.29,12.5,12.299,12.701,0.2,0.0115164139,1.01608,12.5,0.0170870627,0.0334418226,1,0,3
tpcds_sf50_t1,TPCDS SF50,tpcds,50,1,Q94,1,Baseline,20,0,0,1,2.36,2.41,2.36,2.46,0.1,0.020746888,1.02074689,2.41,0.0211864407,0.0423728814,1,0,0
tpcds_sf50_t1,TPCDS SF50,tpcds,50,1,Q94,2,Forward-only,20,0,0,1,1.95,1.95,1.95,1.95,0,0,1,1.95,0,0,1,0,0
tpcds_sf50_t1,TPCDS SF50,tpcds,50,1,Q94,3,THC,20,0,0,1,1.95,1.95,1.95,1.95,0,0,1,1.95,0,0,1,0,0
tpcds_sf50_t1,TPCDS SF50,tpcds,50,1,Q94,4,RPT+,20,0,0,1,1.95,1.95,1.95,1.95,0,0,1,1.95,0,0,1,0,0
tpcds_sf50_t1,TPCDS SF50,tpcds,50,1,Q95,1,Baseline,20,0,0,1,60.82,61.74,61.027,62.578,0.9025,0.00968325113,1.01357305,61.74,0.0151266031,0.0289049655,1,0,7
tpcds_sf50_t1,TPCDS SF50,tpcds,50,1,Q95,2,Forward-only,20,0,0,1,60.02,60.875,60.527,61.551,0.8125,0.00772942687,1.01110472,60.875,0.0142452516,0.0255081639,1,0,12
tpcds_sf50_t1,TPCDS SF50,tpcds,50,1,Q95,3,THC,20,0,0,1,68.4,69.055,68.599,69.501,0.625,0.00678653037,1.00645862,69.055,0.00957602339,0.0160964912,1,0,2
tpcds_sf50_t1,TPCDS SF50,tpcds,50,1,Q95,4,RPT+,20,0,0,1,4.92,4.92,4.92,5.02,0,0.0072354898,1.0203252,4.92,0,0.0203252033,1,0,0
tpcds_sf50_t1,TPCDS SF50,tpcds,50,1,Q96,1,Baseline,20,0,0,1,3.48,3.59,3.48,3.79,0.31,0.0378046393,1.05571031,3.59,0.0316091954,0.0890804598,0.95,0,4
tpcds_sf50_t1,TPCDS SF50,tpcds,50,1,Q96,2,Forward-only,20,0,0,1,2.05,2.05,2.05,2.05,0,0,1,2.05,0,0,1,0,0
tpcds_sf50_t1,TPCDS SF50,tpcds,50,1,Q96,3,THC,20,0,0,1,2.05,2.05,2.05,2.05,0,0,1,2.05,0,0,1,0,0
tpcds_sf50_t1,TPCDS SF50,tpcds,50,1,Q96,4,RPT+,20,0,0,1,1.95,2.05,2.05,2.05,0,0.0106574546,1,2.05,0.0512820513,0.0512820513,1,0,5
tpcds_sf50_t1,TPCDS SF50,tpcds,50,1,Q97,1,Baseline,20,0,0,1,16.9,17.515,17.199,17.73,0.21,0.0144963168,1.01227519,17.515,0.0363905325,0.049112426,1,0,16
tpcds_sf50_t1,TPCDS SF50,tpcds,50,1,Q97,2,Forward-only,20,0,0,1,17.1,17.51,17.3,17.749,0.3225,0.0128384301,1.01364934,17.51,0.0239766082,0.0379532164,1,0,16
tpcds_sf50_t1,TPCDS SF50,tpcds,50,1,Q97,3,THC,20,0,0,1,17.02,17.52,17.21,18.041,0.5375,0.0184799872,1.02973744,17.52,0.0293772033,0.0599882491,1,0,15
tpcds_sf50_t1,TPCDS SF50,tpcds,50,1,Q97,4,RPT+,20,0,0,1,17.52,17.935,17.53,18.451,0.6125,0.0190763777,1.02877056,17.935,0.0236872146,0.0531392694,1,0,1
tpcds_sf50_t1,TPCDS SF50,tpcds,50,1,Q98,1,Baseline,20,0,0,1,4.1,4.2,4.1,4.2,0.1,0.0143102519,1,4.2,0.0243902439,0.0243902439,1,0,1
tpcds_sf50_t1,TPCDS SF50,tpcds,50,1,Q98,2,Forward-only,20,0,0,1,2.57,2.67,2.57,2.67,0,0.0163868381,1,2.67,0.0389105058,0.0389105058,1,0,7
tpcds_sf50_t1,TPCDS SF50,tpcds,50,1,Q98,3,THC,20,0,0,1,2.57,2.67,2.66,2.67,0,0.0144111552,1,2.67,0.0389105058,0.0389105058,1,0,5
tpcds_sf50_t1,TPCDS SF50,tpcds,50,1,Q98,4,RPT+,20,0,0,1,2.56,2.57,2.57,2.58,0,0.0185349386,1.00389105,2.57,0.00390625,0.0078125,1,0,1
tpcds_sf50_t1,TPCDS SF50,tpcds,50,1,Q99,1,Baseline,20,0,0,1,3.27,3.38,3.37,3.38,0,0.00936033761,1,3.38,0.0336391437,0.0336391437,1,0,15
tpcds_sf50_t1,TPCDS SF50,tpcds,50,1,Q99,2,Forward-only,20,0,0,1,3.38,3.48,3.38,3.48,0.1,0.0132828281,1,3.48,0.0295857988,0.0295857988,1,0,10
tpcds_sf50_t1,TPCDS SF50,tpcds,50,1,Q99,3,THC,20,0,0,1,3.38,3.48,3.38,3.48,0.1,0.0132828281,1,3.48,0.0295857988,0.0295857988,1,0,0
tpcds_sf50_t1,TPCDS SF50,tpcds,50,1,Q99,4,RPT+,20,0,0,1,4.61,4.61,4.61,4.71,0.025,0.00934223737,1.02169197,4.61,0,0.021691974,1,0,1
tpcds_sf100_t1,TPCDS SF100,tpcds,100,1,Q01,1,Baseline,20,0,0,1,6.97,7.075,7.07,7.27,0.1025,0.011460108,1.02756184,7.075,0.0150645624,0.0430416069,1,0,12
tpcds_sf100_t1,TPCDS SF100,tpcds,100,1,Q01,2,Forward-only,20,0,0,1,6.97,7.17,7.07,7.28,0.11,0.0121867008,1.0153417,7.17,0.0286944046,0.0444763271,1,0,8
tpcds_sf100_t1,TPCDS SF100,tpcds,100,1,Q01,3,THC,20,0,0,1,9.22,9.33,9.23,9.54,0.125,0.0126202428,1.02250804,9.33,0.0119305857,0.0347071584,1,0,11
tpcds_sf100_t1,TPCDS SF100,tpcds,100,1,Q01,4,RPT+,20,0,0,1,7.08,7.18,7.08,7.28,0.11,0.0104403153,1.01392758,7.18,0.0141242938,0.0282485876,1,0,5
tpcds_sf100_t1,TPCDS SF100,tpcds,100,1,Q02,1,Baseline,20,0,0,1,16.97,17.18,17.08,17.19,0.11,0.00395044834,1.00058207,17.18,0.012374779,0.0129640542,1,0,7
tpcds_sf100_t1,TPCDS SF100,tpcds,100,1,Q02,2,Forward-only,20,0,0,1,17.08,17.185,17.09,17.291,0.0325,0.00398512718,1.00616817,17.185,0.00614754098,0.01235363,1,0,2
tpcds_sf100_t1,TPCDS SF100,tpcds,100,1,Q02,3,THC,20,0,0,1,17.08,17.19,17.08,17.291,0.1,0.00462146642,1.00587551,17.19,0.00644028103,0.01235363,1,0,4
tpcds_sf100_t1,TPCDS SF100,tpcds,100,1,Q02,4,RPT+,20,0,0,1,16.99,17.19,17.072,17.291,0.1325,0.00546782883,1.00587551,17.19,0.0117716304,0.0177163037,1,0,7
tpcds_sf100_t1,TPCDS SF100,tpcds,100,1,Q03,1,Baseline,20,0,0,1,9.22,10.855,9.32,12.59,3.17,0.144562813,1.15983418,10.855,0.177331887,0.365509761,0.5,0,13
tpcds_sf100_t1,TPCDS SF100,tpcds,100,1,Q03,2,Forward-only,20,0,0,1,6.66,7.07,6.66,7.28,0.62,0.0431546117,1.02970297,7.07,0.0615615616,0.0930930931,1,0,0
tpcds_sf100_t1,TPCDS SF100,tpcds,100,1,Q03,3,THC,20,0,0,1,6.66,6.97,6.66,7.28,0.61,0.0409126953,1.04447633,6.97,0.0465465465,0.0930930931,1,0,4
tpcds_sf100_t1,TPCDS SF100,tpcds,100,1,Q03,4,RPT+,20,0,0,1,6.56,6.925,6.56,7.28,0.52,0.0429927898,1.05126354,6.925,0.0556402439,0.109756098,0.85,0,6
tpcds_sf100_t1,TPCDS SF100,tpcds,100,1,Q04,1,Baseline,20,0,0,1,120.99,124.98,121.857,127.734,4.345,0.0192587367,1.02203553,124.98,0.0329779321,0.0557401438,1,0,19
tpcds_sf100_t1,TPCDS SF100,tpcds,100,1,Q04,2,Forward-only,20,0,0,1,111.35,114.855,112.528,117.817,3.56,0.0185053222,1.02578904,114.855,0.0314773238,0.058078132,1,0,5
tpcds_sf100_t1,TPCDS SF100,tpcds,100,1,Q04,3,THC,20,0,0,1,115.37,121.145,117.225,124.556,5.81,0.0265381327,1.02815634,121.145,0.0500563405,0.0796220855,1,0,15
tpcds_sf100_t1,TPCDS SF100,tpcds,100,1,Q04,4,RPT+,20,0,0,1,112.13,114.96,112.603,117.707,3.3675,0.0175656417,1.02389527,114.96,0.0252385624,0.0497369125,1,0,8
tpcds_sf100_t1,TPCDS SF100,tpcds,100,1,Q05,1,Baseline,20,0,0,1,21.1,21.82,21.299,22.932,0.9125,0.0276746863,1.05096242,21.82,0.0341232227,0.0868246445,1,0,9
tpcds_sf100_t1,TPCDS SF100,tpcds,100,1,Q05,2,Forward-only,20,0,0,1,16.4,16.7,16.509,16.801,0.2,0.00682219034,1.0060479,16.7,0.0182926829,0.0244512195,1,0,19
tpcds_sf100_t1,TPCDS SF100,tpcds,100,1,Q05,3,THC,20,0,0,1,20.71,21.01,20.719,22.04,0.4575,0.0223780328,1.04902427,21.01,0.0144857557,0.0642201835,1,0,3
tpcds_sf100_t1,TPCDS SF100,tpcds,100,1,Q05,4,RPT+,20,0,0,1,16.5,16.715,16.59,17.012,0.2,0.0215058308,1.01776847,16.715,0.013030303,0.031030303,1,0,12
tpcds_sf100_t1,TPCDS SF100,tpcds,100,1,Q06,1,Baseline,20,0,0,1,43.46,44.32,43.643,44.719,0.66,0.0100465065,1.00900271,44.32,0.0197883111,0.0289691671,1,0,7
tpcds_sf100_t1,TPCDS SF100,tpcds,100,1,Q06,2,Forward-only,20,0,0,1,43.29,44.34,43.77,44.72,0.55,0.00933313615,1.00857014,44.34,0.0242550243,0.033033033,1,0,18
tpcds_sf100_t1,TPCDS SF100,tpcds,100,1,Q06,3,THC,20,0,0,1,46.14,47.28,46.718,47.881,0.865,0.0113594552,1.01271151,47.28,0.0247074122,0.0377329866,1,0,9
tpcds_sf100_t1,TPCDS SF100,tpcds,100,1,Q06,4,RPT+,20,0,0,1,43.58,44.51,43.958,45.132,0.745,0.0112351549,1.01397439,44.51,0.0213400642,0.0356126664,1,0,18
tpcds_sf100_t1,TPCDS SF100,tpcds,100,1,Q07,1,Baseline,20,0,0,1,15.57,22.785,15.76,26.252,5.0925,0.178752336,1.15216151,22.785,0.463391137,0.686062942,0.25,0,1
tpcds_sf100_t1,TPCDS SF100,tpcds,100,1,Q07,2,Forward-only,20,0,0,1,10.76,11.525,10.851,11.99,0.9725,0.0402125622,1.04034707,11.525,0.0710966543,0.114312268,0.7,0,14
tpcds_sf100_t1,TPCDS SF100,tpcds,100,1,Q07,3,THC,20,0,0,1,10.76,11.53,10.859,11.99,0.82,0.0380359958,1.03989592,11.53,0.0715613383,0.114312268,0.8,0,8
tpcds_sf100_t1,TPCDS SF100,tpcds,100,1,Q07,4,RPT+,20,0,0,1,10.77,11.53,10.86,11.991,0.845,0.038288584,1.03998265,11.53,0.0705663881,0.113370474,0.75,0,7
tpcds_sf100_t1,TPCDS SF100,tpcds,100,1,Q08,1,Baseline,20,0,0,1,16.37,16.53,16.37,16.781,0.2025,0.00862206725,1.01518451,16.53,0.00977397679,0.0251069029,1,0,3
tpcds_sf100_t1,TPCDS SF100,tpcds,100,1,Q08,2,Forward-only,20,0,0,1,10.54,10.65,10.55,10.741,0.01,0.00516235788,1.0085446,10.65,0.0104364326,0.0190702087,1,0,7
tpcds_sf100_t1,TPCDS SF100,tpcds,100,1,Q08,3,THC,20,0,0,1,10.55,10.65,10.631,10.75,0.1,0.00570850697,1.00938967,10.65,0.00947867299,0.018957346,1,0,2
tpcds_sf100_t1,TPCDS SF100,tpcds,100,1,Q08,4,RPT+,20,0,0,1,10.75,10.85,10.75,10.86,0.1,0.00473501954,1.00092166,10.85,0.00930232558,0.0102325581,1,0,0
tpcds_sf100_t1,TPCDS SF100,tpcds,100,1,Q09,1,Baseline,20,0,0,1,30.78,30.895,30.78,31.028,0.105,0.00372693819,1.0043049,30.895,0.00373619233,0.00805717999,1,0,1
tpcds_sf100_t1,TPCDS SF100,tpcds,100,1,Q09,2,Forward-only,20,0,0,1,30.78,30.905,30.79,31.091,0.2125,0.00357087967,1.00601844,30.905,0.00406107862,0.0101039636,1,0,9
tpcds_sf100_t1,TPCDS SF100,tpcds,100,1,Q09,3,THC,20,0,0,1,30.69,30.9,30.78,31.119,0.13,0.00440141358,1.00708738,30.9,0.00684261975,0.0139784946,1,0,4
tpcds_sf100_t1,TPCDS SF100,tpcds,100,1,Q09,4,RPT+,20,0,0,1,30.71,30.915,30.79,31.11,0.1975,0.00398620032,1.00630762,30.915,0.00667535005,0.0130250733,1,0,9
tpcds_sf100_t1,TPCDS SF100,tpcds,100,1,Q10,1,Baseline,20,0,0,1,11.56,11.825,11.569,12.18,0.36,0.020177412,1.03002114,11.825,0.0229238754,0.053633218,1,0,4
tpcds_sf100_t1,TPCDS SF100,tpcds,100,1,Q10,2,Forward-only,20,0,0,1,11.26,11.77,11.36,11.971,0.21,0.018951212,1.01707732,11.77,0.0452930728,0.0631438721,1,0,0
tpcds_sf100_t1,TPCDS SF100,tpcds,100,1,Q10,3,THC,20,0,0,1,11.36,11.87,11.45,12.1,0.2575,0.0217336365,1.01937658,11.87,0.0448943662,0.0651408451,1,0,2
tpcds_sf100_t1,TPCDS SF100,tpcds,100,1,Q10,4,RPT+,20,0,0,1,5.43,5.79,5.53,6.15,0.41,0.0393330907,1.06217617,5.79,0.0662983425,0.132596685,0.7,0,10
tpcds_sf100_t1,TPCDS SF100,tpcds,100,1,Q11,1,Baseline,20,0,0,1,84.49,88.015,85.392,91.13,4.3025,0.0276078185,1.03539169,88.015,0.0417209137,0.0785891822,1,0,9
tpcds_sf100_t1,TPCDS SF100,tpcds,100,1,Q11,2,Forward-only,20,0,0,1,75.56,79.36,75.942,82.062,5.65,0.0343763078,1.03404738,79.36,0.0502911593,0.0860508205,1,0,17
tpcds_sf100_t1,TPCDS SF100,tpcds,100,1,Q11,3,THC,20,0,0,1,77.9,82.1,78.767,86.764,6.4475,0.0409652546,1.05680877,82.1,0.053915276,0.113786906,0.7,0,1
tpcds_sf100_t1,TPCDS SF100,tpcds,100,1,Q11,4,RPT+,20,0,0,1,75.41,78.005,76.528,79.015,1.6475,0.0140352587,1.01294789,78.005,0.0344118817,0.0478053309,1,0,12
tpcds_sf100_t1,TPCDS SF100,tpcds,100,1,Q12,1,Baseline,20,0,0,1,2.46,2.46,2.46,2.56,0.1,0.0194039746,1.04065041,2.46,0,0.0406504065,1,0,0
tpcds_sf100_t1,TPCDS SF100,tpcds,100,1,Q12,2,Forward-only,20,0,0,1,1.74,1.75,1.74,1.75,0.0025,0.0129963389,1,1.75,0.00574712644,0.00574712644,1,0,0
tpcds_sf100_t1,TPCDS SF100,tpcds,100,1,Q12,3,THC,20,0,0,1,1.74,1.75,1.74,1.75,0,0.00204215854,1,1.75,0.00574712644,0.00574712644,1,0,4
tpcds_sf100_t1,TPCDS SF100,tpcds,100,1,Q12,4,RPT+,20,0,0,1,1.64,1.64,1.64,1.64,0,0,1,1.64,0,0,1,0,0
tpcds_sf100_t1,TPCDS SF100,tpcds,100,1,Q13,1,Baseline,20,0,0,1,19.66,24.585,19.77,31.642,5.62,0.165496047,1.28704495,24.585,0.250508647,0.609460834,0.25,0,0
tpcds_sf100_t1,TPCDS SF100,tpcds,100,1,Q13,2,Forward-only,20,0,0,1,21.3,25.755,21.31,32.618,4.9,0.151169894,1.26647253,25.755,0.20915493,0.531361502,0.25,0,8
tpcds_sf100_t1,TPCDS SF100,tpcds,100,1,Q13,3,THC,20,0,0,1,21,25.195,21.3,32.703,5.51,0.15625968,1.29799563,25.195,0.199761905,0.557285714,0.25,0,4
tpcds_sf100_t1,TPCDS SF100,tpcds,100,1,Q13,4,RPT+,20,0,0,1,22.53,23.875,22.631,25.501,1.38,0.0441931455,1.06810471,23.875,0.0596981802,0.13186862,0.7,0,12
tpcds_sf100_t1,TPCDS SF100,tpcds,100,1,Q14,1,Baseline,20,0,0,1,222.18,229.975,223.987,231.909,4.3275,0.014434801,1.00840961,229.975,0.035084166,0.0437888199,1,0,6
tpcds_sf100_t1,TPCDS SF100,tpcds,100,1,Q14,2,Forward-only,20,0,0,1,216.6,227.7,221.815,230.345,5.5,0.0179948858,1.01161616,227.7,0.0512465374,0.0634579871,1,0,0
tpcds_sf100_t1,TPCDS SF100,tpcds,100,1,Q14,3,THC,20,0,0,1,216.31,225.95,219.825,233.152,7.4325,0.0221573892,1.03187431,225.95,0.0445656696,0.077860478,1,0,0
tpcds_sf100_t1,TPCDS SF100,tpcds,100,1,Q14,4,RPT+,20,0,0,1,219.54,229.385,224.141,234.161,5.99,0.0179638168,1.02082089,229.385,0.0448437642,0.066598342,1,0,11
tpcds_sf100_t1,TPCDS SF100,tpcds,100,1,Q15,1,Baseline,20,0,0,1,1.33,1.33,1.33,1.44,0.0275,0.0350875854,1.08270677,1.33,0,0.0827067669,1,0,0
tpcds_sf100_t1,TPCDS SF100,tpcds,100,1,Q15,2,Forward-only,20,0,0,1,1.44,1.44,1.44,1.44,0,0,1,1.44,0,0,1,0,0
tpcds_sf100_t1,TPCDS SF100,tpcds,100,1,Q15,3,THC,20,0,0,1,1.54,1.54,1.54,1.64,0,0.0256410256,1.06493506,1.54,0,0.0649350649,1,0,2
tpcds_sf100_t1,TPCDS SF100,tpcds,100,1,Q15,4,RPT+,20,0,0,1,1.44,1.44,1.44,1.44,0,0,1,1.44,0,0,1,0,0
tpcds_sf100_t1,TPCDS SF100,tpcds,100,1,Q16,1,Baseline,20,0,0,1,1.33,1.54,1.33,1.64,0.1525,0.0767765094,1.06493506,1.54,0.157894737,0.233082707,0.4,0,1
tpcds_sf100_t1,TPCDS SF100,tpcds,100,1,Q16,2,Forward-only,20,0,0,1,1.23,1.23,1.23,1.23,0,0,1,1.23,0,0,1,0,0
tpcds_sf100_t1,TPCDS SF100,tpcds,100,1,Q16,3,THC,20,0,0,1,1.23,1.23,1.23,1.23,0,0,1,1.23,0,0,1,0,0
tpcds_sf100_t1,TPCDS SF100,tpcds,100,1,Q16,4,RPT+,20,0,0,1,1.23,1.23,1.23,1.23,0,0,1,1.23,0,0,1,0,0
tpcds_sf100_t1,TPCDS SF100,tpcds,100,1,Q17,1,Baseline,20,0,0,1,18.33,28.98,19.368,37.169,10.7875,0.22754824,1.28257419,28.98,0.58101473,1.02776869,0.2,0.15,9
tpcds_sf100_t1,TPCDS SF100,tpcds,100,1,Q17,2,Forward-only,20,0,0,1,10.15,11.07,10.75,13.641,0.8175,0.0982629755,1.23224932,11.07,0.0906403941,0.343940887,0.55,0,11
tpcds_sf100_t1,TPCDS SF100,tpcds,100,1,Q17,3,THC,20,0,0,1,10.25,11.32,10.85,13.459,1.0725,0.0929589968,1.1889576,11.32,0.104390244,0.313073171,0.5,0,11
tpcds_sf100_t1,TPCDS SF100,tpcds,100,1,Q17,4,RPT+,20,0,0,1,10.76,11.685,10.86,13.591,0.77,0.0856136999,1.1631151,11.685,0.0859665428,0.263104089,0.55,0,13
tpcds_sf100_t1,TPCDS SF100,tpcds,100,1,Q18,1,Baseline,20,0,0,1,4.92,5.99,5.12,8.42,1.5325,0.205953527,1.40567613,5.99,0.217479675,0.711382114,0.2,0.05,6
tpcds_sf100_t1,TPCDS SF100,tpcds,100,1,Q18,2,Forward-only,20,0,0,1,3.08,3.23,3.08,3.8,0.56,0.0915754226,1.17647059,3.23,0.0487012987,0.233766234,0.65,0,2
tpcds_sf100_t1,TPCDS SF100,tpcds,100,1,Q18,3,THC,20,0,0,1,3.08,3.23,3.08,3.91,0.46,0.0937653587,1.21052632,3.23,0.0487012987,0.269480519,0.6,0,2
tpcds_sf100_t1,TPCDS SF100,tpcds,100,1,Q18,4,RPT+,20,0,0,1,2.97,3.18,3.07,3.791,0.46,0.0925467982,1.19213836,3.18,0.0707070707,0.276430976,0.55,0,18
tpcds_sf100_t1,TPCDS SF100,tpcds,100,1,Q19,1,Baseline,20,0,0,1,10.66,14.545,10.76,18.554,4.755,0.215807987,1.27562736,14.545,0.364446529,0.740525328,0.25,0.05,18
tpcds_sf100_t1,TPCDS SF100,tpcds,100,1,Q19,2,Forward-only,20,0,0,1,6.97,7.18,7.06,7.48,0.2275,0.0221374698,1.04178273,7.18,0.0301291248,0.0731707317,1,0,15
tpcds_sf100_t1,TPCDS SF100,tpcds,100,1,Q19,3,THC,20,0,0,1,6.97,7.18,7.07,7.381,0.15,0.0189456808,1.02799443,7.18,0.0301291248,0.0589670014,1,0,13
tpcds_sf100_t1,TPCDS SF100,tpcds,100,1,Q19,4,RPT+,20,0,0,1,6.77,6.92,6.77,7.18,0.21,0.0212813343,1.03757225,6.92,0.0221565731,0.0605612999,1,0,8
tpcds_sf100_t1,TPCDS SF100,tpcds,100,1,Q20,1,Baseline,20,0,0,1,0.51,0.52,0.51,0.52,0.01,0.00923464861,1,0.52,0.0196078431,0.0196078431,1,0,0
tpcds_sf100_t1,TPCDS SF100,tpcds,100,1,Q20,2,Forward-only,20,0,0,1,0.52,0.52,0.52,0.52,0,0,1,0.52,0,0,1,0,0
tpcds_sf100_t1,TPCDS SF100,tpcds,100,1,Q20,3,THC,20,0,0,1,0.52,0.52,0.52,0.52,0,0,1,0.52,0,0,1,0,0
tpcds_sf100_t1,TPCDS SF100,tpcds,100,1,Q20,4,RPT+,20,0,0,1,0.52,0.52,0.52,0.52,0,0,1,0.52,0,0,1,0,0
tpcds_sf100_t1,TPCDS SF100,tpcds,100,1,Q21,1,Baseline,20,0,0,1,0.92,1.03,1.019,1.03,0,0.0399556104,1,1.03,0.119565217,0.119565217,0.1,0,7
tpcds_sf100_t1,TPCDS SF100,tpcds,100,1,Q21,2,Forward-only,20,0,0,1,0.62,0.62,0.62,0.62,0,0.0348711915,1,0.62,0,0,0.95,0,0
tpcds_sf100_t1,TPCDS SF100,tpcds,100,1,Q21,3,THC,20,0,0,1,0.62,0.62,0.62,0.72,0,0.0625,1.16129032,0.62,0,0.161290323,0.8,0,0
tpcds_sf100_t1,TPCDS SF100,tpcds,100,1,Q21,4,RPT+,20,0,0,1,0.62,0.72,0.62,0.72,0.1,0.072043816,1,0.72,0.161290323,0.161290323,0.4,0,0
tpcds_sf100_t1,TPCDS SF100,tpcds,100,1,Q22,1,Baseline,20,0,0,1,38.54,39.555,38.74,39.753,0.46,0.009914039,1.00500569,39.555,0.026336274,0.0314737935,1,0,6
tpcds_sf100_t1,TPCDS SF100,tpcds,100,1,Q22,2,Forward-only,20,0,0,1,38.86,40.025,39.321,40.518,0.8575,0.0226721846,1.0123173,40.025,0.0299794133,0.0426659804,0.95,0,12
tpcds_sf100_t1,TPCDS SF100,tpcds,100,1,Q22,3,THC,20,0,0,1,38.88,39.78,39.159,40.467,0.785,0.0138242241,1.01726998,39.78,0.0231481481,0.0408179012,1,0,3
tpcds_sf100_t1,TPCDS SF100,tpcds,100,1,Q22,4,RPT+,20,0,0,1,39.27,40.19,39.371,40.803,0.5375,0.0203129799,1.01525255,40.19,0.0234275528,0.0390374332,1,0,4
tpcds_sf100_t1,TPCDS SF100,tpcds,100,1,Q23,1,Baseline,20,0,0,1,142.67,146.86,144.174,148.648,2.9925,0.0123071464,1.01217486,146.86,0.0293684727,0.0419008902,1,0,3
tpcds_sf100_t1,TPCDS SF100,tpcds,100,1,Q23,2,Forward-only,20,0,0,1,144.83,149.63,146.821,152.113,3.15,0.0137585802,1.01659427,149.63,0.0331423048,0.0502865428,1,0,3
tpcds_sf100_t1,TPCDS SF100,tpcds,100,1,Q23,3,THC,20,0,0,1,146.69,148.67,147.15,151.16,2.565,0.0109851182,1.0167485,148.67,0.0134978526,0.0304724248,1,0,14
tpcds_sf100_t1,TPCDS SF100,tpcds,100,1,Q23,4,RPT+,20,0,0,1,146.56,149.015,147.371,151.415,2.1875,0.0107359433,1.01610576,149.015,0.0167508188,0.0331263646,1,0,19
tpcds_sf100_t1,TPCDS SF100,tpcds,100,1,Q24,1,Baseline,17,3,0,0.85,24.17,63.77,41.922,115.382,32.27,0.714647831,1.80934609,69.37,1.6383947,3.77376914,0.05,0.85,18
tpcds_sf100_t1,TPCDS SF100,tpcds,100,1,Q24,2,Forward-only,17,3,0,0.85,13.73,18.95,16.598,22.38,4.09,1.76914297,1.18100264,20.38,0.380189366,0.630007283,0.05,0.2,0
tpcds_sf100_t1,TPCDS SF100,tpcds,100,1,Q24,3,THC,16,4,0,0.8,13.63,19.22,17.165,23.92,4.8875,0.150470241,1.24453694,21.82,0.410124725,0.754952311,0.05,0.2,0
tpcds_sf100_t1,TPCDS SF100,tpcds,100,1,Q24,4,RPT+,17,3,0,0.85,14.04,19.47,17.792,23.118,3.09,1.61760241,1.18736518,21.665,0.386752137,0.646581197,0.05,0.2,0
tpcds_sf100_t1,TPCDS SF100,tpcds,100,1,Q25,1,Baseline,20,0,0,1,15.57,18.595,16.628,31.206,11.6175,0.414717856,1.67819306,18.595,0.194283879,1.00423892,0.3,0.1,1
tpcds_sf100_t1,TPCDS SF100,tpcds,100,1,Q25,2,Forward-only,20,0,0,1,9.54,10.355,9.63,10.96,0.97,0.0493094935,1.05842588,10.355,0.0854297694,0.14884696,0.6,0,11
tpcds_sf100_t1,TPCDS SF100,tpcds,100,1,Q25,3,THC,20,0,0,1,9.43,10.455,9.91,10.989,0.8525,0.0494982095,1.05107604,10.455,0.108695652,0.165323436,0.4,0,11
tpcds_sf100_t1,TPCDS SF100,tpcds,100,1,Q25,4,RPT+,20,0,0,1,9.33,10.1,9.52,10.78,0.9475,0.0510805349,1.06732673,10.1,0.0825294748,0.155412647,0.55,0,17
tpcds_sf100_t1,TPCDS SF100,tpcds,100,1,Q26,1,Baseline,20,0,0,1,2.56,3.48,2.65,4.1,0.77,0.153968227,1.17816092,3.48,0.359375,0.6015625,0.25,0,1
tpcds_sf100_t1,TPCDS SF100,tpcds,100,1,Q26,2,Forward-only,20,0,0,1,1.85,2.05,1.85,2.15,0.2,0.0624039685,1.04878049,2.05,0.108108108,0.162162162,0.45,0,2
tpcds_sf100_t1,TPCDS SF100,tpcds,100,1,Q26,3,THC,20,0,0,1,1.85,2.05,1.85,2.15,0.2,0.0600115064,1.04878049,2.05,0.108108108,0.162162162,0.45,0,2
tpcds_sf100_t1,TPCDS SF100,tpcds,100,1,Q26,4,RPT+,20,0,0,1,1.85,2.05,1.85,2.16,0.3025,0.0645671151,1.05365854,2.05,0.108108108,0.167567568,0.45,0,2
tpcds_sf100_t1,TPCDS SF100,tpcds,100,1,Q27,1,Baseline,20,0,0,1,36.83,44.79,38.319,52.113,7.5025,0.109703123,1.16349632,44.79,0.216128156,0.41496063,0.2,0,0
tpcds_sf100_t1,TPCDS SF100,tpcds,100,1,Q27,2,Forward-only,20,0,0,1,22.94,23.855,23.121,24.43,0.7225,0.023380666,1.02410396,23.855,0.0398866609,0.0649520488,1,0,6
tpcds_sf100_t1,TPCDS SF100,tpcds,100,1,Q27,3,THC,20,0,0,1,22.94,23.865,23.121,24.392,0.6375,0.0218093929,1.02208255,23.865,0.0403225806,0.0632955536,1,0,6
tpcds_sf100_t1,TPCDS SF100,tpcds,100,1,Q27,4,RPT+,20,0,0,1,22.75,23.765,22.849,24.281,0.635,0.0224937985,1.0217126,23.765,0.0446153846,0.0672967033,1,0,6
tpcds_sf100_t1,TPCDS SF100,tpcds,100,1,Q28,1,Baseline,20,0,0,1,32.32,32.53,32.412,32.769,0.3,0.00659473728,1.00734706,32.53,0.00649752475,0.0138923267,1,0,0
tpcds_sf100_t1,TPCDS SF100,tpcds,100,1,Q28,2,Forward-only,20,0,0,1,32.33,32.645,32.43,32.96,0.2,0.00625562142,1.00964926,32.645,0.0097432725,0.019486545,1,0,9
tpcds_sf100_t1,TPCDS SF100,tpcds,100,1,Q28,3,THC,20,0,0,1,32.35,32.545,32.423,32.76,0.2325,0.00581042333,1.00660624,32.545,0.00602782071,0.0126738794,1,0,4
tpcds_sf100_t1,TPCDS SF100,tpcds,100,1,Q28,4,RPT+,20,0,0,1,32.35,32.645,32.449,32.76,0.1325,0.00469909987,1.00352274,32.645,0.00911901082,0.0126738794,1,0,6
tpcds_sf100_t1,TPCDS SF100,tpcds,100,1,Q29,1,Baseline,20,0,0,1,22.33,26.79,22.917,33.091,4.1525,0.275421828,1.2351997,26.79,0.199731303,0.481907747,0.25,0.05,4
tpcds_sf100_t1,TPCDS SF100,tpcds,100,1,Q29,2,Forward-only,20,0,0,1,14.66,16.14,15.05,18.661,2.41,0.0912542186,1.15619579,16.14,0.10095498,0.272919509,0.5,0,11
tpcds_sf100_t1,TPCDS SF100,tpcds,100,1,Q29,3,THC,20,0,0,1,14.76,16.035,15.129,18.662,2.4275,0.0910041355,1.16382912,16.035,0.0863821138,0.264363144,0.5,0,11
tpcds_sf100_t1,TPCDS SF100,tpcds,100,1,Q29,4,RPT+,20,0,0,1,14.75,16.86,15.14,18.551,2.8975,0.0868750622,1.10029656,16.86,0.143050847,0.257694915,0.45,0,17
tpcds_sf100_t1,TPCDS SF100,tpcds,100,1,Q30,1,Baseline,20,0,0,1,1.74,1.74,1.74,1.85,0.0025,0.0248530716,1.06321839,1.74,0,0.0632183908,1,0,0
tpcds_sf100_t1,TPCDS SF100,tpcds,100,1,Q30,2,Forward-only,20,0,0,1,1.74,1.85,1.74,1.85,0.11,0.0295006301,1,1.85,0.0632183908,0.0632183908,1,0,0
tpcds_sf100_t1,TPCDS SF100,tpcds,100,1,Q30,3,THC,20,0,0,1,1.74,1.75,1.74,1.85,0.1,0.0285546648,1.05714286,1.75,0.00574712644,0.0632183908,1,0,2
tpcds_sf100_t1,TPCDS SF100,tpcds,100,1,Q30,4,RPT+,20,0,0,1,1.64,1.69,1.64,1.75,0.1025,0.0310894611,1.03550296,1.69,0.0304878049,0.0670731707,1,0,0
tpcds_sf100_t1,TPCDS SF100,tpcds,100,1,Q31,1,Baseline,20,0,0,1,18.74,19.2,18.74,19.46,0.4325,0.0137169686,1.01354167,19.2,0.0245464248,0.0384204909,1,0,5
tpcds_sf100_t1,TPCDS SF100,tpcds,100,1,Q31,2,Forward-only,20,0,0,1,13.21,13.68,13.301,13.85,0.435,0.0178874426,1.0124269,13.68,0.0355791067,0.0484481453,1,0,0
tpcds_sf100_t1,TPCDS SF100,tpcds,100,1,Q31,3,THC,20,0,0,1,13.22,13.74,13.41,13.931,0.235,0.0152712793,1.01390102,13.74,0.0393343419,0.0537821483,1,0,2
tpcds_sf100_t1,TPCDS SF100,tpcds,100,1,Q31,4,RPT+,20,0,0,1,13.01,13.22,13.01,13.329,0.195,0.00894096276,1.00824508,13.22,0.0161414297,0.0245196003,1,0,3
tpcds_sf100_t1,TPCDS SF100,tpcds,100,1,Q32,1,Baseline,20,0,0,1,0.41,0.46,0.41,0.511,0.1,0.11079907,1.11086957,0.46,0.12195122,0.246341463,0.5,0,1
tpcds_sf100_t1,TPCDS SF100,tpcds,100,1,Q32,2,Forward-only,20,0,0,1,0.41,0.41,0.41,0.41,0,0,1,0.41,0,0,1,0,0
tpcds_sf100_t1,TPCDS SF100,tpcds,100,1,Q32,3,THC,20,0,0,1,0.41,0.41,0.41,0.41,0,0,1,0.41,0,0,1,0,0
tpcds_sf100_t1,TPCDS SF100,tpcds,100,1,Q32,4,RPT+,20,0,0,1,0.41,0.41,0.41,0.51,0.025,0.101521366,1.24390244,0.41,0,0.243902439,0.75,0,0
tpcds_sf100_t1,TPCDS SF100,tpcds,100,1,Q33,1,Baseline,20,0,0,1,11.17,11.58,11.361,11.99,0.3325,0.0250703591,1.03540587,11.58,0.0367054611,0.0734109221,0.95,0,8
tpcds_sf100_t1,TPCDS SF100,tpcds,100,1,Q33,2,Forward-only,20,0,0,1,8,8.2,8.1,8.3,0.2,0.0122946006,1.01219512,8.2,0.025,0.0375,1,0,13
tpcds_sf100_t1,TPCDS SF100,tpcds,100,1,Q33,3,THC,20,0,0,1,8,8.21,8.1,8.42,0.11,0.0267157842,1.02557856,8.21,0.02625,0.0525,0.95,0,11
tpcds_sf100_t1,TPCDS SF100,tpcds,100,1,Q33,4,RPT+,20,0,0,1,8,8.1,8.09,8.2,0.1,0.00794690429,1.01234568,8.1,0.0125,0.025,1,0,4
tpcds_sf100_t1,TPCDS SF100,tpcds,100,1,Q34,1,Baseline,20,0,0,1,13.31,15.66,13.4,16.771,2.375,0.0871929976,1.07094508,15.66,0.176558978,0.260030053,0.45,0,7
tpcds_sf100_t1,TPCDS SF100,tpcds,100,1,Q34,2,Forward-only,20,0,0,1,8.2,8.405,8.2,8.51,0.225,0.0146072225,1.01249256,8.405,0.025,0.037804878,1,0,0
tpcds_sf100_t1,TPCDS SF100,tpcds,100,1,Q34,3,THC,20,0,0,1,8.2,8.405,8.2,8.51,0.2,0.012880543,1.01249256,8.405,0.025,0.037804878,1,0,2
tpcds_sf100_t1,TPCDS SF100,tpcds,100,1,Q34,4,RPT+,20,0,0,1,8.1,8.3,8.1,8.401,0.3,0.0159341678,1.01216867,8.3,0.024691358,0.0371604938,1,0,0
tpcds_sf100_t1,TPCDS SF100,tpcds,100,1,Q35,1,Baseline,20,0,0,1,24.44,24.965,24.639,25.19,0.3325,0.0107645335,1.00901262,24.965,0.0214811784,0.0306873977,1,0,0
tpcds_sf100_t1,TPCDS SF100,tpcds,100,1,Q35,2,Forward-only,20,0,0,1,24.14,24.965,24.45,25.37,0.4825,0.014607572,1.01622271,24.965,0.0341756421,0.0509527755,1,0,9
tpcds_sf100_t1,TPCDS SF100,tpcds,100,1,Q35,3,THC,20,0,0,1,26.72,27.235,26.92,27.569,0.43,0.0108603813,1.01226363,27.235,0.0192739521,0.0317739521,1,0,5
tpcds_sf100_t1,TPCDS SF100,tpcds,100,1,Q35,4,RPT+,20,0,0,1,16.08,16.54,16.371,16.7,0.2325,0.0102734803,1.00967352,16.54,0.0286069652,0.0385572139,1,0,12
tpcds_sf100_t1,TPCDS SF100,tpcds,100,1,Q36,1,Baseline,20,0,0,1,13.42,16.385,13.61,19.469,5.3125,0.136960149,1.18822093,16.385,0.220938897,0.450745156,0.3,0,2
tpcds_sf100_t1,TPCDS SF100,tpcds,100,1,Q36,2,Forward-only,20,0,0,1,9.23,9.74,9.33,9.959,0.535,0.0328252852,1.0224846,9.74,0.0552546046,0.0789815818,0.95,0,19
tpcds_sf100_t1,TPCDS SF100,tpcds,100,1,Q36,3,THC,20,0,0,1,9.13,9.64,9.319,9.961,0.4125,0.0341864733,1.03329876,9.64,0.0558598028,0.0910186199,0.9,0,1
tpcds_sf100_t1,TPCDS SF100,tpcds,100,1,Q36,4,RPT+,20,0,0,1,9.33,9.945,9.53,10.35,0.335,0.0318627953,1.04072398,9.945,0.0659163987,0.109324759,0.85,0,0
tpcds_sf100_t1,TPCDS SF100,tpcds,100,1,Q37,1,Baseline,11,9,0,0.55,3.59,13.91,3.59,295.1,149.79,1.49026415,21.2149533,296.365,2.87465181,81.2005571,0.25,0.75,3
tpcds_sf100_t1,TPCDS SF100,tpcds,100,1,Q37,2,Forward-only,20,0,0,1,3.38,3.48,3.38,3.99,0.435,0.0664469488,1.14655172,3.48,0.0295857988,0.180473373,0.65,0,2
tpcds_sf100_t1,TPCDS SF100,tpcds,100,1,Q37,3,THC,20,0,0,1,3.38,3.49,3.38,3.9,0.5025,0.0638905748,1.11747851,3.49,0.0325443787,0.153846154,0.65,0,3
tpcds_sf100_t1,TPCDS SF100,tpcds,100,1,Q37,4,RPT+,20,0,0,1,2.05,2.05,2.05,2.05,0,0,1,2.05,0,0,1,0,0
tpcds_sf100_t1,TPCDS SF100,tpcds,100,1,Q38,1,Baseline,20,0,0,1,32.73,33.465,33.022,33.932,0.475,0.0109085941,1.01395488,33.465,0.022456462,0.0367247174,1,0,10
tpcds_sf100_t1,TPCDS SF100,tpcds,100,1,Q38,2,Forward-only,20,0,0,1,33.76,34.375,33.842,34.791,0.6575,0.0110321766,1.01210182,34.375,0.0182168246,0.0305390995,1,0,8
tpcds_sf100_t1,TPCDS SF100,tpcds,100,1,Q38,3,THC,20,0,0,1,35.93,37.17,36.509,37.69,0.6075,0.013259838,1.01398978,37.17,0.0345115502,0.0489841358,1,0,5
tpcds_sf100_t1,TPCDS SF100,tpcds,100,1,Q38,4,RPT+,20,0,0,1,28.65,29.285,28.841,29.399,0.135,0.00800156667,1.00389278,29.285,0.0221640489,0.0261431065,1,0,17
tpcds_sf100_t1,TPCDS SF100,tpcds,100,1,Q39,1,Baseline,20,0,0,1,2.67,2.67,2.67,3.49,0.28,0.119396048,1.3071161,2.67,0,0.307116105,0.75,0,0
tpcds_sf100_t1,TPCDS SF100,tpcds,100,1,Q39,2,Forward-only,20,0,0,1,2.77,2.87,2.77,3.59,0.255,0.107410978,1.25087108,2.87,0.036101083,0.296028881,0.75,0,0
tpcds_sf100_t1,TPCDS SF100,tpcds,100,1,Q39,3,THC,20,0,0,1,2.77,2.87,2.77,3.6,0.18,0.113045002,1.2543554,2.87,0.036101083,0.299638989,0.75,0,0
tpcds_sf100_t1,TPCDS SF100,tpcds,100,1,Q39,4,RPT+,20,0,0,1,2.77,2.87,2.77,3.6,0.28,0.119177936,1.2543554,2.87,0.036101083,0.299638989,0.75,0,0
tpcds_sf100_t1,TPCDS SF100,tpcds,100,1,Q40,1,Baseline,20,0,0,1,2.05,2.15,2.05,2.15,0.1,0.0217888964,1,2.15,0.0487804878,0.0487804878,1,0,2
tpcds_sf100_t1,TPCDS SF100,tpcds,100,1,Q40,2,Forward-only,20,0,0,1,1.64,1.64,1.64,1.75,0.1,0.0308638199,1.06707317,1.64,0,0.0670731707,1,0,0
tpcds_sf100_t1,TPCDS SF100,tpcds,100,1,Q40,3,THC,20,0,0,1,1.64,1.74,1.64,1.75,0.11,0.0305183325,1.00574713,1.74,0.0609756098,0.0670731707,1,0,0
tpcds_sf100_t1,TPCDS SF100,tpcds,100,1,Q40,4,RPT+,20,0,0,1,0.31,0.31,0.31,0.41,0.1,0.140139076,1.32258065,0.31,0,0.322580645,0.55,0,0
tpcds_sf100_t1,TPCDS SF100,tpcds,100,1,Q41,1,Baseline,20,0,0,1,0.11,0.11,0.11,0.11,0,0,1,0.11,0,0,1,0,0
tpcds_sf100_t1,TPCDS SF100,tpcds,100,1,Q41,2,Forward-only,20,0,0,1,0.11,0.11,0.11,0.11,0,0,1,0.11,0,0,1,0,0
tpcds_sf100_t1,TPCDS SF100,tpcds,100,1,Q41,3,THC,20,0,0,1,0.11,0.11,0.11,0.11,0,0,1,0.11,0,0,1,0,0
tpcds_sf100_t1,TPCDS SF100,tpcds,100,1,Q41,4,RPT+,20,0,0,1,0.11,0.11,0.11,0.11,0,0,1,0.11,0,0,1,0,0
tpcds_sf100_t1,TPCDS SF100,tpcds,100,1,Q42,1,Baseline,20,0,0,1,7.89,9.015,7.98,9.94,1.765,0.101137578,1.10260677,9.015,0.142585551,0.25982256,0.5,0,1
tpcds_sf100_t1,TPCDS SF100,tpcds,100,1,Q42,2,Forward-only,20,0,0,1,4.51,4.82,4.51,4.831,0.2025,0.0298176031,1.00228216,4.82,0.0687361419,0.0711751663,0.95,0,12
tpcds_sf100_t1,TPCDS SF100,tpcds,100,1,Q42,3,THC,20,0,0,1,4.51,4.72,4.6,4.92,0.2,0.0272144926,1.04237288,4.72,0.0465631929,0.0909090909,1,0,0
tpcds_sf100_t1,TPCDS SF100,tpcds,100,1,Q42,4,RPT+,20,0,0,1,4.51,4.72,4.51,4.82,0.2,0.0270651029,1.02118644,4.72,0.0465631929,0.0687361419,1,0,2
tpcds_sf100_t1,TPCDS SF100,tpcds,100,1,Q43,1,Baseline,20,0,0,1,16.37,16.68,16.479,16.88,0.2125,0.00969232462,1.01199041,16.68,0.01893708,0.031154551,1,0,7
tpcds_sf100_t1,TPCDS SF100,tpcds,100,1,Q43,2,Forward-only,20,0,0,1,11.47,11.78,11.58,11.909,0.2025,0.0138149938,1.01095076,11.78,0.027027027,0.0382737576,1,0,6
tpcds_sf100_t1,TPCDS SF100,tpcds,100,1,Q43,3,THC,20,0,0,1,11.16,11.675,11.36,11.981,0.445,0.0230091957,1.02620985,11.675,0.0461469534,0.0735663082,1,0,10
tpcds_sf100_t1,TPCDS SF100,tpcds,100,1,Q43,4,RPT+,20,0,0,1,11.07,11.62,11.45,11.88,0.1575,0.0180950077,1.02237522,11.62,0.0496838302,0.0731707317,1,0,6
tpcds_sf100_t1,TPCDS SF100,tpcds,100,1,Q44,1,Baseline,0,20,0,0,,,,,,,,300,,,,,
tpcds_sf100_t1,TPCDS SF100,tpcds,100,1,Q44,2,Forward-only,0,20,0,0,,,,,,,,300,,,,,
tpcds_sf100_t1,TPCDS SF100,tpcds,100,1,Q44,3,THC,0,20,0,0,,,,,,,,300,,,,,
tpcds_sf100_t1,TPCDS SF100,tpcds,100,1,Q44,4,RPT+,0,20,0,0,,,,,,,,300,,,,,
tpcds_sf100_t1,TPCDS SF100,tpcds,100,1,Q45,1,Baseline,20,0,0,1,3.59,4.3,3.68,5.94,1.03,0.171530707,1.38139535,4.3,0.197771588,0.6545961,0.15,0,1
tpcds_sf100_t1,TPCDS SF100,tpcds,100,1,Q45,2,Forward-only,20,0,0,1,2.56,2.77,2.56,2.98,0.41,0.0669234291,1.07581227,2.77,0.08203125,0.1640625,0.55,0,0
tpcds_sf100_t1,TPCDS SF100,tpcds,100,1,Q45,3,THC,20,0,0,1,2.57,2.87,2.57,2.98,0.3025,0.058609591,1.03832753,2.87,0.116731518,0.159533074,0.45,0,0
tpcds_sf100_t1,TPCDS SF100,tpcds,100,1,Q45,4,RPT+,20,0,0,1,2.46,2.875,2.46,3.08,0.4625,0.090139522,1.07130435,2.875,0.168699187,0.25203252,0.3,0,0
tpcds_sf100_t1,TPCDS SF100,tpcds,100,1,Q46,1,Baseline,20,0,0,1,19.76,24.67,20.57,26.428,3.4025,0.0948472144,1.07126064,24.67,0.248481781,0.337449393,0.25,0,16
tpcds_sf100_t1,TPCDS SF100,tpcds,100,1,Q46,2,Forward-only,20,0,0,1,13.53,13.99,13.621,14.24,0.3525,0.0186679053,1.01786991,13.99,0.0339985218,0.0524759793,1,0,12
tpcds_sf100_t1,TPCDS SF100,tpcds,100,1,Q46,3,THC,20,0,0,1,13.63,14.04,13.63,14.27,0.3775,0.0192403171,1.01638177,14.04,0.0300807043,0.0469552458,1,0,0
tpcds_sf100_t1,TPCDS SF100,tpcds,100,1,Q46,4,RPT+,20,0,0,1,13.22,13.425,13.22,13.74,0.335,0.0152259451,1.02346369,13.425,0.0155068079,0.0393343419,1,0,3
tpcds_sf100_t1,TPCDS SF100,tpcds,100,1,Q47,1,Baseline,20,0,0,1,35.53,36.7,35.721,37.393,0.945,0.0193889911,1.01888283,36.7,0.0329299184,0.0524345623,1,0,6
tpcds_sf100_t1,TPCDS SF100,tpcds,100,1,Q47,2,Forward-only,20,0,0,1,36.35,37.69,36.66,38.419,1.0825,0.018048734,1.019342,37.69,0.0368638239,0.0569188446,1,0,0
tpcds_sf100_t1,TPCDS SF100,tpcds,100,1,Q47,3,THC,20,0,0,1,36.97,37.59,37.089,38.21,0.515,0.010179179,1.01649375,37.59,0.0167703543,0.0335407087,1,0,9
tpcds_sf100_t1,TPCDS SF100,tpcds,100,1,Q47,4,RPT+,20,0,0,1,36.57,37.69,36.857,38.331,0.745,0.0157002483,1.01700716,37.69,0.0306261963,0.0481542248,1,0,3
tpcds_sf100_t1,TPCDS SF100,tpcds,100,1,Q48,1,Baseline,20,0,0,1,17.61,20.635,17.9,25.387,3.16,0.138117998,1.23028835,20.635,0.171777399,0.441624077,0.25,0,4
tpcds_sf100_t1,TPCDS SF100,tpcds,100,1,Q48,2,Forward-only,20,0,0,1,18.95,21.875,19.059,25.967,2.59,0.126405593,1.18706286,21.875,0.154353562,0.370290237,0.25,0,4
tpcds_sf100_t1,TPCDS SF100,tpcds,100,1,Q48,3,THC,20,0,0,1,18.76,22.64,19.14,26.437,1.8425,0.127882332,1.16771201,22.64,0.206823028,0.409221748,0.25,0,4
tpcds_sf100_t1,TPCDS SF100,tpcds,100,1,Q48,4,RPT+,20,0,0,1,21.21,22.23,21.291,27.989,1.1625,0.0989141945,1.25906433,22.23,0.0480905233,0.31961339,0.85,0,1
tpcds_sf100_t1,TPCDS SF100,tpcds,100,1,Q49,1,Baseline,20,0,0,1,11.27,11.635,11.27,11.9,0.3675,0.0208391609,1.02277611,11.635,0.0323868678,0.0559006211,1,0,1
tpcds_sf100_t1,TPCDS SF100,tpcds,100,1,Q49,2,Forward-only,20,0,0,1,10.25,10.35,10.25,10.46,0.11,0.00704065795,1.01062802,10.35,0.00975609756,0.0204878049,1,0,0
tpcds_sf100_t1,TPCDS SF100,tpcds,100,1,Q49,3,THC,20,0,0,1,10.25,10.35,10.25,10.479,0.11,0.0093486022,1.01246377,10.35,0.00975609756,0.0223414634,1,0,1
tpcds_sf100_t1,TPCDS SF100,tpcds,100,1,Q49,4,RPT+,20,0,0,1,10.05,10.25,10.14,10.269,0.11,0.00915033261,1.00185366,10.25,0.0199004975,0.0217910448,1,0,12
tpcds_sf100_t1,TPCDS SF100,tpcds,100,1,Q50,1,Baseline,20,0,0,1,39.12,59.41,42.379,76.505,28.915,0.224119754,1.28774617,59.41,0.518660532,0.955649284,0.2,0,8
tpcds_sf100_t1,TPCDS SF100,tpcds,100,1,Q50,2,Forward-only,20,0,0,1,16.29,21.815,16.38,27.641,10.35,0.196301794,1.26706395,21.815,0.339165132,0.696807858,0.3,0,14
tpcds_sf100_t1,TPCDS SF100,tpcds,100,1,Q50,3,THC,20,0,0,1,17.21,22.685,17.21,28.279,10.2175,0.187159242,1.24659467,22.685,0.318128995,0.643172574,0.3,0,5
tpcds_sf100_t1,TPCDS SF100,tpcds,100,1,Q50,4,RPT+,20,0,0,1,14.86,15.625,14.959,16.609,1.2225,0.0383755033,1.062976,15.625,0.0514804845,0.11769852,0.7,0,5
tpcds_sf100_t1,TPCDS SF100,tpcds,100,1,Q51,1,Baseline,20,0,0,1,67.75,68.79,68.021,69.502,0.945,0.00856420786,1.01035034,68.79,0.0153505535,0.0258597786,1,0,7
tpcds_sf100_t1,TPCDS SF100,tpcds,100,1,Q51,2,Forward-only,20,0,0,1,68.26,69.525,68.889,70.186,0.7025,0.00919647432,1.00950737,69.525,0.0185320832,0.0282156461,1,0,9
tpcds_sf100_t1,TPCDS SF100,tpcds,100,1,Q51,3,THC,20,0,0,1,68.9,69.83,69.364,70.253,0.4325,0.00513711079,1.00605757,69.83,0.0134978229,0.0196371553,1,0,2
tpcds_sf100_t1,TPCDS SF100,tpcds,100,1,Q51,4,RPT+,20,0,0,1,65.57,66.165,65.733,66.646,0.635,0.00669602786,1.0072697,66.165,0.00907427177,0.0164099436,1,0,7
tpcds_sf100_t1,TPCDS SF100,tpcds,100,1,Q52,1,Baseline,20,0,0,1,7.89,8.91,7.99,9.94,1.84,0.100932182,1.11560045,8.91,0.129277567,0.25982256,0.5,0,13
tpcds_sf100_t1,TPCDS SF100,tpcds,100,1,Q52,2,Forward-only,20,0,0,1,4.61,4.82,4.62,4.92,0.1,0.0215991045,1.02074689,4.82,0.0455531453,0.0672451193,1,0,0
tpcds_sf100_t1,TPCDS SF100,tpcds,100,1,Q52,3,THC,20,0,0,1,4.61,4.77,4.62,4.921,0.2,0.0257385463,1.03165618,4.77,0.0347071584,0.067462039,1,0,2
tpcds_sf100_t1,TPCDS SF100,tpcds,100,1,Q52,4,RPT+,20,0,0,1,4.52,4.82,4.619,4.92,0.15,0.0254646252,1.02074689,4.82,0.0663716814,0.0884955752,1,0,6
tpcds_sf100_t1,TPCDS SF100,tpcds,100,1,Q53,1,Baseline,20,0,0,1,9.22,13.01,9.31,16.271,6.745,0.230521048,1.25065334,13.01,0.411062907,0.764750542,0.35,0,3
tpcds_sf100_t1,TPCDS SF100,tpcds,100,1,Q53,2,Forward-only,20,0,0,1,6.46,6.56,6.55,7.18,0.5425,0.0434826391,1.0945122,6.56,0.0154798762,0.111455108,0.75,0,7
tpcds_sf100_t1,TPCDS SF100,tpcds,100,1,Q53,3,THC,20,0,0,1,6.46,6.56,6.551,7.18,0.545,0.0434375741,1.0945122,6.56,0.0154798762,0.111455108,0.75,0,16
tpcds_sf100_t1,TPCDS SF100,tpcds,100,1,Q53,4,RPT+,20,0,0,1,6.36,6.67,6.45,7.28,0.435,0.044640553,1.09145427,6.67,0.0487421384,0.144654088,0.7,0,1
tpcds_sf100_t1,TPCDS SF100,tpcds,100,1,Q54,1,Baseline,0,20,0,0,,,,,,,,300,,,,,
tpcds_sf100_t1,TPCDS SF100,tpcds,100,1,Q54,2,Forward-only,0,20,0,0,,,,,,,,300,,,,,
tpcds_sf100_t1,TPCDS SF100,tpcds,100,1,Q54,3,THC,0,20,0,0,,,,,,,,300,,,,,
tpcds_sf100_t1,TPCDS SF100,tpcds,100,1,Q54,4,RPT+,0,20,0,0,,,,,,,,300,,,,,
tpcds_sf100_t1,TPCDS SF100,tpcds,100,1,Q55,1,Baseline,20,0,0,1,7.99,8.965,8.081,9.93,1.735,0.0967673056,1.10764083,8.965,0.122027534,0.242803504,0.5,0,1
tpcds_sf100_t1,TPCDS SF100,tpcds,100,1,Q55,2,Forward-only,20,0,0,1,4.71,4.87,4.72,5.031,0.2,0.0276469299,1.03305955,4.87,0.033970276,0.0681528662,1,0,8
tpcds_sf100_t1,TPCDS SF100,tpcds,100,1,Q55,3,THC,20,0,0,1,4.72,4.87,4.72,5.03,0.11,0.0226859495,1.03285421,4.87,0.031779661,0.0656779661,1,0,8
tpcds_sf100_t1,TPCDS SF100,tpcds,100,1,Q55,4,RPT+,20,0,0,1,4.62,4.92,4.72,5.03,0.21,0.0270078535,1.02235772,4.92,0.0649350649,0.0887445887,0.95,0,12
tpcds_sf100_t1,TPCDS SF100,tpcds,100,1,Q56,1,Baseline,20,0,0,1,11.06,11.375,11.16,11.49,0.1325,0.0196283568,1.01010989,11.375,0.0284810127,0.0388788427,0.95,0,0
tpcds_sf100_t1,TPCDS SF100,tpcds,100,1,Q56,2,Forward-only,20,0,0,1,7.38,7.49,7.38,7.69,0.11,0.0258158295,1.02670227,7.49,0.0149051491,0.0420054201,0.95,0,1
tpcds_sf100_t1,TPCDS SF100,tpcds,100,1,Q56,3,THC,20,0,0,1,7.38,7.59,7.48,7.69,0.1,0.0122640999,1.01317523,7.59,0.0284552846,0.0420054201,1,0,13
tpcds_sf100_t1,TPCDS SF100,tpcds,100,1,Q56,4,RPT+,20,0,0,1,7.08,7.28,7.18,7.39,0.0025,0.0113752567,1.01510989,7.28,0.0282485876,0.0437853107,1,0,10
tpcds_sf100_t1,TPCDS SF100,tpcds,100,1,Q57,1,Baseline,20,0,0,1,10.74,11.155,10.749,11.47,0.4025,0.0234527459,1.02823846,11.155,0.0386405959,0.0679702048,1,0,4
tpcds_sf100_t1,TPCDS SF100,tpcds,100,1,Q57,2,Forward-only,20,0,0,1,11.05,11.515,11.241,11.87,0.36,0.0217863556,1.03082935,11.515,0.042081448,0.0742081448,1,0,4
tpcds_sf100_t1,TPCDS SF100,tpcds,100,1,Q57,3,THC,20,0,0,1,11.16,11.47,11.27,11.77,0.2025,0.0154141321,1.02615519,11.47,0.0277777778,0.0546594982,1,0,0
tpcds_sf100_t1,TPCDS SF100,tpcds,100,1,Q57,4,RPT+,20,0,0,1,10.95,11.57,11.24,11.78,0.2325,0.0206939624,1.01815039,11.57,0.0566210046,0.0757990868,1,0,13
tpcds_sf100_t1,TPCDS SF100,tpcds,100,1,Q58,1,Baseline,20,0,0,1,33.57,34.03,33.651,34.217,0.2075,0.00668766095,1.00549515,34.03,0.0137027108,0.0192731606,1,0,13
tpcds_sf100_t1,TPCDS SF100,tpcds,100,1,Q58,2,Forward-only,20,0,0,1,33.47,34.145,33.561,34.529,0.4425,0.0106444161,1.01124616,34.145,0.020167314,0.0316402749,1,0,4
tpcds_sf100_t1,TPCDS SF100,tpcds,100,1,Q58,3,THC,20,0,0,1,33.26,34.2,33.689,34.711,0.47,0.0120650853,1.01494152,34.2,0.0282621768,0.0436259771,1,0,2
tpcds_sf100_t1,TPCDS SF100,tpcds,100,1,Q58,4,RPT+,20,0,0,1,33.68,34.145,33.888,34.619,0.4175,0.00864408682,1.01388197,34.145,0.0138064133,0.0278800475,1,0,16
tpcds_sf100_t1,TPCDS SF100,tpcds,100,1,Q59,1,Baseline,20,0,0,1,32.83,33.255,32.93,33.47,0.38,0.00738252243,1.00646519,33.255,0.0129454767,0.0194943649,1,0,11
tpcds_sf100_t1,TPCDS SF100,tpcds,100,1,Q59,2,Forward-only,20,0,0,1,33.05,33.4,33.132,33.76,0.4225,0.00737463225,1.01077844,33.4,0.0105900151,0.0214826021,1,0,12
tpcds_sf100_t1,TPCDS SF100,tpcds,100,1,Q59,3,THC,20,0,0,1,32.95,33.355,33.04,33.67,0.405,0.00771775532,1.00944386,33.355,0.0122913505,0.0218512898,1,0,0
tpcds_sf100_t1,TPCDS SF100,tpcds,100,1,Q59,4,RPT+,20,0,0,1,32.86,33.305,32.958,33.579,0.235,0.00688357281,1.00822699,33.305,0.0135423007,0.021880706,1,0,4
tpcds_sf100_t1,TPCDS SF100,tpcds,100,1,Q60,1,Baseline,20,0,0,1,13.01,14.445,13.4,15.07,1.2,0.0467459146,1.04326757,14.445,0.110299769,0.158339739,0.4,0,0
tpcds_sf100_t1,TPCDS SF100,tpcds,100,1,Q60,2,Forward-only,20,0,0,1,9.02,9.225,9.12,9.23,0.1025,0.00749661206,1.00054201,9.225,0.0227272727,0.0232815965,1,0,0
tpcds_sf100_t1,TPCDS SF100,tpcds,100,1,Q60,3,THC,20,0,0,1,9.02,9.23,9.12,9.33,0.1,0.00910956428,1.01083424,9.23,0.0232815965,0.034368071,1,0,0
tpcds_sf100_t1,TPCDS SF100,tpcds,100,1,Q60,4,RPT+,20,0,0,1,9.43,9.54,9.43,9.64,0.11,0.00846942467,1.01048218,9.54,0.0116648993,0.0222693531,1,0,0
tpcds_sf100_t1,TPCDS SF100,tpcds,100,1,Q61,1,Baseline,20,0,0,1,18.63,22.57,19.19,28.493,4.925,0.154417839,1.262428,22.57,0.211486849,0.529414922,0.25,0,14
tpcds_sf100_t1,TPCDS SF100,tpcds,100,1,Q61,2,Forward-only,20,0,0,1,12.19,12.45,12.28,12.611,0.1325,0.0115133194,1.01293173,12.45,0.0213289582,0.0345365053,1,0,0
tpcds_sf100_t1,TPCDS SF100,tpcds,100,1,Q61,3,THC,20,0,0,1,12.2,12.51,12.299,12.701,0.235,0.0148512068,1.01526779,12.51,0.0254098361,0.0410655738,1,0,1
tpcds_sf100_t1,TPCDS SF100,tpcds,100,1,Q61,4,RPT+,20,0,0,1,11.79,12.25,11.999,12.41,0.235,0.014962198,1.01306122,12.25,0.0390161154,0.0525869381,1,0,16
tpcds_sf100_t1,TPCDS SF100,tpcds,100,1,Q62,1,Baseline,20,0,0,1,6.96,7.06,7.05,7.161,0.1,0.00916346189,1.01430595,7.06,0.0143678161,0.0288793103,1,0,10
tpcds_sf100_t1,TPCDS SF100,tpcds,100,1,Q62,2,Forward-only,20,0,0,1,7.27,7.27,7.27,7.39,0.1,0.0126836024,1.01650619,7.27,0,0.0165061898,1,0,0
tpcds_sf100_t1,TPCDS SF100,tpcds,100,1,Q62,3,THC,20,0,0,1,7.16,7.32,7.17,7.37,0.1,0.0110677378,1.0068306,7.32,0.0223463687,0.0293296089,1,0,2
tpcds_sf100_t1,TPCDS SF100,tpcds,100,1,Q62,4,RPT+,20,0,0,1,7.17,7.27,7.17,7.38,0.125,0.0142951704,1.01513067,7.27,0.0139470014,0.0292887029,1,0,2
tpcds_sf100_t1,TPCDS SF100,tpcds,100,1,Q63,1,Baseline,20,0,0,1,9.22,12.9,9.229,16.171,6.6825,0.231558968,1.25356589,12.9,0.399132321,0.753904555,0.35,0,9
tpcds_sf100_t1,TPCDS SF100,tpcds,100,1,Q63,2,Forward-only,20,0,0,1,6.36,6.51,6.46,7.08,0.61,0.0438138424,1.0875576,6.51,0.0235849057,0.113207547,0.65,0,13
tpcds_sf100_t1,TPCDS SF100,tpcds,100,1,Q63,3,THC,20,0,0,1,6.46,6.56,6.46,7.08,0.535,0.0420667729,1.07926829,6.56,0.0154798762,0.0959752322,0.95,0,1
tpcds_sf100_t1,TPCDS SF100,tpcds,100,1,Q63,4,RPT+,20,0,0,1,6.26,6.57,6.35,7.18,0.5625,0.0492325822,1.09284627,6.57,0.0495207668,0.146964856,0.6,0,5
tpcds_sf100_t1,TPCDS SF100,tpcds,100,1,Q64,1,Baseline,20,0,0,1,36.76,113.535,52.858,186.975,55.2275,0.422686677,1.64684899,113.535,2.08854733,4.08637106,0.1,0.75,6
tpcds_sf100_t1,TPCDS SF100,tpcds,100,1,Q64,2,Forward-only,20,0,0,1,25,35.195,25.119,37.19,10.23,0.164725441,1.05668419,35.195,0.4078,0.4876,0.4,0,12
tpcds_sf100_t1,TPCDS SF100,tpcds,100,1,Q64,3,THC,20,0,0,1,25.21,44.185,25.31,46.46,19.075,0.255115754,1.05148806,44.185,0.752677509,0.842919476,0.4,0,0
tpcds_sf100_t1,TPCDS SF100,tpcds,100,1,Q64,4,RPT+,20,0,0,1,19.69,21.115,20.18,29.14,1.1225,0.150703913,1.38006157,21.115,0.0723717623,0.479939055,0.75,0,10
tpcds_sf100_t1,TPCDS SF100,tpcds,100,1,Q65,1,Baseline,20,0,0,1,47.72,49.37,48.811,50.238,0.6975,0.0137143403,1.01758153,49.37,0.0345766974,0.0527661358,1,0,10
tpcds_sf100_t1,TPCDS SF100,tpcds,100,1,Q65,2,Forward-only,20,0,0,1,46.82,49.155,47.414,49.802,1.5525,0.0202759634,1.01316245,49.155,0.0498718496,0.0636907305,1,0,7
tpcds_sf100_t1,TPCDS SF100,tpcds,100,1,Q65,3,THC,20,0,0,1,46.73,49.07,47.247,50.104,1.63,0.0214417754,1.02107194,49.07,0.0500748984,0.0722020116,1,0,0
tpcds_sf100_t1,TPCDS SF100,tpcds,100,1,Q65,4,RPT+,20,0,0,1,45.2,46.43,45.472,47.441,0.98,0.0156968413,1.02177471,46.43,0.0272123894,0.049579646,1,0,7
tpcds_sf100_t1,TPCDS SF100,tpcds,100,1,Q66,1,Baseline,20,0,0,1,6.46,7.63,6.749,8.73,1.39,0.102139742,1.14416776,7.63,0.181114551,0.351393189,0.3,0,8
tpcds_sf100_t1,TPCDS SF100,tpcds,100,1,Q66,2,Forward-only,20,0,0,1,4,4.205,4,4.31,0.21,0.0258121667,1.02497027,4.205,0.05125,0.0775,1,0,6
tpcds_sf100_t1,TPCDS SF100,tpcds,100,1,Q66,3,THC,20,0,0,1,4,4.2,4,4.31,0.21,0.0268827513,1.02619048,4.2,0.05,0.0775,0.95,0,6
tpcds_sf100_t1,TPCDS SF100,tpcds,100,1,Q66,4,RPT+,20,0,0,1,4.1,4.26,4.1,4.31,0.135,0.0206405424,1.01173709,4.26,0.0390243902,0.0512195122,1,0,1
tpcds_sf100_t1,TPCDS SF100,tpcds,100,1,Q67,1,Baseline,20,0,0,1,189.35,193.88,190.362,196.455,3.115,0.0124118246,1.01328141,193.88,0.0239239504,0.0375231054,1,0,13
tpcds_sf100_t1,TPCDS SF100,tpcds,100,1,Q67,2,Forward-only,20,0,0,1,191.93,195.825,192.269,197.892,3.37,0.0106477217,1.01055534,195.825,0.0202938571,0.0310634085,1,0,8
tpcds_sf100_t1,TPCDS SF100,tpcds,100,1,Q67,3,THC,20,0,0,1,190.53,195.325,191.343,198.037,3.6375,0.0122904824,1.01388455,195.325,0.0251666404,0.0394006193,1,0,1
tpcds_sf100_t1,TPCDS SF100,tpcds,100,1,Q67,4,RPT+,20,0,0,1,193.9,202.345,195.627,204.84,4.1925,0.0176539077,1.01233043,202.345,0.043553378,0.0564208355,1,0,9
tpcds_sf100_t1,TPCDS SF100,tpcds,100,1,Q68,1,Baseline,20,0,0,1,19.36,22.275,19.541,25.941,3.0475,0.0976799866,1.16457912,22.275,0.150568182,0.339927686,0.25,0,14
tpcds_sf100_t1,TPCDS SF100,tpcds,100,1,Q68,2,Forward-only,20,0,0,1,14.34,14.755,14.35,14.97,0.3675,0.0162531709,1.01457133,14.755,0.0289400279,0.0439330544,1,0,16
tpcds_sf100_t1,TPCDS SF100,tpcds,100,1,Q68,3,THC,20,0,0,1,14.25,14.76,14.34,15.071,0.4125,0.0180968663,1.02107046,14.76,0.0357894737,0.0576140351,1,0,1
tpcds_sf100_t1,TPCDS SF100,tpcds,100,1,Q68,4,RPT+,20,0,0,1,12.81,13.22,12.82,13.531,0.46,0.0202208311,1.02352496,13.22,0.0320062451,0.056284153,1,0,16
tpcds_sf100_t1,TPCDS SF100,tpcds,100,1,Q69,1,Baseline,20,0,0,1,11.05,11.36,11.15,11.561,0.2275,0.0148415656,1.01769366,11.36,0.0280542986,0.0462443439,1,0,14
tpcds_sf100_t1,TPCDS SF100,tpcds,100,1,Q69,2,Forward-only,20,0,0,1,10.95,11.26,10.95,11.37,0.1,0.0122399845,1.00976909,11.26,0.0283105023,0.0383561644,1,0,10
tpcds_sf100_t1,TPCDS SF100,tpcds,100,1,Q69,3,THC,20,0,0,1,11.06,11.16,11.06,11.37,0.1025,0.00984818131,1.0188172,11.16,0.00904159132,0.0280289331,1,0,2
tpcds_sf100_t1,TPCDS SF100,tpcds,100,1,Q69,4,RPT+,20,0,0,1,5.43,5.54,5.44,5.64,0.0275,0.013992906,1.01805054,5.54,0.0202578269,0.0386740331,1,0,12
tpcds_sf100_t1,TPCDS SF100,tpcds,100,1,Q70,1,Baseline,20,0,0,1,33.95,34.305,34.024,34.792,0.4,0.00896634829,1.01419618,34.305,0.0104565538,0.0248011782,1,0,2
tpcds_sf100_t1,TPCDS SF100,tpcds,100,1,Q70,2,Forward-only,20,0,0,1,31.6,32.21,31.799,32.711,0.4125,0.0119873676,1.01555418,32.21,0.0193037975,0.0351582278,1,0,4
tpcds_sf100_t1,TPCDS SF100,tpcds,100,1,Q70,3,THC,20,0,0,1,31.52,32.03,31.809,32.257,0.3925,0.0070864869,1.00708711,32.03,0.016180203,0.0233819797,1,0,4
tpcds_sf100_t1,TPCDS SF100,tpcds,100,1,Q70,4,RPT+,20,0,0,1,27.02,27.325,27.029,27.441,0.14,0.00582551706,1.0042452,27.325,0.0112879349,0.0155810511,1,0,10
tpcds_sf100_t1,TPCDS SF100,tpcds,100,1,Q71,1,Baseline,20,0,0,1,13.01,13.42,13.219,13.62,0.21,0.0114248575,1.01490313,13.42,0.0315142198,0.04688701,1,0,5
tpcds_sf100_t1,TPCDS SF100,tpcds,100,1,Q71,2,Forward-only,20,0,0,1,11.58,11.88,11.78,12.09,0.1925,0.0115477937,1.01767677,11.88,0.0259067358,0.0440414508,1,0,16
tpcds_sf100_t1,TPCDS SF100,tpcds,100,1,Q71,3,THC,20,0,0,1,11.69,11.89,11.78,12,0.2,0.00825077248,1.00925147,11.89,0.0171086399,0.0265183918,1,0,4
tpcds_sf100_t1,TPCDS SF100,tpcds,100,1,Q71,4,RPT+,20,0,0,1,7.38,7.48,7.38,7.5,0.1,0.00870458001,1.0026738,7.48,0.0135501355,0.0162601626,1,0,10
tpcds_sf100_t1,TPCDS SF100,tpcds,100,1,Q72,1,Baseline,5,15,0,0.25,41.45,58.33,47.47,66.058,9.51,0.156110504,1.13248757,300,0.407237636,0.593679131,0.05,0.75,5
tpcds_sf100_t1,TPCDS SF100,tpcds,100,1,Q72,2,Forward-only,20,0,0,1,21.3,38.06,26.938,54.569,15.8025,0.302438873,1.43376248,38.06,0.78685446,1.56192488,0.05,0.35,5
tpcds_sf100_t1,TPCDS SF100,tpcds,100,1,Q72,3,THC,20,0,0,1,21.72,35.68,26.94,49.859,11.7125,0.274638944,1.3973935,35.68,0.642725599,1.29553407,0.05,0.3,5
tpcds_sf100_t1,TPCDS SF100,tpcds,100,1,Q72,4,RPT+,20,0,0,1,20.5,38.025,26.308,53.666,15.005,0.296884422,1.41133465,38.025,0.854878049,1.61785366,0.05,0.4,5
tpcds_sf100_t1,TPCDS SF100,tpcds,100,1,Q73,1,Baseline,20,0,0,1,11.87,14.69,11.88,14.94,2.89,0.099288038,1.01701838,14.69,0.237573715,0.258635215,0.35,0,7
tpcds_sf100_t1,TPCDS SF100,tpcds,100,1,Q73,2,Forward-only,20,0,0,1,7.79,8.15,7.79,8.3,0.435,0.0276999239,1.01840491,8.15,0.0462130937,0.0654685494,1,0,0
tpcds_sf100_t1,TPCDS SF100,tpcds,100,1,Q73,3,THC,20,0,0,1,7.79,8.2,7.79,8.3,0.4125,0.0269406714,1.01219512,8.2,0.0526315789,0.0654685494,1,0,0
tpcds_sf100_t1,TPCDS SF100,tpcds,100,1,Q73,4,RPT+,20,0,0,1,7.79,8.1,7.79,8.3,0.51,0.0285159252,1.02469136,8.1,0.0397946085,0.0654685494,1,0,0
tpcds_sf100_t1,TPCDS SF100,tpcds,100,1,Q74,1,Baseline,20,0,0,1,61.62,64.34,62.177,66.964,3.7475,0.0315249536,1.04078334,64.34,0.0441415125,0.0867250893,1,0,17
tpcds_sf100_t1,TPCDS SF100,tpcds,100,1,Q74,2,Forward-only,20,0,0,1,54.15,57.2,54.9,59.431,3.0275,0.0318869103,1.0390035,57.2,0.0563250231,0.0975253924,0.95,0,13
tpcds_sf100_t1,TPCDS SF100,tpcds,100,1,Q74,3,THC,20,0,0,1,56.14,60.015,56.595,63.084,4.8225,0.0457964636,1.05113722,60.015,0.0690238689,0.123690773,0.55,0,13
tpcds_sf100_t1,TPCDS SF100,tpcds,100,1,Q74,4,RPT+,20,0,0,1,54.06,55.755,54.24,57.151,2.2775,0.020953476,1.02503811,55.755,0.0313540511,0.0571772105,1,0,2
tpcds_sf100_t1,TPCDS SF100,tpcds,100,1,Q75,1,Baseline,20,0,0,1,45.17,46.035,45.44,46.622,0.575,0.0104281213,1.01275117,46.035,0.0191498782,0.0321452291,1,0,4
tpcds_sf100_t1,TPCDS SF100,tpcds,100,1,Q75,2,Forward-only,20,0,0,1,32.37,33.47,32.57,34.111,0.9,0.018423016,1.01915148,33.47,0.0339820822,0.0537843682,1,0,0
tpcds_sf100_t1,TPCDS SF100,tpcds,100,1,Q75,3,THC,20,0,0,1,32.5,33.415,32.68,34.051,1.075,0.0168207259,1.01903337,33.415,0.0281538462,0.0477230769,1,0,15
tpcds_sf100_t1,TPCDS SF100,tpcds,100,1,Q75,4,RPT+,20,0,0,1,31.68,32.68,31.958,33.412,0.64,0.0163265582,1.02239902,32.68,0.0315656566,0.0546717172,1,0,6
tpcds_sf100_t1,TPCDS SF100,tpcds,100,1,Q76,1,Baseline,20,0,0,1,15.98,16.39,16.071,16.81,0.635,0.0191009117,1.02562538,16.39,0.0256570713,0.0519399249,1,0,11
tpcds_sf100_t1,TPCDS SF100,tpcds,100,1,Q76,2,Forward-only,20,0,0,1,15.78,16.24,15.871,16.82,0.7325,0.0240394726,1.03571429,16.24,0.0291508238,0.0659062104,1,0,17
tpcds_sf100_t1,TPCDS SF100,tpcds,100,1,Q76,3,THC,20,0,0,1,15.68,16.45,15.798,16.91,0.56,0.0250579341,1.02796353,16.45,0.0491071429,0.0784438776,1,0,7
tpcds_sf100_t1,TPCDS SF100,tpcds,100,1,Q76,4,RPT+,20,0,0,1,11.68,11.89,11.689,12.09,0.2025,0.0113285173,1.01682086,11.89,0.0179794521,0.0351027397,1,0,12
tpcds_sf100_t1,TPCDS SF100,tpcds,100,1,Q77,1,Baseline,20,0,0,1,14.24,14.65,14.34,14.851,0.3125,0.0133004329,1.01372014,14.65,0.0287921348,0.0429073034,1,0,13
tpcds_sf100_t1,TPCDS SF100,tpcds,100,1,Q77,2,Forward-only,20,0,0,1,9.02,9.125,9.111,9.221,0.0325,0.0270900792,1.01052055,9.125,0.0116407982,0.0222838137,0.95,0,1
tpcds_sf100_t1,TPCDS SF100,tpcds,100,1,Q77,3,THC,20,0,0,1,9.02,9.13,9.029,9.23,0.0125,0.025087038,1.0109529,9.13,0.012195122,0.0232815965,0.95,0,0
tpcds_sf100_t1,TPCDS SF100,tpcds,100,1,Q77,4,RPT+,20,0,0,1,9.23,9.33,9.23,9.43,0.0275,0.00726775175,1.01071811,9.33,0.0108342362,0.0216684724,1,0,1
tpcds_sf100_t1,TPCDS SF100,tpcds,100,1,Q78,1,Baseline,20,0,0,1,82.36,84.085,82.629,85.282,1.6275,0.0114558605,1.01423559,84.085,0.0209446333,0.0354783876,1,0,17
tpcds_sf100_t1,TPCDS SF100,tpcds,100,1,Q78,2,Forward-only,20,0,0,1,82.55,84.63,83.751,85.623,0.69,0.00906928085,1.01173343,84.63,0.0251968504,0.0372259237,1,0,5
tpcds_sf100_t1,TPCDS SF100,tpcds,100,1,Q78,3,THC,20,0,0,1,88.8,91.17,89.383,92.525,1.025,0.0117031558,1.01486235,91.17,0.0266891892,0.0419481982,1,0,14
tpcds_sf100_t1,TPCDS SF100,tpcds,100,1,Q78,4,RPT+,20,0,0,1,69.77,73.205,71.416,75.425,2.205,0.0512484196,1.0303258,73.205,0.0492331948,0.0810520281,0.9,0,13
tpcds_sf100_t1,TPCDS SF100,tpcds,100,1,Q79,1,Baseline,20,0,0,1,22.01,24.365,22.209,25.291,2.4525,0.054346334,1.03800534,24.365,0.10699682,0.149068605,0.45,0,13
tpcds_sf100_t1,TPCDS SF100,tpcds,100,1,Q79,2,Forward-only,20,0,0,1,14.44,14.805,14.45,15.061,0.41,0.015657319,1.01729146,14.805,0.0252770083,0.0430055402,1,0,9
tpcds_sf100_t1,TPCDS SF100,tpcds,100,1,Q79,3,THC,20,0,0,1,14.45,14.81,14.45,15.071,0.39,0.016033898,1.01762323,14.81,0.0249134948,0.0429757785,1,0,3
tpcds_sf100_t1,TPCDS SF100,tpcds,100,1,Q79,4,RPT+,20,0,0,1,15.47,15.735,15.479,15.99,0.3325,0.0120010418,1.01620591,15.735,0.0171299289,0.0336134454,1,0,0
tpcds_sf100_t1,TPCDS SF100,tpcds,100,1,Q80,1,Baseline,20,0,0,1,30.11,31.235,30.489,31.951,0.695,0.0178487516,1.022923,31.235,0.0373630023,0.0611424776,1,0,1
tpcds_sf100_t1,TPCDS SF100,tpcds,100,1,Q80,2,Forward-only,20,0,0,1,15.78,16.09,15.89,16.29,0.2,0.00947384038,1.01243008,16.09,0.0196451204,0.0323193916,1,0,11
tpcds_sf100_t1,TPCDS SF100,tpcds,100,1,Q80,3,THC,20,0,0,1,15.69,16.09,15.879,16.3,0.2925,0.011352032,1.01305158,16.09,0.0254939452,0.0388782664,1,0,0
tpcds_sf100_t1,TPCDS SF100,tpcds,100,1,Q80,4,RPT+,20,0,0,1,11.99,12.205,12.09,12.571,0.1025,0.0249974167,1.02998771,12.205,0.0179316097,0.0484570475,0.95,0,13
tpcds_sf100_t1,TPCDS SF100,tpcds,100,1,Q81,1,Baseline,20,0,0,1,2.26,2.46,2.26,2.571,0.225,0.0588403887,1.04512195,2.46,0.0884955752,0.137610619,0.5,0,2
tpcds_sf100_t1,TPCDS SF100,tpcds,100,1,Q81,2,Forward-only,20,0,0,1,2.26,2.46,2.36,2.67,0.2025,0.0522173967,1.08536585,2.46,0.0884955752,0.181415929,0.5,0,2
tpcds_sf100_t1,TPCDS SF100,tpcds,100,1,Q81,3,THC,20,0,0,1,2.26,2.465,2.26,2.67,0.235,0.0639496721,1.0831643,2.465,0.0907079646,0.181415929,0.5,0,4
tpcds_sf100_t1,TPCDS SF100,tpcds,100,1,Q81,4,RPT+,20,0,0,1,2.46,2.62,2.46,2.77,0.31,0.0534111824,1.05725191,2.62,0.0650406504,0.12601626,0.55,0,0
tpcds_sf100_t1,TPCDS SF100,tpcds,100,1,Q82,1,Baseline,10,10,0,0.5,7.47,7.58,7.47,22.232,14.5225,0.535932063,2.93298153,161.26,0.0147255689,1.97617135,0.3,0.7,4
tpcds_sf100_t1,TPCDS SF100,tpcds,100,1,Q82,2,Forward-only,20,0,0,1,7.27,8.295,7.27,10.86,3.095,0.168453742,1.30922242,8.295,0.140990371,0.493810179,0.5,0,0
tpcds_sf100_t1,TPCDS SF100,tpcds,100,1,Q82,3,THC,20,0,0,1,7.27,8.14,7.27,10.95,3.0775,0.171570696,1.34520885,8.14,0.119669876,0.506189821,0.5,0,4
tpcds_sf100_t1,TPCDS SF100,tpcds,100,1,Q82,4,RPT+,20,0,0,1,4.2,4.41,4.209,4.629,0.4,0.0427280511,1.04965986,4.41,0.05,0.102142857,0.9,0,12
tpcds_sf100_t1,TPCDS SF100,tpcds,100,1,Q83,1,Baseline,20,0,0,1,3.69,3.74,3.69,3.79,0.1,0.0157407558,1.01336898,3.74,0.0135501355,0.027100271,1,0,2
tpcds_sf100_t1,TPCDS SF100,tpcds,100,1,Q83,2,Forward-only,20,0,0,1,1.03,1.03,1.03,1.03,0,0,1,1.03,0,0,1,0,0
tpcds_sf100_t1,TPCDS SF100,tpcds,100,1,Q83,3,THC,20,0,0,1,1.03,1.03,1.03,1.13,0.025,0.041043858,1.09708738,1.03,0,0.0970873786,1,0,0
tpcds_sf100_t1,TPCDS SF100,tpcds,100,1,Q83,4,RPT+,20,0,0,1,1.03,1.13,1.03,1.13,0.1,0.041659779,1,1.13,0.0970873786,0.0970873786,1,0,1
tpcds_sf100_t1,TPCDS SF100,tpcds,100,1,Q84,1,Baseline,20,0,0,1,1.54,4.255,1.63,6.392,3.8675,0.558488722,1.50223267,4.255,1.76298701,3.15064935,0.2,0.5,0
tpcds_sf100_t1,TPCDS SF100,tpcds,100,1,Q84,2,Forward-only,20,0,0,1,1.54,1.54,1.54,1.64,0.025,0.0276685433,1.06493506,1.54,0,0.0649350649,1,0,0
tpcds_sf100_t1,TPCDS SF100,tpcds,100,1,Q84,3,THC,20,0,0,1,1.54,1.54,1.54,1.64,0,0.0229627924,1.06493506,1.54,0,0.0649350649,1,0,0
tpcds_sf100_t1,TPCDS SF100,tpcds,100,1,Q84,4,RPT+,20,0,0,1,0.82,0.82,0.82,0.82,0,0,1,0.82,0,0,1,0,0
tpcds_sf100_t1,TPCDS SF100,tpcds,100,1,Q85,1,Baseline,20,0,0,1,6.56,7.33,6.75,7.99,0.92,0.0699105518,1.09004093,7.33,0.117378049,0.217987805,0.45,0,2
tpcds_sf100_t1,TPCDS SF100,tpcds,100,1,Q85,2,Forward-only,20,0,0,1,6.87,7.635,6.979,8.31,0.865,0.066859588,1.08840864,7.635,0.111353712,0.209606987,0.45,0,8
tpcds_sf100_t1,TPCDS SF100,tpcds,100,1,Q85,3,THC,20,0,0,1,7.07,8.15,7.26,8.82,0.7475,0.0744495994,1.08220859,8.15,0.152758133,0.247524752,0.25,0,15
tpcds_sf100_t1,TPCDS SF100,tpcds,100,1,Q85,4,RPT+,20,0,0,1,6.87,7.59,6.97,8.321,0.77,0.0669571885,1.09631094,7.59,0.104803493,0.211208151,0.5,0,8
tpcds_sf100_t1,TPCDS SF100,tpcds,100,1,Q86,1,Baseline,20,0,0,1,4.82,4.92,4.919,5.02,0.1,0.0134426773,1.0203252,4.92,0.020746888,0.0414937759,1,0,2
tpcds_sf100_t1,TPCDS SF100,tpcds,100,1,Q86,2,Forward-only,20,0,0,1,5.02,5.12,5.02,5.23,0.11,0.0158625793,1.02148438,5.12,0.0199203187,0.0418326693,1,0,4
tpcds_sf100_t1,TPCDS SF100,tpcds,100,1,Q86,3,THC,20,0,0,1,5.02,5.13,5.11,5.23,0.1025,0.0146896171,1.01949318,5.13,0.0219123506,0.0418326693,1,0,6
tpcds_sf100_t1,TPCDS SF100,tpcds,100,1,Q86,4,RPT+,20,0,0,1,5.02,5.13,5.12,5.23,0.1025,0.0118009781,1.01949318,5.13,0.0219123506,0.0418326693,1,0,10
tpcds_sf100_t1,TPCDS SF100,tpcds,100,1,Q87,1,Baseline,20,0,0,1,34.68,35.385,34.871,35.819,0.5175,0.0107287716,1.01226508,35.385,0.0203287197,0.0328431373,1,0,15
tpcds_sf100_t1,TPCDS SF100,tpcds,100,1,Q87,2,Forward-only,20,0,0,1,35.83,36.32,36.029,36.84,0.3125,0.0080099912,1.01431718,36.32,0.0136756908,0.0281886687,1,0,18
tpcds_sf100_t1,TPCDS SF100,tpcds,100,1,Q87,3,THC,20,0,0,1,38.38,38.905,38.563,39.431,0.3675,0.00842705169,1.01352011,38.905,0.0136789995,0.0273840542,1,0,7
tpcds_sf100_t1,TPCDS SF100,tpcds,100,1,Q87,4,RPT+,20,0,0,1,30.61,31.225,30.91,31.34,0.3325,0.00649369018,1.00368295,31.225,0.0200914734,0.0238484156,1,0,16
tpcds_sf100_t1,TPCDS SF100,tpcds,100,1,Q88,1,Baseline,20,0,0,1,48.63,53.975,49.968,58.399,5.785,0.0666781273,1.08196387,53.975,0.109911577,0.200884228,0.45,0,0
tpcds_sf100_t1,TPCDS SF100,tpcds,100,1,Q88,2,Forward-only,20,0,0,1,25.08,25.935,25.559,26.281,0.415,0.0134933002,1.01334104,25.935,0.0340909091,0.0478867624,1,0,18
tpcds_sf100_t1,TPCDS SF100,tpcds,100,1,Q88,3,THC,20,0,0,1,25.07,25.99,25.531,26.191,0.345,0.0152274407,1.00773374,25.99,0.0366972477,0.0447147986,1,0,18
tpcds_sf100_t1,TPCDS SF100,tpcds,100,1,Q88,4,RPT+,20,0,0,1,24.76,25.675,25.058,25.81,0.4275,0.0140855938,1.00525803,25.675,0.0369547658,0.0424071082,1,0,18
tpcds_sf100_t1,TPCDS SF100,tpcds,100,1,Q89,1,Baseline,20,0,0,1,10.86,14.745,10.96,18.24,7.0525,0.213688849,1.2370295,14.745,0.357734807,0.679558011,0.35,0,15
tpcds_sf100_t1,TPCDS SF100,tpcds,100,1,Q89,2,Forward-only,20,0,0,1,7.59,7.79,7.68,8.311,0.5125,0.0356655877,1.06688062,7.79,0.0263504611,0.0949934124,0.9,0,16
tpcds_sf100_t1,TPCDS SF100,tpcds,100,1,Q89,3,THC,20,0,0,1,7.59,7.74,7.59,8.301,0.52,0.0372827249,1.07248062,7.74,0.0197628458,0.0936758893,0.95,0,14
tpcds_sf100_t1,TPCDS SF100,tpcds,100,1,Q89,4,RPT+,20,0,0,1,7.58,7.84,7.59,8.41,0.6125,0.040250784,1.07270408,7.84,0.0343007916,0.109498681,0.8,0,16
tpcds_sf100_t1,TPCDS SF100,tpcds,100,1,Q90,1,Baseline,20,0,0,1,3.48,4.3,3.57,4.462,0.8125,0.117255657,1.03767442,4.3,0.235632184,0.282183908,0.35,0,8
tpcds_sf100_t1,TPCDS SF100,tpcds,100,1,Q90,2,Forward-only,20,0,0,1,1.85,1.95,1.85,1.96,0.1,0.0333496054,1.00512821,1.95,0.0540540541,0.0594594595,0.9,0,0
tpcds_sf100_t1,TPCDS SF100,tpcds,100,1,Q90,3,THC,20,0,0,1,1.85,1.95,1.85,2.05,0.1,0.0398174278,1.05128205,1.95,0.0540540541,0.108108108,0.8,0,0
tpcds_sf100_t1,TPCDS SF100,tpcds,100,1,Q90,4,RPT+,20,0,0,1,1.85,1.9,1.85,2.05,0.1,0.0379264727,1.07894737,1.9,0.027027027,0.108108108,0.85,0,0
tpcds_sf100_t1,TPCDS SF100,tpcds,100,1,Q91,1,Baseline,20,0,0,1,0.41,0.52,0.41,0.52,0.01,0.101364981,1,0.52,0.268292683,0.268292683,0.2,0,5
tpcds_sf100_t1,TPCDS SF100,tpcds,100,1,Q91,2,Forward-only,20,0,0,1,0.31,0.31,0.31,0.31,0,0,1,0.31,0,0,1,0,0
tpcds_sf100_t1,TPCDS SF100,tpcds,100,1,Q91,3,THC,20,0,0,1,0.31,0.31,0.31,0.31,0,0,1,0.31,0,0,1,0,0
tpcds_sf100_t1,TPCDS SF100,tpcds,100,1,Q91,4,RPT+,20,0,0,1,0.31,0.31,0.31,0.31,0,0,1,0.31,0,0,1,0,0
tpcds_sf100_t1,TPCDS SF100,tpcds,100,1,Q92,1,Baseline,20,0,0,1,3.89,4.15,3.98,4.41,0.4125,0.0502188428,1.0626506,4.15,0.0668380463,0.133676093,0.5,0,3
tpcds_sf100_t1,TPCDS SF100,tpcds,100,1,Q92,2,Forward-only,20,0,0,1,3.07,3.18,3.07,3.18,0.025,0.0148455817,1,3.18,0.0358306189,0.0358306189,1,0,0
tpcds_sf100_t1,TPCDS SF100,tpcds,100,1,Q92,3,THC,20,0,0,1,3.07,3.18,3.079,3.19,0,0.0175382685,1.00314465,3.18,0.0358306189,0.0390879479,1,0,10
tpcds_sf100_t1,TPCDS SF100,tpcds,100,1,Q92,4,RPT+,20,0,0,1,2.05,2.05,2.05,2.16,0.1,0.0248294059,1.05365854,2.05,0,0.0536585366,1,0,0
tpcds_sf100_t1,TPCDS SF100,tpcds,100,1,Q93,1,Baseline,20,0,0,1,42.18,42.715,42.19,43.411,0.53,0.00989269072,1.01629404,42.715,0.0126837364,0.0291844476,1,0,5
tpcds_sf100_t1,TPCDS SF100,tpcds,100,1,Q93,2,Forward-only,20,0,0,1,27.34,28.055,27.658,28.561,0.5425,0.0132938763,1.018036,28.055,0.026152158,0.0446598391,1,0,14
tpcds_sf100_t1,TPCDS SF100,tpcds,100,1,Q93,3,THC,20,0,0,1,32.7,33.31,32.782,33.621,0.72,0.0114597857,1.00933654,33.31,0.0186544343,0.0281651376,1,0,3
tpcds_sf100_t1,TPCDS SF100,tpcds,100,1,Q93,4,RPT+,20,0,0,1,27.55,28.17,27.75,28.371,0.305,0.00893108717,1.00713525,28.17,0.0225045372,0.029800363,1,0,11
tpcds_sf100_t1,TPCDS SF100,tpcds,100,1,Q94,1,Baseline,20,0,0,1,4.71,4.815,4.81,4.93,0.11,0.01608682,1.0238837,4.815,0.0222929936,0.0467091295,1,0,3
tpcds_sf100_t1,TPCDS SF100,tpcds,100,1,Q94,2,Forward-only,20,0,0,1,3.89,3.995,3.89,4,0.1025,0.0132113132,1.00125156,3.995,0.0269922879,0.028277635,1,0,2
tpcds_sf100_t1,TPCDS SF100,tpcds,100,1,Q94,3,THC,20,0,0,1,3.89,3.9,3.89,4,0.11,0.0130639839,1.02564103,3.9,0.00257069409,0.028277635,1,0,0
tpcds_sf100_t1,TPCDS SF100,tpcds,100,1,Q94,4,RPT+,20,0,0,1,3.89,3.9,3.89,4,0.1025,0.0122849054,1.02564103,3.9,0.00257069409,0.028277635,1,0,3
tpcds_sf100_t1,TPCDS SF100,tpcds,100,1,Q95,1,Baseline,20,0,0,1,131.85,133.975,133.299,135.331,0.84,0.0074084891,1.01012129,133.975,0.0161167994,0.0264012135,1,0,14
tpcds_sf100_t1,TPCDS SF100,tpcds,100,1,Q95,2,Forward-only,20,0,0,1,130.9,133.145,131.939,135.238,1.37,0.00963311394,1.0157197,133.145,0.0171504966,0.0331398014,1,0,0
tpcds_sf100_t1,TPCDS SF100,tpcds,100,1,Q95,3,THC,20,0,0,1,149.67,151.86,150.492,155.221,1.875,0.0119456661,1.02213223,151.86,0.0146321908,0.0370882608,1,0,2
tpcds_sf100_t1,TPCDS SF100,tpcds,100,1,Q95,4,RPT+,20,0,0,1,9.63,9.73,9.63,9.74,0.1,0.00635543306,1.00102775,9.73,0.010384216,0.0114226376,1,0,2
tpcds_sf100_t1,TPCDS SF100,tpcds,100,1,Q96,1,Baseline,20,0,0,1,6.86,7.07,6.86,7.58,0.52,0.0394494857,1.07213579,7.07,0.0306122449,0.104956268,0.8,0,1
tpcds_sf100_t1,TPCDS SF100,tpcds,100,1,Q96,2,Forward-only,20,0,0,1,3.9,4,3.9,4.01,0.1,0.0150753769,1.0025,4,0.0256410256,0.0282051282,1,0,6
tpcds_sf100_t1,TPCDS SF100,tpcds,100,1,Q96,3,THC,20,0,0,1,3.9,4,3.9,4.01,0.1,0.0153324281,1.0025,4,0.0256410256,0.0282051282,1,0,2
tpcds_sf100_t1,TPCDS SF100,tpcds,100,1,Q96,4,RPT+,20,0,0,1,3.9,3.95,3.9,4,0.1,0.0126582278,1.01265823,3.95,0.0128205128,0.0256410256,1,0,2
tpcds_sf100_t1,TPCDS SF100,tpcds,100,1,Q97,1,Baseline,20,0,0,1,35.52,36.25,35.8,37.182,0.61,0.015121033,1.02571034,36.25,0.0205518018,0.0467905405,1,0,0
tpcds_sf100_t1,TPCDS SF100,tpcds,100,1,Q97,2,Forward-only,20,0,0,1,35.03,36.3,35.708,37.092,0.6825,0.0171515884,1.02181818,36.3,0.0362546389,0.058863831,1,0,1
tpcds_sf100_t1,TPCDS SF100,tpcds,100,1,Q97,3,THC,20,0,0,1,35.57,36.365,35.677,37.183,1.05,0.0160072667,1.02249416,36.365,0.0223502952,0.0453472027,1,0,10
tpcds_sf100_t1,TPCDS SF100,tpcds,100,1,Q97,4,RPT+,20,0,0,1,36.39,37.355,36.489,38.411,1.2425,0.0191033021,1.02826931,37.355,0.0265182743,0.0555372355,1,0,17
tpcds_sf100_t1,TPCDS SF100,tpcds,100,1,Q98,1,Baseline,20,0,0,1,8.09,8.3,8.19,8.51,0.2275,0.0203315062,1.0253012,8.3,0.0259579728,0.0519159456,1,0,13
tpcds_sf100_t1,TPCDS SF100,tpcds,100,1,Q98,2,Forward-only,20,0,0,1,5.23,5.33,5.23,5.34,0.1,0.0250496789,1.00187617,5.33,0.0191204589,0.0210325048,0.95,0,0
tpcds_sf100_t1,TPCDS SF100,tpcds,100,1,Q98,3,THC,20,0,0,1,5.23,5.33,5.23,5.481,0.2025,0.0350810867,1.02833021,5.33,0.0191204589,0.0479923518,0.9,0,1
tpcds_sf100_t1,TPCDS SF100,tpcds,100,1,Q98,4,RPT+,20,0,0,1,4.92,5.03,5.02,5.13,0.1025,0.0110530964,1.01988072,5.03,0.0223577236,0.0426829268,1,0,5
tpcds_sf100_t1,TPCDS SF100,tpcds,100,1,Q99,1,Baseline,20,0,0,1,7.26,7.37,7.26,7.48,0.0325,0.0112683256,1.01492537,7.37,0.0151515152,0.0303030303,1,0,5
tpcds_sf100_t1,TPCDS SF100,tpcds,100,1,Q99,2,Forward-only,20,0,0,1,7.47,7.57,7.47,7.67,0.125,0.00976808488,1.01321004,7.57,0.0133868809,0.0267737617,1,0,4
tpcds_sf100_t1,TPCDS SF100,tpcds,100,1,Q99,3,THC,20,0,0,1,7.47,7.57,7.47,7.69,0.1325,0.0124979854,1.01585205,7.57,0.0133868809,0.0294511379,1,0,3
tpcds_sf100_t1,TPCDS SF100,tpcds,100,1,Q99,4,RPT+,20,0,0,1,9.73,9.925,9.829,10.03,0.1,0.00756581597,1.01057935,9.925,0.02004111,0.0308324769,1,0,2
appian_t8,appian,appian,,8,q01,1,Baseline,20,0,0,1,0.51,0.62,0.52,0.62,0.1,0.079108083,1,0.62,0.215686275,0.215686275,0.3,0,19
appian_t8,appian,appian,,8,q01,2,Forward-only,20,0,0,1,0.51,0.62,0.52,0.62,0.1,0.0876349883,1,0.62,0.215686275,0.215686275,0.45,0,8
appian_t8,appian,appian,,8,q01,3,THC,20,0,0,1,0.62,0.62,0.62,0.62,0,0,1,0.62,0,0,1,0,0
appian_t8,appian,appian,,8,q01,4,RPT+,20,0,0,1,0.52,0.62,0.52,0.62,0.1,0.0844651635,1,0.62,0.192307692,0.192307692,0.4,0,0
appian_t8,appian,appian,,8,q02,1,Baseline,20,0,0,1,2.26,2.26,2.26,2.36,0.1,0.0212999108,1.04424779,2.26,0,0.0442477876,1,0,1
appian_t8,appian,appian,,8,q02,2,Forward-only,20,0,0,1,2.26,2.36,2.36,2.36,0,0.00925456251,1,2.36,0.0442477876,0.0442477876,1,0,2
appian_t8,appian,appian,,8,q02,3,THC,20,0,0,1,2.67,2.67,2.67,2.77,0.025,0.0160672617,1.03745318,2.67,0,0.0374531835,1,0,2
appian_t8,appian,appian,,8,q02,4,RPT+,20,0,0,1,2.26,2.36,2.35,2.36,0,0.0127659574,1,2.36,0.0442477876,0.0442477876,1,0,0
appian_t8,appian,appian,,8,q03,1,Baseline,20,0,0,1,1.13,1.23,1.23,1.23,0,0.0177914243,1,1.23,0.0884955752,0.0884955752,1,0,8
appian_t8,appian,appian,,8,q03,2,Forward-only,20,0,0,1,1.03,1.13,1.12,1.23,0,0.0438320457,1.08849558,1.13,0.0970873786,0.194174757,0.85,0,6
appian_t8,appian,appian,,8,q03,3,THC,20,0,0,1,1.34,1.44,1.44,1.54,0,0.0327814159,1.06944444,1.44,0.0746268657,0.149253731,0.8,0,4
appian_t8,appian,appian,,8,q03,4,RPT+,20,0,0,1,1.13,1.13,1.13,1.14,0,0.0263157895,1.00884956,1.13,0,0.00884955752,1,0,0
appian_t8,appian,appian,,8,q04,1,Baseline,20,0,0,1,3.9,4,3.9,4,0.1,0.0115430118,1,4,0.0256410256,0.0256410256,1,0,0
appian_t8,appian,appian,,8,q04,2,Forward-only,20,0,0,1,3.9,4,3.9,4,0,0.0100502513,1,4,0.0256410256,0.0256410256,1,0,5
appian_t8,appian,appian,,8,q04,3,THC,20,0,0,1,4.72,4.72,4.72,4.82,0.1,0.00964752778,1.02118644,4.72,0,0.0211864407,1,0,0
appian_t8,appian,appian,,8,q04,4,RPT+,20,0,0,1,3.9,4,3.99,4,0,0.00751879699,1,4,0.0256410256,0.0256410256,1,0,0
appian_t8,appian,appian,,8,q05,1,Baseline,20,0,0,1,1.03,1.03,1.03,1.03,0,0,1,1.03,0,0,1,0,0
appian_t8,appian,appian,,8,q05,2,Forward-only,20,0,0,1,1.03,1.03,1.03,1.03,0,0,1,1.03,0,0,1,0,0
appian_t8,appian,appian,,8,q05,3,THC,20,0,0,1,1.13,1.13,1.13,1.13,0,0,1,1.13,0,0,1,0,0
appian_t8,appian,appian,,8,q05,4,RPT+,20,0,0,1,1.03,1.03,1.03,1.03,0,0,1,1.03,0,0,1,0,0
appian_t8,appian,appian,,8,q06,1,Baseline,20,0,0,1,1.13,1.13,1.13,1.23,0.1,0.0395049629,1.08849558,1.13,0,0.0884955752,1,0,0
appian_t8,appian,appian,,8,q06,2,Forward-only,20,0,0,1,1.13,1.13,1.13,1.23,0.025,0.0374902772,1.08849558,1.13,0,0.0884955752,1,0,0
appian_t8,appian,appian,,8,q06,3,THC,20,0,0,1,1.75,1.85,1.75,1.85,0.1,0.0251789873,1,1.85,0.0571428571,0.0571428571,1,0,2
appian_t8,appian,appian,,8,q06,4,RPT+,20,0,0,1,1.13,1.13,1.13,1.23,0.1,0.0418716195,1.08849558,1.13,0,0.0884955752,1,0,1
appian_t8,appian,appian,,8,q07,1,Baseline,20,0,0,1,1.33,1.34,1.33,1.34,0.01,0.00356879611,1,1.34,0.00751879699,0.00751879699,1,0,0
appian_t8,appian,appian,,8,q07,2,Forward-only,20,0,0,1,1.33,1.34,1.33,1.34,0,0.0168319502,1,1.34,0.00751879699,0.00751879699,1,0,4
appian_t8,appian,appian,,8,q07,3,THC,20,0,0,1,1.54,1.54,1.54,1.54,0,0,1,1.54,0,0,1,0,0
appian_t8,appian,appian,,8,q07,4,RPT+,20,0,0,1,1.34,1.44,1.43,1.44,0,0.020979021,1,1.44,0.0746268657,0.0746268657,1,0,1
appian_t8,appian,appian,,8,q08,1,Baseline,20,0,0,1,4.92,4.92,4.92,5.03,0.1,0.0104826383,1.02235772,4.92,0,0.0223577236,1,0,2
appian_t8,appian,appian,,8,q08,2,Forward-only,20,0,0,1,4.82,4.92,4.92,5.03,0.1025,0.0118433348,1.02235772,4.92,0.020746888,0.0435684647,1,0,4
appian_t8,appian,appian,,8,q08,3,THC,20,0,0,1,5.23,5.33,5.23,5.34,0.1,0.0113903995,1.00187617,5.33,0.0191204589,0.0210325048,1,0,1
appian_t8,appian,appian,,8,q08,4,RPT+,20,0,0,1,4.92,4.97,4.92,5.03,0.11,0.0107767248,1.01207243,4.97,0.0101626016,0.0223577236,1,0,0
job_t8,job,job,,8,1a,1,Baseline,20,0,0,1,0.11,0.21,0.11,0.21,0.1,0.272554058,1,0.21,0.909090909,0.909090909,0.35,0,0
job_t8,job,job,,8,1a,2,Forward-only,20,0,0,1,0.11,0.11,0.11,0.11,0,0,1,0.11,0,0,1,0,0
job_t8,job,job,,8,1a,3,THC,20,0,0,1,0.11,0.11,0.11,0.11,0,0,1,0.11,0,0,1,0,0
job_t8,job,job,,8,1a,4,RPT+,20,0,0,1,0.11,0.11,0.11,0.11,0,0,1,0.11,0,0,1,0,0
job_t8,job,job,,8,1b,1,Baseline,20,0,0,1,0.11,0.21,0.11,0.22,0.1,0.336483773,1.04761905,0.21,0.909090909,1,0.35,0.1,0
job_t8,job,job,,8,1b,2,Forward-only,20,0,0,1,0.11,0.11,0.11,0.11,0,0.189517345,1,0.11,0,0,0.95,0,0
job_t8,job,job,,8,1b,3,THC,20,0,0,1,0.11,0.11,0.11,0.11,0,0.189517345,1,0.11,0,0,0.95,0,0
job_t8,job,job,,8,1b,4,RPT+,20,0,0,1,0.11,0.11,0.11,0.11,0,0,1,0.11,0,0,1,0,0
job_t8,job,job,,8,1c,1,Baseline,20,0,0,1,0.11,0.11,0.11,0.21,0.1,0.326598632,1.90909091,0.11,0,0.909090909,0.6,0,0
job_t8,job,job,,8,1c,2,Forward-only,20,0,0,1,0.11,0.11,0.11,0.11,0,0.189517345,1,0.11,0,0,0.95,0,0
job_t8,job,job,,8,1c,3,THC,20,0,0,1,0.11,0.11,0.11,0.11,0,0.189517345,1,0.11,0,0,0.95,0,0
job_t8,job,job,,8,1c,4,RPT+,20,0,0,1,0.11,0.11,0.11,0.11,0,0,1,0.11,0,0,1,0,0
job_t8,job,job,,8,1d,1,Baseline,20,0,0,1,0.11,0.21,0.11,0.22,0,0.242679863,1.04761905,0.21,0.909090909,1,0.15,0.1,0
job_t8,job,job,,8,1d,2,Forward-only,20,0,0,1,0.11,0.11,0.11,0.11,0,0.189517345,1,0.11,0,0,0.95,0,0
job_t8,job,job,,8,1d,3,THC,20,0,0,1,0.11,0.11,0.11,0.11,0,0.189517345,1,0.11,0,0,0.95,0,0
job_t8,job,job,,8,1d,4,RPT+,20,0,0,1,0.11,0.11,0.11,0.11,0,0,1,0.11,0,0,1,0,0
job_t8,job,job,,8,2a,1,Baseline,20,0,0,1,0.21,0.21,0.21,0.31,0.1,0.233582105,1.47619048,0.21,0,0.476190476,0.7,0,0
job_t8,job,job,,8,2a,2,Forward-only,20,0,0,1,0.11,0.21,0.11,0.21,0,0.183113549,1,0.21,0.909090909,0.909090909,0.15,0,0
job_t8,job,job,,8,2a,3,THC,20,0,0,1,0.11,0.21,0.11,0.21,0,0.183113549,1,0.21,0.909090909,0.909090909,0.15,0,3
job_t8,job,job,,8,2a,4,RPT+,20,0,0,1,0.11,0.11,0.11,0.21,0.1,0.328944552,1.90909091,0.11,0,0.909090909,0.65,0,0
job_t8,job,job,,8,2b,1,Baseline,20,0,0,1,0.21,0.21,0.21,0.31,0.1,0.233582105,1.47619048,0.21,0,0.476190476,0.7,0,0
job_t8,job,job,,8,2b,2,Forward-only,20,0,0,1,0.11,0.11,0.11,0.21,0,0.285657137,1.90909091,0.11,0,0.909090909,0.85,0,0
job_t8,job,job,,8,2b,3,THC,20,0,0,1,0.11,0.11,0.11,0.21,0,0.285657137,1.90909091,0.11,0,0.909090909,0.85,0,0
job_t8,job,job,,8,2b,4,RPT+,20,0,0,1,0.11,0.11,0.11,0.11,0,0,1,0.11,0,0,1,0,0
job_t8,job,job,,8,2c,1,Baseline,20,0,0,1,0.11,0.21,0.11,0.31,0.1,0.290593263,1.47619048,0.21,0.909090909,1.81818182,0.15,0.3,0
job_t8,job,job,,8,2c,2,Forward-only,20,0,0,1,0.11,0.11,0.11,0.21,0,0.285657137,1.90909091,0.11,0,0.909090909,0.85,0,0
job_t8,job,job,,8,2c,3,THC,20,0,0,1,0.11,0.11,0.11,0.21,0,0.285657137,1.90909091,0.11,0,0.909090909,0.85,0,0
job_t8,job,job,,8,2c,4,RPT+,20,0,0,1,0.11,0.11,0.11,0.11,0,0,1,0.11,0,0,1,0,0
job_t8,job,job,,8,2d,1,Baseline,20,0,0,1,0.21,0.21,0.21,0.31,0.1,0.361227183,1.47619048,0.21,0,0.476190476,0.65,0.05,0
job_t8,job,job,,8,2d,2,Forward-only,20,0,0,1,0.21,0.21,0.21,0.31,0,0.15869841,1.47619048,0.21,0,0.476190476,0.85,0,0
job_t8,job,job,,8,2d,3,THC,20,0,0,1,0.21,0.21,0.21,0.31,0,0.15869841,1.47619048,0.21,0,0.476190476,0.85,0,0
job_t8,job,job,,8,2d,4,RPT+,20,0,0,1,0.21,0.21,0.21,0.21,0,0,1,0.21,0,0,1,0,0
job_t8,job,job,,8,3a,1,Baseline,20,0,0,1,0.41,0.52,0.41,0.52,0.11,0.159650623,1,0.52,0.268292683,0.268292683,0.45,0,2
job_t8,job,job,,8,3a,2,Forward-only,20,0,0,1,0.31,0.41,0.31,0.41,0,0.102564103,1,0.41,0.322580645,0.322580645,0.2,0,9
job_t8,job,job,,8,3a,3,THC,20,0,0,1,0.31,0.41,0.31,0.41,0,0.102564103,1,0.41,0.322580645,0.322580645,0.2,0,9
job_t8,job,job,,8,3a,4,RPT+,20,0,0,1,0.31,0.31,0.31,0.31,0,0,1,0.31,0,0,1,0,0
job_t8,job,job,,8,3b,1,Baseline,20,0,0,1,0.31,0.31,0.31,0.31,0,0,1,0.31,0,0,1,0,0
job_t8,job,job,,8,3b,2,Forward-only,20,0,0,1,0.31,0.31,0.31,0.31,0,0,1,0.31,0,0,1,0,0
job_t8,job,job,,8,3b,3,THC,20,0,0,1,0.31,0.31,0.31,0.31,0,0,1,0.31,0,0,1,0,0
job_t8,job,job,,8,3b,4,RPT+,20,0,0,1,0.31,0.31,0.31,0.31,0,0,1,0.31,0,0,1,0,0
job_t8,job,job,,8,3c,1,Baseline,20,0,0,1,0.51,0.52,0.52,0.52,0,0.00419528291,1,0.52,0.0196078431,0.0196078431,1,0,1
job_t8,job,job,,8,3c,2,Forward-only,20,0,0,1,0.31,0.41,0.4,0.41,0,0.075,1,0.41,0.322580645,0.322580645,0.1,0,9
job_t8,job,job,,8,3c,3,THC,20,0,0,1,0.31,0.41,0.31,0.41,0,0.0903978282,1,0.41,0.322580645,0.322580645,0.15,0,9
job_t8,job,job,,8,3c,4,RPT+,20,0,0,1,0.31,0.31,0.31,0.41,0.1,0.139970842,1.32258065,0.31,0,0.322580645,0.6,0,1
job_t8,job,job,,8,4a,1,Baseline,20,0,0,1,0.21,0.21,0.21,0.31,0.1,0.19468147,1.47619048,0.21,0,0.476190476,0.65,0,0
job_t8,job,job,,8,4a,2,Forward-only,20,0,0,1,0.21,0.21,0.21,0.21,0,0,1,0.21,0,0,1,0,0
job_t8,job,job,,8,4a,3,THC,20,0,0,1,0.21,0.21,0.21,0.21,0,0,1,0.21,0,0,1,0,0
job_t8,job,job,,8,4a,4,RPT+,20,0,0,1,0.11,0.11,0.11,0.11,0,0,1,0.11,0,0,1,0,0
job_t8,job,job,,8,4b,1,Baseline,20,0,0,1,0.11,0.21,0.11,0.21,0.1,0.272554058,1,0.21,0.909090909,0.909090909,0.35,0,0
job_t8,job,job,,8,4b,2,Forward-only,20,0,0,1,0.11,0.21,0.11,0.21,0.1,0.288175264,1,0.21,0.909090909,0.909090909,0.4,0,2
job_t8,job,job,,8,4b,3,THC,20,0,0,1,0.11,0.21,0.11,0.21,0.1,0.288175264,1,0.21,0.909090909,0.909090909,0.4,0,2
job_t8,job,job,,8,4b,4,RPT+,20,0,0,1,0.11,0.11,0.11,0.21,0.1,0.320963689,1.90909091,0.11,0,0.909090909,0.55,0,2
job_t8,job,job,,8,4c,1,Baseline,20,0,0,1,0.21,0.26,0.21,0.41,0.1,0.278937488,1.57692308,0.26,0.238095238,0.952380952,0.5,0,0
job_t8,job,job,,8,4c,2,Forward-only,20,0,0,1,0.21,0.21,0.21,0.21,0,0,1,0.21,0,0,1,0,0
job_t8,job,job,,8,4c,3,THC,20,0,0,1,0.21,0.21,0.21,0.21,0,0,1,0.21,0,0,1,0,0
job_t8,job,job,,8,4c,4,RPT+,20,0,0,1,0.11,0.11,0.11,0.21,0.1,0.327326835,1.90909091,0.11,0,0.909090909,0.7,0,0
job_t8,job,job,,8,5a,1,Baseline,20,0,0,1,0.41,0.41,0.41,0.52,0.11,0.118697741,1.26829268,0.41,0,0.268292683,0.6,0,0
job_t8,job,job,,8,5a,2,Forward-only,20,0,0,1,0.11,0.11,0.11,0.12,0,0.25,1.09090909,0.11,0,0.0909090909,0.9,0,0
job_t8,job,job,,8,5a,3,THC,20,0,0,1,0.11,0.11,0.11,0.12,0,0.25,1.09090909,0.11,0,0.0909090909,0.9,0,0
job_t8,job,job,,8,5a,4,RPT+,20,0,0,1,0.11,0.11,0.11,0.11,0,0,1,0.11,0,0,1,0,0
job_t8,job,job,,8,5b,1,Baseline,20,0,0,1,0.31,0.31,0.31,0.31,0,0,1,0.31,0,0,1,0,0
job_t8,job,job,,8,5b,2,Forward-only,20,0,0,1,0.11,0.11,0.11,0.12,0,0.25,1.09090909,0.11,0,0.0909090909,0.9,0,0
job_t8,job,job,,8,5b,3,THC,20,0,0,1,0.11,0.11,0.11,0.12,0,0.25,1.09090909,0.11,0,0.0909090909,0.9,0,0
job_t8,job,job,,8,5b,4,RPT+,20,0,0,1,0.11,0.11,0.11,0.11,0,0,1,0.11,0,0,1,0,0
job_t8,job,job,,8,5c,1,Baseline,20,0,0,1,0.41,0.52,0.41,0.52,0.11,0.113211711,1,0.52,0.268292683,0.268292683,0.4,0,0
job_t8,job,job,,8,5c,2,Forward-only,20,0,0,1,0.31,0.31,0.31,0.32,0,0.09375,1.03225806,0.31,0,0.0322580645,0.9,0,0
job_t8,job,job,,8,5c,3,THC,20,0,0,1,0.31,0.31,0.31,0.32,0,0.09375,1.03225806,0.31,0,0.0322580645,0.9,0,0
job_t8,job,job,,8,5c,4,RPT+,20,0,0,1,0.31,0.31,0.31,0.31,0,0,1,0.31,0,0,1,0,0
job_t8,job,job,,8,6a,1,Baseline,20,0,0,1,0.21,0.21,0.21,1.822,0.1525,1.2629832,8.67619048,0.21,0,7.67619048,0.75,0.25,1
job_t8,job,job,,8,6a,2,Forward-only,20,0,0,1,0.21,0.21,0.21,0.21,0,0,1,0.21,0,0,1,0,0
job_t8,job,job,,8,6a,3,THC,20,0,0,1,0.21,0.21,0.21,0.21,0,0,1,0.21,0,0,1,0,0
job_t8,job,job,,8,6a,4,RPT+,20,0,0,1,0.21,0.21,0.21,0.21,0,0,1,0.21,0,0,1,0,0
job_t8,job,job,,8,6b,1,Baseline,20,0,0,1,0.21,0.21,0.21,0.21,0,0,1,0.21,0,0,1,0,0
job_t8,job,job,,8,6b,2,Forward-only,20,0,0,1,0.21,0.21,0.21,0.21,0,0,1,0.21,0,0,1,0,0
job_t8,job,job,,8,6b,3,THC,20,0,0,1,0.21,0.21,0.21,0.21,0,0,1,0.21,0,0,1,0,0
job_t8,job,job,,8,6b,4,RPT+,20,0,0,1,0.21,0.21,0.21,0.21,0,0,1,0.21,0,0,1,0,0
job_t8,job,job,,8,6c,1,Baseline,20,0,0,1,0.21,0.21,0.21,1.651,0.025,1.15704483,7.86190476,0.21,0,6.86190476,0.75,0.2,1
job_t8,job,job,,8,6c,2,Forward-only,20,0,0,1,0.21,0.21,0.21,0.21,0,0,1,0.21,0,0,1,0,0
job_t8,job,job,,8,6c,3,THC,20,0,0,1,0.21,0.21,0.21,0.21,0,0,1,0.21,0,0,1,0,0
job_t8,job,job,,8,6c,4,RPT+,20,0,0,1,0.21,0.21,0.21,0.21,0,0,1,0.21,0,0,1,0,0
job_t8,job,job,,8,6d,1,Baseline,20,0,0,1,0.21,0.31,0.21,0.31,0.1,0.187733479,1,0.31,0.476190476,0.476190476,0.45,0,5
job_t8,job,job,,8,6d,2,Forward-only,20,0,0,1,0.21,0.31,0.21,0.31,0.1,0.187733479,1,0.31,0.476190476,0.476190476,0.45,0,5
job_t8,job,job,,8,6d,3,THC,20,0,0,1,0.21,0.31,0.21,0.31,0.1,0.187733479,1,0.31,0.476190476,0.476190476,0.45,0,5
job_t8,job,job,,8,6d,4,RPT+,20,0,0,1,0.21,0.21,0.21,0.21,0,0,1,0.21,0,0,1,0,0
job_t8,job,job,,8,6e,1,Baseline,20,0,0,1,0.21,0.21,0.21,1.763,0.4075,1.24566038,8.3952381,0.21,0,7.3952381,0.6,0.25,1
job_t8,job,job,,8,6e,2,Forward-only,20,0,0,1,0.21,0.21,0.21,0.21,0,0,1,0.21,0,0,1,0,0
job_t8,job,job,,8,6e,3,THC,20,0,0,1,0.21,0.21,0.21,0.21,0,0,1,0.21,0,0,1,0,0
job_t8,job,job,,8,6e,4,RPT+,20,0,0,1,0.21,0.21,0.21,0.21,0,0,1,0.21,0,0,1,0,0
job_t8,job,job,,8,6f,1,Baseline,20,0,0,1,1.54,1.85,1.75,3.252,1.1475,0.334780681,1.75783784,1.85,0.201298701,1.11168831,0.05,0.15,2
job_t8,job,job,,8,6f,2,Forward-only,20,0,0,1,1.54,1.85,1.75,3.252,1.13,0.331215724,1.75783784,1.85,0.201298701,1.11168831,0.05,0.15,2
job_t8,job,job,,8,6f,3,THC,20,0,0,1,1.95,2.46,1.95,5.081,0.82,0.420133885,2.06544715,2.46,0.261538462,1.60564103,0.15,0.15,0
job_t8,job,job,,8,6f,4,RPT+,20,0,0,1,1.64,1.85,1.75,3.252,1.155,0.33245392,1.75783784,1.85,0.12804878,0.982926829,0.25,0.1,2
job_t8,job,job,,8,7a,1,Baseline,20,0,0,1,0.51,0.62,0.519,0.72,0.1,0.123005064,1.16129032,0.62,0.215686275,0.411764706,0.45,0,4
job_t8,job,job,,8,7a,2,Forward-only,20,0,0,1,0.31,0.31,0.31,0.31,0,0,1,0.31,0,0,1,0,0
job_t8,job,job,,8,7a,3,THC,20,0,0,1,0.31,0.31,0.31,0.31,0,0,1,0.31,0,0,1,0,0
job_t8,job,job,,8,7a,4,RPT+,20,0,0,1,0.31,0.31,0.31,0.31,0,0,1,0.31,0,0,1,0,0
job_t8,job,job,,8,7b,1,Baseline,20,0,0,1,0.51,0.52,0.519,0.73,0.125,0.204864017,1.40384615,0.52,0.0196078431,0.431372549,0.7,0,1
job_t8,job,job,,8,7b,2,Forward-only,20,0,0,1,0.21,0.31,0.21,0.31,0.1,0.173443491,1,0.31,0.476190476,0.476190476,0.35,0,2
job_t8,job,job,,8,7b,3,THC,20,0,0,1,0.21,0.31,0.21,0.31,0.1,0.173443491,1,0.31,0.476190476,0.476190476,0.35,0,2
job_t8,job,job,,8,7b,4,RPT+,20,0,0,1,0.21,0.31,0.21,0.31,0.1,0.163663418,1,0.31,0.476190476,0.476190476,0.3,0,2
job_t8,job,job,,8,7c,1,Baseline,20,0,0,1,0.72,1.03,0.82,1.635,0.3025,0.712502221,1.58737864,1.03,0.430555556,1.27083333,0.05,0.1,10
job_t8,job,job,,8,7c,2,Forward-only,20,0,0,1,0.41,0.62,0.52,0.831,0.2,0.217431749,1.34032258,0.62,0.512195122,1.02682927,0.05,0.1,8
job_t8,job,job,,8,7c,3,THC,20,0,0,1,0.41,0.62,0.52,0.831,0.2,0.217431749,1.34032258,0.62,0.512195122,1.02682927,0.05,0.1,8
job_t8,job,job,,8,7c,4,RPT+,20,0,0,1,0.41,0.62,0.509,0.831,0.2,0.229745953,1.34032258,0.62,0.512195122,1.02682927,0.1,0.1,8
job_t8,job,job,,8,8a,1,Baseline,20,0,0,1,0.21,0.31,0.31,0.31,0,0.102008957,1,0.31,0.476190476,0.476190476,0.05,0,3
job_t8,job,job,,8,8a,2,Forward-only,20,0,0,1,0.21,0.21,0.21,0.21,0,0,1,0.21,0,0,1,0,0
job_t8,job,job,,8,8a,3,THC,20,0,0,1,0.21,0.21,0.21,0.21,0,0,1,0.21,0,0,1,0,0
job_t8,job,job,,8,8a,4,RPT+,20,0,0,1,0.21,0.21,0.21,0.21,0,0,1,0.21,0,0,1,0,0
job_t8,job,job,,8,8b,1,Baseline,20,0,0,1,0.21,0.31,0.21,0.31,0,0.137931034,1,0.31,0.476190476,0.476190476,0.2,0,3
job_t8,job,job,,8,8b,2,Forward-only,20,0,0,1,0.21,0.21,0.21,0.21,0,0,1,0.21,0,0,1,0,0
job_t8,job,job,,8,8b,3,THC,20,0,0,1,0.21,0.21,0.21,0.21,0,0,1,0.21,0,0,1,0,0
job_t8,job,job,,8,8b,4,RPT+,20,0,0,1,0.21,0.21,0.21,0.21,0,0,1,0.21,0,0,1,0,0
job_t8,job,job,,8,8c,1,Baseline,20,0,0,1,0.52,0.57,0.52,2.321,0.2,0.897635266,4.07192982,0.57,0.0961538462,3.46346154,0.5,0.15,2
job_t8,job,job,,8,8c,2,Forward-only,20,0,0,1,0.52,0.52,0.52,0.72,0.1,0.139943278,1.38461538,0.52,0,0.384615385,0.65,0,0
job_t8,job,job,,8,8c,3,THC,20,0,0,1,0.62,0.62,0.62,0.82,0.1,0.108065724,1.32258065,0.62,0,0.322580645,0.55,0,0
job_t8,job,job,,8,8c,4,RPT+,20,0,0,1,0.52,0.52,0.52,0.72,0.1,0.139943278,1.38461538,0.52,0,0.384615385,0.65,0,0
job_t8,job,job,,8,8d,1,Baseline,20,0,0,1,0.31,0.41,0.31,2.132,0.1,1.20254589,5.2,0.41,0.322580645,5.87741935,0.3,0.15,2
job_t8,job,job,,8,8d,2,Forward-only,20,0,0,1,0.31,0.41,0.31,0.41,0.1,0.132404851,1,0.41,0.322580645,0.322580645,0.4,0,0
job_t8,job,job,,8,8d,3,THC,20,0,0,1,0.31,0.41,0.31,0.52,0.1,0.199175728,1.26829268,0.41,0.322580645,0.677419355,0.4,0,0
job_t8,job,job,,8,8d,4,RPT+,20,0,0,1,0.31,0.41,0.31,0.41,0.1,0.132404851,1,0.41,0.322580645,0.322580645,0.4,0,0
job_t8,job,job,,8,9a,1,Baseline,20,0,0,1,0.31,0.41,0.31,0.62,0,0.246459845,1.51219512,0.41,0.322580645,1,0.2,0.05,3
job_t8,job,job,,8,9a,2,Forward-only,20,0,0,1,0.31,0.31,0.31,0.41,0,0.121212121,1.32258065,0.31,0,0.322580645,0.8,0,0
job_t8,job,job,,8,9a,3,THC,20,0,0,1,0.31,0.31,0.31,0.41,0,0.121212121,1.32258065,0.31,0,0.322580645,0.8,0,0
job_t8,job,job,,8,9a,4,RPT+,20,0,0,1,0.21,0.31,0.31,0.31,0,0.0714573597,1,0.31,0.476190476,0.476190476,0.05,0,1
job_t8,job,job,,8,9b,1,Baseline,20,0,0,1,0.31,0.41,0.31,0.52,0.11,0.1841814,1.26829268,0.41,0.322580645,0.677419355,0.15,0,4
job_t8,job,job,,8,9b,2,Forward-only,20,0,0,1,0.21,0.26,0.21,0.31,0.1,0.192307692,1.19230769,0.26,0.238095238,0.476190476,0.5,0,2
job_t8,job,job,,8,9b,3,THC,20,0,0,1,0.21,0.26,0.21,0.31,0.1,0.192307692,1.19230769,0.26,0.238095238,0.476190476,0.5,0,2
job_t8,job,job,,8,9b,4,RPT+,20,0,0,1,0.21,0.21,0.21,0.31,0.1,0.19468147,1.47619048,0.21,0,0.476190476,0.65,0,0
job_t8,job,job,,8,9c,1,Baseline,20,0,0,1,0.31,0.41,0.31,0.64,0.11,0.298027213,1.56097561,0.41,0.322580645,1.06451613,0.15,0.1,3
job_t8,job,job,,8,9c,2,Forward-only,20,0,0,1,0.31,0.31,0.31,0.41,0.1,0.169875521,1.32258065,0.31,0,0.322580645,0.7,0,0
job_t8,job,job,,8,9c,3,THC,20,0,0,1,0.31,0.31,0.31,0.41,0.1,0.169875521,1.32258065,0.31,0,0.322580645,0.7,0,0
job_t8,job,job,,8,9c,4,RPT+,20,0,0,1,0.21,0.31,0.3,0.31,0,0.1,1,0.31,0.476190476,0.476190476,0.1,0,1
job_t8,job,job,,8,9d,1,Baseline,20,0,0,1,0.41,0.52,0.41,0.73,0.125,0.225171311,1.40384615,0.52,0.268292683,0.780487805,0.2,0,3
job_t8,job,job,,8,9d,2,Forward-only,20,0,0,1,0.41,0.52,0.41,0.52,0,0.0883534137,1,0.52,0.268292683,0.268292683,0.2,0,4
job_t8,job,job,,8,9d,3,THC,20,0,0,1,0.41,0.52,0.41,0.52,0,0.0780096452,1,0.52,0.268292683,0.268292683,0.15,0,4
job_t8,job,job,,8,9d,4,RPT+,20,0,0,1,0.31,0.41,0.31,0.421,0,0.127841766,1.02682927,0.41,0.322580645,0.358064516,0.15,0,5
job_t8,job,job,,8,10a,1,Baseline,20,0,0,1,0.21,0.36,0.3,0.52,0.1275,0.264486431,1.44444444,0.36,0.714285714,1.47619048,0.1,0.25,6
job_t8,job,job,,8,10a,2,Forward-only,20,0,0,1,0.21,0.31,0.21,0.32,0.1,0.206896552,1.03225806,0.31,0.476190476,0.523809524,0.3,0,3
job_t8,job,job,,8,10a,3,THC,20,0,0,1,0.21,0.31,0.21,0.32,0.1,0.206896552,1.03225806,0.31,0.476190476,0.523809524,0.3,0,3
job_t8,job,job,,8,10a,4,RPT+,20,0,0,1,0.21,0.21,0.21,0.21,0,0,1,0.21,0,0,1,0,0
job_t8,job,job,,8,10b,1,Baseline,20,0,0,1,0.21,0.31,0.21,0.41,0.2,0.289130883,1.32258065,0.31,0.476190476,0.952380952,0.45,0,1
job_t8,job,job,,8,10b,2,Forward-only,20,0,0,1,0.21,0.21,0.21,0.31,0.1,0.190940654,1.47619048,0.21,0,0.476190476,0.7,0,1
job_t8,job,job,,8,10b,3,THC,20,0,0,1,0.21,0.21,0.21,0.31,0.1,0.190940654,1.47619048,0.21,0,0.476190476,0.7,0,1
job_t8,job,job,,8,10b,4,RPT+,20,0,0,1,0.21,0.21,0.21,0.21,0,0,1,0.21,0,0,1,0,0
job_t8,job,job,,8,10c,1,Baseline,20,0,0,1,0.41,0.52,0.41,0.52,0.0275,0.0967134969,1,0.52,0.268292683,0.268292683,0.25,0,0
job_t8,job,job,,8,10c,2,Forward-only,20,0,0,1,0.41,0.52,0.41,0.52,0.11,0.10350787,1,0.52,0.268292683,0.268292683,0.3,0,0
job_t8,job,job,,8,10c,3,THC,20,0,0,1,0.41,0.52,0.41,0.52,0,0.091877896,1,0.52,0.268292683,0.268292683,0.15,0,0
job_t8,job,job,,8,10c,4,RPT+,20,0,0,1,0.41,0.41,0.41,0.52,0.11,0.118697741,1.26829268,0.41,0,0.268292683,0.6,0,0
job_t8,job,job,,8,11a,1,Baseline,20,0,0,1,0.11,0.11,0.11,0.21,0.1,0.394673212,1.90909091,0.11,0,0.909090909,0.7,0.05,0
job_t8,job,job,,8,11a,2,Forward-only,20,0,0,1,0.11,0.11,0.11,0.11,0,0,1,0.11,0,0,1,0,0
job_t8,job,job,,8,11a,3,THC,20,0,0,1,0.11,0.11,0.11,0.11,0,0,1,0.11,0,0,1,0,0
job_t8,job,job,,8,11a,4,RPT+,20,0,0,1,0.11,0.11,0.11,0.11,0,0,1,0.11,0,0,1,0,0
job_t8,job,job,,8,11b,1,Baseline,20,0,0,1,0.11,0.11,0.11,0.21,0,0.307692308,1.90909091,0.11,0,0.909090909,0.8,0,0
job_t8,job,job,,8,11b,2,Forward-only,20,0,0,1,0.11,0.11,0.11,0.11,0,0,1,0.11,0,0,1,0,0
job_t8,job,job,,8,11b,3,THC,20,0,0,1,0.11,0.11,0.11,0.11,0,0,1,0.11,0,0,1,0,0
job_t8,job,job,,8,11b,4,RPT+,20,0,0,1,0.11,0.11,0.11,0.11,0,0,1,0.11,0,0,1,0,0
job_t8,job,job,,8,11c,1,Baseline,20,0,0,1,0.11,0.21,0.11,1.03,0.8125,0.963637369,4.9047619,0.21,0.909090909,8.36363636,0.4,0.35,0
job_t8,job,job,,8,11c,2,Forward-only,20,0,0,1,0.11,0.11,0.11,0.11,0,0.189517345,1,0.11,0,0,0.95,0,0
job_t8,job,job,,8,11c,3,THC,20,0,0,1,0.11,0.11,0.11,0.11,0,0,1,0.11,0,0,1,0,0
job_t8,job,job,,8,11c,4,RPT+,20,0,0,1,0.11,0.11,0.11,0.11,0,0,1,0.11,0,0,1,0,0
job_t8,job,job,,8,11d,1,Baseline,20,0,0,1,0.11,0.21,0.11,1.751,0.92,1.10731178,8.33809524,0.21,0.909090909,14.9181818,0.4,0.35,0
job_t8,job,job,,8,11d,2,Forward-only,20,0,0,1,0.11,0.11,0.11,0.21,0.1,0.328944552,1.90909091,0.11,0,0.909090909,0.65,0,0
job_t8,job,job,,8,11d,3,THC,20,0,0,1,0.11,0.11,0.11,0.21,0.1,0.328944552,1.90909091,0.11,0,0.909090909,0.65,0,0
job_t8,job,job,,8,11d,4,RPT+,20,0,0,1,0.11,0.11,0.11,0.12,0,0.25,1.09090909,0.11,0,0.0909090909,0.9,0,0
job_t8,job,job,,8,12a,1,Baseline,20,0,0,1,0.21,0.21,0.21,0.41,0.1,0.279219785,1.95238095,0.21,0,0.952380952,0.6,0,0
job_t8,job,job,,8,12a,2,Forward-only,20,0,0,1,0.11,0.21,0.2,0.21,0,0.15,1,0.21,0.909090909,0.909090909,0.1,0,3
job_t8,job,job,,8,12a,3,THC,20,0,0,1,0.11,0.21,0.11,0.21,0,0.210526316,1,0.21,0.909090909,0.909090909,0.2,0,0
job_t8,job,job,,8,12a,4,RPT+,20,0,0,1,0.11,0.11,0.11,0.21,0.025,0.32075015,1.90909091,0.11,0,0.909090909,0.75,0,0
job_t8,job,job,,8,12b,1,Baseline,20,0,0,1,0.21,0.21,0.21,0.52,0.025,1.8491459,2.47619048,0.21,0,1.47619048,0.75,0.2,0
job_t8,job,job,,8,12b,2,Forward-only,20,0,0,1,0.11,0.21,0.11,0.21,0.1,0.301511345,1,0.21,0.909090909,0.909090909,0.45,0,0
job_t8,job,job,,8,12b,3,THC,20,0,0,1,0.11,0.21,0.11,0.21,0.1,0.301511345,1,0.21,0.909090909,0.909090909,0.45,0,0
job_t8,job,job,,8,12b,4,RPT+,20,0,0,1,0.11,0.11,0.11,0.21,0.1,0.328944552,1.90909091,0.11,0,0.909090909,0.65,0,0
job_t8,job,job,,8,12c,1,Baseline,20,0,0,1,0.21,0.31,0.21,0.41,0.2,0.274470103,1.32258065,0.31,0.476190476,0.952380952,0.35,0,0
job_t8,job,job,,8,12c,2,Forward-only,20,0,0,1,0.21,0.21,0.21,0.21,0,0,1,0.21,0,0,1,0,0
job_t8,job,job,,8,12c,3,THC,20,0,0,1,0.21,0.21,0.21,0.21,0,0,1,0.21,0,0,1,0,0
job_t8,job,job,,8,12c,4,RPT+,20,0,0,1,0.21,0.21,0.21,0.21,0,0,1,0.21,0,0,1,0,0
job_t8,job,job,,8,13a,1,Baseline,20,0,0,1,0.31,0.82,0.52,1.85,0.5125,0.518884876,2.25609756,0.82,1.64516129,4.96774194,0.05,0.7,0
job_t8,job,job,,8,13a,2,Forward-only,20,0,0,1,0.21,0.21,0.21,0.21,0,0.101369743,1,0.21,0,0,0.95,0,0
job_t8,job,job,,8,13a,3,THC,20,0,0,1,0.21,0.21,0.21,0.21,0,0,1,0.21,0,0,1,0,0
job_t8,job,job,,8,13a,4,RPT+,20,0,0,1,0.21,0.21,0.21,0.21,0,0,1,0.21,0,0,1,0,0
job_t8,job,job,,8,13b,1,Baseline,20,0,0,1,0.21,0.31,0.21,1.061,0.41,1.31900085,3.42258065,0.31,0.476190476,4.05238095,0.3,0.4,3
job_t8,job,job,,8,13b,2,Forward-only,20,0,0,1,0.11,0.21,0.11,0.21,0.1,0.288175264,1,0.21,0.909090909,0.909090909,0.4,0,0
job_t8,job,job,,8,13b,3,THC,20,0,0,1,0.11,0.21,0.11,0.21,0.1,0.301511345,1,0.21,0.909090909,0.909090909,0.45,0,0
job_t8,job,job,,8,13b,4,RPT+,20,0,0,1,0.11,0.11,0.11,0.11,0,0,1,0.11,0,0,1,0,0
job_t8,job,job,,8,13c,1,Baseline,20,0,0,1,0.21,0.31,0.21,1.05,0.335,1.41265014,3.38709677,0.31,0.476190476,4,0.4,0.3,3
job_t8,job,job,,8,13c,2,Forward-only,20,0,0,1,0.11,0.11,0.11,0.21,0.1,0.320963689,1.90909091,0.11,0,0.909090909,0.55,0,0
job_t8,job,job,,8,13c,3,THC,20,0,0,1,0.11,0.11,0.11,0.21,0.1,0.326598632,1.90909091,0.11,0,0.909090909,0.6,0,0
job_t8,job,job,,8,13c,4,RPT+,20,0,0,1,0.11,0.11,0.11,0.11,0,0,1,0.11,0,0,1,0,0
job_t8,job,job,,8,13d,1,Baseline,20,0,0,1,0.31,0.77,0.509,1.55,0.435,0.93846572,2.01298701,0.77,1.48387097,4,0.05,0.55,0
job_t8,job,job,,8,13d,2,Forward-only,20,0,0,1,0.31,0.41,0.31,0.52,0.1,0.180121911,1.26829268,0.41,0.322580645,0.677419355,0.35,0,2
job_t8,job,job,,8,13d,3,THC,20,0,0,1,0.31,0.41,0.4,0.52,0.11,0.170575848,1.26829268,0.41,0.322580645,0.677419355,0.1,0,4
job_t8,job,job,,8,13d,4,RPT+,20,0,0,1,0.31,0.41,0.31,0.52,0.1,0.187696801,1.26829268,0.41,0.322580645,0.677419355,0.4,0,2
job_t8,job,job,,8,14a,1,Baseline,20,0,0,1,0.21,0.52,0.21,0.53,0.135,0.336492417,1.01923077,0.52,1.47619048,1.52380952,0.2,0.65,1
job_t8,job,job,,8,14a,2,Forward-only,20,0,0,1,0.11,0.11,0.11,0.21,0,0.307692308,1.90909091,0.11,0,0.909090909,0.8,0,0
job_t8,job,job,,8,14a,3,THC,20,0,0,1,0.11,0.11,0.11,0.21,0,0.285657137,1.90909091,0.11,0,0.909090909,0.85,0,0
job_t8,job,job,,8,14a,4,RPT+,20,0,0,1,0.11,0.11,0.11,0.11,0,0,1,0.11,0,0,1,0,0
job_t8,job,job,,8,14b,1,Baseline,20,0,0,1,0.21,0.41,0.21,0.52,0.1,0.28879365,1.26829268,0.41,0.952380952,1.47619048,0.2,0.2,1
job_t8,job,job,,8,14b,2,Forward-only,20,0,0,1,0.11,0.11,0.11,0.11,0,0,1,0.11,0,0,1,0,0
job_t8,job,job,,8,14b,3,THC,20,0,0,1,0.11,0.11,0.11,0.11,0,0,1,0.11,0,0,1,0,0
job_t8,job,job,,8,14b,4,RPT+,20,0,0,1,0.11,0.11,0.11,0.11,0,0,1,0.11,0,0,1,0,0
job_t8,job,job,,8,14c,1,Baseline,20,0,0,1,0.31,0.52,0.31,0.62,0.21,0.251406304,1.19230769,0.52,0.677419355,1,0.3,0.05,0
job_t8,job,job,,8,14c,2,Forward-only,20,0,0,1,0.21,0.21,0.21,0.21,0,0,1,0.21,0,0,1,0,0
job_t8,job,job,,8,14c,3,THC,20,0,0,1,0.21,0.21,0.21,0.21,0,0,1,0.21,0,0,1,0,0
job_t8,job,job,,8,14c,4,RPT+,20,0,0,1,0.11,0.21,0.21,0.21,0,0.106314608,1,0.21,0.909090909,0.909090909,0.05,0,16
job_t8,job,job,,8,15a,1,Baseline,20,0,0,1,0.31,0.41,0.31,0.41,0.1,0.127191894,1,0.41,0.322580645,0.322580645,0.35,0,0
job_t8,job,job,,8,15a,2,Forward-only,20,0,0,1,0.31,0.31,0.31,0.31,0,0,1,0.31,0,0,1,0,0
job_t8,job,job,,8,15a,3,THC,20,0,0,1,0.21,0.31,0.31,0.31,0,0.0714573597,1,0.31,0.476190476,0.476190476,0.05,0,11
job_t8,job,job,,8,15a,4,RPT+,20,0,0,1,0.21,0.31,0.21,0.31,0,0.12104116,1,0.31,0.476190476,0.476190476,0.15,0,10
job_t8,job,job,,8,15b,1,Baseline,20,0,0,1,0.21,0.41,0.3,0.41,0.1,0.18327518,1,0.41,0.952380952,0.952380952,0.1,0,0
job_t8,job,job,,8,15b,2,Forward-only,20,0,0,1,0.21,0.21,0.21,0.31,0.1,0.195095576,1.47619048,0.21,0,0.476190476,0.55,0,0
job_t8,job,job,,8,15b,3,THC,20,0,0,1,0.21,0.26,0.21,0.31,0.1,0.192307692,1.19230769,0.26,0.238095238,0.476190476,0.5,0,0
job_t8,job,job,,8,15b,4,RPT+,20,0,0,1,0.21,0.21,0.21,0.31,0.1,0.190940654,1.47619048,0.21,0,0.476190476,0.7,0,0
job_t8,job,job,,8,15c,1,Baseline,20,0,0,1,0.31,0.41,0.31,0.421,0.1,0.173486644,1.02682927,0.41,0.322580645,0.358064516,0.4,0,0
job_t8,job,job,,8,15c,2,Forward-only,20,0,0,1,0.31,0.31,0.31,0.31,0,0,1,0.31,0,0,1,0,0
job_t8,job,job,,8,15c,3,THC,20,0,0,1,0.31,0.31,0.31,0.31,0,0,1,0.31,0,0,1,0,0
job_t8,job,job,,8,15c,4,RPT+,20,0,0,1,0.21,0.21,0.21,0.31,0.025,0.184260724,1.47619048,0.21,0,0.476190476,0.75,0,2
job_t8,job,job,,8,15d,1,Baseline,20,0,0,1,0.21,0.31,0.21,0.31,0.1,0.163663418,1,0.31,0.476190476,0.476190476,0.3,0,0
job_t8,job,job,,8,15d,2,Forward-only,20,0,0,1,0.21,0.21,0.21,0.31,0.1,0.190940654,1.47619048,0.21,0,0.476190476,0.7,0,0
job_t8,job,job,,8,15d,3,THC,20,0,0,1,0.21,0.21,0.21,0.31,0.025,0.184260724,1.47619048,0.21,0,0.476190476,0.75,0,0
job_t8,job,job,,8,15d,4,RPT+,20,0,0,1,0.21,0.21,0.21,0.21,0,0,1,0.21,0,0,1,0,0
job_t8,job,job,,8,16a,1,Baseline,20,0,0,1,0.62,0.975,0.62,32.818,17.5075,1.40838622,33.6594872,0.975,0.572580645,51.9322581,0.2,0.45,4
job_t8,job,job,,8,16a,2,Forward-only,20,0,0,1,0.31,0.31,0.31,0.41,0,0.121212121,1.32258065,0.31,0,0.322580645,0.8,0,0
job_t8,job,job,,8,16a,3,THC,20,0,0,1,0.31,0.31,0.31,0.41,0.025,0.129257523,1.32258065,0.31,0,0.322580645,0.75,0,0
job_t8,job,job,,8,16a,4,RPT+,20,0,0,1,0.21,0.21,0.21,0.31,0.1,0.195959179,1.47619048,0.21,0,0.476190476,0.6,0,1
job_t8,job,job,,8,16b,1,Baseline,20,0,0,1,2.87,22.18,3.969,48.161,36.585,0.807582482,2.1713706,22.18,6.728223,15.7808362,0.05,0.6,0
job_t8,job,job,,8,16b,2,Forward-only,20,0,0,1,0.62,0.875,0.71,1.75,0.77,0.390615954,2,0.875,0.411290323,1.82258065,0.1,0.35,13
job_t8,job,job,,8,16b,3,THC,20,0,0,1,0.62,1.03,0.72,1.95,0.7725,0.429437466,1.89320388,1.03,0.661290323,2.14516129,0.05,0.35,13
job_t8,job,job,,8,16b,4,RPT+,20,0,0,1,0.52,0.82,0.61,1.75,0.82,0.427153191,2.13414634,0.82,0.576923077,2.36538462,0.1,0.35,13
job_t8,job,job,,8,16c,1,Baseline,20,0,0,1,1.64,3.075,2.209,33.876,15.9975,1.21681768,11.0165854,3.075,0.875,19.6560976,0.1,0.4,3
job_t8,job,job,,8,16c,2,Forward-only,20,0,0,1,0.41,0.52,0.41,0.82,0.3,0.399839677,1.57692308,0.52,0.268292683,1,0.2,0.05,3
job_t8,job,job,,8,16c,3,THC,20,0,0,1,0.41,0.57,0.41,1.03,0.3,0.395368881,1.80701754,0.57,0.390243902,1.51219512,0.15,0.15,3
job_t8,job,job,,8,16c,4,RPT+,20,0,0,1,0.31,0.52,0.31,0.73,0.31,0.445808936,1.40384615,0.52,0.677419355,1.35483871,0.15,0.35,3
job_t8,job,job,,8,16d,1,Baseline,20,0,0,1,1.44,2.77,1.819,33.076,16.1225,1.24323017,11.9407942,2.77,0.923611111,21.9694444,0.1,0.45,3
job_t8,job,job,,8,16d,2,Forward-only,20,0,0,1,0.41,0.52,0.41,0.82,0.41,0.407613476,1.57692308,0.52,0.268292683,1,0.4,0.05,3
job_t8,job,job,,8,16d,3,THC,20,0,0,1,0.41,0.52,0.41,0.94,0.41,0.433738282,1.80769231,0.52,0.268292683,1.29268293,0.35,0.15,3
job_t8,job,job,,8,16d,4,RPT+,20,0,0,1,0.31,0.465,0.31,0.73,0.31,0.457902392,1.56989247,0.465,0.5,1.35483871,0.15,0.35,3
job_t8,job,job,,8,17a,1,Baseline,20,0,0,1,0.62,3.64,0.72,18.851,13.7,1.18562784,5.17884615,3.64,4.87096774,29.4048387,0.05,0.85,14
job_t8,job,job,,8,17a,2,Forward-only,20,0,0,1,0.31,0.41,0.41,0.63,0.11,0.253585719,1.53658537,0.41,0.322580645,1.03225806,0.05,0.1,2
job_t8,job,job,,8,17a,3,THC,20,0,0,1,0.31,0.52,0.41,0.63,0.135,0.220314842,1.21153846,0.52,0.677419355,1.03225806,0.05,0.1,2
job_t8,job,job,,8,17a,4,RPT+,20,0,0,1,0.31,0.41,0.41,0.63,0.11,0.248737344,1.53658537,0.41,0.322580645,1.03225806,0.05,0.1,6
job_t8,job,job,,8,17b,1,Baseline,20,0,0,1,0.41,2,0.72,15.931,8.62,1.34510413,7.9655,2,3.87804878,37.8560976,0.05,0.8,18
job_t8,job,job,,8,17b,2,Forward-only,20,0,0,1,0.31,0.31,0.31,0.64,0.235,0.511440274,2.06451613,0.31,0,1.06451613,0.6,0.1,2
job_t8,job,job,,8,17b,3,THC,20,0,0,1,0.31,0.36,0.31,0.64,0.235,0.491142941,1.77777778,0.36,0.161290323,1.06451613,0.5,0.1,2
job_t8,job,job,,8,17b,4,RPT+,20,0,0,1,0.31,0.41,0.31,0.64,0.135,0.433950995,1.56097561,0.41,0.322580645,1.06451613,0.25,0.1,6
job_t8,job,job,,8,17c,1,Baseline,20,0,0,1,0.41,1.745,0.41,16.041,8.7775,1.40756496,9.19255014,1.745,3.25609756,38.1243902,0.25,0.6,2
job_t8,job,job,,8,17c,2,Forward-only,20,0,0,1,0.21,0.31,0.21,0.31,0,0.137931034,1,0.31,0.476190476,0.476190476,0.2,0,1
job_t8,job,job,,8,17c,3,THC,20,0,0,1,0.21,0.31,0.21,0.31,0,0.137931034,1,0.31,0.476190476,0.476190476,0.2,0,1
job_t8,job,job,,8,17c,4,RPT+,20,0,0,1,0.21,0.21,0.21,0.21,0,0.101369743,1,0.21,0,0,0.95,0,0
job_t8,job,job,,8,17d,1,Baseline,20,0,0,1,0.52,2.155,0.52,18.1,15.4125,1.23731352,8.39907193,2.155,3.14423077,33.8076923,0.25,0.7,2
job_t8,job,job,,8,17d,2,Forward-only,20,0,0,1,0.31,0.31,0.31,0.41,0,0.10986813,1.32258065,0.31,0,0.322580645,0.85,0,0
job_t8,job,job,,8,17d,3,THC,20,0,0,1,0.31,0.31,0.31,0.41,0,0.10986813,1.32258065,0.31,0,0.322580645,0.85,0,0
job_t8,job,job,,8,17d,4,RPT+,20,0,0,1,0.31,0.31,0.31,0.31,0,0,1,0.31,0,0,1,0,0
job_t8,job,job,,8,17e,1,Baseline,20,0,0,1,1.95,16.595,3.039,40.31,22.33,0.792785323,2.42904489,16.595,7.51025641,19.6717949,0.05,0.6,0
job_t8,job,job,,8,17e,2,Forward-only,20,0,0,1,0.52,0.72,0.61,1.03,0.2,0.410501121,1.43055556,0.72,0.384615385,0.980769231,0.1,0.05,13
job_t8,job,job,,8,17e,3,THC,20,0,0,1,0.52,0.82,0.61,1.34,0.335,0.468780033,1.63414634,0.82,0.576923077,1.57692308,0.1,0.15,13
job_t8,job,job,,8,17e,4,RPT+,20,0,0,1,0.41,0.62,0.52,1.03,0.3,0.459174305,1.66129032,0.62,0.512195122,1.51219512,0.05,0.2,6
job_t8,job,job,,8,17f,1,Baseline,20,0,0,1,1.13,4.715,3.118,26.455,12.3425,0.969367372,5.61081654,4.715,3.17256637,22.4115044,0.05,0.95,18
job_t8,job,job,,8,17f,2,Forward-only,20,0,0,1,0.41,0.52,0.41,0.62,0.11,0.178293909,1.19230769,0.52,0.268292683,0.512195122,0.4,0,0
job_t8,job,job,,8,17f,3,THC,20,0,0,1,0.41,0.52,0.41,0.63,0.135,0.212083918,1.21153846,0.52,0.268292683,0.536585366,0.35,0,2
job_t8,job,job,,8,17f,4,RPT+,20,0,0,1,0.41,0.52,0.41,0.72,0.21,0.240259105,1.38461538,0.52,0.268292683,0.756097561,0.4,0,0
job_t8,job,job,,8,18a,1,Baseline,20,0,0,1,0.31,0.465,0.41,1.602,0.21,0.791213016,3.44516129,0.465,0.5,4.16774194,0.05,0.2,2
job_t8,job,job,,8,18a,2,Forward-only,20,0,0,1,0.31,0.36,0.31,0.41,0.1,0.138888889,1.13888889,0.36,0.161290323,0.322580645,0.5,0,0
job_t8,job,job,,8,18a,3,THC,20,0,0,1,0.31,0.31,0.31,0.41,0.1,0.140139076,1.32258065,0.31,0,0.322580645,0.55,0,0
job_t8,job,job,,8,18a,4,RPT+,20,0,0,1,0.31,0.31,0.31,0.31,0,0,1,0.31,0,0,1,0,0
job_t8,job,job,,8,18b,1,Baseline,20,0,0,1,0.41,0.52,0.41,0.72,0.1,0.175573573,1.38461538,0.52,0.268292683,0.756097561,0.15,0,6
job_t8,job,job,,8,18b,2,Forward-only,20,0,0,1,0.31,0.31,0.31,0.41,0.025,0.129257523,1.32258065,0.31,0,0.322580645,0.75,0,0
job_t8,job,job,,8,18b,3,THC,20,0,0,1,0.31,0.31,0.31,0.41,0,0.121212121,1.32258065,0.31,0,0.322580645,0.8,0,0
job_t8,job,job,,8,18b,4,RPT+,20,0,0,1,0.31,0.31,0.31,0.31,0,0,1,0.31,0,0,1,0,0
job_t8,job,job,,8,18c,1,Baseline,20,0,0,1,0.52,0.72,0.52,0.831,0.225,0.191649881,1.15416667,0.72,0.384615385,0.598076923,0.25,0,2
job_t8,job,job,,8,18c,2,Forward-only,20,0,0,1,0.41,0.465,0.41,0.52,0.11,0.11827957,1.11827957,0.465,0.134146341,0.268292683,0.5,0,2
job_t8,job,job,,8,18c,3,THC,20,0,0,1,0.41,0.52,0.41,0.52,0.11,0.116310965,1,0.52,0.268292683,0.268292683,0.45,0,2
job_t8,job,job,,8,18c,4,RPT+,20,0,0,1,0.41,0.41,0.41,0.52,0,0.0920934498,1.26829268,0.41,0,0.268292683,0.85,0,0
job_t8,job,job,,8,19a,1,Baseline,20,0,0,1,0.41,0.62,0.41,0.82,0.125,0.217292277,1.32258065,0.62,0.512195122,1,0.15,0,5
job_t8,job,job,,8,19a,2,Forward-only,20,0,0,1,0.31,0.41,0.4,0.41,0,0.075,1,0.41,0.322580645,0.322580645,0.1,0,5
job_t8,job,job,,8,19a,3,THC,20,0,0,1,0.31,0.41,0.4,0.41,0,0.075,1,0.41,0.322580645,0.322580645,0.1,0,5
job_t8,job,job,,8,19a,4,RPT+,20,0,0,1,0.31,0.31,0.31,0.41,0,0.10986813,1.32258065,0.31,0,0.322580645,0.85,0,0
job_t8,job,job,,8,19b,1,Baseline,20,0,0,1,0.31,0.57,0.509,0.63,0.1,0.167024665,1.10526316,0.57,0.838709677,1.03225806,0.05,0.1,5
job_t8,job,job,,8,19b,2,Forward-only,20,0,0,1,0.31,0.31,0.31,0.31,0,0,1,0.31,0,0,1,0,0
job_t8,job,job,,8,19b,3,THC,20,0,0,1,0.31,0.31,0.31,0.31,0,0,1,0.31,0,0,1,0,0
job_t8,job,job,,8,19b,4,RPT+,20,0,0,1,0.31,0.31,0.31,0.31,0,0,1,0.31,0,0,1,0,0
job_t8,job,job,,8,19c,1,Baseline,20,0,0,1,0.41,0.62,0.41,0.741,0.1,0.230914452,1.19516129,0.62,0.512195122,0.807317073,0.15,0.1,4
job_t8,job,job,,8,19c,2,Forward-only,20,0,0,1,0.31,0.41,0.31,0.41,0.025,0.112470832,1,0.41,0.322580645,0.322580645,0.25,0,0
job_t8,job,job,,8,19c,3,THC,20,0,0,1,0.31,0.41,0.31,0.41,0.1,0.120594097,1,0.41,0.322580645,0.322580645,0.3,0,0
job_t8,job,job,,8,19c,4,RPT+,20,0,0,1,0.31,0.31,0.31,0.31,0,0.0691888721,1,0.31,0,0,0.95,0,0
job_t8,job,job,,8,19d,1,Baseline,20,0,0,1,0.51,0.77,0.52,2.883,0.5875,0.848842519,3.74415584,0.77,0.509803922,4.65294118,0.2,0.4,1
job_t8,job,job,,8,19d,2,Forward-only,20,0,0,1,0.41,0.57,0.52,0.851,0.3,0.32000609,1.49298246,0.57,0.390243902,1.07560976,0.05,0.1,16
job_t8,job,job,,8,19d,3,THC,20,0,0,1,0.41,0.62,0.52,0.96,0.3,0.347861979,1.5483871,0.62,0.512195122,1.34146341,0.05,0.2,16
job_t8,job,job,,8,19d,4,RPT+,20,0,0,1,0.31,0.52,0.4,0.831,0.235,0.415786584,1.59807692,0.52,0.677419355,1.68064516,0.1,0.25,4
job_t8,job,job,,8,20a,1,Baseline,20,0,0,1,0.31,1.44,0.41,4.971,2.31,0.837832354,3.45208333,1.44,3.64516129,15.0354839,0.05,0.8,0
job_t8,job,job,,8,20a,2,Forward-only,20,0,0,1,0.31,0.41,0.31,0.41,0.1,0.132404851,1,0.41,0.322580645,0.322580645,0.4,0,0
job_t8,job,job,,8,20a,3,THC,20,0,0,1,0.31,0.41,0.31,0.41,0.1,0.136299649,1,0.41,0.322580645,0.322580645,0.45,0,0
job_t8,job,job,,8,20a,4,RPT+,20,0,0,1,0.31,0.31,0.31,0.41,0,0.10986813,1.32258065,0.31,0,0.322580645,0.85,0,0
job_t8,job,job,,8,20b,1,Baseline,20,0,0,1,0.21,0.36,0.21,1.512,0.945,0.931785281,4.2,0.36,0.714285714,6.2,0.15,0.45,1
job_t8,job,job,,8,20b,2,Forward-only,20,0,0,1,0.21,0.31,0.21,0.31,0.1,0.163663418,1,0.31,0.476190476,0.476190476,0.3,0,0
job_t8,job,job,,8,20b,3,THC,20,0,0,1,0.21,0.31,0.21,0.31,0.1,0.163663418,1,0.31,0.476190476,0.476190476,0.3,0,0
job_t8,job,job,,8,20b,4,RPT+,20,0,0,1,0.21,0.21,0.21,0.31,0.1,0.190940654,1.47619048,0.21,0,0.476190476,0.7,0,0
job_t8,job,job,,8,20c,1,Baseline,20,0,0,1,0.52,1.49,0.71,3.19,1.1225,0.580395247,2.1409396,1.49,1.86538462,5.13461538,0.05,0.7,0
job_t8,job,job,,8,20c,2,Forward-only,20,0,0,1,0.31,0.41,0.31,0.52,0,0.149202304,1.26829268,0.41,0.322580645,0.677419355,0.15,0,1
job_t8,job,job,,8,20c,3,THC,20,0,0,1,0.31,0.41,0.31,0.52,0,0.149202304,1.26829268,0.41,0.322580645,0.677419355,0.15,0,1
job_t8,job,job,,8,20c,4,RPT+,20,0,0,1,0.31,0.41,0.31,0.41,0.025,0.133672568,1,0.41,0.322580645,0.322580645,0.25,0,1
job_t8,job,job,,8,21a,1,Baseline,20,0,0,1,0.21,0.21,0.21,0.41,0.05,0.333086694,1.95238095,0.21,0,0.952380952,0.75,0,0
job_t8,job,job,,8,21a,2,Forward-only,20,0,0,1,0.21,0.21,0.21,0.21,0,0,1,0.21,0,0,1,0,0
job_t8,job,job,,8,21a,3,THC,20,0,0,1,0.21,0.21,0.21,0.21,0,0,1,0.21,0,0,1,0,0
job_t8,job,job,,8,21a,4,RPT+,20,0,0,1,0.21,0.21,0.21,0.21,0,0,1,0.21,0,0,1,0,0
job_t8,job,job,,8,21b,1,Baseline,20,0,0,1,0.21,0.21,0.21,0.31,0.025,0.184260724,1.47619048,0.21,0,0.476190476,0.75,0,0
job_t8,job,job,,8,21b,2,Forward-only,20,0,0,1,0.21,0.21,0.21,0.21,0,0,1,0.21,0,0,1,0,0
job_t8,job,job,,8,21b,3,THC,20,0,0,1,0.21,0.21,0.21,0.21,0,0,1,0.21,0,0,1,0,0
job_t8,job,job,,8,21b,4,RPT+,20,0,0,1,0.21,0.21,0.21,0.21,0,0,1,0.21,0,0,1,0,0
job_t8,job,job,,8,21c,1,Baseline,20,0,0,1,0.21,0.21,0.21,0.41,0.125,0.354060182,1.95238095,0.21,0,0.952380952,0.65,0.05,0
job_t8,job,job,,8,21c,2,Forward-only,20,0,0,1,0.21,0.21,0.21,0.21,0,0,1,0.21,0,0,1,0,0
job_t8,job,job,,8,21c,3,THC,20,0,0,1,0.21,0.21,0.21,0.21,0,0,1,0.21,0,0,1,0,0
job_t8,job,job,,8,21c,4,RPT+,20,0,0,1,0.21,0.21,0.21,0.21,0,0,1,0.21,0,0,1,0,0
job_t8,job,job,,8,22a,1,Baseline,20,0,0,1,0.31,0.52,0.31,0.702,0.11,1.24628651,1.35,0.52,0.677419355,1.26451613,0.2,0.1,2
job_t8,job,job,,8,22a,2,Forward-only,20,0,0,1,0.21,0.21,0.21,0.21,0,0,1,0.21,0,0,1,0,0
job_t8,job,job,,8,22a,3,THC,20,0,0,1,0.21,0.21,0.21,0.21,0,0,1,0.21,0,0,1,0,0
job_t8,job,job,,8,22a,4,RPT+,20,0,0,1,0.21,0.21,0.21,0.21,0,0,1,0.21,0,0,1,0,0
job_t8,job,job,,8,22b,1,Baseline,20,0,0,1,0.31,0.41,0.31,0.612,0.21,1.34172206,1.49268293,0.41,0.322580645,0.974193548,0.3,0.1,2
job_t8,job,job,,8,22b,2,Forward-only,20,0,0,1,0.21,0.21,0.21,0.21,0,0,1,0.21,0,0,1,0,0
job_t8,job,job,,8,22b,3,THC,20,0,0,1,0.21,0.21,0.21,0.21,0,0,1,0.21,0,0,1,0,0
job_t8,job,job,,8,22b,4,RPT+,20,0,0,1,0.21,0.21,0.21,0.21,0,0,1,0.21,0,0,1,0,0
job_t8,job,job,,8,22c,1,Baseline,20,0,0,1,0.41,0.62,0.41,1.801,0.2775,1.18968816,2.90483871,0.62,0.512195122,3.39268293,0.15,0.25,2
job_t8,job,job,,8,22c,2,Forward-only,20,0,0,1,0.21,0.21,0.21,0.31,0,0.15869841,1.47619048,0.21,0,0.476190476,0.85,0,0
job_t8,job,job,,8,22c,3,THC,20,0,0,1,0.21,0.21,0.21,0.31,0,0.15869841,1.47619048,0.21,0,0.476190476,0.85,0,0
job_t8,job,job,,8,22c,4,RPT+,20,0,0,1,0.21,0.21,0.21,0.21,0,0,1,0.21,0,0,1,0,0
job_t8,job,job,,8,22d,1,Baseline,20,0,0,1,0.41,0.82,0.52,3.613,1.1475,1.52419391,4.40609756,0.82,1,7.81219512,0.05,0.45,19
job_t8,job,job,,8,22d,2,Forward-only,20,0,0,1,0.21,0.21,0.21,0.31,0.1,0.19468147,1.47619048,0.21,0,0.476190476,0.65,0,1
job_t8,job,job,,8,22d,3,THC,20,0,0,1,0.21,0.21,0.21,0.31,0.1,0.190940654,1.47619048,0.21,0,0.476190476,0.7,0,1
job_t8,job,job,,8,22d,4,RPT+,20,0,0,1,0.21,0.21,0.21,0.21,0,0,1,0.21,0,0,1,0,0
job_t8,job,job,,8,23a,1,Baseline,20,0,0,1,0.21,0.36,0.21,0.41,0.1,0.229713226,1.13888889,0.36,0.714285714,0.952380952,0.2,0,0
job_t8,job,job,,8,23a,2,Forward-only,20,0,0,1,0.21,0.21,0.21,0.31,0.1,0.195959179,1.47619048,0.21,0,0.476190476,0.6,0,0
job_t8,job,job,,8,23a,3,THC,20,0,0,1,0.21,0.21,0.21,0.31,0.1,0.195959179,1.47619048,0.21,0,0.476190476,0.6,0,0
job_t8,job,job,,8,23a,4,RPT+,20,0,0,1,0.21,0.21,0.21,0.21,0,0.101369743,1,0.21,0,0,0.95,0,0
job_t8,job,job,,8,23b,1,Baseline,20,0,0,1,0.21,0.36,0.21,0.41,0.1,0.229713226,1.13888889,0.36,0.714285714,0.952380952,0.2,0,0
job_t8,job,job,,8,23b,2,Forward-only,20,0,0,1,0.21,0.21,0.21,0.31,0,0.15869841,1.47619048,0.21,0,0.476190476,0.85,0,0
job_t8,job,job,,8,23b,3,THC,20,0,0,1,0.21,0.21,0.21,0.22,0,0.136363636,1.04761905,0.21,0,0.0476190476,0.9,0,0
job_t8,job,job,,8,23b,4,RPT+,20,0,0,1,0.21,0.21,0.21,0.22,0,0.136363636,1.04761905,0.21,0,0.0476190476,0.9,0,0
job_t8,job,job,,8,23c,1,Baseline,20,0,0,1,0.21,0.41,0.21,0.41,0.1,0.248147136,1,0.41,0.952380952,0.952380952,0.2,0.05,0
job_t8,job,job,,8,23c,2,Forward-only,20,0,0,1,0.21,0.31,0.3,0.31,0,0.1,1,0.31,0.476190476,0.476190476,0.1,0,11
job_t8,job,job,,8,23c,3,THC,20,0,0,1,0.21,0.31,0.3,0.31,0,0.1,1,0.31,0.476190476,0.476190476,0.1,0,11
job_t8,job,job,,8,23c,4,RPT+,20,0,0,1,0.21,0.31,0.3,0.31,0,0.1,1,0.31,0.476190476,0.476190476,0.1,0,11
job_t8,job,job,,8,24a,1,Baseline,20,0,0,1,0.41,0.62,0.41,0.861,0.225,0.34520223,1.38870968,0.62,0.512195122,1.1,0.15,0.1,1
job_t8,job,job,,8,24a,2,Forward-only,20,0,0,1,0.31,0.41,0.31,0.41,0.1,0.120594097,1,0.41,0.322580645,0.322580645,0.3,0,0
job_t8,job,job,,8,24a,3,THC,20,0,0,1,0.31,0.41,0.31,0.41,0.1,0.127191894,1,0.41,0.322580645,0.322580645,0.35,0,0
job_t8,job,job,,8,24a,4,RPT+,20,0,0,1,0.31,0.31,0.31,0.31,0,0.0691888721,1,0.31,0,0,0.95,0,0
job_t8,job,job,,8,24b,1,Baseline,20,0,0,1,0.41,0.62,0.41,0.72,0.21,0.205714267,1.16129032,0.62,0.512195122,0.756097561,0.3,0,1
job_t8,job,job,,8,24b,2,Forward-only,20,0,0,1,0.21,0.31,0.31,0.41,0.025,0.154515743,1.32258065,0.31,0.476190476,0.952380952,0.05,0,19
job_t8,job,job,,8,24b,3,THC,20,0,0,1,0.31,0.31,0.31,0.41,0.025,0.129257523,1.32258065,0.31,0,0.322580645,0.75,0,0
job_t8,job,job,,8,24b,4,RPT+,20,0,0,1,0.21,0.31,0.31,0.31,0,0.0714573597,1,0.31,0.476190476,0.476190476,0.05,0,19
job_t8,job,job,,8,25a,1,Baseline,20,0,0,1,0.72,0.82,0.72,0.82,0.1,0.0719479603,1,0.82,0.138888889,0.138888889,0.35,0,0
job_t8,job,job,,8,25a,2,Forward-only,20,0,0,1,0.41,0.41,0.41,0.52,0.0275,0.108871765,1.26829268,0.41,0,0.268292683,0.75,0,0
job_t8,job,job,,8,25a,3,THC,20,0,0,1,0.41,0.41,0.41,0.52,0.11,0.113788561,1.26829268,0.41,0,0.268292683,0.7,0,0
job_t8,job,job,,8,25a,4,RPT+,20,0,0,1,0.41,0.41,0.41,0.421,0,0.0783847981,1.02682927,0.41,0,0.0268292683,0.9,0,0
job_t8,job,job,,8,25b,1,Baseline,20,0,0,1,0.62,0.72,0.62,0.73,0.1,0.089567623,1.01388889,0.72,0.161290323,0.177419355,0.35,0,3
job_t8,job,job,,8,25b,2,Forward-only,20,0,0,1,0.21,0.36,0.31,0.41,0.1,0.166053889,1.13888889,0.36,0.714285714,0.952380952,0.05,0,10
job_t8,job,job,,8,25b,3,THC,20,0,0,1,0.21,0.31,0.31,0.41,0.1,0.166598626,1.32258065,0.31,0.476190476,0.952380952,0.05,0,10
job_t8,job,job,,8,25b,4,RPT+,20,0,0,1,0.21,0.31,0.21,0.41,0.025,0.195156187,1.32258065,0.31,0.476190476,0.952380952,0.15,0,9
job_t8,job,job,,8,25c,1,Baseline,20,0,0,1,0.62,0.875,0.71,1.03,0.21,0.166743596,1.17714286,0.875,0.411290323,0.661290323,0.1,0,3
job_t8,job,job,,8,25c,2,Forward-only,20,0,0,1,0.41,0.52,0.41,0.62,0.1275,0.152471165,1.19230769,0.52,0.268292683,0.512195122,0.25,0,0
job_t8,job,job,,8,25c,3,THC,20,0,0,1,0.41,0.52,0.41,0.62,0.1,0.133477118,1.19230769,0.52,0.268292683,0.512195122,0.15,0,8
job_t8,job,job,,8,25c,4,RPT+,20,0,0,1,0.41,0.52,0.41,0.62,0,0.121281405,1.19230769,0.52,0.268292683,0.512195122,0.2,0,0
job_t8,job,job,,8,26a,1,Baseline,20,0,0,1,0.52,1.13,0.62,5.851,2.4025,0.879142667,5.17787611,1.13,1.17307692,10.2519231,0.05,0.55,6
job_t8,job,job,,8,26a,2,Forward-only,20,0,0,1,0.31,0.41,0.31,0.52,0,0.151700963,1.26829268,0.41,0.322580645,0.677419355,0.2,0,1
job_t8,job,job,,8,26a,3,THC,20,0,0,1,0.31,0.41,0.31,0.52,0,0.151700963,1.26829268,0.41,0.322580645,0.677419355,0.2,0,1
job_t8,job,job,,8,26a,4,RPT+,20,0,0,1,0.31,0.36,0.31,0.41,0.1,0.138888889,1.13888889,0.36,0.161290323,0.322580645,0.5,0,0
job_t8,job,job,,8,26b,1,Baseline,20,0,0,1,0.51,1.03,0.52,2.97,0.945,0.8126248,2.88349515,1.03,1.01960784,4.82352941,0.15,0.55,2
job_t8,job,job,,8,26b,2,Forward-only,20,0,0,1,0.31,0.31,0.31,0.41,0,0.121212121,1.32258065,0.31,0,0.322580645,0.8,0,0
job_t8,job,job,,8,26b,3,THC,20,0,0,1,0.31,0.31,0.31,0.41,0,0.121212121,1.32258065,0.31,0,0.322580645,0.8,0,0
job_t8,job,job,,8,26b,4,RPT+,20,0,0,1,0.31,0.31,0.31,0.31,0,0,1,0.31,0,0,1,0,0
job_t8,job,job,,8,26c,1,Baseline,20,0,0,1,0.62,1.13,0.71,10.122,2.2525,1.22103037,8.95752212,1.13,0.822580645,15.3258065,0.1,0.4,6
job_t8,job,job,,8,26c,2,Forward-only,20,0,0,1,0.31,0.41,0.31,0.52,0.025,0.162232616,1.26829268,0.41,0.322580645,0.677419355,0.25,0,0
job_t8,job,job,,8,26c,3,THC,20,0,0,1,0.31,0.41,0.31,0.52,0,0.139869973,1.26829268,0.41,0.322580645,0.677419355,0.15,0,2
job_t8,job,job,,8,26c,4,RPT+,20,0,0,1,0.31,0.36,0.31,0.41,0.1,0.138888889,1.13888889,0.36,0.161290323,0.322580645,0.5,0,0
job_t8,job,job,,8,27a,1,Baseline,20,0,0,1,0.21,0.21,0.21,0.31,0,0.22816607,1.47619048,0.21,0,0.476190476,0.8,0,0
job_t8,job,job,,8,27a,2,Forward-only,20,0,0,1,0.21,0.21,0.21,0.21,0,0,1,0.21,0,0,1,0,0
job_t8,job,job,,8,27a,3,THC,20,0,0,1,0.21,0.21,0.21,0.21,0,0,1,0.21,0,0,1,0,0
job_t8,job,job,,8,27a,4,RPT+,20,0,0,1,0.21,0.21,0.21,0.21,0,0,1,0.21,0,0,1,0,0
job_t8,job,job,,8,27b,1,Baseline,20,0,0,1,0.21,0.21,0.21,0.31,0,0.22816607,1.47619048,0.21,0,0.476190476,0.8,0,0
job_t8,job,job,,8,27b,2,Forward-only,20,0,0,1,0.11,0.21,0.11,0.21,0.1,0.301511345,1,0.21,0.909090909,0.909090909,0.45,0,3
job_t8,job,job,,8,27b,3,THC,20,0,0,1,0.11,0.21,0.11,0.21,0.1,0.301511345,1,0.21,0.909090909,0.909090909,0.45,0,3
job_t8,job,job,,8,27b,4,RPT+,20,0,0,1,0.11,0.11,0.11,0.21,0.1,0.320963689,1.90909091,0.11,0,0.909090909,0.55,0,3
job_t8,job,job,,8,27c,1,Baseline,20,0,0,1,0.21,0.21,0.21,0.41,0.1,0.351813071,1.95238095,0.21,0,0.952380952,0.7,0.05,0
job_t8,job,job,,8,27c,2,Forward-only,20,0,0,1,0.21,0.21,0.21,0.21,0,0,1,0.21,0,0,1,0,0
job_t8,job,job,,8,27c,3,THC,20,0,0,1,0.21,0.21,0.21,0.21,0,0,1,0.21,0,0,1,0,0
job_t8,job,job,,8,27c,4,RPT+,20,0,0,1,0.21,0.21,0.21,0.21,0,0,1,0.21,0,0,1,0,0
job_t8,job,job,,8,28a,1,Baseline,20,0,0,1,0.31,1.235,0.499,2.823,1.28,0.75113343,2.28582996,1.235,2.98387097,8.10645161,0.1,0.75,0
job_t8,job,job,,8,28a,2,Forward-only,20,0,0,1,0.21,0.21,0.21,0.21,0,0,1,0.21,0,0,1,0,0
job_t8,job,job,,8,28a,3,THC,20,0,0,1,0.21,0.21,0.21,0.21,0,0,1,0.21,0,0,1,0,0
job_t8,job,job,,8,28a,4,RPT+,20,0,0,1,0.21,0.21,0.21,0.21,0,0,1,0.21,0,0,1,0,0
job_t8,job,job,,8,28b,1,Baseline,20,0,0,1,0.21,0.465,0.21,0.62,0.21,0.338247183,1.33333333,0.465,1.21428571,1.95238095,0.15,0.5,0
job_t8,job,job,,8,28b,2,Forward-only,20,0,0,1,0.21,0.21,0.21,0.21,0,0.101369743,1,0.21,0,0,0.95,0,0
job_t8,job,job,,8,28b,3,THC,20,0,0,1,0.21,0.21,0.21,0.21,0,0.101369743,1,0.21,0,0,0.95,0,0
job_t8,job,job,,8,28b,4,RPT+,20,0,0,1,0.21,0.21,0.21,0.21,0,0,1,0.21,0,0,1,0,0
job_t8,job,job,,8,28c,1,Baseline,20,0,0,1,0.41,1.08,0.509,2.78,1.5925,0.624096468,2.57407407,1.08,1.63414634,5.7804878,0.1,0.65,0
job_t8,job,job,,8,28c,2,Forward-only,20,0,0,1,0.21,0.21,0.21,0.31,0.025,0.184260724,1.47619048,0.21,0,0.476190476,0.75,0,0
job_t8,job,job,,8,28c,3,THC,20,0,0,1,0.21,0.21,0.21,0.31,0.1,0.190940654,1.47619048,0.21,0,0.476190476,0.7,0,0
job_t8,job,job,,8,28c,4,RPT+,20,0,0,1,0.21,0.21,0.21,0.21,0,0,1,0.21,0,0,1,0,0
job_t8,job,job,,8,29a,1,Baseline,20,0,0,1,0.41,0.77,0.509,1.501,0.385,0.616307106,1.94935065,0.77,0.87804878,2.66097561,0.1,0.4,1
job_t8,job,job,,8,29a,2,Forward-only,20,0,0,1,0.31,0.31,0.31,0.41,0,0.10986813,1.32258065,0.31,0,0.322580645,0.85,0,0
job_t8,job,job,,8,29a,3,THC,20,0,0,1,0.31,0.31,0.31,0.41,0,0.10986813,1.32258065,0.31,0,0.322580645,0.85,0,0
job_t8,job,job,,8,29a,4,RPT+,20,0,0,1,0.31,0.31,0.31,0.31,0,0,1,0.31,0,0,1,0,0
job_t8,job,job,,8,29b,1,Baseline,20,0,0,1,0.41,0.52,0.41,0.751,0.31,0.421235566,1.44423077,0.52,0.268292683,0.831707317,0.4,0.1,0
job_t8,job,job,,8,29b,2,Forward-only,20,0,0,1,0.31,0.31,0.31,0.31,0,0,1,0.31,0,0,1,0,0
job_t8,job,job,,8,29b,3,THC,20,0,0,1,0.31,0.31,0.31,0.31,0,0,1,0.31,0,0,1,0,0
job_t8,job,job,,8,29b,4,RPT+,20,0,0,1,0.31,0.31,0.31,0.31,0,0,1,0.31,0,0,1,0,0
job_t8,job,job,,8,29c,1,Baseline,20,0,0,1,0.52,1.235,0.72,9.94,2.43,2.98574883,8.048583,1.235,1.375,18.1153846,0.05,0.5,18
job_t8,job,job,,8,29c,2,Forward-only,20,0,0,1,0.31,0.41,0.31,0.52,0.025,0.162232616,1.26829268,0.41,0.322580645,0.677419355,0.25,0,0
job_t8,job,job,,8,29c,3,THC,20,0,0,1,0.31,0.41,0.31,0.52,0.025,0.162232616,1.26829268,0.41,0.322580645,0.677419355,0.25,0,0
job_t8,job,job,,8,29c,4,RPT+,20,0,0,1,0.31,0.31,0.31,0.41,0.1,0.138252058,1.32258065,0.31,0,0.322580645,0.65,0,0
job_t8,job,job,,8,30a,1,Baseline,20,0,0,1,0.62,0.82,0.62,0.92,0.1,0.127525746,1.12195122,0.82,0.322580645,0.483870968,0.2,0,4
job_t8,job,job,,8,30a,2,Forward-only,20,0,0,1,0.31,0.41,0.41,0.421,0,0.0983522719,1.02682927,0.41,0.322580645,0.358064516,0.05,0,14
job_t8,job,job,,8,30a,3,THC,20,0,0,1,0.41,0.41,0.41,0.421,0,0.0783847981,1.02682927,0.41,0,0.0268292683,0.9,0,0
job_t8,job,job,,8,30a,4,RPT+,20,0,0,1,0.31,0.41,0.41,0.41,0,0.0538135672,1,0.41,0.322580645,0.322580645,0.05,0,14
job_t8,job,job,,8,30b,1,Baseline,20,0,0,1,0.52,0.72,0.61,0.82,0.1,0.138116241,1.13888889,0.72,0.384615385,0.576923077,0.1,0,5
job_t8,job,job,,8,30b,2,Forward-only,20,0,0,1,0.31,0.41,0.31,0.41,0.1,0.132404851,1,0.41,0.322580645,0.322580645,0.4,0,0
job_t8,job,job,,8,30b,3,THC,20,0,0,1,0.31,0.41,0.31,0.41,0.1,0.132404851,1,0.41,0.322580645,0.322580645,0.4,0,0
job_t8,job,job,,8,30b,4,RPT+,20,0,0,1,0.31,0.31,0.31,0.41,0.1,0.140139076,1.32258065,0.31,0,0.322580645,0.55,0,0
job_t8,job,job,,8,30c,1,Baseline,20,0,0,1,0.62,0.92,0.62,1.04,0.21,0.174072531,1.13043478,0.92,0.483870968,0.677419355,0.15,0,0
job_t8,job,job,,8,30c,2,Forward-only,20,0,0,1,0.41,0.41,0.41,0.53,0.11,0.155492711,1.29268293,0.41,0,0.292682927,0.65,0,0
job_t8,job,job,,8,30c,3,THC,20,0,0,1,0.41,0.41,0.41,0.53,0.11,0.180406981,1.29268293,0.41,0,0.292682927,0.6,0,0
job_t8,job,job,,8,30c,4,RPT+,20,0,0,1,0.41,0.41,0.41,0.53,0,0.153379649,1.29268293,0.41,0,0.292682927,0.8,0,0
job_t8,job,job,,8,31a,1,Baseline,20,0,0,1,0.72,0.82,0.72,0.94,0,0.132478896,1.14634146,0.82,0.138888889,0.305555556,0.15,0,0
job_t8,job,job,,8,31a,2,Forward-only,20,0,0,1,0.31,0.41,0.4,0.52,0.0275,0.165422983,1.26829268,0.41,0.322580645,0.677419355,0.1,0,0
job_t8,job,job,,8,31a,3,THC,20,0,0,1,0.31,0.41,0.4,0.52,0.0275,0.19753584,1.26829268,0.41,0.322580645,0.677419355,0.1,0.05,0
job_t8,job,job,,8,31a,4,RPT+,20,0,0,1,0.31,0.41,0.31,0.41,0,0.14969702,1,0.41,0.322580645,0.322580645,0.15,0,0
job_t8,job,job,,8,31b,1,Baseline,20,0,0,1,0.52,0.72,0.52,0.82,0.2,0.165468947,1.13888889,0.72,0.384615385,0.576923077,0.3,0,1
job_t8,job,job,,8,31b,2,Forward-only,20,0,0,1,0.31,0.41,0.31,0.41,0.1,0.127191894,1,0.41,0.322580645,0.322580645,0.35,0,0
job_t8,job,job,,8,31b,3,THC,20,0,0,1,0.31,0.41,0.31,0.41,0.1,0.127191894,1,0.41,0.322580645,0.322580645,0.35,0,0
job_t8,job,job,,8,31b,4,RPT+,20,0,0,1,0.21,0.41,0.31,0.41,0.1,0.16433555,1,0.41,0.952380952,0.952380952,0.05,0,17
job_t8,job,job,,8,31c,1,Baseline,20,0,0,1,0.62,1.13,0.919,1.651,0.325,0.273954959,1.46106195,1.13,0.822580645,1.66290323,0.05,0.3,0
job_t8,job,job,,8,31c,2,Forward-only,20,0,0,1,0.41,0.52,0.41,0.62,0.135,0.168855588,1.19230769,0.52,0.268292683,0.512195122,0.3,0,0
job_t8,job,job,,8,31c,3,THC,20,0,0,1,0.41,0.52,0.41,0.62,0.135,0.168855588,1.19230769,0.52,0.268292683,0.512195122,0.3,0,0
job_t8,job,job,,8,31c,4,RPT+,20,0,0,1,0.41,0.41,0.41,0.52,0,0.0920934498,1.26829268,0.41,0,0.268292683,0.85,0,0
job_t8,job,job,,8,32a,1,Baseline,20,0,0,1,0.11,0.11,0.11,0.21,0.1,0.328944552,1.90909091,0.11,0,0.909090909,0.65,0,0
job_t8,job,job,,8,32a,2,Forward-only,20,0,0,1,0.11,0.11,0.11,0.11,0,0,1,0.11,0,0,1,0,0
job_t8,job,job,,8,32a,3,THC,20,0,0,1,0.11,0.11,0.11,0.11,0,0,1,0.11,0,0,1,0,0
job_t8,job,job,,8,32a,4,RPT+,20,0,0,1,0.11,0.11,0.11,0.11,0,0,1,0.11,0,0,1,0,0
job_t8,job,job,,8,32b,1,Baseline,20,0,0,1,0.11,0.21,0.11,0.21,0.1,0.272554058,1,0.21,0.909090909,0.909090909,0.35,0,0
job_t8,job,job,,8,32b,2,Forward-only,20,0,0,1,0.11,0.11,0.11,0.21,0.1,0.327326835,1.90909091,0.11,0,0.909090909,0.7,0,0
job_t8,job,job,,8,32b,3,THC,20,0,0,1,0.11,0.11,0.11,0.21,0.1,0.327326835,1.90909091,0.11,0,0.909090909,0.7,0,0
job_t8,job,job,,8,32b,4,RPT+,20,0,0,1,0.11,0.11,0.11,0.11,0,0,1,0.11,0,0,1,0,0
job_t8,job,job,,8,33a,1,Baseline,20,0,0,1,0.21,0.31,0.21,0.351,0.1,0.597461381,1.13225806,0.31,0.476190476,0.671428571,0.4,0.1,0
job_t8,job,job,,8,33a,2,Forward-only,20,0,0,1,0.11,0.11,0.11,0.11,0,0,1,0.11,0,0,1,0,0
job_t8,job,job,,8,33a,3,THC,20,0,0,1,0.11,0.11,0.11,0.11,0,0,1,0.11,0,0,1,0,0
job_t8,job,job,,8,33a,4,RPT+,20,0,0,1,0.11,0.11,0.11,0.11,0,0,1,0.11,0,0,1,0,0
job_t8,job,job,,8,33b,1,Baseline,20,0,0,1,0.21,0.21,0.21,0.31,0.025,0.373733507,1.47619048,0.21,0,0.476190476,0.75,0.05,0
job_t8,job,job,,8,33b,2,Forward-only,20,0,0,1,0.11,0.11,0.11,0.11,0,0,1,0.11,0,0,1,0,0
job_t8,job,job,,8,33b,3,THC,20,0,0,1,0.11,0.11,0.11,0.11,0,0,1,0.11,0,0,1,0,0
job_t8,job,job,,8,33b,4,RPT+,20,0,0,1,0.11,0.11,0.11,0.11,0,0,1,0.11,0,0,1,0,0
job_t8,job,job,,8,33c,1,Baseline,20,0,0,1,0.31,0.31,0.31,0.54,0.1,0.529906533,1.74193548,0.31,0,0.741935484,0.7,0.1,0
job_t8,job,job,,8,33c,2,Forward-only,20,0,0,1,0.21,0.21,0.21,0.21,0,0,1,0.21,0,0,1,0,0
job_t8,job,job,,8,33c,3,THC,20,0,0,1,0.21,0.21,0.21,0.21,0,0,1,0.21,0,0,1,0,0
job_t8,job,job,,8,33c,4,RPT+,20,0,0,1,0.11,0.21,0.21,0.21,0,0.106314608,1,0.21,0.909090909,0.909090909,0.05,0,18
tpch_sf10_t8,TPCH SF10,tpch,10,8,Q01,1,Baseline,20,0,0,1,0.51,0.52,0.52,0.52,0,0.0826399555,1,0.52,0.0196078431,0.0196078431,0.95,0,17
tpch_sf10_t8,TPCH SF10,tpch,10,8,Q01,2,Forward-only,20,0,0,1,0.51,0.52,0.52,0.52,0,0.00419528291,1,0.52,0.0196078431,0.0196078431,1,0,6
tpch_sf10_t8,TPCH SF10,tpch,10,8,Q01,3,THC,20,0,0,1,0.51,0.52,0.52,0.52,0,0.00419528291,1,0.52,0.0196078431,0.0196078431,1,0,10
tpch_sf10_t8,TPCH SF10,tpch,10,8,Q01,4,RPT+,20,0,0,1,0.52,0.52,0.52,0.52,0,0,1,0.52,0,0,1,0,0
tpch_sf10_t8,TPCH SF10,tpch,10,8,Q02,1,Baseline,20,0,0,1,0.21,0.31,0.21,0.31,0.025,0.151934281,1,0.31,0.476190476,0.476190476,0.25,0,4
tpch_sf10_t8,TPCH SF10,tpch,10,8,Q02,2,Forward-only,20,0,0,1,0.21,0.21,0.21,0.21,0,0,1,0.21,0,0,1,0,0
tpch_sf10_t8,TPCH SF10,tpch,10,8,Q02,3,THC,20,0,0,1,0.21,0.21,0.21,0.21,0,0,1,0.21,0,0,1,0,0
tpch_sf10_t8,TPCH SF10,tpch,10,8,Q02,4,RPT+,20,0,0,1,0.21,0.21,0.21,0.21,0,0,1,0.21,0,0,1,0,0
tpch_sf10_t8,TPCH SF10,tpch,10,8,Q03,1,Baseline,20,0,0,1,0.82,0.82,0.82,0.82,0,0.0290417252,1,0.82,0,0,0.95,0,1
tpch_sf10_t8,TPCH SF10,tpch,10,8,Q03,2,Forward-only,20,0,0,1,0.41,0.41,0.41,0.82,0.11,0.308989598,2,0.41,0,1,0.6,0,1
tpch_sf10_t8,TPCH SF10,tpch,10,8,Q03,3,THC,20,0,0,1,0.52,0.52,0.52,0.93,0.41,0.293652279,1.78846154,0.52,0,0.788461538,0.6,0,1
tpch_sf10_t8,TPCH SF10,tpch,10,8,Q03,4,RPT+,20,0,0,1,0.41,0.41,0.41,0.82,0.41,0.352505823,2,0.41,0,1,0.7,0,0
tpch_sf10_t8,TPCH SF10,tpch,10,8,Q04,1,Baseline,20,0,0,1,0.52,0.52,0.52,0.62,0.1,0.0859404686,1.19230769,0.52,0,0.192307692,0.65,0,2
tpch_sf10_t8,TPCH SF10,tpch,10,8,Q04,2,Forward-only,20,0,0,1,0.52,0.52,0.52,0.62,0.1,0.0833195581,1.19230769,0.52,0,0.192307692,0.7,0,0
tpch_sf10_t8,TPCH SF10,tpch,10,8,Q04,3,THC,20,0,0,1,0.72,0.72,0.72,0.72,0,0,1,0.72,0,0,1,0,0
tpch_sf10_t8,TPCH SF10,tpch,10,8,Q04,4,RPT+,20,0,0,1,0.52,0.52,0.52,0.52,0,0,1,0.52,0,0,1,0,0
tpch_sf10_t8,TPCH SF10,tpch,10,8,Q05,1,Baseline,14,6,0,0.7,1.03,1.13,1.03,1.23,0.2,0.0747924119,1.08849558,1.23,0.0970873786,0.194174757,0.45,0.3,6
tpch_sf10_t8,TPCH SF10,tpch,10,8,Q05,2,Forward-only,14,6,0,0.7,0.72,0.93,0.75,1.03,0.21,0.124462111,1.10752688,1.03,0.291666667,0.430555556,0.1,0.3,10
tpch_sf10_t8,TPCH SF10,tpch,10,8,Q05,3,THC,14,6,0,0.7,0.72,1.03,0.783,1.34,0.3825,0.202335949,1.30097087,1.285,0.430555556,0.861111111,0.1,0.3,10
tpch_sf10_t8,TPCH SF10,tpch,10,8,Q05,4,RPT+,14,6,0,0.7,0.52,0.82,0.52,0.93,0.3825,0.249747955,1.13414634,0.875,0.576923077,0.788461538,0.3,0.3,0
tpch_sf10_t8,TPCH SF10,tpch,10,8,Q06,1,Baseline,20,0,0,1,0.31,0.31,0.31,0.31,0,0,1,0.31,0,0,1,0,0
tpch_sf10_t8,TPCH SF10,tpch,10,8,Q06,2,Forward-only,20,0,0,1,0.31,0.31,0.31,0.31,0,0,1,0.31,0,0,1,0,0
tpch_sf10_t8,TPCH SF10,tpch,10,8,Q06,3,THC,20,0,0,1,0.31,0.31,0.31,0.31,0,0,1,0.31,0,0,1,0,0
tpch_sf10_t8,TPCH SF10,tpch,10,8,Q06,4,RPT+,20,0,0,1,0.31,0.31,0.31,0.31,0,0,1,0.31,0,0,1,0,0
tpch_sf10_t8,TPCH SF10,tpch,10,8,Q07,1,Baseline,20,0,0,1,0.82,1.34,0.82,1.44,0.31,0.168185185,1.07462687,1.34,0.634146341,0.756097561,0.15,0,1
tpch_sf10_t8,TPCH SF10,tpch,10,8,Q07,2,Forward-only,20,0,0,1,0.51,0.52,0.52,0.52,0,0.00419528291,1,0.52,0.0196078431,0.0196078431,1,0,11
tpch_sf10_t8,TPCH SF10,tpch,10,8,Q07,3,THC,20,0,0,1,0.52,0.52,0.52,0.52,0,0,1,0.52,0,0,1,0,0
tpch_sf10_t8,TPCH SF10,tpch,10,8,Q07,4,RPT+,20,0,0,1,0.41,0.465,0.41,0.52,0.11,0.11827957,1.11827957,0.465,0.134146341,0.268292683,0.5,0,0
tpch_sf10_t8,TPCH SF10,tpch,10,8,Q08,1,Baseline,20,0,0,1,0.82,1.13,0.82,1.75,0.745,0.314023167,1.54867257,1.13,0.37804878,1.13414634,0.35,0.2,1
tpch_sf10_t8,TPCH SF10,tpch,10,8,Q08,2,Forward-only,20,0,0,1,0.52,0.62,0.52,0.62,0.1,0.0815332651,1,0.62,0.192307692,0.192307692,0.35,0,5
tpch_sf10_t8,TPCH SF10,tpch,10,8,Q08,3,THC,20,0,0,1,0.52,0.62,0.52,0.62,0.025,0.072775244,1,0.62,0.192307692,0.192307692,0.25,0,2
tpch_sf10_t8,TPCH SF10,tpch,10,8,Q08,4,RPT+,20,0,0,1,0.52,0.52,0.52,0.52,0,0,1,0.52,0,0,1,0,0
tpch_sf10_t8,TPCH SF10,tpch,10,8,Q09,1,Baseline,20,0,0,1,1.85,2.26,1.85,2.98,1.03,0.189423256,1.31858407,2.26,0.221621622,0.610810811,0.3,0,1
tpch_sf10_t8,TPCH SF10,tpch,10,8,Q09,2,Forward-only,20,0,0,1,0.93,1.13,1.02,1.76,0.2525,0.257601456,1.55752212,1.13,0.215053763,0.892473118,0.1,0,2
tpch_sf10_t8,TPCH SF10,tpch,10,8,Q09,3,THC,20,0,0,1,1.13,1.23,1.22,1.95,0.155,0.228906005,1.58536585,1.23,0.0884955752,0.725663717,0.75,0,2
tpch_sf10_t8,TPCH SF10,tpch,10,8,Q09,4,RPT+,20,0,0,1,0.93,0.93,0.93,1.03,0,0.0377853356,1.10752688,0.93,0,0.107526882,0.85,0,0
tpch_sf10_t8,TPCH SF10,tpch,10,8,Q10,1,Baseline,20,0,0,1,0.82,0.82,0.82,0.82,0,0,1,0.82,0,0,1,0,0
tpch_sf10_t8,TPCH SF10,tpch,10,8,Q10,2,Forward-only,20,0,0,1,0.62,0.62,0.62,0.62,0,0,1,0.62,0,0,1,0,0
tpch_sf10_t8,TPCH SF10,tpch,10,8,Q10,3,THC,20,0,0,1,0.62,0.62,0.62,0.62,0,0,1,0.62,0,0,1,0,0
tpch_sf10_t8,TPCH SF10,tpch,10,8,Q10,4,RPT+,20,0,0,1,0.62,0.62,0.62,0.62,0,0,1,0.62,0,0,1,0,0
tpch_sf10_t8,TPCH SF10,tpch,10,8,Q11,1,Baseline,20,0,0,1,0.21,0.21,0.21,0.21,0,0,1,0.21,0,0,1,0,0
tpch_sf10_t8,TPCH SF10,tpch,10,8,Q11,2,Forward-only,20,0,0,1,0.21,0.21,0.21,0.21,0,0,1,0.21,0,0,1,0,0
tpch_sf10_t8,TPCH SF10,tpch,10,8,Q11,3,THC,20,0,0,1,0.21,0.21,0.21,0.21,0,0,1,0.21,0,0,1,0,0
tpch_sf10_t8,TPCH SF10,tpch,10,8,Q11,4,RPT+,20,0,0,1,0.21,0.21,0.21,0.21,0,0,1,0.21,0,0,1,0,0
tpch_sf10_t8,TPCH SF10,tpch,10,8,Q12,1,Baseline,20,0,0,1,0.41,0.41,0.41,0.41,0,0,1,0.41,0,0,1,0,0
tpch_sf10_t8,TPCH SF10,tpch,10,8,Q12,2,Forward-only,20,0,0,1,0.41,0.41,0.41,0.41,0,0,1,0.41,0,0,1,0,0
tpch_sf10_t8,TPCH SF10,tpch,10,8,Q12,3,THC,20,0,0,1,0.52,0.52,0.52,0.52,0,0,1,0.52,0,0,1,0,0
tpch_sf10_t8,TPCH SF10,tpch,10,8,Q12,4,RPT+,20,0,0,1,0.41,0.41,0.41,0.41,0,0,1,0.41,0,0,1,0,0
tpch_sf10_t8,TPCH SF10,tpch,10,8,Q13,1,Baseline,20,0,0,1,0.93,0.93,0.93,1.03,0,0.0377853356,1.10752688,0.93,0,0.107526882,0.85,0,1
tpch_sf10_t8,TPCH SF10,tpch,10,8,Q13,2,Forward-only,20,0,0,1,0.93,0.93,0.93,0.93,0,0,1,0.93,0,0,1,0,0
tpch_sf10_t8,TPCH SF10,tpch,10,8,Q13,3,THC,20,0,0,1,0.93,1.03,0.93,1.03,0,0.0396039604,1,1.03,0.107526882,0.107526882,0.2,0,4
tpch_sf10_t8,TPCH SF10,tpch,10,8,Q13,4,RPT+,20,0,0,1,0.93,0.93,0.93,0.93,0,0.02330962,1,0.93,0,0,0.95,0,0
tpch_sf10_t8,TPCH SF10,tpch,10,8,Q14,1,Baseline,20,0,0,1,0.52,0.62,0.52,0.62,0.025,0.072775244,1,0.62,0.192307692,0.192307692,0.25,0,4
tpch_sf10_t8,TPCH SF10,tpch,10,8,Q14,2,Forward-only,20,0,0,1,0.52,0.62,0.62,0.62,0,0.0354382028,1,0.62,0.192307692,0.192307692,0.05,0,14
tpch_sf10_t8,TPCH SF10,tpch,10,8,Q14,3,THC,20,0,0,1,0.62,0.62,0.62,0.62,0,0,1,0.62,0,0,1,0,0
tpch_sf10_t8,TPCH SF10,tpch,10,8,Q14,4,RPT+,20,0,0,1,0.31,0.41,0.41,0.41,0,0.0538135672,1,0.41,0.322580645,0.322580645,0.05,0,19
tpch_sf10_t8,TPCH SF10,tpch,10,8,Q15,1,Baseline,20,0,0,1,0.41,0.41,0.41,0.41,0,0,1,0.41,0,0,1,0,0
tpch_sf10_t8,TPCH SF10,tpch,10,8,Q15,2,Forward-only,20,0,0,1,0.41,0.41,0.41,0.41,0,0,1,0.41,0,0,1,0,0
tpch_sf10_t8,TPCH SF10,tpch,10,8,Q15,3,THC,20,0,0,1,0.41,0.41,0.41,0.41,0,0,1,0.41,0,0,1,0,0
tpch_sf10_t8,TPCH SF10,tpch,10,8,Q15,4,RPT+,20,0,0,1,0.31,0.41,0.41,0.41,0,0.0538135672,1,0.41,0.322580645,0.322580645,0.05,0,7
tpch_sf10_t8,TPCH SF10,tpch,10,8,Q16,1,Baseline,20,0,0,1,0.31,0.31,0.31,0.31,0,0,1,0.31,0,0,1,0,0
tpch_sf10_t8,TPCH SF10,tpch,10,8,Q16,2,Forward-only,20,0,0,1,0.31,0.31,0.31,0.31,0,0,1,0.31,0,0,1,0,0
tpch_sf10_t8,TPCH SF10,tpch,10,8,Q16,3,THC,20,0,0,1,0.31,0.31,0.31,0.31,0,0,1,0.31,0,0,1,0,0
tpch_sf10_t8,TPCH SF10,tpch,10,8,Q16,4,RPT+,20,0,0,1,0.31,0.31,0.31,0.31,0,0,1,0.31,0,0,1,0,0
tpch_sf10_t8,TPCH SF10,tpch,10,8,Q17,1,Baseline,20,0,0,1,0.72,0.72,0.72,0.72,0,0,1,0.72,0,0,1,0,0
tpch_sf10_t8,TPCH SF10,tpch,10,8,Q17,2,Forward-only,20,0,0,1,0.72,0.72,0.72,0.72,0,0,1,0.72,0,0,1,0,0
tpch_sf10_t8,TPCH SF10,tpch,10,8,Q17,3,THC,20,0,0,1,0.72,0.72,0.72,0.72,0,0,1,0.72,0,0,1,0,0
tpch_sf10_t8,TPCH SF10,tpch,10,8,Q17,4,RPT+,20,0,0,1,0.51,0.52,0.51,0.52,0,0.00688662336,1,0.52,0.0196078431,0.0196078431,1,0,1
tpch_sf10_t8,TPCH SF10,tpch,10,8,Q18,1,Baseline,20,0,0,1,2.15,2.16,2.15,2.16,0,0.0104509057,1,2.16,0.00465116279,0.00465116279,1,0,0
tpch_sf10_t8,TPCH SF10,tpch,10,8,Q18,2,Forward-only,20,0,0,1,2.15,2.16,2.16,2.16,0,0.0101718821,1,2.16,0.00465116279,0.00465116279,1,0,10
tpch_sf10_t8,TPCH SF10,tpch,10,8,Q18,3,THC,20,0,0,1,2.77,2.77,2.77,2.871,0.1,0.0180864085,1.03646209,2.77,0,0.0364620939,1,0,0
tpch_sf10_t8,TPCH SF10,tpch,10,8,Q18,4,RPT+,20,0,0,1,2.15,2.16,2.15,2.16,0.0025,0.00200701136,1,2.16,0.00465116279,0.00465116279,1,0,1
tpch_sf10_t8,TPCH SF10,tpch,10,8,Q19,1,Baseline,20,0,0,1,0.72,0.72,0.72,0.72,0,0,1,0.72,0,0,1,0,0
tpch_sf10_t8,TPCH SF10,tpch,10,8,Q19,2,Forward-only,20,0,0,1,0.72,0.72,0.72,0.72,0,0,1,0.72,0,0,1,0,0
tpch_sf10_t8,TPCH SF10,tpch,10,8,Q19,3,THC,20,0,0,1,0.82,0.82,0.82,0.82,0,0,1,0.82,0,0,1,0,0
tpch_sf10_t8,TPCH SF10,tpch,10,8,Q19,4,RPT+,20,0,0,1,0.52,0.52,0.52,0.62,0.1,0.0833195581,1.19230769,0.52,0,0.192307692,0.7,0,0
tpch_sf10_t8,TPCH SF10,tpch,10,8,Q20,1,Baseline,20,0,0,1,0.62,0.62,0.62,0.62,0,0,1,0.62,0,0,1,0,0
tpch_sf10_t8,TPCH SF10,tpch,10,8,Q20,2,Forward-only,20,0,0,1,0.51,0.52,0.52,0.52,0,0.00419528291,1,0.52,0.0196078431,0.0196078431,1,0,11
tpch_sf10_t8,TPCH SF10,tpch,10,8,Q20,3,THC,20,0,0,1,0.52,0.52,0.52,0.52,0,0,1,0.52,0,0,1,0,0
tpch_sf10_t8,TPCH SF10,tpch,10,8,Q20,4,RPT+,20,0,0,1,0.52,0.52,0.52,0.52,0,0,1,0.52,0,0,1,0,0
tpch_sf10_t8,TPCH SF10,tpch,10,8,Q21,1,Baseline,20,0,0,1,1.54,1.85,1.54,1.85,0,0.0635110296,1,1.85,0.201298701,0.201298701,0.15,0,1
tpch_sf10_t8,TPCH SF10,tpch,10,8,Q21,2,Forward-only,20,0,0,1,1.44,1.44,1.44,1.44,0,0,1,1.44,0,0,1,0,0
tpch_sf10_t8,TPCH SF10,tpch,10,8,Q21,3,THC,20,0,0,1,1.85,1.95,1.85,1.95,0.1,0.0249070288,1,1.95,0.0540540541,0.0540540541,1,0,1
tpch_sf10_t8,TPCH SF10,tpch,10,8,Q21,4,RPT+,20,0,0,1,1.33,1.34,1.33,1.34,0.01,0.00372514952,1,1.34,0.00751879699,0.00751879699,1,0,0
tpch_sf10_t8,TPCH SF10,tpch,10,8,Q22,1,Baseline,20,0,0,1,0.31,0.31,0.31,0.31,0,0,1,0.31,0,0,1,0,0
tpch_sf10_t8,TPCH SF10,tpch,10,8,Q22,2,Forward-only,20,0,0,1,0.31,0.31,0.31,0.31,0,0,1,0.31,0,0,1,0,0
tpch_sf10_t8,TPCH SF10,tpch,10,8,Q22,3,THC,20,0,0,1,0.31,0.31,0.31,0.31,0,0,1,0.31,0,0,1,0,0
tpch_sf10_t8,TPCH SF10,tpch,10,8,Q22,4,RPT+,20,0,0,1,0.31,0.31,0.31,0.31,0,0,1,0.31,0,0,1,0,0
tpch_sf20_t8,TPCH SF20,tpch,20,8,Q01,1,Baseline,20,0,0,1,1.03,1.03,1.03,1.03,0,0.0850618071,1,1.03,0,0,0.95,0,1
tpch_sf20_t8,TPCH SF20,tpch,20,8,Q01,2,Forward-only,20,0,0,1,1.03,1.03,1.03,1.03,0,0,1,1.03,0,0,1,0,0
tpch_sf20_t8,TPCH SF20,tpch,20,8,Q01,3,THC,20,0,0,1,1.03,1.03,1.03,1.03,0,0,1,1.03,0,0,1,0,0
tpch_sf20_t8,TPCH SF20,tpch,20,8,Q01,4,RPT+,20,0,0,1,1.03,1.03,1.03,1.03,0,0,1,1.03,0,0,1,0,0
tpch_sf20_t8,TPCH SF20,tpch,20,8,Q02,1,Baseline,20,0,0,1,0.31,0.41,0.4,0.52,0.1,0.145225807,1.26829268,0.41,0.322580645,0.677419355,0.1,0,12
tpch_sf20_t8,TPCH SF20,tpch,20,8,Q02,2,Forward-only,20,0,0,1,0.31,0.31,0.31,0.31,0,0,1,0.31,0,0,1,0,0
tpch_sf20_t8,TPCH SF20,tpch,20,8,Q02,3,THC,20,0,0,1,0.31,0.31,0.31,0.31,0,0,1,0.31,0,0,1,0,0
tpch_sf20_t8,TPCH SF20,tpch,20,8,Q02,4,RPT+,20,0,0,1,0.31,0.31,0.31,0.31,0,0,1,0.31,0,0,1,0,0
tpch_sf20_t8,TPCH SF20,tpch,20,8,Q03,1,Baseline,20,0,0,1,1.54,1.54,1.54,1.54,0,0.0141064691,1,1.54,0,0,1,0,1
tpch_sf20_t8,TPCH SF20,tpch,20,8,Q03,2,Forward-only,20,0,0,1,0.82,0.82,0.82,1.54,0,0.277038172,1.87804878,0.82,0,0.87804878,0.85,0,0
tpch_sf20_t8,TPCH SF20,tpch,20,8,Q03,3,THC,20,0,0,1,0.82,0.82,0.82,1.75,0,0.346093196,2.13414634,0.82,0,1.13414634,0.85,0.15,0
tpch_sf20_t8,TPCH SF20,tpch,20,8,Q03,4,RPT+,20,0,0,1,0.82,0.82,0.82,1.54,0,0.277038172,1.87804878,0.82,0,0.87804878,0.85,0,0
tpch_sf20_t8,TPCH SF20,tpch,20,8,Q04,1,Baseline,20,0,0,1,0.93,0.93,0.93,1.03,0.1,0.0603681611,1.10752688,0.93,0,0.107526882,0.55,0,1
tpch_sf20_t8,TPCH SF20,tpch,20,8,Q04,2,Forward-only,20,0,0,1,0.93,1.03,0.93,1.03,0.1,0.0479366433,1,1.03,0.107526882,0.107526882,0.35,0,2
tpch_sf20_t8,TPCH SF20,tpch,20,8,Q04,3,THC,20,0,0,1,1.23,1.34,1.23,1.34,0,0.0296772621,1,1.34,0.0894308943,0.0894308943,1,0,0
tpch_sf20_t8,TPCH SF20,tpch,20,8,Q04,4,RPT+,20,0,0,1,0.93,1.03,0.93,1.03,0,0.0396039604,1,1.03,0.107526882,0.107526882,0.2,0,0
tpch_sf20_t8,TPCH SF20,tpch,20,8,Q05,1,Baseline,14,6,0,0.7,2.05,2.26,2.05,2.43,0.31,0.0686726943,1.07522124,2.36,0.102439024,0.185365854,0.3,0.3,6
tpch_sf20_t8,TPCH SF20,tpch,20,8,Q05,2,Forward-only,14,6,0,0.7,1.13,1.54,1.23,1.95,0.585,0.191848899,1.26623377,1.9,0.362831858,0.725663717,0.15,0.3,9
tpch_sf20_t8,TPCH SF20,tpch,20,8,Q05,3,THC,14,6,0,0.7,1.23,1.64,1.34,2.167,0.31,0.183024956,1.32134146,1.75,0.333333333,0.761788618,0.15,0.3,9
tpch_sf20_t8,TPCH SF20,tpch,20,8,Q05,4,RPT+,14,6,0,0.7,0.93,1.435,1.03,1.75,0.61,0.235056559,1.2195122,1.64,0.543010753,0.88172043,0.05,0.3,0
tpch_sf20_t8,TPCH SF20,tpch,20,8,Q06,1,Baseline,20,0,0,1,0.41,0.41,0.41,0.41,0,0,1,0.41,0,0,1,0,0
tpch_sf20_t8,TPCH SF20,tpch,20,8,Q06,2,Forward-only,20,0,0,1,0.41,0.41,0.41,0.41,0,0,1,0.41,0,0,1,0,0
tpch_sf20_t8,TPCH SF20,tpch,20,8,Q06,3,THC,20,0,0,1,0.41,0.41,0.41,0.41,0,0,1,0.41,0,0,1,0,0
tpch_sf20_t8,TPCH SF20,tpch,20,8,Q06,4,RPT+,20,0,0,1,0.41,0.41,0.41,0.41,0,0,1,0.41,0,0,1,0,0
tpch_sf20_t8,TPCH SF20,tpch,20,8,Q07,1,Baseline,20,0,0,1,1.54,2.26,1.54,2.77,0.51,0.174055096,1.22566372,2.26,0.467532468,0.798701299,0.15,0,1
tpch_sf20_t8,TPCH SF20,tpch,20,8,Q07,2,Forward-only,20,0,0,1,0.82,0.82,0.82,0.93,0.11,0.0590953489,1.13414634,0.82,0,0.134146341,0.7,0,0
tpch_sf20_t8,TPCH SF20,tpch,20,8,Q07,3,THC,20,0,0,1,0.82,0.82,0.82,0.93,0.11,0.0623712666,1.13414634,0.82,0,0.134146341,0.6,0,0
tpch_sf20_t8,TPCH SF20,tpch,20,8,Q07,4,RPT+,20,0,0,1,0.82,0.82,0.82,0.93,0,0.0469549986,1.13414634,0.82,0,0.134146341,0.85,0,0
tpch_sf20_t8,TPCH SF20,tpch,20,8,Q08,1,Baseline,20,0,0,1,1.44,2.155,1.44,3.4,1.5825,0.347696045,1.57772622,2.155,0.496527778,1.36111111,0.35,0.3,1
tpch_sf20_t8,TPCH SF20,tpch,20,8,Q08,2,Forward-only,20,0,0,1,0.82,0.93,0.93,0.94,0,0.0425991638,1.01075269,0.93,0.134146341,0.146341463,0.05,0,8
tpch_sf20_t8,TPCH SF20,tpch,20,8,Q08,3,THC,20,0,0,1,0.93,0.93,0.93,1.03,0,0.0377853356,1.10752688,0.93,0,0.107526882,0.85,0,0
tpch_sf20_t8,TPCH SF20,tpch,20,8,Q08,4,RPT+,20,0,0,1,0.82,0.875,0.82,0.93,0.11,0.072317739,1.06285714,0.875,0.0670731707,0.134146341,0.5,0,0
tpch_sf20_t8,TPCH SF20,tpch,20,8,Q09,1,Baseline,20,0,0,1,3.69,4.46,3.69,5.96,2.0775,0.197751968,1.33632287,4.46,0.208672087,0.615176152,0.3,0,1
tpch_sf20_t8,TPCH SF20,tpch,20,8,Q09,2,Forward-only,20,0,0,1,1.85,2.05,2.03,3.5,0.3075,0.267611051,1.70731707,2.05,0.108108108,0.891891892,0.1,0,2
tpch_sf20_t8,TPCH SF20,tpch,20,8,Q09,3,THC,20,0,0,1,2.05,2.26,2.149,3.79,0.3575,0.258449639,1.67699115,2.26,0.102439024,0.848780488,0.25,0,2
tpch_sf20_t8,TPCH SF20,tpch,20,8,Q09,4,RPT+,20,0,0,1,1.75,1.75,1.75,2.05,0.1,0.0585034727,1.17142857,1.75,0,0.171428571,0.85,0,0
tpch_sf20_t8,TPCH SF20,tpch,20,8,Q10,1,Baseline,20,0,0,1,1.44,1.44,1.44,1.44,0,0.0150826953,1,1.44,0,0,1,0,1
tpch_sf20_t8,TPCH SF20,tpch,20,8,Q10,2,Forward-only,20,0,0,1,1.03,1.03,1.03,1.03,0,0,1,1.03,0,0,1,0,0
tpch_sf20_t8,TPCH SF20,tpch,20,8,Q10,3,THC,20,0,0,1,1.13,1.13,1.13,1.13,0,0,1,1.13,0,0,1,0,0
tpch_sf20_t8,TPCH SF20,tpch,20,8,Q10,4,RPT+,20,0,0,1,1.13,1.13,1.13,1.13,0,0,1,1.13,0,0,1,0,0
tpch_sf20_t8,TPCH SF20,tpch,20,8,Q11,1,Baseline,20,0,0,1,0.21,0.31,0.21,0.31,0.1,0.173443491,1,0.31,0.476190476,0.476190476,0.35,0,2
tpch_sf20_t8,TPCH SF20,tpch,20,8,Q11,2,Forward-only,20,0,0,1,0.21,0.31,0.21,0.31,0.1,0.181443685,1,0.31,0.476190476,0.476190476,0.4,0,0
tpch_sf20_t8,TPCH SF20,tpch,20,8,Q11,3,THC,20,0,0,1,0.21,0.31,0.21,0.31,0.1,0.181443685,1,0.31,0.476190476,0.476190476,0.4,0,0
tpch_sf20_t8,TPCH SF20,tpch,20,8,Q11,4,RPT+,20,0,0,1,0.21,0.21,0.21,0.21,0,0,1,0.21,0,0,1,0,0
tpch_sf20_t8,TPCH SF20,tpch,20,8,Q12,1,Baseline,20,0,0,1,0.72,0.82,0.72,0.82,0,0.0443566983,1,0.82,0.138888889,0.138888889,0.15,0,1
tpch_sf20_t8,TPCH SF20,tpch,20,8,Q12,2,Forward-only,20,0,0,1,0.72,0.82,0.81,0.82,0,0.037037037,1,0.82,0.138888889,0.138888889,0.1,0,5
tpch_sf20_t8,TPCH SF20,tpch,20,8,Q12,3,THC,20,0,0,1,0.82,0.82,0.82,0.82,0,0.0290417252,1,0.82,0,0,0.95,0,0
tpch_sf20_t8,TPCH SF20,tpch,20,8,Q12,4,RPT+,20,0,0,1,0.62,0.72,0.62,0.72,0.1,0.072043816,1,0.72,0.161290323,0.161290323,0.4,0,1
tpch_sf20_t8,TPCH SF20,tpch,20,8,Q13,1,Baseline,20,0,0,1,1.74,1.75,1.75,1.75,0,0.0248694836,1,1.75,0.00574712644,0.00574712644,0.95,0,9
tpch_sf20_t8,TPCH SF20,tpch,20,8,Q13,2,Forward-only,20,0,0,1,1.75,1.75,1.75,1.85,0,0.0202306754,1.05714286,1.75,0,0.0571428571,1,0,1
tpch_sf20_t8,TPCH SF20,tpch,20,8,Q13,3,THC,20,0,0,1,1.85,1.95,1.85,1.95,0,0.0184533034,1,1.95,0.0540540541,0.0540540541,1,0,1
tpch_sf20_t8,TPCH SF20,tpch,20,8,Q13,4,RPT+,20,0,0,1,1.75,1.75,1.75,1.75,0,0.0124185155,1,1.75,0,0,1,0,0
tpch_sf20_t8,TPCH SF20,tpch,20,8,Q14,1,Baseline,20,0,0,1,1.03,1.03,1.03,1.03,0,0,1,1.03,0,0,1,0,0
tpch_sf20_t8,TPCH SF20,tpch,20,8,Q14,2,Forward-only,20,0,0,1,1.03,1.03,1.03,1.03,0,0,1,1.03,0,0,1,0,0
tpch_sf20_t8,TPCH SF20,tpch,20,8,Q14,3,THC,20,0,0,1,1.03,1.03,1.03,1.13,0.1,0.045784855,1.09708738,1.03,0,0.0970873786,1,0,0
tpch_sf20_t8,TPCH SF20,tpch,20,8,Q14,4,RPT+,20,0,0,1,0.52,0.52,0.52,0.52,0,0,1,0.52,0,0,1,0,0
tpch_sf20_t8,TPCH SF20,tpch,20,8,Q15,1,Baseline,20,0,0,1,0.62,0.62,0.62,0.62,0,0,1,0.62,0,0,1,0,0
tpch_sf20_t8,TPCH SF20,tpch,20,8,Q15,2,Forward-only,20,0,0,1,0.62,0.62,0.62,0.62,0,0,1,0.62,0,0,1,0,0
tpch_sf20_t8,TPCH SF20,tpch,20,8,Q15,3,THC,20,0,0,1,0.62,0.62,0.62,0.62,0,0,1,0.62,0,0,1,0,0
tpch_sf20_t8,TPCH SF20,tpch,20,8,Q15,4,RPT+,20,0,0,1,0.62,0.62,0.62,0.62,0,0,1,0.62,0,0,1,0,0
tpch_sf20_t8,TPCH SF20,tpch,20,8,Q16,1,Baseline,20,0,0,1,0.52,0.62,0.52,0.62,0.1,0.0815332651,1,0.62,0.192307692,0.192307692,0.35,0,3
tpch_sf20_t8,TPCH SF20,tpch,20,8,Q16,2,Forward-only,20,0,0,1,0.52,0.62,0.52,0.62,0,0.0666666667,1,0.62,0.192307692,0.192307692,0.2,0,0
tpch_sf20_t8,TPCH SF20,tpch,20,8,Q16,3,THC,20,0,0,1,0.52,0.62,0.52,0.62,0.025,0.072775244,1,0.62,0.192307692,0.192307692,0.25,0,3
tpch_sf20_t8,TPCH SF20,tpch,20,8,Q16,4,RPT+,20,0,0,1,0.52,0.62,0.62,0.62,0,0.0354382028,1,0.62,0.192307692,0.192307692,0.05,0,12
tpch_sf20_t8,TPCH SF20,tpch,20,8,Q17,1,Baseline,20,0,0,1,1.33,1.44,1.339,1.44,0.1,0.0336576457,1,1.44,0.0827067669,0.0827067669,1,0,4
tpch_sf20_t8,TPCH SF20,tpch,20,8,Q17,2,Forward-only,20,0,0,1,1.33,1.34,1.33,1.44,0.11,0.0380691885,1.07462687,1.34,0.00751879699,0.0827067669,1,0,0
tpch_sf20_t8,TPCH SF20,tpch,20,8,Q17,3,THC,20,0,0,1,1.33,1.44,1.33,1.44,0.1,0.0347648814,1,1.44,0.0827067669,0.0827067669,1,0,7
tpch_sf20_t8,TPCH SF20,tpch,20,8,Q17,4,RPT+,20,0,0,1,1.03,1.03,1.03,1.03,0,0,1,1.03,0,0,1,0,0
tpch_sf20_t8,TPCH SF20,tpch,20,8,Q18,1,Baseline,20,0,0,1,4.31,4.31,4.31,4.32,0,0.00694444444,1.00232019,4.31,0,0.00232018561,1,0,1
tpch_sf20_t8,TPCH SF20,tpch,20,8,Q18,2,Forward-only,20,0,0,1,4.31,4.31,4.31,4.32,0,0.00694444444,1.00232019,4.31,0,0.00232018561,1,0,0
tpch_sf20_t8,TPCH SF20,tpch,20,8,Q18,3,THC,20,0,0,1,5.44,5.54,5.44,5.54,0.1,0.0101048355,1,5.54,0.0183823529,0.0183823529,1,0,1
tpch_sf20_t8,TPCH SF20,tpch,20,8,Q18,4,RPT+,20,0,0,1,4.31,4.31,4.31,4.31,0,0.00505086784,1,4.31,0,0,1,0,0
tpch_sf20_t8,TPCH SF20,tpch,20,8,Q19,1,Baseline,20,0,0,1,1.33,1.34,1.33,1.34,0.0025,0.00323747814,1,1.34,0.00751879699,0.00751879699,1,0,0
tpch_sf20_t8,TPCH SF20,tpch,20,8,Q19,2,Forward-only,20,0,0,1,1.33,1.34,1.33,1.34,0,0.00266769833,1,1.34,0.00751879699,0.00751879699,1,0,2
tpch_sf20_t8,TPCH SF20,tpch,20,8,Q19,3,THC,20,0,0,1,1.44,1.44,1.44,1.44,0,0,1,1.44,0,0,1,0,0
tpch_sf20_t8,TPCH SF20,tpch,20,8,Q19,4,RPT+,20,0,0,1,1.03,1.03,1.03,1.03,0,0,1,1.03,0,0,1,0,0
tpch_sf20_t8,TPCH SF20,tpch,20,8,Q20,1,Baseline,20,0,0,1,1.03,1.13,1.03,1.13,0.025,0.0391866699,1,1.13,0.0970873786,0.0970873786,1,0,0
tpch_sf20_t8,TPCH SF20,tpch,20,8,Q20,2,Forward-only,20,0,0,1,0.82,0.82,0.82,0.93,0.11,0.0590953489,1.13414634,0.82,0,0.134146341,0.7,0,0
tpch_sf20_t8,TPCH SF20,tpch,20,8,Q20,3,THC,20,0,0,1,0.82,0.82,0.82,0.831,0,0.0397111913,1.01341463,0.82,0,0.0134146341,0.9,0,0
tpch_sf20_t8,TPCH SF20,tpch,20,8,Q20,4,RPT+,20,0,0,1,0.82,0.82,0.82,0.831,0,0.0397111913,1.01341463,0.82,0,0.0134146341,0.9,0,0
tpch_sf20_t8,TPCH SF20,tpch,20,8,Q21,1,Baseline,20,0,0,1,2.87,3.59,2.979,3.59,0.1,0.0665686385,1,3.59,0.25087108,0.25087108,0.15,0,9
tpch_sf20_t8,TPCH SF20,tpch,20,8,Q21,2,Forward-only,20,0,0,1,2.56,2.62,2.56,2.67,0.1,0.0197066416,1.01908397,2.62,0.0234375,0.04296875,1,0,2
tpch_sf20_t8,TPCH SF20,tpch,20,8,Q21,3,THC,20,0,0,1,3.59,3.69,3.68,3.69,0,0.00821758844,1,3.69,0.0278551532,0.0278551532,1,0,4
tpch_sf20_t8,TPCH SF20,tpch,20,8,Q21,4,RPT+,20,0,0,1,2.46,2.46,2.46,2.57,0.025,0.0184856868,1.04471545,2.46,0,0.0447154472,1,0,0
tpch_sf20_t8,TPCH SF20,tpch,20,8,Q22,1,Baseline,20,0,0,1,0.52,0.52,0.52,0.52,0,0,1,0.52,0,0,1,0,0
tpch_sf20_t8,TPCH SF20,tpch,20,8,Q22,2,Forward-only,20,0,0,1,0.52,0.52,0.52,0.52,0,0,1,0.52,0,0,1,0,0
tpch_sf20_t8,TPCH SF20,tpch,20,8,Q22,3,THC,20,0,0,1,0.62,0.62,0.62,0.62,0,0,1,0.62,0,0,1,0,0
tpch_sf20_t8,TPCH SF20,tpch,20,8,Q22,4,RPT+,20,0,0,1,0.52,0.52,0.52,0.52,0,0,1,0.52,0,0,1,0,0
tpch_sf50_t8,TPCH SF50,tpch,50,8,Q01,1,Baseline,20,0,0,1,2.36,2.36,2.36,2.46,0,0.100431693,1.04237288,2.36,0,0.0423728814,0.95,0,1
tpch_sf50_t8,TPCH SF50,tpch,50,8,Q01,2,Forward-only,20,0,0,1,2.36,2.36,2.36,2.37,0,0.0126582278,1.00423729,2.36,0,0.00423728814,1,0,0
tpch_sf50_t8,TPCH SF50,tpch,50,8,Q01,3,THC,20,0,0,1,2.36,2.36,2.36,2.46,0,0.0168067227,1.04237288,2.36,0,0.0423728814,1,0,0
tpch_sf50_t8,TPCH SF50,tpch,50,8,Q01,4,RPT+,20,0,0,1,2.36,2.36,2.36,2.46,0.025,0.0181556688,1.04237288,2.36,0,0.0423728814,1,0,0
tpch_sf50_t8,TPCH SF50,tpch,50,8,Q02,1,Baseline,20,0,0,1,0.62,0.82,0.71,0.94,0.2,0.140508091,1.14634146,0.82,0.322580645,0.516129032,0.1,0,12
tpch_sf50_t8,TPCH SF50,tpch,50,8,Q02,2,Forward-only,20,0,0,1,0.52,0.62,0.52,0.62,0,0.0666666667,1,0.62,0.192307692,0.192307692,0.2,0,9
tpch_sf50_t8,TPCH SF50,tpch,50,8,Q02,3,THC,20,0,0,1,0.52,0.62,0.52,0.62,0,0.0666666667,1,0.62,0.192307692,0.192307692,0.2,0,9
tpch_sf50_t8,TPCH SF50,tpch,50,8,Q02,4,RPT+,20,0,0,1,0.52,0.67,0.62,0.72,0.1,0.0886453092,1.07462687,0.67,0.288461538,0.384615385,0.05,0,16
tpch_sf50_t8,TPCH SF50,tpch,50,8,Q03,1,Baseline,20,0,0,1,3.59,3.69,3.69,3.69,0,0.025120669,1,3.69,0.0278551532,0.0278551532,0.95,0,1
tpch_sf50_t8,TPCH SF50,tpch,50,8,Q03,2,Forward-only,20,0,0,1,1.95,1.95,1.95,3.69,0,0.281006003,1.89230769,1.95,0,0.892307692,0.85,0,0
tpch_sf50_t8,TPCH SF50,tpch,50,8,Q03,3,THC,20,0,0,1,1.95,1.95,1.95,4.31,0.1,0.389683365,2.21025641,1.95,0,1.21025641,0.8,0.2,1
tpch_sf50_t8,TPCH SF50,tpch,50,8,Q03,4,RPT+,20,0,0,1,1.85,1.85,1.85,2.124,0,0.268823931,1.14810811,1.85,0,0.148108108,0.9,0,2
tpch_sf50_t8,TPCH SF50,tpch,50,8,Q04,1,Baseline,20,0,0,1,2.36,2.36,2.36,2.46,0,0.0385101047,1.04237288,2.36,0,0.0423728814,0.95,0,1
tpch_sf50_t8,TPCH SF50,tpch,50,8,Q04,2,Forward-only,20,0,0,1,2.36,2.36,2.36,2.37,0,0.0126582278,1.00423729,2.36,0,0.00423728814,1,0,0
tpch_sf50_t8,TPCH SF50,tpch,50,8,Q04,3,THC,20,0,0,1,2.87,3.28,3.18,3.28,0.1,0.0291375387,1,3.28,0.142857143,0.142857143,0.05,0,10
tpch_sf50_t8,TPCH SF50,tpch,50,8,Q04,4,RPT+,20,0,0,1,2.36,2.36,2.36,2.36,0,0,1,2.36,0,0,1,0,0
tpch_sf50_t8,TPCH SF50,tpch,50,8,Q05,1,Baseline,14,6,0,0.7,5.23,5.64,5.23,6.15,0.82,0.0688802741,1.09042553,6.05,0.0783938815,0.175908222,0.45,0.3,6
tpch_sf50_t8,TPCH SF50,tpch,50,8,Q05,2,Forward-only,14,6,0,0.7,2.88,3.49,2.98,3.87,0.635,0.10262167,1.10888252,3.64,0.211805556,0.34375,0.2,0.3,9
tpch_sf50_t8,TPCH SF50,tpch,50,8,Q05,3,THC,14,6,0,0.7,3.08,3.95,3.11,4.31,0.6675,0.128543093,1.09113924,4.155,0.282467532,0.399350649,0.15,0.3,9
tpch_sf50_t8,TPCH SF50,tpch,50,8,Q05,4,RPT+,14,6,0,0.7,2.36,2.82,2.36,4.207,0.77,0.236746558,1.49184397,3.08,0.194915254,0.782627119,0.3,0.3,0
tpch_sf50_t8,TPCH SF50,tpch,50,8,Q06,1,Baseline,20,0,0,1,1.03,1.03,1.03,1.03,0,0,1,1.03,0,0,1,0,0
tpch_sf50_t8,TPCH SF50,tpch,50,8,Q06,2,Forward-only,20,0,0,1,1.03,1.03,1.03,1.03,0,0,1,1.03,0,0,1,0,0
tpch_sf50_t8,TPCH SF50,tpch,50,8,Q06,3,THC,20,0,0,1,1.03,1.03,1.03,1.03,0,0,1,1.03,0,0,1,0,0
tpch_sf50_t8,TPCH SF50,tpch,50,8,Q06,4,RPT+,20,0,0,1,1.03,1.03,1.03,1.03,0,0,1,1.03,0,0,1,0,0
tpch_sf50_t8,TPCH SF50,tpch,50,8,Q07,1,Baseline,20,0,0,1,3.9,6.255,3.99,6.9,1.055,0.167062329,1.10311751,6.255,0.603846154,0.769230769,0.15,0,1
tpch_sf50_t8,TPCH SF50,tpch,50,8,Q07,2,Forward-only,20,0,0,1,2.05,2.05,2.05,2.05,0,0,1,2.05,0,0,1,0,0
tpch_sf50_t8,TPCH SF50,tpch,50,8,Q07,3,THC,20,0,0,1,2.05,2.05,2.05,2.16,0,0.0190069472,1.05365854,2.05,0,0.0536585366,1,0,0
tpch_sf50_t8,TPCH SF50,tpch,50,8,Q07,4,RPT+,20,0,0,1,1.95,2,1.95,2.05,0.1,0.0300203923,1.025,2,0.0256410256,0.0512820513,0.95,0,0
tpch_sf50_t8,TPCH SF50,tpch,50,8,Q08,1,Baseline,20,0,0,1,3.39,5.23,3.49,8.93,4.0425,0.376077419,1.70745698,5.23,0.542772861,1.63421829,0.35,0.4,1
tpch_sf50_t8,TPCH SF50,tpch,50,8,Q08,2,Forward-only,20,0,0,1,2.05,2.16,2.05,2.46,0.3275,0.0772137745,1.13888889,2.16,0.0536585366,0.2,0.55,0,2
tpch_sf50_t8,TPCH SF50,tpch,50,8,Q08,3,THC,20,0,0,1,2.05,2.16,2.05,2.46,0.335,0.0775182785,1.13888889,2.16,0.0536585366,0.2,0.55,0,2
tpch_sf50_t8,TPCH SF50,tpch,50,8,Q08,4,RPT+,20,0,0,1,1.95,2.05,2.05,2.37,0.31,0.0790120288,1.15609756,2.05,0.0512820513,0.215384615,0.55,0,14
tpch_sf50_t8,TPCH SF50,tpch,50,8,Q09,1,Baseline,20,0,0,1,9.02,11.18,9.12,15.181,5.38,0.204808992,1.3578712,11.18,0.239467849,0.683037694,0.3,0,13
tpch_sf50_t8,TPCH SF50,tpch,50,8,Q09,2,Forward-only,20,0,0,1,4.72,5.23,5.089,8.83,0.9275,0.266723523,1.68833652,5.23,0.108050847,0.870762712,0.35,0,2
tpch_sf50_t8,TPCH SF50,tpch,50,8,Q09,3,THC,20,0,0,1,5.23,5.64,5.509,9.549,1.055,0.260250429,1.69308511,5.64,0.0783938815,0.82581262,0.75,0,2
tpch_sf50_t8,TPCH SF50,tpch,50,8,Q09,4,RPT+,20,0,0,1,4.41,4.51,4.5,5.13,0.135,0.0515798673,1.13747228,4.51,0.022675737,0.163265306,0.85,0,13
tpch_sf50_t8,TPCH SF50,tpch,50,8,Q10,1,Baseline,20,0,0,1,3.49,3.49,3.49,3.59,0,0.0101874871,1.0286533,3.49,0,0.0286532951,1,0,1
tpch_sf50_t8,TPCH SF50,tpch,50,8,Q10,2,Forward-only,20,0,0,1,2.46,2.46,2.46,2.561,0,0.015337593,1.04105691,2.46,0,0.0410569106,1,0,0
tpch_sf50_t8,TPCH SF50,tpch,50,8,Q10,3,THC,20,0,0,1,2.57,2.67,2.66,2.67,0,0.0112781955,1,2.67,0.0389105058,0.0389105058,1,0,5
tpch_sf50_t8,TPCH SF50,tpch,50,8,Q10,4,RPT+,20,0,0,1,2.56,2.57,2.569,2.57,0,0.00116776956,1,2.57,0.00390625,0.00390625,1,0,1
tpch_sf50_t8,TPCH SF50,tpch,50,8,Q11,1,Baseline,20,0,0,1,0.51,0.52,0.51,0.62,0.1025,0.089930348,1.19230769,0.52,0.0196078431,0.215686275,0.65,0,1
tpch_sf50_t8,TPCH SF50,tpch,50,8,Q11,2,Forward-only,20,0,0,1,0.52,0.52,0.52,0.62,0,0.0740740741,1.19230769,0.52,0,0.192307692,0.8,0,0
tpch_sf50_t8,TPCH SF50,tpch,50,8,Q11,3,THC,20,0,0,1,0.51,0.52,0.51,0.62,0,0.076547436,1.19230769,0.52,0.0196078431,0.215686275,0.8,0,3
tpch_sf50_t8,TPCH SF50,tpch,50,8,Q11,4,RPT+,20,0,0,1,0.41,0.41,0.41,0.41,0,0,1,0.41,0,0,1,0,0
tpch_sf50_t8,TPCH SF50,tpch,50,8,Q12,1,Baseline,20,0,0,1,1.85,1.85,1.85,1.85,0,0,1,1.85,0,0,1,0,0
tpch_sf50_t8,TPCH SF50,tpch,50,8,Q12,2,Forward-only,20,0,0,1,1.85,1.85,1.85,1.85,0,0,1,1.85,0,0,1,0,0
tpch_sf50_t8,TPCH SF50,tpch,50,8,Q12,3,THC,20,0,0,1,2.15,2.16,2.16,2.16,0,0.001009238,1,2.16,0.00465116279,0.00465116279,1,0,13
tpch_sf50_t8,TPCH SF50,tpch,50,8,Q12,4,RPT+,20,0,0,1,1.44,1.44,1.44,1.44,0,0,1,1.44,0,0,1,0,0
tpch_sf50_t8,TPCH SF50,tpch,50,8,Q13,1,Baseline,20,0,0,1,4.2,4.31,4.2,4.31,0,0.0150457563,1,4.31,0.0261904762,0.0261904762,1,0,6
tpch_sf50_t8,TPCH SF50,tpch,50,8,Q13,2,Forward-only,20,0,0,1,4.21,4.31,4.21,4.31,0,0.00831365358,1,4.31,0.0237529691,0.0237529691,1,0,3
tpch_sf50_t8,TPCH SF50,tpch,50,8,Q13,3,THC,20,0,0,1,4.72,4.82,4.72,4.82,0.1,0.0102489111,1,4.82,0.0211864407,0.0211864407,1,0,0
tpch_sf50_t8,TPCH SF50,tpch,50,8,Q13,4,RPT+,20,0,0,1,4.21,4.31,4.21,4.31,0.1,0.0111571836,1,4.31,0.0237529691,0.0237529691,1,0,3
tpch_sf50_t8,TPCH SF50,tpch,50,8,Q14,1,Baseline,20,0,0,1,2.36,2.46,2.36,2.46,0.1,0.0202437169,1,2.46,0.0423728814,0.0423728814,1,0,1
tpch_sf50_t8,TPCH SF50,tpch,50,8,Q14,2,Forward-only,20,0,0,1,2.36,2.41,2.36,2.46,0.1,0.020746888,1.02074689,2.41,0.0211864407,0.0423728814,1,0,0
tpch_sf50_t8,TPCH SF50,tpch,50,8,Q14,3,THC,20,0,0,1,2.46,2.57,2.55,2.57,0.01,0.0127387544,1,2.57,0.0447154472,0.0447154472,1,0,1
tpch_sf50_t8,TPCH SF50,tpch,50,8,Q14,4,RPT+,20,0,0,1,1.23,1.23,1.23,1.23,0,0,1,1.23,0,0,1,0,0
tpch_sf50_t8,TPCH SF50,tpch,50,8,Q15,1,Baseline,20,0,0,1,1.44,1.44,1.44,1.44,0,0,1,1.44,0,0,1,0,0
tpch_sf50_t8,TPCH SF50,tpch,50,8,Q15,2,Forward-only,20,0,0,1,1.44,1.44,1.44,1.44,0,0,1,1.44,0,0,1,0,0
tpch_sf50_t8,TPCH SF50,tpch,50,8,Q15,3,THC,20,0,0,1,1.44,1.44,1.44,1.54,0,0.0245409912,1.06944444,1.44,0,0.0694444444,1,0,0
tpch_sf50_t8,TPCH SF50,tpch,50,8,Q15,4,RPT+,20,0,0,1,1.44,1.44,1.44,1.44,0,0.0150826953,1,1.44,0,0,1,0,0
tpch_sf50_t8,TPCH SF50,tpch,50,8,Q16,1,Baseline,20,0,0,1,1.23,1.23,1.23,1.23,0,0,1,1.23,0,0,1,0,0
tpch_sf50_t8,TPCH SF50,tpch,50,8,Q16,2,Forward-only,20,0,0,1,1.23,1.23,1.23,1.23,0,0,1,1.23,0,0,1,0,0
tpch_sf50_t8,TPCH SF50,tpch,50,8,Q16,3,THC,20,0,0,1,1.13,1.23,1.22,1.23,0,0.0245901639,1,1.23,0.0884955752,0.0884955752,1,0,7
tpch_sf50_t8,TPCH SF50,tpch,50,8,Q16,4,RPT+,20,0,0,1,1.13,1.23,1.23,1.23,0,0.0177914243,1,1.23,0.0884955752,0.0884955752,1,0,8
tpch_sf50_t8,TPCH SF50,tpch,50,8,Q17,1,Baseline,20,0,0,1,3.48,3.49,3.489,3.59,0,0.0154144594,1.0286533,3.49,0.00287356322,0.0316091954,1,0,0
tpch_sf50_t8,TPCH SF50,tpch,50,8,Q17,2,Forward-only,20,0,0,1,3.48,3.49,3.49,3.49,0,0.00062457357,1,3.49,0.00287356322,0.00287356322,1,0,11
tpch_sf50_t8,TPCH SF50,tpch,50,8,Q17,3,THC,20,0,0,1,3.49,3.49,3.49,3.59,0.1,0.0162347846,1.0286533,3.49,0,0.0286532951,1,0,1
tpch_sf50_t8,TPCH SF50,tpch,50,8,Q17,4,RPT+,20,0,0,1,2.46,2.56,2.56,2.67,0.01,0.0198017828,1.04296875,2.56,0.0406504065,0.0853658537,1,0,9
tpch_sf50_t8,TPCH SF50,tpch,50,8,Q18,1,Baseline,20,0,0,1,10.87,10.97,10.969,11.089,0.1,0.00674199584,1.01084777,10.97,0.00919963201,0.0201471941,1,0,2
tpch_sf50_t8,TPCH SF50,tpch,50,8,Q18,2,Forward-only,20,0,0,1,10.87,10.97,10.87,11.08,0.11,0.00794445276,1.01002735,10.97,0.00919963201,0.0193192272,1,0,1
tpch_sf50_t8,TPCH SF50,tpch,50,8,Q18,3,THC,20,0,0,1,13.74,13.95,13.84,14.05,0.055,0.00589721954,1.00716846,13.95,0.0152838428,0.0225618632,1,0,9
tpch_sf50_t8,TPCH SF50,tpch,50,8,Q18,4,RPT+,20,0,0,1,10.86,10.97,10.97,11.071,0.0325,0.00590939754,1.00920693,10.97,0.0101289134,0.0194290976,1,0,0
tpch_sf50_t8,TPCH SF50,tpch,50,8,Q19,1,Baseline,20,0,0,1,3.18,3.28,3.18,3.28,0.1,0.0155298688,1,3.28,0.0314465409,0.0314465409,1,0,0
tpch_sf50_t8,TPCH SF50,tpch,50,8,Q19,2,Forward-only,20,0,0,1,3.18,3.18,3.18,3.28,0.1,0.0148357574,1.03144654,3.18,0,0.0314465409,1,0,1
tpch_sf50_t8,TPCH SF50,tpch,50,8,Q19,3,THC,20,0,0,1,3.38,3.39,3.389,3.49,0.025,0.012881449,1.02949853,3.39,0.00295857988,0.0325443787,1,0,8
tpch_sf50_t8,TPCH SF50,tpch,50,8,Q19,4,RPT+,20,0,0,1,2.36,2.36,2.36,2.37,0,0.0126582278,1.00423729,2.36,0,0.00423728814,1,0,0
tpch_sf50_t8,TPCH SF50,tpch,50,8,Q20,1,Baseline,20,0,0,1,2.56,2.57,2.56,2.57,0.01,0.0089170645,1,2.57,0.00390625,0.00390625,1,0,1
tpch_sf50_t8,TPCH SF50,tpch,50,8,Q20,2,Forward-only,20,0,0,1,1.95,2.05,1.95,2.05,0.1,0.0248126543,1,2.05,0.0512820513,0.0512820513,1,0,0
tpch_sf50_t8,TPCH SF50,tpch,50,8,Q20,3,THC,20,0,0,1,1.95,2,1.95,2.05,0.1,0.025,1.025,2,0.0256410256,0.0512820513,1,0,1
tpch_sf50_t8,TPCH SF50,tpch,50,8,Q20,4,RPT+,20,0,0,1,1.95,2.05,1.95,2.05,0.1,0.0236709479,1,2.05,0.0512820513,0.0512820513,1,0,0
tpch_sf50_t8,TPCH SF50,tpch,50,8,Q21,1,Baseline,20,0,0,1,7.69,9.07,7.69,9.23,0.3,0.0582489911,1.01764057,9.07,0.179453836,0.200260078,0.15,0,1
tpch_sf50_t8,TPCH SF50,tpch,50,8,Q21,2,Forward-only,20,0,0,1,6.56,6.67,6.651,6.87,0,0.012528973,1.02998501,6.67,0.0167682927,0.0472560976,1,0,14
tpch_sf50_t8,TPCH SF50,tpch,50,8,Q21,3,THC,20,0,0,1,9.12,9.23,9.13,9.33,0.2,0.0109889795,1.01083424,9.23,0.0120614035,0.0230263158,1,0,16
tpch_sf50_t8,TPCH SF50,tpch,50,8,Q21,4,RPT+,20,0,0,1,6.25,6.26,6.25,6.67,0.11,0.0236128698,1.06549521,6.26,0.0016,0.0672,1,0,0
tpch_sf50_t8,TPCH SF50,tpch,50,8,Q22,1,Baseline,20,0,0,1,1.23,1.23,1.23,1.34,0.0275,0.0378778507,1.08943089,1.23,0,0.0894308943,1,0,0
tpch_sf50_t8,TPCH SF50,tpch,50,8,Q22,2,Forward-only,20,0,0,1,1.23,1.23,1.23,1.34,0.11,0.0413611794,1.08943089,1.23,0,0.0894308943,1,0,0
tpch_sf50_t8,TPCH SF50,tpch,50,8,Q22,3,THC,20,0,0,1,1.64,1.75,1.75,1.75,0,0.0137425877,1,1.75,0.0670731707,0.0670731707,1,0,8
tpch_sf50_t8,TPCH SF50,tpch,50,8,Q22,4,RPT+,20,0,0,1,1.23,1.23,1.23,1.34,0.025,0.0365815044,1.08943089,1.23,0,0.0894308943,1,0,0
tpch_sf100_t8,TPCH SF100,tpch,100,8,Q01,1,Baseline,20,0,0,1,4.51,4.51,4.51,4.61,0.1,0.0905182072,1.02217295,4.51,0,0.022172949,0.95,0,1
tpch_sf100_t8,TPCH SF100,tpch,100,8,Q01,2,Forward-only,20,0,0,1,4.51,4.51,4.51,4.61,0.1,0.0107669879,1.02217295,4.51,0,0.022172949,1,0,2
tpch_sf100_t8,TPCH SF100,tpch,100,8,Q01,3,THC,20,0,0,1,4.51,4.61,4.51,4.62,0.1,0.0112148892,1.0021692,4.61,0.022172949,0.0243902439,1,0,0
tpch_sf100_t8,TPCH SF100,tpch,100,8,Q01,4,RPT+,20,0,0,1,4.51,4.61,4.51,4.62,0.1,0.0111011177,1.0021692,4.61,0.022172949,0.0243902439,1,0,0
tpch_sf100_t8,TPCH SF100,tpch,100,8,Q02,1,Baseline,20,0,0,1,1.23,1.59,1.419,1.761,0.3,0.122472065,1.10754717,1.59,0.292682927,0.431707317,0.1,0,12
tpch_sf100_t8,TPCH SF100,tpch,100,8,Q02,2,Forward-only,20,0,0,1,0.92,1.13,1.02,1.23,0.125,0.0882598626,1.08849558,1.13,0.22826087,0.336956522,0.1,0,17
tpch_sf100_t8,TPCH SF100,tpch,100,8,Q02,3,THC,20,0,0,1,0.93,1.13,0.93,1.23,0.125,0.0909755088,1.08849558,1.13,0.215053763,0.322580645,0.15,0,9
tpch_sf100_t8,TPCH SF100,tpch,100,8,Q02,4,RPT+,20,0,0,1,1.03,1.23,1.03,1.33,0.025,0.0824672486,1.08130081,1.23,0.194174757,0.291262136,0.25,0,9
tpch_sf100_t8,TPCH SF100,tpch,100,8,Q03,1,Baseline,20,0,0,1,7.18,7.28,7.27,7.38,0,0.0251639674,1.01373626,7.28,0.0139275766,0.0278551532,0.95,0,17
tpch_sf100_t8,TPCH SF100,tpch,100,8,Q03,2,Forward-only,20,0,0,1,3.79,3.85,3.8,7.38,3.58,0.32822061,1.91688312,3.85,0.0158311346,0.947229551,0.55,0,6
tpch_sf100_t8,TPCH SF100,tpch,100,8,Q03,3,THC,20,0,0,1,3.8,3.9,3.8,8.62,4.81,0.405575348,2.21025641,3.9,0.0263157895,1.26842105,0.6,0.4,2
tpch_sf100_t8,TPCH SF100,tpch,100,8,Q03,4,RPT+,20,0,0,1,3.59,5.485,3.59,7.39,3.79,0.344451916,1.34731085,5.485,0.527855153,1.05849582,0.5,0.5,2
tpch_sf100_t8,TPCH SF100,tpch,100,8,Q04,1,Baseline,20,0,0,1,4.72,4.72,4.72,4.82,0.1,0.0321596628,1.02118644,4.72,0,0.0211864407,0.95,0,1
tpch_sf100_t8,TPCH SF100,tpch,100,8,Q04,2,Forward-only,20,0,0,1,4.72,4.72,4.72,4.82,0,0.011300111,1.02118644,4.72,0,0.0211864407,1,0,0
tpch_sf100_t8,TPCH SF100,tpch,100,8,Q04,3,THC,20,0,0,1,6.46,6.56,6.46,6.57,0.1025,0.00729145001,1.00152439,6.56,0.0154798762,0.0170278638,1,0,0
tpch_sf100_t8,TPCH SF100,tpch,100,8,Q04,4,RPT+,20,0,0,1,4.72,4.77,4.72,4.82,0.1,0.0104821803,1.01048218,4.77,0.0105932203,0.0211864407,1,0,1
tpch_sf100_t8,TPCH SF100,tpch,100,8,Q05,1,Baseline,14,6,0,0.7,10.45,11.325,10.453,12.363,1.555,0.0693856468,1.09165563,11.99,0.0837320574,0.183062201,0.45,0.3,8
tpch_sf100_t8,TPCH SF100,tpch,100,8,Q05,2,Forward-only,14,6,0,0.7,5.64,6.97,5.873,7.66,1.2275,0.107365589,1.0989957,7.28,0.235815603,0.358156028,0.2,0.3,9
tpch_sf100_t8,TPCH SF100,tpch,100,8,Q05,3,THC,14,6,0,0.7,5.95,7.54,6.15,8.3,1.505,0.116783197,1.10079576,7.845,0.267226891,0.394957983,0.2,0.3,9
tpch_sf100_t8,TPCH SF100,tpch,100,8,Q05,4,RPT+,14,6,0,0.7,4.61,5.64,4.62,8.68,1.455,0.258440277,1.53900709,6.1,0.223427332,0.882863341,0.3,0.3,12
tpch_sf100_t8,TPCH SF100,tpch,100,8,Q06,1,Baseline,20,0,0,1,1.74,1.75,1.75,1.75,0,0.00124575563,1,1.75,0.00574712644,0.00574712644,1,0,15
tpch_sf100_t8,TPCH SF100,tpch,100,8,Q06,2,Forward-only,20,0,0,1,1.75,1.75,1.75,1.75,0,0,1,1.75,0,0,1,0,0
tpch_sf100_t8,TPCH SF100,tpch,100,8,Q06,3,THC,20,0,0,1,1.75,1.75,1.75,1.85,0,0.0202306754,1.05714286,1.75,0,0.0571428571,1,0,1
tpch_sf100_t8,TPCH SF100,tpch,100,8,Q06,4,RPT+,20,0,0,1,1.75,1.75,1.75,1.85,0,0.0202306754,1.05714286,1.75,0,0.0571428571,1,0,0
tpch_sf100_t8,TPCH SF100,tpch,100,8,Q07,1,Baseline,20,0,0,1,7.89,12.815,7.981,14.102,2.25,0.17045239,1.10042918,12.815,0.624207858,0.787325729,0.15,0,9
tpch_sf100_t8,TPCH SF100,tpch,100,8,Q07,2,Forward-only,20,0,0,1,3.9,3.9,3.9,4,0.1,0.0126107406,1.02564103,3.9,0,0.0256410256,1,0,0
tpch_sf100_t8,TPCH SF100,tpch,100,8,Q07,3,THC,20,0,0,1,3.9,4,3.99,4,0,0.00751879699,1,4,0.0256410256,0.0256410256,1,0,10
tpch_sf100_t8,TPCH SF100,tpch,100,8,Q07,4,RPT+,20,0,0,1,3.69,3.795,3.69,3.9,0.21,0.0294807322,1.02766798,3.795,0.0284552846,0.0569105691,1,0,0
tpch_sf100_t8,TPCH SF100,tpch,100,8,Q08,1,Baseline,20,0,0,1,6.76,10.505,6.77,18.049,8.3475,0.387096715,1.71813422,10.505,0.553994083,1.66997041,0.35,0.4,7
tpch_sf100_t8,TPCH SF100,tpch,100,8,Q08,2,Forward-only,20,0,0,1,4.1,4.36,4.1,4.73,0.62,0.0655857343,1.08486239,4.36,0.0634146341,0.153658537,0.6,0,2
tpch_sf100_t8,TPCH SF100,tpch,100,8,Q08,3,THC,20,0,0,1,4.1,4.415,4.1,4.82,0.7125,0.0725093469,1.09173273,4.415,0.0768292683,0.175609756,0.5,0,2
tpch_sf100_t8,TPCH SF100,tpch,100,8,Q08,4,RPT+,20,0,0,1,3.9,4,3.9,4.72,0.82,0.0880387979,1.18,4,0.0256410256,0.21025641,0.65,0,5
tpch_sf100_t8,TPCH SF100,tpch,100,8,Q09,1,Baseline,20,0,0,1,18.24,22.855,18.62,31.543,11.3075,0.215208303,1.38013564,22.855,0.253015351,0.72933114,0.3,0,1
tpch_sf100_t8,TPCH SF100,tpch,100,8,Q09,2,Forward-only,20,0,0,1,9.54,10.66,10.479,18.14,1.825,0.264018138,1.70168856,10.66,0.117400419,0.901467505,0.1,0,3
tpch_sf100_t8,TPCH SF100,tpch,100,8,Q09,3,THC,20,0,0,1,10.46,11.69,11.407,19.51,1.865,0.253873686,1.66894782,11.69,0.117590822,0.865200765,0.15,0,3
tpch_sf100_t8,TPCH SF100,tpch,100,8,Q09,4,RPT+,20,0,0,1,9.13,9.23,9.13,10.771,0.46,0.062409663,1.16695558,9.23,0.0109529025,0.17973713,0.85,0,1
tpch_sf100_t8,TPCH SF100,tpch,100,8,Q10,1,Baseline,20,0,0,1,6.66,6.77,6.76,6.87,0.1,0.0120015853,1.01477105,6.77,0.0165165165,0.0315315315,1,0,2
tpch_sf100_t8,TPCH SF100,tpch,100,8,Q10,2,Forward-only,20,0,0,1,4.72,4.82,4.81,4.82,0,0.00623700624,1,4.82,0.0211864407,0.0211864407,1,0,0
tpch_sf100_t8,TPCH SF100,tpch,100,8,Q10,3,THC,20,0,0,1,4.92,4.93,4.92,5.03,0.11,0.0104349156,1.02028398,4.93,0.00203252033,0.0223577236,1,0,3
tpch_sf100_t8,TPCH SF100,tpch,100,8,Q10,4,RPT+,20,0,0,1,4.92,4.92,4.92,5.02,0.01,0.00738968456,1.0203252,4.92,0,0.0203252033,1,0,1
tpch_sf100_t8,TPCH SF100,tpch,100,8,Q11,1,Baseline,20,0,0,1,0.82,1.03,0.91,1.23,0.11,0.123052033,1.19417476,1.03,0.256097561,0.5,0.1,0,8
tpch_sf100_t8,TPCH SF100,tpch,100,8,Q11,2,Forward-only,20,0,0,1,0.82,1.03,0.82,1.13,0.1275,0.112737292,1.09708738,1.03,0.256097561,0.37804878,0.25,0,0
tpch_sf100_t8,TPCH SF100,tpch,100,8,Q11,3,THC,20,0,0,1,0.82,1.03,0.82,1.13,0.135,0.113057556,1.09708738,1.03,0.256097561,0.37804878,0.25,0,0
tpch_sf100_t8,TPCH SF100,tpch,100,8,Q11,4,RPT+,20,0,0,1,0.72,0.72,0.72,0.72,0,0.030061372,1,0.72,0,0,0.95,0,0
tpch_sf100_t8,TPCH SF100,tpch,100,8,Q12,1,Baseline,20,0,0,1,3.59,3.59,3.59,3.59,0,0.00606244637,1,3.59,0,0,1,0,0
tpch_sf100_t8,TPCH SF100,tpch,100,8,Q12,2,Forward-only,20,0,0,1,3.59,3.59,3.59,3.6,0,0.00875979935,1.00278552,3.59,0,0.00278551532,1,0,0
tpch_sf100_t8,TPCH SF100,tpch,100,8,Q12,3,THC,20,0,0,1,4.51,4.51,4.51,4.52,0.01,0.00108528566,1.00221729,4.51,0,0.0022172949,1,0,4
tpch_sf100_t8,TPCH SF100,tpch,100,8,Q12,4,RPT+,20,0,0,1,2.77,2.77,2.77,2.87,0.1,0.0174340907,1.03610108,2.77,0,0.036101083,1,0,1
tpch_sf100_t8,TPCH SF100,tpch,100,8,Q13,1,Baseline,20,0,0,1,8.61,8.61,8.61,8.72,0,0.0108386431,1.01277584,8.61,0,0.012775842,1,0,1
tpch_sf100_t8,TPCH SF100,tpch,100,8,Q13,2,Forward-only,20,0,0,1,8.51,8.62,8.51,8.72,0.11,0.00834441516,1.01160093,8.62,0.0129259694,0.0246768508,1,0,2
tpch_sf100_t8,TPCH SF100,tpch,100,8,Q13,3,THC,20,0,0,1,9.64,9.85,9.74,9.95,0.1325,0.00958529651,1.01015228,9.85,0.0217842324,0.0321576763,1,0,17
tpch_sf100_t8,TPCH SF100,tpch,100,8,Q13,4,RPT+,20,0,0,1,8.51,8.62,8.51,8.72,0.1025,0.00857739407,1.01160093,8.62,0.0129259694,0.0246768508,1,0,4
tpch_sf100_t8,TPCH SF100,tpch,100,8,Q14,1,Baseline,20,0,0,1,4.71,4.82,4.72,4.82,0.025,0.0107958273,1,4.82,0.0233545648,0.0233545648,1,0,0
tpch_sf100_t8,TPCH SF100,tpch,100,8,Q14,2,Forward-only,20,0,0,1,4.72,4.82,4.72,4.82,0,0.00906215997,1,4.82,0.0211864407,0.0211864407,1,0,2
tpch_sf100_t8,TPCH SF100,tpch,100,8,Q14,3,THC,20,0,0,1,4.93,5.03,5.02,5.04,0.01,0.00774389333,1.00198807,5.03,0.0202839757,0.0223123732,1,0,15
tpch_sf100_t8,TPCH SF100,tpch,100,8,Q14,4,RPT+,20,0,0,1,2.46,2.46,2.46,2.461,0,0.00121901666,1.0004065,2.46,0,0.000406504065,1,0,0
tpch_sf100_t8,TPCH SF100,tpch,100,8,Q15,1,Baseline,20,0,0,1,2.67,2.67,2.67,2.67,0,0,1,2.67,0,0,1,0,0
tpch_sf100_t8,TPCH SF100,tpch,100,8,Q15,2,Forward-only,20,0,0,1,2.67,2.67,2.67,2.67,0,0,1,2.67,0,0,1,0,0
tpch_sf100_t8,TPCH SF100,tpch,100,8,Q15,3,THC,20,0,0,1,2.67,2.77,2.67,2.77,0.1,0.0179449798,1,2.77,0.0374531835,0.0374531835,1,0,0
tpch_sf100_t8,TPCH SF100,tpch,100,8,Q15,4,RPT+,20,0,0,1,2.67,2.67,2.67,2.67,0,0.00814747466,1,2.67,0,0,1,0,0
tpch_sf100_t8,TPCH SF100,tpch,100,8,Q16,1,Baseline,20,0,0,1,2.26,2.26,2.26,2.26,0,0,1,2.26,0,0,1,0,0
tpch_sf100_t8,TPCH SF100,tpch,100,8,Q16,2,Forward-only,20,0,0,1,2.26,2.26,2.26,2.26,0,0.00962229347,1,2.26,0,0,1,0,0
tpch_sf100_t8,TPCH SF100,tpch,100,8,Q16,3,THC,20,0,0,1,2.26,2.26,2.26,2.26,0,0,1,2.26,0,0,1,0,0
tpch_sf100_t8,TPCH SF100,tpch,100,8,Q16,4,RPT+,20,0,0,1,2.26,2.26,2.26,2.26,0,0.00962229347,1,2.26,0,0,1,0,0
tpch_sf100_t8,TPCH SF100,tpch,100,8,Q17,1,Baseline,20,0,0,1,7.07,7.175,7.16,7.29,0.11,0.0152729254,1.01602787,7.175,0.0148514851,0.0311173975,1,0,0
tpch_sf100_t8,TPCH SF100,tpch,100,8,Q17,2,Forward-only,20,0,0,1,7.17,7.28,7.17,7.29,0.1,0.012791295,1.00137363,7.28,0.0153417015,0.0167364017,1,0,3
tpch_sf100_t8,TPCH SF100,tpch,100,8,Q17,3,THC,20,0,0,1,7.17,7.18,7.17,7.28,0.11,0.00821013386,1.01392758,7.18,0.00139470014,0.0153417015,1,0,0
tpch_sf100_t8,TPCH SF100,tpch,100,8,Q17,4,RPT+,20,0,0,1,5.12,5.13,5.129,5.23,0.1,0.0178414352,1.01949318,5.13,0.001953125,0.021484375,1,0,1
tpch_sf100_t8,TPCH SF100,tpch,100,8,Q18,1,Baseline,20,0,0,1,22.75,22.905,22.85,23.06,0.14,0.00444919571,1.00676708,22.905,0.00681318681,0.0136263736,1,0,10
tpch_sf100_t8,TPCH SF100,tpch,100,8,Q18,2,Forward-only,20,0,0,1,22.66,22.96,22.76,23.061,0.11,0.00507344831,1.00439895,22.96,0.013239188,0.0176963813,1,0,6
tpch_sf100_t8,TPCH SF100,tpch,100,8,Q18,3,THC,20,0,0,1,28.6,28.76,28.683,29.01,0.11,0.00415941846,1.00869263,28.76,0.00559440559,0.0143356643,1,0,12
tpch_sf100_t8,TPCH SF100,tpch,100,8,Q18,4,RPT+,20,0,0,1,22.66,22.86,22.75,23.07,0.1,0.00554010026,1.00918635,22.86,0.00882612533,0.0180935569,1,0,6
tpch_sf100_t8,TPCH SF100,tpch,100,8,Q19,1,Baseline,20,0,0,1,6.35,6.46,6.36,6.46,0,0.00754576697,1,6.46,0.0173228346,0.0173228346,1,0,15
tpch_sf100_t8,TPCH SF100,tpch,100,8,Q19,2,Forward-only,20,0,0,1,6.36,6.46,6.36,6.46,0,0.00621118012,1,6.46,0.0157232704,0.0157232704,1,0,1
tpch_sf100_t8,TPCH SF100,tpch,100,8,Q19,3,THC,20,0,0,1,6.76,6.77,6.77,6.87,0.1,0.00726109307,1.01477105,6.77,0.00147928994,0.0162721893,1,0,17
tpch_sf100_t8,TPCH SF100,tpch,100,8,Q19,4,RPT+,20,0,0,1,4.72,4.82,4.72,4.82,0.1,0.0104187166,1,4.82,0.0211864407,0.0211864407,1,0,6
tpch_sf100_t8,TPCH SF100,tpch,100,8,Q20,1,Baseline,20,0,0,1,5.02,5.13,5.029,5.13,0,0.00891611916,1,5.13,0.0219123506,0.0219123506,1,0,1
tpch_sf100_t8,TPCH SF100,tpch,100,8,Q20,2,Forward-only,20,0,0,1,3.79,3.8,3.79,3.8,0.0025,0.00598976567,1,3.8,0.00263852243,0.00263852243,1,0,3
tpch_sf100_t8,TPCH SF100,tpch,100,8,Q20,3,THC,20,0,0,1,3.79,3.8,3.79,3.81,0,0.00806202816,1.00263158,3.8,0.00263852243,0.00527704485,1,0,6
tpch_sf100_t8,TPCH SF100,tpch,100,8,Q20,4,RPT+,20,0,0,1,3.79,3.8,3.79,3.8,0,0.000940032701,1,3.8,0.00263852243,0.00263852243,1,0,7
tpch_sf100_t8,TPCH SF100,tpch,100,8,Q21,1,Baseline,20,0,0,1,16.09,18.755,16.09,19.18,0.465,0.0559168941,1.02266062,18.755,0.165630827,0.192044748,0.15,0,1
tpch_sf100_t8,TPCH SF100,tpch,100,8,Q21,2,Forward-only,20,0,0,1,13.64,13.84,13.739,14.059,0.125,0.0114425815,1.0158237,13.84,0.0146627566,0.0307184751,1,0,0
tpch_sf100_t8,TPCH SF100,tpch,100,8,Q21,3,THC,20,0,0,1,18.46,18.66,18.47,18.78,0.11,0.00754495167,1.00643087,18.66,0.0108342362,0.0173347779,1,0,0
tpch_sf100_t8,TPCH SF100,tpch,100,8,Q21,4,RPT+,20,0,0,1,12.92,13.02,13.001,13.75,0.0325,0.0235110634,1.05606759,13.02,0.00773993808,0.0642414861,1,0,4
tpch_sf100_t8,TPCH SF100,tpch,100,8,Q22,1,Baseline,20,0,0,1,2.56,2.56,2.56,2.57,0.01,0.00193992481,1.00390625,2.56,0,0.00390625,1,0,0
tpch_sf100_t8,TPCH SF100,tpch,100,8,Q22,2,Forward-only,20,0,0,1,2.46,2.57,2.56,2.57,0,0.00932329547,1,2.57,0.0447154472,0.0447154472,1,0,13
tpch_sf100_t8,TPCH SF100,tpch,100,8,Q22,3,THC,20,0,0,1,3.7,3.8,3.8,3.9,0,0.0114406796,1.02631579,3.8,0.027027027,0.0540540541,1,0,1
tpch_sf100_t8,TPCH SF100,tpch,100,8,Q22,4,RPT+,20,0,0,1,2.46,2.57,2.57,2.57,0,0.00934838923,1,2.57,0.0447154472,0.0447154472,1,0,5
tpcds_sf10_t8,TPCDS SF10,tpcds,10,8,Q01,1,Baseline,20,0,0,1,0.31,0.31,0.31,0.31,0,0,1,0.31,0,0,1,0,0
tpcds_sf10_t8,TPCDS SF10,tpcds,10,8,Q01,2,Forward-only,20,0,0,1,0.31,0.31,0.31,0.31,0,0,1,0.31,0,0,1,0,0
tpcds_sf10_t8,TPCDS SF10,tpcds,10,8,Q01,3,THC,20,0,0,1,0.41,0.41,0.41,0.41,0,0,1,0.41,0,0,1,0,0
tpcds_sf10_t8,TPCDS SF10,tpcds,10,8,Q01,4,RPT+,20,0,0,1,0.31,0.31,0.31,0.31,0,0,1,0.31,0,0,1,0,0
tpcds_sf10_t8,TPCDS SF10,tpcds,10,8,Q02,1,Baseline,20,0,0,1,0.41,0.41,0.41,0.41,0,0,1,0.41,0,0,1,0,0
tpcds_sf10_t8,TPCDS SF10,tpcds,10,8,Q02,2,Forward-only,20,0,0,1,0.41,0.41,0.41,0.41,0,0,1,0.41,0,0,1,0,0
tpcds_sf10_t8,TPCDS SF10,tpcds,10,8,Q02,3,THC,20,0,0,1,0.41,0.41,0.41,0.41,0,0,1,0.41,0,0,1,0,0
tpcds_sf10_t8,TPCDS SF10,tpcds,10,8,Q02,4,RPT+,20,0,0,1,0.41,0.41,0.41,0.41,0,0,1,0.41,0,0,1,0,0
tpcds_sf10_t8,TPCDS SF10,tpcds,10,8,Q03,1,Baseline,20,0,0,1,0.21,0.26,0.21,0.31,0.1,0.222449549,1.19230769,0.26,0.238095238,0.476190476,0.5,0,1
tpcds_sf10_t8,TPCDS SF10,tpcds,10,8,Q03,2,Forward-only,20,0,0,1,0.21,0.21,0.21,0.21,0,0,1,0.21,0,0,1,0,0
tpcds_sf10_t8,TPCDS SF10,tpcds,10,8,Q03,3,THC,20,0,0,1,0.21,0.21,0.21,0.21,0,0,1,0.21,0,0,1,0,0
tpcds_sf10_t8,TPCDS SF10,tpcds,10,8,Q03,4,RPT+,20,0,0,1,0.21,0.21,0.21,0.21,0,0,1,0.21,0,0,1,0,0
tpcds_sf10_t8,TPCDS SF10,tpcds,10,8,Q04,1,Baseline,20,0,0,1,2.05,2.26,2.05,2.26,0.21,0.0494618531,1,2.26,0.102439024,0.102439024,0.45,0,2
tpcds_sf10_t8,TPCDS SF10,tpcds,10,8,Q04,2,Forward-only,20,0,0,1,1.85,2.26,1.85,2.46,0.2,0.085194502,1.08849558,2.26,0.221621622,0.32972973,0.15,0,2
tpcds_sf10_t8,TPCDS SF10,tpcds,10,8,Q04,3,THC,20,0,0,1,1.54,2.26,1.63,2.37,0.2525,0.130367905,1.04867257,2.26,0.467532468,0.538961039,0.15,0,6
tpcds_sf10_t8,TPCDS SF10,tpcds,10,8,Q04,4,RPT+,20,0,0,1,1.13,2.16,1.23,2.47,1.08,0.273753257,1.14351852,2.16,0.911504425,1.18584071,0.3,0.25,9
tpcds_sf10_t8,TPCDS SF10,tpcds,10,8,Q05,1,Baseline,20,0,0,1,0.41,0.41,0.41,0.52,0.0275,0.108871765,1.26829268,0.41,0,0.268292683,0.75,0,1
tpcds_sf10_t8,TPCDS SF10,tpcds,10,8,Q05,2,Forward-only,20,0,0,1,0.41,0.41,0.41,0.41,0,0,1,0.41,0,0,1,0,0
tpcds_sf10_t8,TPCDS SF10,tpcds,10,8,Q05,3,THC,20,0,0,1,0.41,0.41,0.41,0.421,0,0.0783847981,1.02682927,0.41,0,0.0268292683,0.9,0,0
tpcds_sf10_t8,TPCDS SF10,tpcds,10,8,Q05,4,RPT+,20,0,0,1,0.41,0.41,0.41,0.41,0,0,1,0.41,0,0,1,0,0
tpcds_sf10_t8,TPCDS SF10,tpcds,10,8,Q06,1,Baseline,20,0,0,1,0.62,0.62,0.62,0.62,0,0,1,0.62,0,0,1,0,0
tpcds_sf10_t8,TPCDS SF10,tpcds,10,8,Q06,2,Forward-only,20,0,0,1,0.62,0.62,0.62,0.62,0,0,1,0.62,0,0,1,0,0
tpcds_sf10_t8,TPCDS SF10,tpcds,10,8,Q06,3,THC,20,0,0,1,0.62,0.62,0.62,0.62,0,0,1,0.62,0,0,1,0,0
tpcds_sf10_t8,TPCDS SF10,tpcds,10,8,Q06,4,RPT+,20,0,0,1,0.62,0.62,0.62,0.62,0,0,1,0.62,0,0,1,0,0
tpcds_sf10_t8,TPCDS SF10,tpcds,10,8,Q07,1,Baseline,20,0,0,1,0.41,0.52,0.41,0.72,0.11,0.207812745,1.38461538,0.52,0.268292683,0.756097561,0.4,0,1
tpcds_sf10_t8,TPCDS SF10,tpcds,10,8,Q07,2,Forward-only,20,0,0,1,0.31,0.31,0.31,0.31,0,0,1,0.31,0,0,1,0,0
tpcds_sf10_t8,TPCDS SF10,tpcds,10,8,Q07,3,THC,20,0,0,1,0.31,0.31,0.31,0.32,0,0.09375,1.03225806,0.31,0,0.0322580645,0.9,0,0
tpcds_sf10_t8,TPCDS SF10,tpcds,10,8,Q07,4,RPT+,20,0,0,1,0.31,0.31,0.31,0.41,0.025,0.129257523,1.32258065,0.31,0,0.322580645,0.75,0,2
tpcds_sf10_t8,TPCDS SF10,tpcds,10,8,Q08,1,Baseline,20,0,0,1,0.82,0.82,0.82,0.92,0.1,0.0539126552,1.12195122,0.82,0,0.12195122,0.7,0,1
tpcds_sf10_t8,TPCDS SF10,tpcds,10,8,Q08,2,Forward-only,20,0,0,1,0.82,0.82,0.82,0.82,0,0.0264175694,1,0.82,0,0,0.95,0,0
tpcds_sf10_t8,TPCDS SF10,tpcds,10,8,Q08,3,THC,20,0,0,1,0.82,0.82,0.82,0.82,0,0,1,0.82,0,0,1,0,0
tpcds_sf10_t8,TPCDS SF10,tpcds,10,8,Q08,4,RPT+,20,0,0,1,0.82,0.82,0.82,0.82,0,0,1,0.82,0,0,1,0,0
tpcds_sf10_t8,TPCDS SF10,tpcds,10,8,Q09,1,Baseline,20,0,0,1,0.52,0.52,0.52,0.52,0,0,1,0.52,0,0,1,0,0
tpcds_sf10_t8,TPCDS SF10,tpcds,10,8,Q09,2,Forward-only,20,0,0,1,0.51,0.52,0.51,0.52,0,0.00688662336,1,0.52,0.0196078431,0.0196078431,1,0,11
tpcds_sf10_t8,TPCDS SF10,tpcds,10,8,Q09,3,THC,20,0,0,1,0.52,0.52,0.52,0.52,0,0,1,0.52,0,0,1,0,0
tpcds_sf10_t8,TPCDS SF10,tpcds,10,8,Q09,4,RPT+,20,0,0,1,0.52,0.52,0.52,0.52,0,0,1,0.52,0,0,1,0,0
tpcds_sf10_t8,TPCDS SF10,tpcds,10,8,Q10,1,Baseline,20,0,0,1,0.31,0.31,0.31,0.31,0,0,1,0.31,0,0,1,0,0
tpcds_sf10_t8,TPCDS SF10,tpcds,10,8,Q10,2,Forward-only,20,0,0,1,0.31,0.31,0.31,0.31,0,0,1,0.31,0,0,1,0,0
tpcds_sf10_t8,TPCDS SF10,tpcds,10,8,Q10,3,THC,20,0,0,1,0.31,0.31,0.31,0.41,0,0.121212121,1.32258065,0.31,0,0.322580645,0.8,0,0
tpcds_sf10_t8,TPCDS SF10,tpcds,10,8,Q10,4,RPT+,20,0,0,1,0.21,0.26,0.21,0.31,0.1,0.192307692,1.19230769,0.26,0.238095238,0.476190476,0.5,0,0
tpcds_sf10_t8,TPCDS SF10,tpcds,10,8,Q11,1,Baseline,20,0,0,1,1.54,1.59,1.54,1.75,0.21,0.0562717655,1.10062893,1.59,0.0324675325,0.136363636,0.7,0,0
tpcds_sf10_t8,TPCDS SF10,tpcds,10,8,Q11,2,Forward-only,20,0,0,1,1.23,1.49,1.23,1.64,0.1775,0.103739701,1.10067114,1.49,0.211382114,0.333333333,0.25,0,0
tpcds_sf10_t8,TPCDS SF10,tpcds,10,8,Q11,3,THC,20,0,0,1,1.03,1.44,1.329,1.64,0.125,0.102718858,1.13888889,1.44,0.398058252,0.59223301,0.05,0,6
tpcds_sf10_t8,TPCDS SF10,tpcds,10,8,Q11,4,RPT+,20,0,0,1,0.72,1.44,0.93,1.75,0.82,0.276493551,1.21527778,1.44,1,1.43055556,0.05,0.45,19
tpcds_sf10_t8,TPCDS SF10,tpcds,10,8,Q12,1,Baseline,20,0,0,1,0.21,0.21,0.21,0.21,0,0,1,0.21,0,0,1,0,0
tpcds_sf10_t8,TPCDS SF10,tpcds,10,8,Q12,2,Forward-only,20,0,0,1,0.21,0.21,0.21,0.21,0,0,1,0.21,0,0,1,0,0
tpcds_sf10_t8,TPCDS SF10,tpcds,10,8,Q12,3,THC,20,0,0,1,0.21,0.21,0.21,0.21,0,0,1,0.21,0,0,1,0,0
tpcds_sf10_t8,TPCDS SF10,tpcds,10,8,Q12,4,RPT+,20,0,0,1,0.21,0.21,0.21,0.21,0,0,1,0.21,0,0,1,0,0
tpcds_sf10_t8,TPCDS SF10,tpcds,10,8,Q13,1,Baseline,20,0,0,1,0.51,0.52,0.52,0.62,0.1,0.0883724991,1.19230769,0.52,0.0196078431,0.215686275,0.6,0,0
tpcds_sf10_t8,TPCDS SF10,tpcds,10,8,Q13,2,Forward-only,20,0,0,1,0.52,0.52,0.52,0.62,0.1,0.0880519856,1.19230769,0.52,0,0.192307692,0.55,0,0
tpcds_sf10_t8,TPCDS SF10,tpcds,10,8,Q13,3,THC,20,0,0,1,0.52,0.52,0.52,0.62,0.1,0.0880519856,1.19230769,0.52,0,0.192307692,0.55,0,0
tpcds_sf10_t8,TPCDS SF10,tpcds,10,8,Q13,4,RPT+,20,0,0,1,0.62,0.62,0.62,0.62,0,0,1,0.62,0,0,1,0,0
tpcds_sf10_t8,TPCDS SF10,tpcds,10,8,Q14,1,Baseline,20,0,0,1,3.38,3.38,3.38,3.39,0.0025,0.00704014171,1.00295858,3.38,0,0.00295857988,1,0,0
tpcds_sf10_t8,TPCDS SF10,tpcds,10,8,Q14,2,Forward-only,20,0,0,1,3.38,3.385,3.38,3.39,0.01,0.00691801734,1.0014771,3.385,0.00147928994,0.00295857988,1,0,0
tpcds_sf10_t8,TPCDS SF10,tpcds,10,8,Q14,3,THC,20,0,0,1,3.38,3.39,3.38,3.39,0.01,0.00684646816,1,3.39,0.00295857988,0.00295857988,1,0,0
tpcds_sf10_t8,TPCDS SF10,tpcds,10,8,Q14,4,RPT+,20,0,0,1,3.38,3.49,3.39,3.49,0.1,0.0140172583,1,3.49,0.0325443787,0.0325443787,1,0,2
tpcds_sf10_t8,TPCDS SF10,tpcds,10,8,Q15,1,Baseline,20,0,0,1,0.11,0.11,0.11,0.11,0,0,1,0.11,0,0,1,0,0
tpcds_sf10_t8,TPCDS SF10,tpcds,10,8,Q15,2,Forward-only,20,0,0,1,0.11,0.11,0.11,0.11,0,0,1,0.11,0,0,1,0,0
tpcds_sf10_t8,TPCDS SF10,tpcds,10,8,Q15,3,THC,20,0,0,1,0.11,0.11,0.11,0.11,0,0,1,0.11,0,0,1,0,0
tpcds_sf10_t8,TPCDS SF10,tpcds,10,8,Q15,4,RPT+,20,0,0,1,0.11,0.11,0.11,0.11,0,0.189517345,1,0.11,0,0,0.95,0,0
tpcds_sf10_t8,TPCDS SF10,tpcds,10,8,Q16,1,Baseline,20,0,0,1,0.11,0.11,0.11,0.11,0,0,1,0.11,0,0,1,0,0
tpcds_sf10_t8,TPCDS SF10,tpcds,10,8,Q16,2,Forward-only,20,0,0,1,0.11,0.11,0.11,0.11,0,0,1,0.11,0,0,1,0,0
tpcds_sf10_t8,TPCDS SF10,tpcds,10,8,Q16,3,THC,20,0,0,1,0.11,0.11,0.11,0.11,0,0,1,0.11,0,0,1,0,0
tpcds_sf10_t8,TPCDS SF10,tpcds,10,8,Q16,4,RPT+,20,0,0,1,0.11,0.11,0.11,0.11,0,0,1,0.11,0,0,1,0,0
tpcds_sf10_t8,TPCDS SF10,tpcds,10,8,Q17,1,Baseline,20,0,0,1,0.41,0.62,0.41,0.82,0.2275,0.2360044,1.32258065,0.62,0.512195122,1,0.25,0,1
tpcds_sf10_t8,TPCDS SF10,tpcds,10,8,Q17,2,Forward-only,20,0,0,1,0.31,0.31,0.31,0.41,0.025,0.129257523,1.32258065,0.31,0,0.322580645,0.75,0,0
tpcds_sf10_t8,TPCDS SF10,tpcds,10,8,Q17,3,THC,20,0,0,1,0.31,0.31,0.31,0.41,0.025,0.129257523,1.32258065,0.31,0,0.322580645,0.75,0,0
tpcds_sf10_t8,TPCDS SF10,tpcds,10,8,Q17,4,RPT+,20,0,0,1,0.41,0.41,0.41,0.41,0,0,1,0.41,0,0,1,0,0
tpcds_sf10_t8,TPCDS SF10,tpcds,10,8,Q18,1,Baseline,20,0,0,1,0.21,0.31,0.31,0.52,0.1,0.233893834,1.67741935,0.31,0.476190476,1.47619048,0.05,0.15,4
tpcds_sf10_t8,TPCDS SF10,tpcds,10,8,Q18,2,Forward-only,20,0,0,1,0.21,0.21,0.21,0.21,0,0,1,0.21,0,0,1,0,0
tpcds_sf10_t8,TPCDS SF10,tpcds,10,8,Q18,3,THC,20,0,0,1,0.21,0.21,0.21,0.21,0,0,1,0.21,0,0,1,0,0
tpcds_sf10_t8,TPCDS SF10,tpcds,10,8,Q18,4,RPT+,20,0,0,1,0.21,0.21,0.21,0.21,0,0,1,0.21,0,0,1,0,0
tpcds_sf10_t8,TPCDS SF10,tpcds,10,8,Q19,1,Baseline,20,0,0,1,0.31,0.31,0.31,0.41,0.1,0.138252058,1.32258065,0.31,0,0.322580645,0.65,0,1
tpcds_sf10_t8,TPCDS SF10,tpcds,10,8,Q19,2,Forward-only,20,0,0,1,0.31,0.31,0.31,0.31,0,0,1,0.31,0,0,1,0,0
tpcds_sf10_t8,TPCDS SF10,tpcds,10,8,Q19,3,THC,20,0,0,1,0.31,0.31,0.31,0.31,0,0,1,0.31,0,0,1,0,0
tpcds_sf10_t8,TPCDS SF10,tpcds,10,8,Q19,4,RPT+,20,0,0,1,0.21,0.31,0.21,0.31,0,0.12104116,1,0.31,0.476190476,0.476190476,0.15,0,0
tpcds_sf10_t8,TPCDS SF10,tpcds,10,8,Q20,1,Baseline,20,0,0,1,0.21,0.21,0.21,0.21,0,0,1,0.21,0,0,1,0,0
tpcds_sf10_t8,TPCDS SF10,tpcds,10,8,Q20,2,Forward-only,20,0,0,1,0.21,0.21,0.21,0.21,0,0,1,0.21,0,0,1,0,0
tpcds_sf10_t8,TPCDS SF10,tpcds,10,8,Q20,3,THC,20,0,0,1,0.21,0.21,0.21,0.21,0,0,1,0.21,0,0,1,0,0
tpcds_sf10_t8,TPCDS SF10,tpcds,10,8,Q20,4,RPT+,20,0,0,1,0.21,0.21,0.21,0.21,0,0,1,0.21,0,0,1,0,0
tpcds_sf10_t8,TPCDS SF10,tpcds,10,8,Q21,1,Baseline,20,0,0,1,0.11,0.21,0.2,0.21,0,0.15,1,0.21,0.909090909,0.909090909,0.1,0,1
tpcds_sf10_t8,TPCDS SF10,tpcds,10,8,Q21,2,Forward-only,20,0,0,1,0.11,0.11,0.11,0.11,0,0,1,0.11,0,0,1,0,0
tpcds_sf10_t8,TPCDS SF10,tpcds,10,8,Q21,3,THC,20,0,0,1,0.11,0.11,0.11,0.11,0,0,1,0.11,0,0,1,0,0
tpcds_sf10_t8,TPCDS SF10,tpcds,10,8,Q21,4,RPT+,20,0,0,1,0.11,0.21,0.2,0.21,0,0.15,1,0.21,0.909090909,0.909090909,0.1,0,2
tpcds_sf10_t8,TPCDS SF10,tpcds,10,8,Q22,1,Baseline,20,0,0,1,4.51,4.515,4.51,4.52,0.01,0.00471841312,1.00110742,4.515,0.00110864745,0.0022172949,1,0,0
tpcds_sf10_t8,TPCDS SF10,tpcds,10,8,Q22,2,Forward-only,20,0,0,1,4.51,4.52,4.51,4.62,0.0025,0.0081625199,1.02212389,4.52,0.0022172949,0.0243902439,1,0,0
tpcds_sf10_t8,TPCDS SF10,tpcds,10,8,Q22,3,THC,20,0,0,1,4.51,4.52,4.52,4.62,0,0.00887943336,1.02212389,4.52,0.0022172949,0.0243902439,1,0,10
tpcds_sf10_t8,TPCDS SF10,tpcds,10,8,Q22,4,RPT+,20,0,0,1,4.52,4.52,4.52,4.53,0,0.00662251656,1.00221239,4.52,0,0.00221238938,1,0,0
tpcds_sf10_t8,TPCDS SF10,tpcds,10,8,Q23,1,Baseline,20,0,0,1,1.95,1.95,1.95,1.95,0,0,1,1.95,0,0,1,0,0
tpcds_sf10_t8,TPCDS SF10,tpcds,10,8,Q23,2,Forward-only,20,0,0,1,1.95,1.95,1.95,2.05,0,0.0181715736,1.05128205,1.95,0,0.0512820513,1,0,0
tpcds_sf10_t8,TPCDS SF10,tpcds,10,8,Q23,3,THC,20,0,0,1,1.95,1.95,1.95,2.05,0,0.0181715736,1.05128205,1.95,0,0.0512820513,1,0,1
tpcds_sf10_t8,TPCDS SF10,tpcds,10,8,Q23,4,RPT+,20,0,0,1,1.95,1.95,1.95,1.95,0,0,1,1.95,0,0,1,0,0
tpcds_sf10_t8,TPCDS SF10,tpcds,10,8,Q24,1,Baseline,20,0,0,1,0.52,1.03,0.71,7.193,0.62,1.36468839,6.98349515,1.03,0.980769231,12.8326923,0.05,0.45,18
tpcds_sf10_t8,TPCDS SF10,tpcds,10,8,Q24,2,Forward-only,20,0,0,1,0.31,0.465,0.41,8.033,0.11,1.95344613,17.2752688,0.465,0.5,24.9129032,0.05,0.2,0
tpcds_sf10_t8,TPCDS SF10,tpcds,10,8,Q24,3,THC,20,0,0,1,0.31,0.52,0.41,9.373,0.11,1.96907344,18.025,0.52,0.677419355,29.2354839,0.05,0.2,0
tpcds_sf10_t8,TPCDS SF10,tpcds,10,8,Q24,4,RPT+,20,0,0,1,0.31,0.52,0.41,7.522,0.11,1.69430834,14.4653846,0.52,0.677419355,23.2645161,0.05,0.2,0
tpcds_sf10_t8,TPCDS SF10,tpcds,10,8,Q25,1,Baseline,20,0,0,1,0.41,0.465,0.41,0.72,0.31,0.269735882,1.5483871,0.465,0.134146341,0.756097561,0.5,0,1
tpcds_sf10_t8,TPCDS SF10,tpcds,10,8,Q25,2,Forward-only,20,0,0,1,0.31,0.31,0.31,0.32,0,0.09375,1.03225806,0.31,0,0.0322580645,0.9,0,0
tpcds_sf10_t8,TPCDS SF10,tpcds,10,8,Q25,3,THC,20,0,0,1,0.31,0.31,0.31,0.32,0,0.09375,1.03225806,0.31,0,0.0322580645,0.9,0,0
tpcds_sf10_t8,TPCDS SF10,tpcds,10,8,Q25,4,RPT+,20,0,0,1,0.31,0.31,0.31,0.41,0,0.10986813,1.32258065,0.31,0,0.322580645,0.85,0,0
tpcds_sf10_t8,TPCDS SF10,tpcds,10,8,Q26,1,Baseline,20,0,0,1,0.21,0.21,0.21,0.31,0,0.15869841,1.47619048,0.21,0,0.476190476,0.85,0,0
tpcds_sf10_t8,TPCDS SF10,tpcds,10,8,Q26,2,Forward-only,20,0,0,1,0.11,0.21,0.11,0.21,0.1,0.288175264,1,0.21,0.909090909,0.909090909,0.4,0,4
tpcds_sf10_t8,TPCDS SF10,tpcds,10,8,Q26,3,THC,20,0,0,1,0.11,0.21,0.11,0.21,0.1,0.288175264,1,0.21,0.909090909,0.909090909,0.4,0,4
tpcds_sf10_t8,TPCDS SF10,tpcds,10,8,Q26,4,RPT+,20,0,0,1,0.11,0.21,0.11,0.21,0.1,0.288175264,1,0.21,0.909090909,0.909090909,0.4,0,3
tpcds_sf10_t8,TPCDS SF10,tpcds,10,8,Q27,1,Baseline,20,0,0,1,0.72,0.93,0.72,1.14,0.21,0.157638788,1.22580645,0.93,0.291666667,0.583333333,0.15,0,0
tpcds_sf10_t8,TPCDS SF10,tpcds,10,8,Q27,2,Forward-only,20,0,0,1,0.52,0.52,0.52,0.52,0,0,1,0.52,0,0,1,0,0
tpcds_sf10_t8,TPCDS SF10,tpcds,10,8,Q27,3,THC,20,0,0,1,0.52,0.52,0.52,0.52,0,0.0415133233,1,0.52,0,0,0.95,0,0
tpcds_sf10_t8,TPCDS SF10,tpcds,10,8,Q27,4,RPT+,20,0,0,1,0.52,0.52,0.52,0.52,0,0,1,0.52,0,0,1,0,0
tpcds_sf10_t8,TPCDS SF10,tpcds,10,8,Q28,1,Baseline,20,0,0,1,0.62,0.62,0.62,0.62,0,0,1,0.62,0,0,1,0,0
tpcds_sf10_t8,TPCDS SF10,tpcds,10,8,Q28,2,Forward-only,20,0,0,1,0.62,0.62,0.62,0.62,0,0,1,0.62,0,0,1,0,0
tpcds_sf10_t8,TPCDS SF10,tpcds,10,8,Q28,3,THC,20,0,0,1,0.62,0.62,0.62,0.62,0,0,1,0.62,0,0,1,0,0
tpcds_sf10_t8,TPCDS SF10,tpcds,10,8,Q28,4,RPT+,20,0,0,1,0.62,0.62,0.62,0.62,0,0,1,0.62,0,0,1,0,0
tpcds_sf10_t8,TPCDS SF10,tpcds,10,8,Q29,1,Baseline,20,0,0,1,0.41,0.52,0.509,0.72,0.1,0.178896177,1.38461538,0.52,0.268292683,0.756097561,0.1,0,1
tpcds_sf10_t8,TPCDS SF10,tpcds,10,8,Q29,2,Forward-only,20,0,0,1,0.41,0.41,0.41,0.52,0.11,0.113788561,1.26829268,0.41,0,0.268292683,0.7,0,1
tpcds_sf10_t8,TPCDS SF10,tpcds,10,8,Q29,3,THC,20,0,0,1,0.41,0.41,0.41,0.52,0.11,0.113788561,1.26829268,0.41,0,0.268292683,0.7,0,1
tpcds_sf10_t8,TPCDS SF10,tpcds,10,8,Q29,4,RPT+,20,0,0,1,0.41,0.41,0.41,0.52,0.11,0.119095341,1.26829268,0.41,0,0.268292683,0.55,0,1
tpcds_sf10_t8,TPCDS SF10,tpcds,10,8,Q30,1,Baseline,20,0,0,1,0.21,0.21,0.21,0.21,0,0,1,0.21,0,0,1,0,0
tpcds_sf10_t8,TPCDS SF10,tpcds,10,8,Q30,2,Forward-only,20,0,0,1,0.21,0.21,0.21,0.21,0,0,1,0.21,0,0,1,0,0
tpcds_sf10_t8,TPCDS SF10,tpcds,10,8,Q30,3,THC,20,0,0,1,0.21,0.21,0.21,0.21,0,0,1,0.21,0,0,1,0,0
tpcds_sf10_t8,TPCDS SF10,tpcds,10,8,Q30,4,RPT+,20,0,0,1,0.21,0.21,0.21,0.21,0,0,1,0.21,0,0,1,0,0
tpcds_sf10_t8,TPCDS SF10,tpcds,10,8,Q31,1,Baseline,20,0,0,1,0.41,0.41,0.41,0.41,0,0,1,0.41,0,0,1,0,0
tpcds_sf10_t8,TPCDS SF10,tpcds,10,8,Q31,2,Forward-only,20,0,0,1,0.31,0.41,0.31,0.41,0,0.102564103,1,0.41,0.322580645,0.322580645,0.2,0,4
tpcds_sf10_t8,TPCDS SF10,tpcds,10,8,Q31,3,THC,20,0,0,1,0.31,0.41,0.31,0.41,0.025,0.112470832,1,0.41,0.322580645,0.322580645,0.25,0,0
tpcds_sf10_t8,TPCDS SF10,tpcds,10,8,Q31,4,RPT+,20,0,0,1,0.41,0.41,0.41,0.41,0,0,1,0.41,0,0,1,0,0
tpcds_sf10_t8,TPCDS SF10,tpcds,10,8,Q32,1,Baseline,20,0,0,1,0.11,0.11,0.11,0.11,0,0,1,0.11,0,0,1,0,0
tpcds_sf10_t8,TPCDS SF10,tpcds,10,8,Q32,2,Forward-only,20,0,0,1,0.11,0.11,0.11,0.11,0,0,1,0.11,0,0,1,0,0
tpcds_sf10_t8,TPCDS SF10,tpcds,10,8,Q32,3,THC,20,0,0,1,0.11,0.11,0.11,0.11,0,0,1,0.11,0,0,1,0,0
tpcds_sf10_t8,TPCDS SF10,tpcds,10,8,Q32,4,RPT+,20,0,0,1,0.11,0.11,0.11,0.11,0,0,1,0.11,0,0,1,0,0
tpcds_sf10_t8,TPCDS SF10,tpcds,10,8,Q33,1,Baseline,20,0,0,1,0.31,0.31,0.31,0.31,0,0,1,0.31,0,0,1,0,0
tpcds_sf10_t8,TPCDS SF10,tpcds,10,8,Q33,2,Forward-only,20,0,0,1,0.31,0.31,0.31,0.31,0,0,1,0.31,0,0,1,0,0
tpcds_sf10_t8,TPCDS SF10,tpcds,10,8,Q33,3,THC,20,0,0,1,0.31,0.31,0.31,0.31,0,0,1,0.31,0,0,1,0,0
tpcds_sf10_t8,TPCDS SF10,tpcds,10,8,Q33,4,RPT+,20,0,0,1,0.31,0.31,0.31,0.31,0,0,1,0.31,0,0,1,0,0
tpcds_sf10_t8,TPCDS SF10,tpcds,10,8,Q34,1,Baseline,20,0,0,1,0.31,0.31,0.31,0.41,0.1,0.140139076,1.32258065,0.31,0,0.322580645,0.55,0,0
tpcds_sf10_t8,TPCDS SF10,tpcds,10,8,Q34,2,Forward-only,20,0,0,1,0.21,0.31,0.3,0.31,0,0.1,1,0.31,0.476190476,0.476190476,0.1,0,7
tpcds_sf10_t8,TPCDS SF10,tpcds,10,8,Q34,3,THC,20,0,0,1,0.21,0.31,0.21,0.31,0,0.137931034,1,0.31,0.476190476,0.476190476,0.2,0,3
tpcds_sf10_t8,TPCDS SF10,tpcds,10,8,Q34,4,RPT+,20,0,0,1,0.31,0.31,0.31,0.31,0,0,1,0.31,0,0,1,0,0
tpcds_sf10_t8,TPCDS SF10,tpcds,10,8,Q35,1,Baseline,20,0,0,1,0.41,0.52,0.519,0.52,0,0.046611473,1,0.52,0.268292683,0.268292683,0.05,0,10
tpcds_sf10_t8,TPCDS SF10,tpcds,10,8,Q35,2,Forward-only,20,0,0,1,0.52,0.52,0.52,0.52,0,0,1,0.52,0,0,1,0,0
tpcds_sf10_t8,TPCDS SF10,tpcds,10,8,Q35,3,THC,20,0,0,1,0.52,0.62,0.62,0.62,0,0.0354382028,1,0.62,0.192307692,0.192307692,0.05,0,6
tpcds_sf10_t8,TPCDS SF10,tpcds,10,8,Q35,4,RPT+,20,0,0,1,0.41,0.41,0.41,0.41,0,0,1,0.41,0,0,1,0,0
tpcds_sf10_t8,TPCDS SF10,tpcds,10,8,Q36,1,Baseline,20,0,0,1,0.41,0.41,0.41,0.62,0.135,0.194268259,1.51219512,0.41,0,0.512195122,0.7,0,0
tpcds_sf10_t8,TPCDS SF10,tpcds,10,8,Q36,2,Forward-only,20,0,0,1,0.31,0.31,0.31,0.52,0.0525,0.250848738,1.67741935,0.31,0,0.677419355,0.75,0,0
tpcds_sf10_t8,TPCDS SF10,tpcds,10,8,Q36,3,THC,20,0,0,1,0.31,0.31,0.31,0.52,0.0525,0.250848738,1.67741935,0.31,0,0.677419355,0.75,0,0
tpcds_sf10_t8,TPCDS SF10,tpcds,10,8,Q36,4,RPT+,20,0,0,1,0.41,0.41,0.41,0.62,0.0525,0.196611173,1.51219512,0.41,0,0.512195122,0.75,0,0
tpcds_sf10_t8,TPCDS SF10,tpcds,10,8,Q37,1,Baseline,20,0,0,1,0.21,2.36,0.21,3.69,2.38,0.70324816,1.56355932,2.36,10.2380952,16.5714286,0.25,0.75,2
tpcds_sf10_t8,TPCDS SF10,tpcds,10,8,Q37,2,Forward-only,20,0,0,1,0.21,0.21,0.21,0.52,0.31,0.464240428,2.47619048,0.21,0,1.47619048,0.65,0.35,0
tpcds_sf10_t8,TPCDS SF10,tpcds,10,8,Q37,3,THC,20,0,0,1,0.21,0.21,0.21,0.52,0.31,0.464240428,2.47619048,0.21,0,1.47619048,0.65,0.35,0
tpcds_sf10_t8,TPCDS SF10,tpcds,10,8,Q37,4,RPT+,20,0,0,1,0.21,0.21,0.21,0.21,0,0,1,0.21,0,0,1,0,0
tpcds_sf10_t8,TPCDS SF10,tpcds,10,8,Q38,1,Baseline,20,0,0,1,0.51,0.52,0.52,0.52,0,0.00419528291,1,0.52,0.0196078431,0.0196078431,1,0,2
tpcds_sf10_t8,TPCDS SF10,tpcds,10,8,Q38,2,Forward-only,20,0,0,1,0.52,0.52,0.52,0.52,0,0,1,0.52,0,0,1,0,0
tpcds_sf10_t8,TPCDS SF10,tpcds,10,8,Q38,3,THC,20,0,0,1,0.52,0.52,0.52,0.52,0,0.0415133233,1,0.52,0,0,0.95,0,0
tpcds_sf10_t8,TPCDS SF10,tpcds,10,8,Q38,4,RPT+,20,0,0,1,0.52,0.52,0.52,0.52,0,0.0415133233,1,0.52,0,0,0.95,0,0
tpcds_sf10_t8,TPCDS SF10,tpcds,10,8,Q39,1,Baseline,20,0,0,1,0.41,0.41,0.41,0.52,0.0275,0.108871765,1.26829268,0.41,0,0.268292683,0.75,0,0
tpcds_sf10_t8,TPCDS SF10,tpcds,10,8,Q39,2,Forward-only,20,0,0,1,0.41,0.41,0.41,0.52,0.0275,0.108871765,1.26829268,0.41,0,0.268292683,0.75,0,0
tpcds_sf10_t8,TPCDS SF10,tpcds,10,8,Q39,3,THC,20,0,0,1,0.41,0.41,0.41,0.52,0.0275,0.108871765,1.26829268,0.41,0,0.268292683,0.75,0,0
tpcds_sf10_t8,TPCDS SF10,tpcds,10,8,Q39,4,RPT+,20,0,0,1,0.41,0.41,0.41,0.52,0.0275,0.108871765,1.26829268,0.41,0,0.268292683,0.75,0,0
tpcds_sf10_t8,TPCDS SF10,tpcds,10,8,Q40,1,Baseline,20,0,0,1,0.11,0.21,0.21,0.21,0,0.106314608,1,0.21,0.909090909,0.909090909,0.05,0,18
tpcds_sf10_t8,TPCDS SF10,tpcds,10,8,Q40,2,Forward-only,20,0,0,1,0.11,0.11,0.11,0.11,0,0,1,0.11,0,0,1,0,0
tpcds_sf10_t8,TPCDS SF10,tpcds,10,8,Q40,3,THC,20,0,0,1,0.11,0.11,0.11,0.11,0,0,1,0.11,0,0,1,0,0
tpcds_sf10_t8,TPCDS SF10,tpcds,10,8,Q40,4,RPT+,20,0,0,1,0.11,0.11,0.11,0.11,0,0,1,0.11,0,0,1,0,0
tpcds_sf10_t8,TPCDS SF10,tpcds,10,8,Q41,1,Baseline,20,0,0,1,0.11,0.11,0.11,0.11,0,0,1,0.11,0,0,1,0,0
tpcds_sf10_t8,TPCDS SF10,tpcds,10,8,Q41,2,Forward-only,20,0,0,1,0.11,0.11,0.11,0.11,0,0,1,0.11,0,0,1,0,0
tpcds_sf10_t8,TPCDS SF10,tpcds,10,8,Q41,3,THC,20,0,0,1,0.11,0.11,0.11,0.11,0,0,1,0.11,0,0,1,0,0
tpcds_sf10_t8,TPCDS SF10,tpcds,10,8,Q41,4,RPT+,20,0,0,1,0.11,0.11,0.11,0.11,0,0,1,0.11,0,0,1,0,0
tpcds_sf10_t8,TPCDS SF10,tpcds,10,8,Q42,1,Baseline,20,0,0,1,0.21,0.21,0.21,0.31,0.1,0.195959179,1.47619048,0.21,0,0.476190476,0.6,0,1
tpcds_sf10_t8,TPCDS SF10,tpcds,10,8,Q42,2,Forward-only,20,0,0,1,0.21,0.21,0.21,0.21,0,0,1,0.21,0,0,1,0,0
tpcds_sf10_t8,TPCDS SF10,tpcds,10,8,Q42,3,THC,20,0,0,1,0.21,0.21,0.21,0.21,0,0,1,0.21,0,0,1,0,0
tpcds_sf10_t8,TPCDS SF10,tpcds,10,8,Q42,4,RPT+,20,0,0,1,0.21,0.21,0.21,0.21,0,0,1,0.21,0,0,1,0,0
tpcds_sf10_t8,TPCDS SF10,tpcds,10,8,Q43,1,Baseline,20,0,0,1,0.31,0.31,0.31,0.31,0,0,1,0.31,0,0,1,0,0
tpcds_sf10_t8,TPCDS SF10,tpcds,10,8,Q43,2,Forward-only,20,0,0,1,0.21,0.21,0.21,0.21,0,0,1,0.21,0,0,1,0,0
tpcds_sf10_t8,TPCDS SF10,tpcds,10,8,Q43,3,THC,20,0,0,1,0.21,0.21,0.21,0.21,0,0,1,0.21,0,0,1,0,0
tpcds_sf10_t8,TPCDS SF10,tpcds,10,8,Q43,4,RPT+,20,0,0,1,0.31,0.31,0.31,0.31,0,0,1,0.31,0,0,1,0,0
tpcds_sf10_t8,TPCDS SF10,tpcds,10,8,Q44,1,Baseline,20,0,0,1,91.97,93.065,92.026,94.411,0.9525,0.0165620529,1.01446301,93.065,0.0119060563,0.0265412635,1,0,9
tpcds_sf10_t8,TPCDS SF10,tpcds,10,8,Q44,2,Forward-only,20,0,0,1,90.48,92.6,90.667,94.136,1.355,0.0143087568,1.01658747,92.6,0.0234305924,0.0404067197,1,0,14
tpcds_sf10_t8,TPCDS SF10,tpcds,10,8,Q44,3,THC,20,0,0,1,90.77,92.77,91.854,94.013,1.0775,0.00947958853,1.01339873,92.77,0.0220337116,0.0357276633,1,0,13
tpcds_sf10_t8,TPCDS SF10,tpcds,10,8,Q44,4,RPT+,20,0,0,1,83.44,85.57,84.854,87.105,1.65,0.0120636246,1.01793853,85.57,0.025527325,0.0439237776,1,0,19
tpcds_sf10_t8,TPCDS SF10,tpcds,10,8,Q45,1,Baseline,20,0,0,1,0.21,0.21,0.21,0.21,0,0,1,0.21,0,0,1,0,0
tpcds_sf10_t8,TPCDS SF10,tpcds,10,8,Q45,2,Forward-only,20,0,0,1,0.21,0.21,0.21,0.21,0,0,1,0.21,0,0,1,0,0
tpcds_sf10_t8,TPCDS SF10,tpcds,10,8,Q45,3,THC,20,0,0,1,0.21,0.21,0.21,0.21,0,0,1,0.21,0,0,1,0,0
tpcds_sf10_t8,TPCDS SF10,tpcds,10,8,Q45,4,RPT+,20,0,0,1,0.21,0.21,0.21,0.21,0,0,1,0.21,0,0,1,0,0
tpcds_sf10_t8,TPCDS SF10,tpcds,10,8,Q46,1,Baseline,20,0,0,1,0.51,0.52,0.52,0.52,0,0.00419528291,1,0.52,0.0196078431,0.0196078431,1,0,6
tpcds_sf10_t8,TPCDS SF10,tpcds,10,8,Q46,2,Forward-only,20,0,0,1,0.41,0.41,0.41,0.41,0,0,1,0.41,0,0,1,0,0
tpcds_sf10_t8,TPCDS SF10,tpcds,10,8,Q46,3,THC,20,0,0,1,0.41,0.41,0.41,0.41,0,0,1,0.41,0,0,1,0,0
tpcds_sf10_t8,TPCDS SF10,tpcds,10,8,Q46,4,RPT+,20,0,0,1,0.41,0.41,0.41,0.41,0,0,1,0.41,0,0,1,0,0
tpcds_sf10_t8,TPCDS SF10,tpcds,10,8,Q47,1,Baseline,20,0,0,1,0.93,0.93,0.93,0.93,0,0,1,0.93,0,0,1,0,0
tpcds_sf10_t8,TPCDS SF10,tpcds,10,8,Q47,2,Forward-only,20,0,0,1,0.93,0.93,0.93,0.93,0,0,1,0.93,0,0,1,0,0
tpcds_sf10_t8,TPCDS SF10,tpcds,10,8,Q47,3,THC,20,0,0,1,0.93,0.93,0.93,0.93,0,0,1,0.93,0,0,1,0,0
tpcds_sf10_t8,TPCDS SF10,tpcds,10,8,Q47,4,RPT+,20,0,0,1,0.93,0.93,0.93,0.93,0,0,1,0.93,0,0,1,0,0
tpcds_sf10_t8,TPCDS SF10,tpcds,10,8,Q48,1,Baseline,20,0,0,1,0.41,0.52,0.41,0.52,0.0275,0.110438497,1,0.52,0.268292683,0.268292683,0.25,0,0
tpcds_sf10_t8,TPCDS SF10,tpcds,10,8,Q48,2,Forward-only,20,0,0,1,0.41,0.52,0.41,0.53,0,0.112669984,1.01923077,0.52,0.268292683,0.292682927,0.2,0,4
tpcds_sf10_t8,TPCDS SF10,tpcds,10,8,Q48,3,THC,20,0,0,1,0.41,0.52,0.509,0.62,0.1,0.134521956,1.19230769,0.52,0.268292683,0.512195122,0.1,0,4
tpcds_sf10_t8,TPCDS SF10,tpcds,10,8,Q48,4,RPT+,20,0,0,1,0.52,0.52,0.52,0.62,0,0.0667423218,1.19230769,0.52,0,0.192307692,0.85,0,0
tpcds_sf10_t8,TPCDS SF10,tpcds,10,8,Q49,1,Baseline,20,0,0,1,0.31,0.31,0.31,0.31,0,0,1,0.31,0,0,1,0,0
tpcds_sf10_t8,TPCDS SF10,tpcds,10,8,Q49,2,Forward-only,20,0,0,1,0.31,0.31,0.31,0.31,0,0,1,0.31,0,0,1,0,0
tpcds_sf10_t8,TPCDS SF10,tpcds,10,8,Q49,3,THC,20,0,0,1,0.31,0.31,0.31,0.31,0,0,1,0.31,0,0,1,0,0
tpcds_sf10_t8,TPCDS SF10,tpcds,10,8,Q49,4,RPT+,20,0,0,1,0.31,0.31,0.31,0.31,0,0,1,0.31,0,0,1,0,0
tpcds_sf10_t8,TPCDS SF10,tpcds,10,8,Q50,1,Baseline,20,0,0,1,0.62,0.82,0.62,1.03,0.335,0.194463572,1.25609756,0.82,0.322580645,0.661290323,0.25,0,2
tpcds_sf10_t8,TPCDS SF10,tpcds,10,8,Q50,2,Forward-only,20,0,0,1,0.31,0.31,0.31,0.31,0,0,1,0.31,0,0,1,0,0
tpcds_sf10_t8,TPCDS SF10,tpcds,10,8,Q50,3,THC,20,0,0,1,0.31,0.31,0.31,0.31,0,0,1,0.31,0,0,1,0,0
tpcds_sf10_t8,TPCDS SF10,tpcds,10,8,Q50,4,RPT+,20,0,0,1,0.31,0.31,0.31,0.31,0,0,1,0.31,0,0,1,0,0
tpcds_sf10_t8,TPCDS SF10,tpcds,10,8,Q51,1,Baseline,20,0,0,1,1.74,1.85,1.749,1.85,0.1,0.0277994272,1,1.85,0.0632183908,0.0632183908,1,0,0
tpcds_sf10_t8,TPCDS SF10,tpcds,10,8,Q51,2,Forward-only,20,0,0,1,1.75,1.85,1.84,1.85,0,0.0163043478,1,1.85,0.0571428571,0.0571428571,1,0,10
tpcds_sf10_t8,TPCDS SF10,tpcds,10,8,Q51,3,THC,20,0,0,1,1.75,1.85,1.75,1.85,0.025,0.0237267234,1,1.85,0.0571428571,0.0571428571,1,0,0
tpcds_sf10_t8,TPCDS SF10,tpcds,10,8,Q51,4,RPT+,20,0,0,1,1.75,1.75,1.75,1.85,0,0.0202306754,1.05714286,1.75,0,0.0571428571,1,0,0
tpcds_sf10_t8,TPCDS SF10,tpcds,10,8,Q52,1,Baseline,20,0,0,1,0.21,0.26,0.21,0.31,0.1,0.192307692,1.19230769,0.26,0.238095238,0.476190476,0.5,0,1
tpcds_sf10_t8,TPCDS SF10,tpcds,10,8,Q52,2,Forward-only,20,0,0,1,0.21,0.21,0.21,0.21,0,0,1,0.21,0,0,1,0,0
tpcds_sf10_t8,TPCDS SF10,tpcds,10,8,Q52,3,THC,20,0,0,1,0.21,0.21,0.21,0.21,0,0,1,0.21,0,0,1,0,0
tpcds_sf10_t8,TPCDS SF10,tpcds,10,8,Q52,4,RPT+,20,0,0,1,0.21,0.21,0.21,0.21,0,0,1,0.21,0,0,1,0,0
tpcds_sf10_t8,TPCDS SF10,tpcds,10,8,Q53,1,Baseline,20,0,0,1,0.31,0.31,0.31,0.41,0.1,0.140139076,1.32258065,0.31,0,0.322580645,0.55,0,0
tpcds_sf10_t8,TPCDS SF10,tpcds,10,8,Q53,2,Forward-only,20,0,0,1,0.21,0.21,0.21,0.21,0,0,1,0.21,0,0,1,0,0
tpcds_sf10_t8,TPCDS SF10,tpcds,10,8,Q53,3,THC,20,0,0,1,0.21,0.21,0.21,0.21,0,0,1,0.21,0,0,1,0,0
tpcds_sf10_t8,TPCDS SF10,tpcds,10,8,Q53,4,RPT+,20,0,0,1,0.21,0.21,0.21,0.31,0.1,0.19468147,1.47619048,0.21,0,0.476190476,0.65,0,1
tpcds_sf10_t8,TPCDS SF10,tpcds,10,8,Q54,1,Baseline,0,20,0,0,,,,,,,,300,,,,,
tpcds_sf10_t8,TPCDS SF10,tpcds,10,8,Q54,2,Forward-only,0,20,0,0,,,,,,,,300,,,,,
tpcds_sf10_t8,TPCDS SF10,tpcds,10,8,Q54,3,THC,0,20,0,0,,,,,,,,300,,,,,
tpcds_sf10_t8,TPCDS SF10,tpcds,10,8,Q54,4,RPT+,0,20,0,0,,,,,,,,300,,,,,
tpcds_sf10_t8,TPCDS SF10,tpcds,10,8,Q55,1,Baseline,20,0,0,1,0.21,0.26,0.21,0.31,0.1,0.192307692,1.19230769,0.26,0.238095238,0.476190476,0.5,0,1
tpcds_sf10_t8,TPCDS SF10,tpcds,10,8,Q55,2,Forward-only,20,0,0,1,0.21,0.21,0.21,0.21,0,0,1,0.21,0,0,1,0,0
tpcds_sf10_t8,TPCDS SF10,tpcds,10,8,Q55,3,THC,20,0,0,1,0.21,0.21,0.21,0.21,0,0,1,0.21,0,0,1,0,0
tpcds_sf10_t8,TPCDS SF10,tpcds,10,8,Q55,4,RPT+,20,0,0,1,0.21,0.21,0.21,0.21,0,0,1,0.21,0,0,1,0,0
tpcds_sf10_t8,TPCDS SF10,tpcds,10,8,Q56,1,Baseline,20,0,0,1,0.31,0.31,0.31,0.41,0.1,0.134781638,1.32258065,0.31,0,0.322580645,0.7,0,0
tpcds_sf10_t8,TPCDS SF10,tpcds,10,8,Q56,2,Forward-only,20,0,0,1,0.31,0.31,0.31,0.31,0,0,1,0.31,0,0,1,0,0
tpcds_sf10_t8,TPCDS SF10,tpcds,10,8,Q56,3,THC,20,0,0,1,0.31,0.31,0.31,0.31,0,0,1,0.31,0,0,1,0,0
tpcds_sf10_t8,TPCDS SF10,tpcds,10,8,Q56,4,RPT+,20,0,0,1,0.31,0.31,0.31,0.31,0,0,1,0.31,0,0,1,0,0
tpcds_sf10_t8,TPCDS SF10,tpcds,10,8,Q57,1,Baseline,20,0,0,1,0.41,0.41,0.41,0.41,0,0,1,0.41,0,0,1,0,0
tpcds_sf10_t8,TPCDS SF10,tpcds,10,8,Q57,2,Forward-only,20,0,0,1,0.41,0.41,0.41,0.41,0,0,1,0.41,0,0,1,0,0
tpcds_sf10_t8,TPCDS SF10,tpcds,10,8,Q57,3,THC,20,0,0,1,0.41,0.41,0.41,0.41,0,0,1,0.41,0,0,1,0,0
tpcds_sf10_t8,TPCDS SF10,tpcds,10,8,Q57,4,RPT+,20,0,0,1,0.41,0.41,0.41,0.41,0,0,1,0.41,0,0,1,0,0
tpcds_sf10_t8,TPCDS SF10,tpcds,10,8,Q58,1,Baseline,20,0,0,1,0.62,0.62,0.62,0.62,0,0,1,0.62,0,0,1,0,0
tpcds_sf10_t8,TPCDS SF10,tpcds,10,8,Q58,2,Forward-only,20,0,0,1,0.62,0.62,0.62,0.62,0,0,1,0.62,0,0,1,0,0
tpcds_sf10_t8,TPCDS SF10,tpcds,10,8,Q58,3,THC,20,0,0,1,0.62,0.62,0.62,0.62,0,0,1,0.62,0,0,1,0,0
tpcds_sf10_t8,TPCDS SF10,tpcds,10,8,Q58,4,RPT+,20,0,0,1,0.62,0.62,0.62,0.62,0,0,1,0.62,0,0,1,0,0
tpcds_sf10_t8,TPCDS SF10,tpcds,10,8,Q59,1,Baseline,20,0,0,1,0.62,0.62,0.62,0.62,0,0.0348711915,1,0.62,0,0,0.95,0,0
tpcds_sf10_t8,TPCDS SF10,tpcds,10,8,Q59,2,Forward-only,20,0,0,1,0.62,0.62,0.62,0.62,0,0,1,0.62,0,0,1,0,0
tpcds_sf10_t8,TPCDS SF10,tpcds,10,8,Q59,3,THC,20,0,0,1,0.62,0.62,0.62,0.62,0,0,1,0.62,0,0,1,0,0
tpcds_sf10_t8,TPCDS SF10,tpcds,10,8,Q59,4,RPT+,20,0,0,1,0.62,0.62,0.62,0.62,0,0,1,0.62,0,0,1,0,0
tpcds_sf10_t8,TPCDS SF10,tpcds,10,8,Q60,1,Baseline,20,0,0,1,0.41,0.41,0.41,0.41,0,0,1,0.41,0,0,1,0,0
tpcds_sf10_t8,TPCDS SF10,tpcds,10,8,Q60,2,Forward-only,20,0,0,1,0.31,0.31,0.31,0.31,0,0,1,0.31,0,0,1,0,0
tpcds_sf10_t8,TPCDS SF10,tpcds,10,8,Q60,3,THC,20,0,0,1,0.31,0.31,0.31,0.31,0,0,1,0.31,0,0,1,0,0
tpcds_sf10_t8,TPCDS SF10,tpcds,10,8,Q60,4,RPT+,20,0,0,1,0.31,0.31,0.31,0.31,0,0,1,0.31,0,0,1,0,0
tpcds_sf10_t8,TPCDS SF10,tpcds,10,8,Q61,1,Baseline,20,0,0,1,0.41,0.52,0.41,0.52,0.11,0.128478292,1,0.52,0.268292683,0.268292683,0.4,0,0
tpcds_sf10_t8,TPCDS SF10,tpcds,10,8,Q61,2,Forward-only,20,0,0,1,0.31,0.31,0.31,0.31,0,0.0691888721,1,0.31,0,0,0.95,0,0
tpcds_sf10_t8,TPCDS SF10,tpcds,10,8,Q61,3,THC,20,0,0,1,0.31,0.31,0.31,0.31,0,0.0691888721,1,0.31,0,0,0.95,0,0
tpcds_sf10_t8,TPCDS SF10,tpcds,10,8,Q61,4,RPT+,20,0,0,1,0.31,0.31,0.31,0.31,0,0,1,0.31,0,0,1,0,0
tpcds_sf10_t8,TPCDS SF10,tpcds,10,8,Q62,1,Baseline,20,0,0,1,0.21,0.21,0.21,0.21,0,0,1,0.21,0,0,1,0,0
tpcds_sf10_t8,TPCDS SF10,tpcds,10,8,Q62,2,Forward-only,20,0,0,1,0.21,0.21,0.21,0.21,0,0,1,0.21,0,0,1,0,0
tpcds_sf10_t8,TPCDS SF10,tpcds,10,8,Q62,3,THC,20,0,0,1,0.21,0.21,0.21,0.21,0,0,1,0.21,0,0,1,0,0
tpcds_sf10_t8,TPCDS SF10,tpcds,10,8,Q62,4,RPT+,20,0,0,1,0.21,0.21,0.21,0.21,0,0,1,0.21,0,0,1,0,0
tpcds_sf10_t8,TPCDS SF10,tpcds,10,8,Q63,1,Baseline,20,0,0,1,0.31,0.31,0.31,0.41,0.1,0.139970842,1.32258065,0.31,0,0.322580645,0.6,0,0
tpcds_sf10_t8,TPCDS SF10,tpcds,10,8,Q63,2,Forward-only,20,0,0,1,0.21,0.21,0.21,0.21,0,0,1,0.21,0,0,1,0,0
tpcds_sf10_t8,TPCDS SF10,tpcds,10,8,Q63,3,THC,20,0,0,1,0.21,0.21,0.21,0.21,0,0,1,0.21,0,0,1,0,0
tpcds_sf10_t8,TPCDS SF10,tpcds,10,8,Q63,4,RPT+,20,0,0,1,0.21,0.21,0.21,0.31,0.1,0.19468147,1.47619048,0.21,0,0.476190476,0.65,0,1
tpcds_sf10_t8,TPCDS SF10,tpcds,10,8,Q64,1,Baseline,20,0,0,1,0.72,1.69,1.009,2.69,0.6875,0.352124413,1.59171598,1.69,1.34722222,2.73611111,0.05,0.65,6
tpcds_sf10_t8,TPCDS SF10,tpcds,10,8,Q64,2,Forward-only,20,0,0,1,0.62,0.72,0.62,0.82,0.2,0.113789368,1.13888889,0.72,0.161290323,0.322580645,0.3,0,0
tpcds_sf10_t8,TPCDS SF10,tpcds,10,8,Q64,3,THC,20,0,0,1,0.62,0.82,0.62,0.93,0.31,0.167925309,1.13414634,0.82,0.322580645,0.5,0.3,0,0
tpcds_sf10_t8,TPCDS SF10,tpcds,10,8,Q64,4,RPT+,20,0,0,1,0.52,0.52,0.52,0.72,0.1,0.130961492,1.38461538,0.52,0,0.384615385,0.7,0,0
tpcds_sf10_t8,TPCDS SF10,tpcds,10,8,Q65,1,Baseline,20,0,0,1,2.05,2.05,2.05,2.05,0,0,1,2.05,0,0,1,0,0
tpcds_sf10_t8,TPCDS SF10,tpcds,10,8,Q65,2,Forward-only,20,0,0,1,2.05,2.05,2.05,2.16,0,0.0190069472,1.05365854,2.05,0,0.0536585366,1,0,0
tpcds_sf10_t8,TPCDS SF10,tpcds,10,8,Q65,3,THC,20,0,0,1,1.95,2.05,2.05,2.051,0,0.0162367877,1.0004878,2.05,0.0512820513,0.0517948718,0.95,0,1
tpcds_sf10_t8,TPCDS SF10,tpcds,10,8,Q65,4,RPT+,20,0,0,1,1.54,1.54,1.54,1.64,0.1,0.0291883802,1.06493506,1.54,0,0.0649350649,1,0,0
tpcds_sf10_t8,TPCDS SF10,tpcds,10,8,Q66,1,Baseline,20,0,0,1,0.21,0.21,0.21,0.31,0.1,0.195095576,1.47619048,0.21,0,0.476190476,0.55,0,0
tpcds_sf10_t8,TPCDS SF10,tpcds,10,8,Q66,2,Forward-only,20,0,0,1,0.21,0.21,0.21,0.21,0,0,1,0.21,0,0,1,0,0
tpcds_sf10_t8,TPCDS SF10,tpcds,10,8,Q66,3,THC,20,0,0,1,0.21,0.21,0.21,0.21,0,0,1,0.21,0,0,1,0,0
tpcds_sf10_t8,TPCDS SF10,tpcds,10,8,Q66,4,RPT+,20,0,0,1,0.21,0.21,0.21,0.21,0,0,1,0.21,0,0,1,0,0
tpcds_sf10_t8,TPCDS SF10,tpcds,10,8,Q67,1,Baseline,20,0,0,1,4.62,4.72,4.62,4.83,0.1,0.0191886612,1.02330508,4.72,0.0216450216,0.0454545455,1,0,0
tpcds_sf10_t8,TPCDS SF10,tpcds,10,8,Q67,2,Forward-only,20,0,0,1,4.62,4.72,4.71,4.82,0.025,0.0120860857,1.02118644,4.72,0.0216450216,0.0432900433,1,0,7
tpcds_sf10_t8,TPCDS SF10,tpcds,10,8,Q67,3,THC,20,0,0,1,4.62,4.72,4.62,4.82,0,0.0125024667,1.02118644,4.72,0.0216450216,0.0432900433,1,0,6
tpcds_sf10_t8,TPCDS SF10,tpcds,10,8,Q67,4,RPT+,20,0,0,1,4.41,4.52,4.419,4.62,0.1,0.0178231915,1.02212389,4.52,0.0249433107,0.0476190476,1,0,7
tpcds_sf10_t8,TPCDS SF10,tpcds,10,8,Q68,1,Baseline,20,0,0,1,0.41,0.52,0.41,0.52,0,0.0918260141,1,0.52,0.268292683,0.268292683,0.15,0,7
tpcds_sf10_t8,TPCDS SF10,tpcds,10,8,Q68,2,Forward-only,20,0,0,1,0.41,0.41,0.41,0.41,0,0,1,0.41,0,0,1,0,0
tpcds_sf10_t8,TPCDS SF10,tpcds,10,8,Q68,3,THC,20,0,0,1,0.41,0.41,0.41,0.41,0,0,1,0.41,0,0,1,0,0
tpcds_sf10_t8,TPCDS SF10,tpcds,10,8,Q68,4,RPT+,20,0,0,1,0.31,0.41,0.31,0.41,0,0.0903978282,1,0.41,0.322580645,0.322580645,0.15,0,0
tpcds_sf10_t8,TPCDS SF10,tpcds,10,8,Q69,1,Baseline,20,0,0,1,0.31,0.31,0.31,0.31,0,0,1,0.31,0,0,1,0,0
tpcds_sf10_t8,TPCDS SF10,tpcds,10,8,Q69,2,Forward-only,20,0,0,1,0.31,0.31,0.31,0.31,0,0,1,0.31,0,0,1,0,0
tpcds_sf10_t8,TPCDS SF10,tpcds,10,8,Q69,3,THC,20,0,0,1,0.31,0.31,0.31,0.31,0,0,1,0.31,0,0,1,0,0
tpcds_sf10_t8,TPCDS SF10,tpcds,10,8,Q69,4,RPT+,20,0,0,1,0.21,0.21,0.21,0.21,0,0,1,0.21,0,0,1,0,0
tpcds_sf10_t8,TPCDS SF10,tpcds,10,8,Q70,1,Baseline,20,0,0,1,0.62,0.62,0.62,0.62,0,0,1,0.62,0,0,1,0,0
tpcds_sf10_t8,TPCDS SF10,tpcds,10,8,Q70,2,Forward-only,20,0,0,1,0.62,0.62,0.62,0.62,0,0,1,0.62,0,0,1,0,0
tpcds_sf10_t8,TPCDS SF10,tpcds,10,8,Q70,3,THC,20,0,0,1,0.62,0.62,0.62,0.62,0,0,1,0.62,0,0,1,0,0
tpcds_sf10_t8,TPCDS SF10,tpcds,10,8,Q70,4,RPT+,20,0,0,1,0.62,0.62,0.62,0.62,0,0,1,0.62,0,0,1,0,0
tpcds_sf10_t8,TPCDS SF10,tpcds,10,8,Q71,1,Baseline,20,0,0,1,0.31,0.31,0.31,0.31,0,0,1,0.31,0,0,1,0,0
tpcds_sf10_t8,TPCDS SF10,tpcds,10,8,Q71,2,Forward-only,20,0,0,1,0.31,0.31,0.31,0.31,0,0,1,0.31,0,0,1,0,0
tpcds_sf10_t8,TPCDS SF10,tpcds,10,8,Q71,3,THC,20,0,0,1,0.31,0.31,0.31,0.31,0,0,1,0.31,0,0,1,0,0
tpcds_sf10_t8,TPCDS SF10,tpcds,10,8,Q71,4,RPT+,20,0,0,1,0.21,0.31,0.21,0.31,0,0.137931034,1,0.31,0.476190476,0.476190476,0.2,0,0
tpcds_sf10_t8,TPCDS SF10,tpcds,10,8,Q72,1,Baseline,20,0,0,1,1.85,30.14,2.249,39.823,14.605,0.551098314,1.32126742,30.14,15.2918919,20.5259459,0.05,0.75,5
tpcds_sf10_t8,TPCDS SF10,tpcds,10,8,Q72,2,Forward-only,20,0,0,1,0.62,0.72,0.62,1.76,0.2,0.480406527,2.44444444,0.72,0.161290323,1.83870968,0.35,0.2,2
tpcds_sf10_t8,TPCDS SF10,tpcds,10,8,Q72,3,THC,20,0,0,1,0.62,0.72,0.62,1.96,0.28,0.52945762,2.72222222,0.72,0.161290323,2.16129032,0.25,0.25,2
tpcds_sf10_t8,TPCDS SF10,tpcds,10,8,Q72,4,RPT+,20,0,0,1,0.62,0.77,0.62,1.081,0.335,0.379883448,1.4038961,0.77,0.241935484,0.743548387,0.35,0.1,2
tpcds_sf10_t8,TPCDS SF10,tpcds,10,8,Q73,1,Baseline,20,0,0,1,0.31,0.31,0.31,0.31,0,0,1,0.31,0,0,1,0,0
tpcds_sf10_t8,TPCDS SF10,tpcds,10,8,Q73,2,Forward-only,20,0,0,1,0.21,0.21,0.21,0.21,0,0.101369743,1,0.21,0,0,0.95,0,0
tpcds_sf10_t8,TPCDS SF10,tpcds,10,8,Q73,3,THC,20,0,0,1,0.21,0.21,0.21,0.21,0,0,1,0.21,0,0,1,0,0
tpcds_sf10_t8,TPCDS SF10,tpcds,10,8,Q73,4,RPT+,20,0,0,1,0.21,0.21,0.21,0.22,0,0.136363636,1.04761905,0.21,0,0.0476190476,0.9,0,0
tpcds_sf10_t8,TPCDS SF10,tpcds,10,8,Q74,1,Baseline,20,0,0,1,1.03,1.08,1.03,1.14,0.1,0.0608555007,1.05555556,1.08,0.0485436893,0.106796117,0.9,0,0
tpcds_sf10_t8,TPCDS SF10,tpcds,10,8,Q74,2,Forward-only,20,0,0,1,0.62,0.875,0.62,1.13,0.135,0.188991708,1.29142857,0.875,0.411290323,0.822580645,0.2,0,1
tpcds_sf10_t8,TPCDS SF10,tpcds,10,8,Q74,3,THC,20,0,0,1,0.62,0.875,0.71,1.13,0.235,0.177914278,1.29142857,0.875,0.411290323,0.822580645,0.1,0,1
tpcds_sf10_t8,TPCDS SF10,tpcds,10,8,Q74,4,RPT+,20,0,0,1,0.52,1.03,0.61,1.23,0.3,0.241656567,1.19417476,1.03,0.980769231,1.36538462,0.1,0.4,2
tpcds_sf10_t8,TPCDS SF10,tpcds,10,8,Q75,1,Baseline,20,0,0,1,0.72,0.82,0.72,0.82,0,0.0443566983,1,0.82,0.138888889,0.138888889,0.15,0,5
tpcds_sf10_t8,TPCDS SF10,tpcds,10,8,Q75,2,Forward-only,20,0,0,1,0.62,0.62,0.62,0.62,0,0,1,0.62,0,0,1,0,0
tpcds_sf10_t8,TPCDS SF10,tpcds,10,8,Q75,3,THC,20,0,0,1,0.62,0.62,0.62,0.62,0,0,1,0.62,0,0,1,0,0
tpcds_sf10_t8,TPCDS SF10,tpcds,10,8,Q75,4,RPT+,20,0,0,1,0.62,0.62,0.62,0.62,0,0,1,0.62,0,0,1,0,0
tpcds_sf10_t8,TPCDS SF10,tpcds,10,8,Q76,1,Baseline,20,0,0,1,0.41,0.41,0.41,0.41,0,0,1,0.41,0,0,1,0,0
tpcds_sf10_t8,TPCDS SF10,tpcds,10,8,Q76,2,Forward-only,20,0,0,1,0.41,0.41,0.41,0.41,0,0,1,0.41,0,0,1,0,0
tpcds_sf10_t8,TPCDS SF10,tpcds,10,8,Q76,3,THC,20,0,0,1,0.41,0.41,0.41,0.41,0,0,1,0.41,0,0,1,0,0
tpcds_sf10_t8,TPCDS SF10,tpcds,10,8,Q76,4,RPT+,20,0,0,1,0.31,0.41,0.41,0.41,0,0.0538135672,1,0.41,0.322580645,0.322580645,0.05,0,1
tpcds_sf10_t8,TPCDS SF10,tpcds,10,8,Q77,1,Baseline,20,0,0,1,0.41,0.41,0.41,0.41,0,0,1,0.41,0,0,1,0,0
tpcds_sf10_t8,TPCDS SF10,tpcds,10,8,Q77,2,Forward-only,20,0,0,1,0.31,0.31,0.31,0.31,0,0,1,0.31,0,0,1,0,0
tpcds_sf10_t8,TPCDS SF10,tpcds,10,8,Q77,3,THC,20,0,0,1,0.31,0.31,0.31,0.31,0,0,1,0.31,0,0,1,0,0
tpcds_sf10_t8,TPCDS SF10,tpcds,10,8,Q77,4,RPT+,20,0,0,1,0.31,0.31,0.31,0.31,0,0,1,0.31,0,0,1,0,0
tpcds_sf10_t8,TPCDS SF10,tpcds,10,8,Q78,1,Baseline,20,0,0,1,1.44,1.44,1.44,1.44,0,0,1,1.44,0,0,1,0,0
tpcds_sf10_t8,TPCDS SF10,tpcds,10,8,Q78,2,Forward-only,20,0,0,1,1.44,1.44,1.44,1.44,0,0,1,1.44,0,0,1,0,0
tpcds_sf10_t8,TPCDS SF10,tpcds,10,8,Q78,3,THC,20,0,0,1,1.54,1.54,1.54,1.54,0,0,1,1.54,0,0,1,0,0
tpcds_sf10_t8,TPCDS SF10,tpcds,10,8,Q78,4,RPT+,20,0,0,1,1.23,1.23,1.23,1.35,0.035,0.0545590869,1.09756098,1.23,0,0.0975609756,0.9,0,1
tpcds_sf10_t8,TPCDS SF10,tpcds,10,8,Q79,1,Baseline,20,0,0,1,0.41,0.52,0.51,0.52,0,0.0465801292,1,0.52,0.268292683,0.268292683,0.05,0,13
tpcds_sf10_t8,TPCDS SF10,tpcds,10,8,Q79,2,Forward-only,20,0,0,1,0.31,0.41,0.41,0.41,0,0.0538135672,1,0.41,0.322580645,0.322580645,0.05,0,3
tpcds_sf10_t8,TPCDS SF10,tpcds,10,8,Q79,3,THC,20,0,0,1,0.31,0.41,0.41,0.41,0,0.0538135672,1,0.41,0.322580645,0.322580645,0.05,0,9
tpcds_sf10_t8,TPCDS SF10,tpcds,10,8,Q79,4,RPT+,20,0,0,1,0.41,0.41,0.41,0.41,0,0,1,0.41,0,0,1,0,0
tpcds_sf10_t8,TPCDS SF10,tpcds,10,8,Q80,1,Baseline,20,0,0,1,0.62,0.62,0.62,0.62,0,0,1,0.62,0,0,1,0,0
tpcds_sf10_t8,TPCDS SF10,tpcds,10,8,Q80,2,Forward-only,20,0,0,1,0.41,0.41,0.41,0.421,0,0.0783847981,1.02682927,0.41,0,0.0268292683,0.9,0,0
tpcds_sf10_t8,TPCDS SF10,tpcds,10,8,Q80,3,THC,20,0,0,1,0.41,0.41,0.41,0.52,0.11,0.116982511,1.26829268,0.41,0,0.268292683,0.65,0,0
tpcds_sf10_t8,TPCDS SF10,tpcds,10,8,Q80,4,RPT+,20,0,0,1,0.41,0.41,0.41,0.41,0,0,1,0.41,0,0,1,0,0
tpcds_sf10_t8,TPCDS SF10,tpcds,10,8,Q81,1,Baseline,20,0,0,1,0.21,0.21,0.21,0.21,0,0,1,0.21,0,0,1,0,0
tpcds_sf10_t8,TPCDS SF10,tpcds,10,8,Q81,2,Forward-only,20,0,0,1,0.21,0.21,0.21,0.21,0,0,1,0.21,0,0,1,0,0
tpcds_sf10_t8,TPCDS SF10,tpcds,10,8,Q81,3,THC,20,0,0,1,0.21,0.21,0.21,0.21,0,0,1,0.21,0,0,1,0,0
tpcds_sf10_t8,TPCDS SF10,tpcds,10,8,Q81,4,RPT+,20,0,0,1,0.21,0.21,0.21,0.21,0,0,1,0.21,0,0,1,0,0
tpcds_sf10_t8,TPCDS SF10,tpcds,10,8,Q82,1,Baseline,20,0,0,1,0.21,2.77,0.21,6.981,5.7625,0.902553288,2.52021661,2.77,12.1904762,32.2428571,0.3,0.7,0
tpcds_sf10_t8,TPCDS SF10,tpcds,10,8,Q82,2,Forward-only,20,0,0,1,0.21,0.21,0.21,0.831,0.61,0.736875825,3.95714286,0.21,0,2.95714286,0.7,0.3,0
tpcds_sf10_t8,TPCDS SF10,tpcds,10,8,Q82,3,THC,20,0,0,1,0.21,0.21,0.21,0.93,0.61,0.747806183,4.42857143,0.21,0,3.42857143,0.7,0.3,0
tpcds_sf10_t8,TPCDS SF10,tpcds,10,8,Q82,4,RPT+,20,0,0,1,0.21,0.21,0.21,0.21,0,0,1,0.21,0,0,1,0,0
tpcds_sf10_t8,TPCDS SF10,tpcds,10,8,Q83,1,Baseline,20,0,0,1,0.21,0.21,0.21,0.21,0,0,1,0.21,0,0,1,0,0
tpcds_sf10_t8,TPCDS SF10,tpcds,10,8,Q83,2,Forward-only,20,0,0,1,0.11,0.11,0.11,0.11,0,0,1,0.11,0,0,1,0,0
tpcds_sf10_t8,TPCDS SF10,tpcds,10,8,Q83,3,THC,20,0,0,1,0.11,0.11,0.11,0.11,0,0,1,0.11,0,0,1,0,0
tpcds_sf10_t8,TPCDS SF10,tpcds,10,8,Q83,4,RPT+,20,0,0,1,0.11,0.11,0.11,0.11,0,0,1,0.11,0,0,1,0,0
tpcds_sf10_t8,TPCDS SF10,tpcds,10,8,Q84,1,Baseline,20,0,0,1,0.11,0.21,0.11,0.21,0.1,0.254587539,1,0.21,0.909090909,0.909090909,0.3,0,0
tpcds_sf10_t8,TPCDS SF10,tpcds,10,8,Q84,2,Forward-only,20,0,0,1,0.11,0.11,0.11,0.11,0,0.189517345,1,0.11,0,0,0.95,0,0
tpcds_sf10_t8,TPCDS SF10,tpcds,10,8,Q84,3,THC,20,0,0,1,0.11,0.11,0.11,0.11,0,0.189517345,1,0.11,0,0,0.95,0,0
tpcds_sf10_t8,TPCDS SF10,tpcds,10,8,Q84,4,RPT+,20,0,0,1,0.11,0.11,0.11,0.11,0,0,1,0.11,0,0,1,0,0
tpcds_sf10_t8,TPCDS SF10,tpcds,10,8,Q85,1,Baseline,20,0,0,1,0.31,0.31,0.31,0.31,0,0,1,0.31,0,0,1,0,0
tpcds_sf10_t8,TPCDS SF10,tpcds,10,8,Q85,2,Forward-only,20,0,0,1,0.31,0.31,0.31,0.31,0,0,1,0.31,0,0,1,0,0
tpcds_sf10_t8,TPCDS SF10,tpcds,10,8,Q85,3,THC,20,0,0,1,0.31,0.31,0.31,0.31,0,0.0691888721,1,0.31,0,0,0.95,0,0
tpcds_sf10_t8,TPCDS SF10,tpcds,10,8,Q85,4,RPT+,20,0,0,1,0.31,0.31,0.31,0.31,0,0.0691888721,1,0.31,0,0,0.95,0,0
tpcds_sf10_t8,TPCDS SF10,tpcds,10,8,Q86,1,Baseline,20,0,0,1,0.21,0.21,0.21,0.21,0,0,1,0.21,0,0,1,0,0
tpcds_sf10_t8,TPCDS SF10,tpcds,10,8,Q86,2,Forward-only,20,0,0,1,0.21,0.21,0.21,0.21,0,0,1,0.21,0,0,1,0,0
tpcds_sf10_t8,TPCDS SF10,tpcds,10,8,Q86,3,THC,20,0,0,1,0.21,0.21,0.21,0.21,0,0,1,0.21,0,0,1,0,0
tpcds_sf10_t8,TPCDS SF10,tpcds,10,8,Q86,4,RPT+,20,0,0,1,0.21,0.21,0.21,0.21,0,0,1,0.21,0,0,1,0,0
tpcds_sf10_t8,TPCDS SF10,tpcds,10,8,Q87,1,Baseline,20,0,0,1,0.52,0.62,0.52,0.62,0,0.0590200697,1,0.62,0.192307692,0.192307692,0.15,0,9
tpcds_sf10_t8,TPCDS SF10,tpcds,10,8,Q87,2,Forward-only,20,0,0,1,0.62,0.62,0.62,0.62,0,0,1,0.62,0,0,1,0,0
tpcds_sf10_t8,TPCDS SF10,tpcds,10,8,Q87,3,THC,20,0,0,1,0.62,0.62,0.62,0.62,0,0,1,0.62,0,0,1,0,0
tpcds_sf10_t8,TPCDS SF10,tpcds,10,8,Q87,4,RPT+,20,0,0,1,0.62,0.62,0.62,0.62,0,0,1,0.62,0,0,1,0,0
tpcds_sf10_t8,TPCDS SF10,tpcds,10,8,Q88,1,Baseline,20,0,0,1,0.72,0.82,0.82,0.92,0,0.0571221079,1.12195122,0.82,0.138888889,0.277777778,0.05,0,0
tpcds_sf10_t8,TPCDS SF10,tpcds,10,8,Q88,2,Forward-only,20,0,0,1,0.51,0.52,0.52,0.52,0,0.00419528291,1,0.52,0.0196078431,0.0196078431,1,0,5
tpcds_sf10_t8,TPCDS SF10,tpcds,10,8,Q88,3,THC,20,0,0,1,0.52,0.52,0.52,0.52,0,0,1,0.52,0,0,1,0,0
tpcds_sf10_t8,TPCDS SF10,tpcds,10,8,Q88,4,RPT+,20,0,0,1,0.52,0.52,0.52,0.52,0,0,1,0.52,0,0,1,0,0
tpcds_sf10_t8,TPCDS SF10,tpcds,10,8,Q89,1,Baseline,20,0,0,1,0.31,0.31,0.31,0.41,0.1,0.140139076,1.32258065,0.31,0,0.322580645,0.55,0,0
tpcds_sf10_t8,TPCDS SF10,tpcds,10,8,Q89,2,Forward-only,20,0,0,1,0.21,0.31,0.31,0.31,0,0.0714573597,1,0.31,0.476190476,0.476190476,0.05,0,19
tpcds_sf10_t8,TPCDS SF10,tpcds,10,8,Q89,3,THC,20,0,0,1,0.31,0.31,0.31,0.31,0,0,1,0.31,0,0,1,0,0
tpcds_sf10_t8,TPCDS SF10,tpcds,10,8,Q89,4,RPT+,20,0,0,1,0.31,0.31,0.31,0.31,0,0,1,0.31,0,0,1,0,0
tpcds_sf10_t8,TPCDS SF10,tpcds,10,8,Q90,1,Baseline,20,0,0,1,0.11,0.21,0.11,0.21,0.1,0.272554058,1,0.21,0.909090909,0.909090909,0.35,0,0
tpcds_sf10_t8,TPCDS SF10,tpcds,10,8,Q90,2,Forward-only,20,0,0,1,0.11,0.11,0.11,0.11,0,0,1,0.11,0,0,1,0,0
tpcds_sf10_t8,TPCDS SF10,tpcds,10,8,Q90,3,THC,20,0,0,1,0.11,0.11,0.11,0.11,0,0,1,0.11,0,0,1,0,0
tpcds_sf10_t8,TPCDS SF10,tpcds,10,8,Q90,4,RPT+,20,0,0,1,0.11,0.11,0.11,0.11,0,0,1,0.11,0,0,1,0,0
tpcds_sf10_t8,TPCDS SF10,tpcds,10,8,Q91,1,Baseline,20,0,0,1,0.11,0.11,0.11,0.21,0.1,0.326598632,1.90909091,0.11,0,0.909090909,0.6,0,1
tpcds_sf10_t8,TPCDS SF10,tpcds,10,8,Q91,2,Forward-only,20,0,0,1,0.11,0.11,0.11,0.11,0,0,1,0.11,0,0,1,0,0
tpcds_sf10_t8,TPCDS SF10,tpcds,10,8,Q91,3,THC,20,0,0,1,0.11,0.11,0.11,0.11,0,0,1,0.11,0,0,1,0,0
tpcds_sf10_t8,TPCDS SF10,tpcds,10,8,Q91,4,RPT+,20,0,0,1,0.11,0.11,0.11,0.11,0,0,1,0.11,0,0,1,0,0
tpcds_sf10_t8,TPCDS SF10,tpcds,10,8,Q92,1,Baseline,20,0,0,1,0.21,0.21,0.21,0.21,0,0,1,0.21,0,0,1,0,0
tpcds_sf10_t8,TPCDS SF10,tpcds,10,8,Q92,2,Forward-only,20,0,0,1,0.11,0.11,0.11,0.11,0,0,1,0.11,0,0,1,0,0
tpcds_sf10_t8,TPCDS SF10,tpcds,10,8,Q92,3,THC,20,0,0,1,0.11,0.11,0.11,0.11,0,0,1,0.11,0,0,1,0,0
tpcds_sf10_t8,TPCDS SF10,tpcds,10,8,Q92,4,RPT+,20,0,0,1,0.11,0.11,0.11,0.11,0,0,1,0.11,0,0,1,0,0
tpcds_sf10_t8,TPCDS SF10,tpcds,10,8,Q93,1,Baseline,20,0,0,1,0.62,0.62,0.62,0.62,0,0,1,0.62,0,0,1,0,0
tpcds_sf10_t8,TPCDS SF10,tpcds,10,8,Q93,2,Forward-only,20,0,0,1,0.41,0.41,0.41,0.52,0.11,0.116982511,1.26829268,0.41,0,0.268292683,0.65,0,1
tpcds_sf10_t8,TPCDS SF10,tpcds,10,8,Q93,3,THC,20,0,0,1,0.41,0.41,0.41,0.52,0.11,0.119095341,1.26829268,0.41,0,0.268292683,0.55,0,0
tpcds_sf10_t8,TPCDS SF10,tpcds,10,8,Q93,4,RPT+,20,0,0,1,0.41,0.52,0.41,0.52,0.11,0.10350787,1,0.52,0.268292683,0.268292683,0.3,0,0
tpcds_sf10_t8,TPCDS SF10,tpcds,10,8,Q94,1,Baseline,20,0,0,1,0.21,0.21,0.21,0.21,0,0,1,0.21,0,0,1,0,0
tpcds_sf10_t8,TPCDS SF10,tpcds,10,8,Q94,2,Forward-only,20,0,0,1,0.21,0.21,0.21,0.21,0,0,1,0.21,0,0,1,0,0
tpcds_sf10_t8,TPCDS SF10,tpcds,10,8,Q94,3,THC,20,0,0,1,0.21,0.21,0.21,0.21,0,0,1,0.21,0,0,1,0,0
tpcds_sf10_t8,TPCDS SF10,tpcds,10,8,Q94,4,RPT+,20,0,0,1,0.21,0.21,0.21,0.21,0,0,1,0.21,0,0,1,0,0
tpcds_sf10_t8,TPCDS SF10,tpcds,10,8,Q95,1,Baseline,20,0,0,1,1.84,1.85,1.85,1.86,0,0.0162650359,1.00540541,1.85,0.00543478261,0.0108695652,1,0,16
tpcds_sf10_t8,TPCDS SF10,tpcds,10,8,Q95,2,Forward-only,20,0,0,1,1.85,1.85,1.85,1.85,0,0,1,1.85,0,0,1,0,0
tpcds_sf10_t8,TPCDS SF10,tpcds,10,8,Q95,3,THC,20,0,0,1,2.87,2.92,2.87,2.971,0.1,0.0202938318,1.01746575,2.92,0.0174216028,0.0351916376,1,0,0
tpcds_sf10_t8,TPCDS SF10,tpcds,10,8,Q95,4,RPT+,20,0,0,1,0.31,0.31,0.31,0.31,0,0,1,0.31,0,0,1,0,0
tpcds_sf10_t8,TPCDS SF10,tpcds,10,8,Q96,1,Baseline,20,0,0,1,0.21,0.21,0.21,0.21,0,0,1,0.21,0,0,1,0,0
tpcds_sf10_t8,TPCDS SF10,tpcds,10,8,Q96,2,Forward-only,20,0,0,1,0.21,0.21,0.21,0.21,0,0,1,0.21,0,0,1,0,0
tpcds_sf10_t8,TPCDS SF10,tpcds,10,8,Q96,3,THC,20,0,0,1,0.21,0.21,0.21,0.21,0,0,1,0.21,0,0,1,0,0
tpcds_sf10_t8,TPCDS SF10,tpcds,10,8,Q96,4,RPT+,20,0,0,1,0.21,0.21,0.21,0.21,0,0,1,0.21,0,0,1,0,0
tpcds_sf10_t8,TPCDS SF10,tpcds,10,8,Q97,1,Baseline,20,0,0,1,0.52,0.52,0.52,0.62,0.025,0.0794518719,1.19230769,0.52,0,0.192307692,0.75,0,0
tpcds_sf10_t8,TPCDS SF10,tpcds,10,8,Q97,2,Forward-only,20,0,0,1,0.52,0.52,0.52,0.62,0.025,0.0794518719,1.19230769,0.52,0,0.192307692,0.75,0,0
tpcds_sf10_t8,TPCDS SF10,tpcds,10,8,Q97,3,THC,20,0,0,1,0.52,0.52,0.52,0.62,0,0.0740740741,1.19230769,0.52,0,0.192307692,0.8,0,0
tpcds_sf10_t8,TPCDS SF10,tpcds,10,8,Q97,4,RPT+,20,0,0,1,0.62,0.62,0.62,0.62,0,0,1,0.62,0,0,1,0,0
tpcds_sf10_t8,TPCDS SF10,tpcds,10,8,Q98,1,Baseline,20,0,0,1,0.31,0.31,0.31,0.31,0,0,1,0.31,0,0,1,0,0
tpcds_sf10_t8,TPCDS SF10,tpcds,10,8,Q98,2,Forward-only,20,0,0,1,0.21,0.31,0.31,0.31,0,0.0714573597,1,0.31,0.476190476,0.476190476,0.05,0,15
tpcds_sf10_t8,TPCDS SF10,tpcds,10,8,Q98,3,THC,20,0,0,1,0.21,0.31,0.31,0.31,0,0.0714573597,1,0.31,0.476190476,0.476190476,0.05,0,7
tpcds_sf10_t8,TPCDS SF10,tpcds,10,8,Q98,4,RPT+,20,0,0,1,0.31,0.31,0.31,0.31,0,0,1,0.31,0,0,1,0,0
tpcds_sf10_t8,TPCDS SF10,tpcds,10,8,Q99,1,Baseline,20,0,0,1,0.21,0.21,0.21,0.21,0,0,1,0.21,0,0,1,0,0
tpcds_sf10_t8,TPCDS SF10,tpcds,10,8,Q99,2,Forward-only,20,0,0,1,0.21,0.21,0.21,0.21,0,0,1,0.21,0,0,1,0,0
tpcds_sf10_t8,TPCDS SF10,tpcds,10,8,Q99,3,THC,20,0,0,1,0.21,0.21,0.21,0.21,0,0,1,0.21,0,0,1,0,0
tpcds_sf10_t8,TPCDS SF10,tpcds,10,8,Q99,4,RPT+,20,0,0,1,0.21,0.21,0.21,0.21,0,0.101369743,1,0.21,0,0,0.95,0,0
tpcds_sf20_t8,TPCDS SF20,tpcds,20,8,Q01,1,Baseline,20,0,0,1,0.62,0.62,0.62,0.62,0,0.0348711915,1,0.62,0,0,0.95,0,1
tpcds_sf20_t8,TPCDS SF20,tpcds,20,8,Q01,2,Forward-only,20,0,0,1,0.62,0.62,0.62,0.62,0,0,1,0.62,0,0,1,0,0
tpcds_sf20_t8,TPCDS SF20,tpcds,20,8,Q01,3,THC,20,0,0,1,0.93,0.93,0.93,0.93,0,0,1,0.93,0,0,1,0,0
tpcds_sf20_t8,TPCDS SF20,tpcds,20,8,Q01,4,RPT+,20,0,0,1,0.62,0.62,0.62,0.62,0,0,1,0.62,0,0,1,0,0
tpcds_sf20_t8,TPCDS SF20,tpcds,20,8,Q02,1,Baseline,20,0,0,1,0.62,0.62,0.62,0.62,0,0.0348711915,1,0.62,0,0,0.95,0,1
tpcds_sf20_t8,TPCDS SF20,tpcds,20,8,Q02,2,Forward-only,20,0,0,1,0.62,0.62,0.62,0.62,0,0,1,0.62,0,0,1,0,0
tpcds_sf20_t8,TPCDS SF20,tpcds,20,8,Q02,3,THC,20,0,0,1,0.62,0.62,0.62,0.62,0,0,1,0.62,0,0,1,0,0
tpcds_sf20_t8,TPCDS SF20,tpcds,20,8,Q02,4,RPT+,20,0,0,1,0.62,0.62,0.62,0.62,0,0,1,0.62,0,0,1,0,0
tpcds_sf20_t8,TPCDS SF20,tpcds,20,8,Q03,1,Baseline,20,0,0,1,0.41,0.41,0.41,0.52,0.11,0.168129129,1.26829268,0.41,0,0.268292683,0.6,0,1
tpcds_sf20_t8,TPCDS SF20,tpcds,20,8,Q03,2,Forward-only,20,0,0,1,0.31,0.31,0.31,0.31,0,0,1,0.31,0,0,1,0,0
tpcds_sf20_t8,TPCDS SF20,tpcds,20,8,Q03,3,THC,20,0,0,1,0.31,0.31,0.31,0.31,0,0,1,0.31,0,0,1,0,0
tpcds_sf20_t8,TPCDS SF20,tpcds,20,8,Q03,4,RPT+,20,0,0,1,0.31,0.31,0.31,0.31,0,0,1,0.31,0,0,1,0,0
tpcds_sf20_t8,TPCDS SF20,tpcds,20,8,Q04,1,Baseline,20,0,0,1,3.38,4.15,3.48,4.62,1.12,0.138902028,1.11325301,4.15,0.227810651,0.366863905,0.45,0,18
tpcds_sf20_t8,TPCDS SF20,tpcds,20,8,Q04,2,Forward-only,20,0,0,1,3.49,4.155,3.49,4.72,1.055,0.131286962,1.13598075,4.155,0.190544413,0.35243553,0.5,0,2
tpcds_sf20_t8,TPCDS SF20,tpcds,20,8,Q04,3,THC,20,0,0,1,3.39,4.1,3.49,4.72,1.08,0.134540245,1.15121951,4.1,0.209439528,0.392330383,0.5,0,16
tpcds_sf20_t8,TPCDS SF20,tpcds,20,8,Q04,4,RPT+,20,0,0,1,3.49,4.155,3.49,4.82,1.33,0.156253001,1.16004813,4.155,0.190544413,0.381088825,0.5,0,0
tpcds_sf20_t8,TPCDS SF20,tpcds,20,8,Q05,1,Baseline,20,0,0,1,0.72,0.72,0.72,0.82,0.1,0.0757981665,1.13888889,0.72,0,0.138888889,0.7,0,1
tpcds_sf20_t8,TPCDS SF20,tpcds,20,8,Q05,2,Forward-only,20,0,0,1,0.62,0.62,0.62,0.62,0,0,1,0.62,0,0,1,0,0
tpcds_sf20_t8,TPCDS SF20,tpcds,20,8,Q05,3,THC,20,0,0,1,0.72,0.82,0.72,0.82,0.1,0.0641927379,1,0.82,0.138888889,0.138888889,0.45,0,1
tpcds_sf20_t8,TPCDS SF20,tpcds,20,8,Q05,4,RPT+,20,0,0,1,0.62,0.62,0.62,0.72,0,0.0562317199,1.16129032,0.62,0,0.161290323,0.85,0,0
tpcds_sf20_t8,TPCDS SF20,tpcds,20,8,Q06,1,Baseline,20,0,0,1,0.92,1.03,0.929,1.03,0.1,0.0508484973,1,1.03,0.119565217,0.119565217,0.4,0,4
tpcds_sf20_t8,TPCDS SF20,tpcds,20,8,Q06,2,Forward-only,20,0,0,1,0.92,1.03,0.92,1.03,0.025,0.0458043451,1,1.03,0.119565217,0.119565217,0.25,0,3
tpcds_sf20_t8,TPCDS SF20,tpcds,20,8,Q06,3,THC,20,0,0,1,0.93,1.03,0.93,1.03,0.1,0.0458257569,1,1.03,0.107526882,0.107526882,0.3,0,0
tpcds_sf20_t8,TPCDS SF20,tpcds,20,8,Q06,4,RPT+,20,0,0,1,0.93,1.03,0.93,1.03,0,0.0396039604,1,1.03,0.107526882,0.107526882,0.2,0,0
tpcds_sf20_t8,TPCDS SF20,tpcds,20,8,Q07,1,Baseline,20,0,0,1,0.62,0.82,0.62,1.14,0.2275,0.225333901,1.3902439,0.82,0.322580645,0.838709677,0.25,0,1
tpcds_sf20_t8,TPCDS SF20,tpcds,20,8,Q07,2,Forward-only,20,0,0,1,0.52,0.52,0.52,0.53,0,0.0566037736,1.01923077,0.52,0,0.0192307692,0.9,0,0
tpcds_sf20_t8,TPCDS SF20,tpcds,20,8,Q07,3,THC,20,0,0,1,0.52,0.52,0.52,0.52,0,0,1,0.52,0,0,1,0,0
tpcds_sf20_t8,TPCDS SF20,tpcds,20,8,Q07,4,RPT+,20,0,0,1,0.52,0.62,0.52,0.62,0.1,0.0865206467,1,0.62,0.192307692,0.192307692,0.45,0,2
tpcds_sf20_t8,TPCDS SF20,tpcds,20,8,Q08,1,Baseline,20,0,0,1,1.03,1.03,1.03,1.03,0,0,1,1.03,0,0,1,0,0
tpcds_sf20_t8,TPCDS SF20,tpcds,20,8,Q08,2,Forward-only,20,0,0,1,0.92,0.92,0.92,0.92,0,0.00236768003,1,0.92,0,0,1,0,0
tpcds_sf20_t8,TPCDS SF20,tpcds,20,8,Q08,3,THC,20,0,0,1,0.92,0.92,0.92,0.92,0,0.0259037755,1,0.92,0,0,0.95,0,0
tpcds_sf20_t8,TPCDS SF20,tpcds,20,8,Q08,4,RPT+,20,0,0,1,0.92,0.92,0.92,0.92,0,0,1,0.92,0,0,1,0,0
tpcds_sf20_t8,TPCDS SF20,tpcds,20,8,Q09,1,Baseline,20,0,0,1,0.92,0.92,0.92,0.93,0.01,0.025549114,1.01086957,0.92,0,0.0108695652,0.95,0,1
tpcds_sf20_t8,TPCDS SF20,tpcds,20,8,Q09,2,Forward-only,20,0,0,1,0.92,0.92,0.92,0.93,0.01,0.00538121924,1.01086957,0.92,0,0.0108695652,1,0,1
tpcds_sf20_t8,TPCDS SF20,tpcds,20,8,Q09,3,THC,20,0,0,1,0.92,0.93,0.92,0.93,0.0025,0.00466860056,1,0.93,0.0108695652,0.0108695652,1,0,5
tpcds_sf20_t8,TPCDS SF20,tpcds,20,8,Q09,4,RPT+,20,0,0,1,0.92,0.93,0.92,0.93,0.01,0.00537540485,1,0.93,0.0108695652,0.0108695652,1,0,1
tpcds_sf20_t8,TPCDS SF20,tpcds,20,8,Q10,1,Baseline,20,0,0,1,0.41,0.52,0.52,0.52,0,0.0465965873,1,0.52,0.268292683,0.268292683,0.05,0,16
tpcds_sf20_t8,TPCDS SF20,tpcds,20,8,Q10,2,Forward-only,20,0,0,1,0.52,0.52,0.52,0.52,0,0,1,0.52,0,0,1,0,0
tpcds_sf20_t8,TPCDS SF20,tpcds,20,8,Q10,3,THC,20,0,0,1,0.52,0.52,0.52,0.52,0,0,1,0.52,0,0,1,0,0
tpcds_sf20_t8,TPCDS SF20,tpcds,20,8,Q10,4,RPT+,20,0,0,1,0.31,0.31,0.31,0.31,0,0,1,0.31,0,0,1,0,0
tpcds_sf20_t8,TPCDS SF20,tpcds,20,8,Q11,1,Baseline,20,0,0,1,2.46,2.92,2.46,3.49,1.03,0.167685276,1.19520548,2.92,0.18699187,0.418699187,0.5,0,0
tpcds_sf20_t8,TPCDS SF20,tpcds,20,8,Q11,2,Forward-only,20,0,0,1,2.36,2.87,2.36,3.381,0.945,0.16297471,1.17804878,2.87,0.216101695,0.432627119,0.5,0,0
tpcds_sf20_t8,TPCDS SF20,tpcds,20,8,Q11,3,THC,20,0,0,1,2.26,2.87,2.36,3.39,0.9475,0.17011298,1.18118467,2.87,0.269911504,0.5,0.5,0,8
tpcds_sf20_t8,TPCDS SF20,tpcds,20,8,Q11,4,RPT+,20,0,0,1,2.36,2.975,2.36,3.59,1.055,0.188652095,1.20672269,2.975,0.26059322,0.521186441,0.5,0,0
tpcds_sf20_t8,TPCDS SF20,tpcds,20,8,Q12,1,Baseline,20,0,0,1,0.21,0.21,0.21,0.21,0,0,1,0.21,0,0,1,0,0
tpcds_sf20_t8,TPCDS SF20,tpcds,20,8,Q12,2,Forward-only,20,0,0,1,0.21,0.21,0.21,0.21,0,0,1,0.21,0,0,1,0,0
tpcds_sf20_t8,TPCDS SF20,tpcds,20,8,Q12,3,THC,20,0,0,1,0.21,0.21,0.21,0.21,0,0,1,0.21,0,0,1,0,0
tpcds_sf20_t8,TPCDS SF20,tpcds,20,8,Q12,4,RPT+,20,0,0,1,0.21,0.21,0.21,0.21,0,0,1,0.21,0,0,1,0,0
tpcds_sf20_t8,TPCDS SF20,tpcds,20,8,Q13,1,Baseline,20,0,0,1,0.72,0.925,0.81,1.03,0.21,0.118623815,1.11351351,0.925,0.284722222,0.430555556,0.1,0,12
tpcds_sf20_t8,TPCDS SF20,tpcds,20,8,Q13,2,Forward-only,20,0,0,1,0.82,0.93,0.82,1.13,0.1275,0.113783147,1.21505376,0.93,0.134146341,0.37804878,0.25,0,0
tpcds_sf20_t8,TPCDS SF20,tpcds,20,8,Q13,3,THC,20,0,0,1,0.82,0.93,0.82,1.13,0.1275,0.113783147,1.21505376,0.93,0.134146341,0.37804878,0.25,0,0
tpcds_sf20_t8,TPCDS SF20,tpcds,20,8,Q13,4,RPT+,20,0,0,1,0.93,1.03,1.03,1.03,0,0.0307017249,1,1.03,0.107526882,0.107526882,0.05,0,0
tpcds_sf20_t8,TPCDS SF20,tpcds,20,8,Q14,1,Baseline,20,0,0,1,6.25,6.35,6.25,6.36,0.1,0.00812063607,1.0015748,6.35,0.016,0.0176,1,0,0
tpcds_sf20_t8,TPCDS SF20,tpcds,20,8,Q14,2,Forward-only,20,0,0,1,6.25,6.35,6.25,6.369,0.11,0.0104918604,1.00299213,6.35,0.016,0.01904,1,0,0
tpcds_sf20_t8,TPCDS SF20,tpcds,20,8,Q14,3,THC,20,0,0,1,6.15,6.36,6.25,6.36,0.1,0.0107491318,1,6.36,0.0341463415,0.0341463415,1,0,12
tpcds_sf20_t8,TPCDS SF20,tpcds,20,8,Q14,4,RPT+,20,0,0,1,6.35,6.46,6.36,6.56,0,0.00991846473,1.01547988,6.46,0.0173228346,0.0330708661,1,0,0
tpcds_sf20_t8,TPCDS SF20,tpcds,20,8,Q15,1,Baseline,20,0,0,1,0.11,0.11,0.11,0.11,0,0,1,0.11,0,0,1,0,0
tpcds_sf20_t8,TPCDS SF20,tpcds,20,8,Q15,2,Forward-only,20,0,0,1,0.11,0.11,0.11,0.11,0,0,1,0.11,0,0,1,0,0
tpcds_sf20_t8,TPCDS SF20,tpcds,20,8,Q15,3,THC,20,0,0,1,0.11,0.11,0.11,0.11,0,0,1,0.11,0,0,1,0,0
tpcds_sf20_t8,TPCDS SF20,tpcds,20,8,Q15,4,RPT+,20,0,0,1,0.11,0.11,0.11,0.11,0,0,1,0.11,0,0,1,0,0
tpcds_sf20_t8,TPCDS SF20,tpcds,20,8,Q16,1,Baseline,20,0,0,1,0.21,0.21,0.21,0.21,0,0,1,0.21,0,0,1,0,0
tpcds_sf20_t8,TPCDS SF20,tpcds,20,8,Q16,2,Forward-only,20,0,0,1,0.21,0.21,0.21,0.21,0,0,1,0.21,0,0,1,0,0
tpcds_sf20_t8,TPCDS SF20,tpcds,20,8,Q16,3,THC,20,0,0,1,0.21,0.21,0.21,0.21,0,0,1,0.21,0,0,1,0,0
tpcds_sf20_t8,TPCDS SF20,tpcds,20,8,Q16,4,RPT+,20,0,0,1,0.21,0.21,0.21,0.21,0,0,1,0.21,0,0,1,0,0
tpcds_sf20_t8,TPCDS SF20,tpcds,20,8,Q17,1,Baseline,20,0,0,1,0.62,1.025,0.71,1.241,0.51,0.280759558,1.21073171,1.025,0.653225806,1.0016129,0.1,0.1,1
tpcds_sf20_t8,TPCDS SF20,tpcds,20,8,Q17,2,Forward-only,20,0,0,1,0.52,0.52,0.52,0.62,0,0.0740740741,1.19230769,0.52,0,0.192307692,0.8,0,0
tpcds_sf20_t8,TPCDS SF20,tpcds,20,8,Q17,3,THC,20,0,0,1,0.52,0.52,0.52,0.62,0.1,0.0874817765,1.19230769,0.52,0,0.192307692,0.6,0,0
tpcds_sf20_t8,TPCDS SF20,tpcds,20,8,Q17,4,RPT+,20,0,0,1,0.52,0.62,0.52,0.62,0.1,0.0901160109,1,0.62,0.192307692,0.192307692,0.3,0,3
tpcds_sf20_t8,TPCDS SF20,tpcds,20,8,Q18,1,Baseline,20,0,0,1,0.31,0.41,0.31,0.54,0.21,0.303198171,1.31707317,0.41,0.322580645,0.741935484,0.3,0.1,3
tpcds_sf20_t8,TPCDS SF20,tpcds,20,8,Q18,2,Forward-only,20,0,0,1,0.21,0.31,0.21,0.31,0.025,0.151934281,1,0.31,0.476190476,0.476190476,0.25,0,1
tpcds_sf20_t8,TPCDS SF20,tpcds,20,8,Q18,3,THC,20,0,0,1,0.21,0.31,0.21,0.31,0.1,0.181443685,1,0.31,0.476190476,0.476190476,0.4,0,1
tpcds_sf20_t8,TPCDS SF20,tpcds,20,8,Q18,4,RPT+,20,0,0,1,0.21,0.31,0.21,0.31,0.1,0.181443685,1,0.31,0.476190476,0.476190476,0.4,0,1
tpcds_sf20_t8,TPCDS SF20,tpcds,20,8,Q19,1,Baseline,20,0,0,1,0.51,0.52,0.52,0.62,0.1,0.0840825384,1.19230769,0.52,0.0196078431,0.215686275,0.7,0,4
tpcds_sf20_t8,TPCDS SF20,tpcds,20,8,Q19,2,Forward-only,20,0,0,1,0.41,0.41,0.41,0.41,0,0,1,0.41,0,0,1,0,0
tpcds_sf20_t8,TPCDS SF20,tpcds,20,8,Q19,3,THC,20,0,0,1,0.41,0.41,0.41,0.41,0,0,1,0.41,0,0,1,0,0
tpcds_sf20_t8,TPCDS SF20,tpcds,20,8,Q19,4,RPT+,20,0,0,1,0.41,0.41,0.41,0.41,0,0,1,0.41,0,0,1,0,0
tpcds_sf20_t8,TPCDS SF20,tpcds,20,8,Q20,1,Baseline,20,0,0,1,0.11,0.11,0.11,0.11,0,0,1,0.11,0,0,1,0,0
tpcds_sf20_t8,TPCDS SF20,tpcds,20,8,Q20,2,Forward-only,20,0,0,1,0.11,0.11,0.11,0.11,0,0,1,0.11,0,0,1,0,0
tpcds_sf20_t8,TPCDS SF20,tpcds,20,8,Q20,3,THC,20,0,0,1,0.11,0.11,0.11,0.11,0,0,1,0.11,0,0,1,0,0
tpcds_sf20_t8,TPCDS SF20,tpcds,20,8,Q20,4,RPT+,20,0,0,1,0.11,0.11,0.11,0.11,0,0,1,0.11,0,0,1,0,0
tpcds_sf20_t8,TPCDS SF20,tpcds,20,8,Q21,1,Baseline,20,0,0,1,0.11,0.11,0.11,0.11,0,0,1,0.11,0,0,1,0,0
tpcds_sf20_t8,TPCDS SF20,tpcds,20,8,Q21,2,Forward-only,20,0,0,1,0.11,0.11,0.11,0.11,0,0,1,0.11,0,0,1,0,0
tpcds_sf20_t8,TPCDS SF20,tpcds,20,8,Q21,3,THC,20,0,0,1,0.11,0.11,0.11,0.11,0,0,1,0.11,0,0,1,0,0
tpcds_sf20_t8,TPCDS SF20,tpcds,20,8,Q21,4,RPT+,20,0,0,1,0.11,0.11,0.11,0.11,0,0,1,0.11,0,0,1,0,0
tpcds_sf20_t8,TPCDS SF20,tpcds,20,8,Q22,1,Baseline,20,0,0,1,0.41,0.41,0.41,0.41,0,0.0576990233,1,0.41,0,0,0.95,0,0
tpcds_sf20_t8,TPCDS SF20,tpcds,20,8,Q22,2,Forward-only,20,0,0,1,0.41,0.41,0.41,0.52,0,0.101851852,1.26829268,0.41,0,0.268292683,0.8,0,0
tpcds_sf20_t8,TPCDS SF20,tpcds,20,8,Q22,3,THC,20,0,0,1,0.41,0.41,0.41,0.52,0.11,0.113788561,1.26829268,0.41,0,0.268292683,0.7,0,1
tpcds_sf20_t8,TPCDS SF20,tpcds,20,8,Q22,4,RPT+,20,0,0,1,0.41,0.41,0.41,0.52,0.11,0.118697741,1.26829268,0.41,0,0.268292683,0.6,0,0
tpcds_sf20_t8,TPCDS SF20,tpcds,20,8,Q23,1,Baseline,20,0,0,1,4.1,4.1,4.1,4.21,0.11,0.0126393799,1.02682927,4.1,0,0.0268292683,1,0,2
tpcds_sf20_t8,TPCDS SF20,tpcds,20,8,Q23,2,Forward-only,20,0,0,1,4.2,4.21,4.2,4.21,0.01,0.00544508307,1,4.21,0.00238095238,0.00238095238,1,0,1
tpcds_sf20_t8,TPCDS SF20,tpcds,20,8,Q23,3,THC,20,0,0,1,4.11,4.21,4.2,4.22,0,0.0106226507,1.0023753,4.21,0.0243309002,0.0267639903,1,0,15
tpcds_sf20_t8,TPCDS SF20,tpcds,20,8,Q23,4,RPT+,20,0,0,1,4.21,4.21,4.21,4.31,0,0.00845139459,1.02375297,4.21,0,0.0237529691,1,0,0
tpcds_sf20_t8,TPCDS SF20,tpcds,20,8,Q24,1,Baseline,20,0,0,1,0.72,1.13,0.72,8.142,0.77,1.25634302,7.20530973,1.13,0.569444444,10.3083333,0.15,0.3,3
tpcds_sf20_t8,TPCDS SF20,tpcds,20,8,Q24,2,Forward-only,20,0,0,1,0.52,0.62,0.61,9.084,0.1,1.62747315,14.6516129,0.62,0.192307692,16.4692308,0.1,0.2,0
tpcds_sf20_t8,TPCDS SF20,tpcds,20,8,Q24,3,THC,20,0,0,1,0.52,0.72,0.62,10.813,0.1,1.67432771,15.0180556,0.72,0.384615385,19.7942308,0.05,0.2,0
tpcds_sf20_t8,TPCDS SF20,tpcds,20,8,Q24,4,RPT+,20,0,0,1,0.52,0.82,0.71,8.654,0.025,1.49765027,10.5536585,0.82,0.576923077,15.6423077,0.05,0.2,0
tpcds_sf20_t8,TPCDS SF20,tpcds,20,8,Q25,1,Baseline,20,0,0,1,0.52,0.67,0.62,1.23,0.61,0.342935291,1.8358209,0.67,0.288461538,1.36538462,0.05,0.35,1
tpcds_sf20_t8,TPCDS SF20,tpcds,20,8,Q25,2,Forward-only,20,0,0,1,0.52,0.52,0.52,0.52,0,0,1,0.52,0,0,1,0,0
tpcds_sf20_t8,TPCDS SF20,tpcds,20,8,Q25,3,THC,20,0,0,1,0.52,0.52,0.52,0.52,0,0,1,0.52,0,0,1,0,0
tpcds_sf20_t8,TPCDS SF20,tpcds,20,8,Q25,4,RPT+,20,0,0,1,0.52,0.52,0.52,0.62,0,0.0667423218,1.19230769,0.52,0,0.192307692,0.85,0,0
tpcds_sf20_t8,TPCDS SF20,tpcds,20,8,Q26,1,Baseline,20,0,0,1,0.21,0.21,0.21,0.41,0.1,0.29016958,1.95238095,0.21,0,0.952380952,0.7,0,0
tpcds_sf20_t8,TPCDS SF20,tpcds,20,8,Q26,2,Forward-only,20,0,0,1,0.21,0.21,0.21,0.21,0,0,1,0.21,0,0,1,0,0
tpcds_sf20_t8,TPCDS SF20,tpcds,20,8,Q26,3,THC,20,0,0,1,0.21,0.21,0.21,0.21,0,0,1,0.21,0,0,1,0,0
tpcds_sf20_t8,TPCDS SF20,tpcds,20,8,Q26,4,RPT+,20,0,0,1,0.21,0.21,0.21,0.21,0,0,1,0.21,0,0,1,0,0
tpcds_sf20_t8,TPCDS SF20,tpcds,20,8,Q27,1,Baseline,20,0,0,1,1.23,1.85,1.43,2.16,0.435,0.16372495,1.16756757,1.85,0.504065041,0.756097561,0.1,0,0
tpcds_sf20_t8,TPCDS SF20,tpcds,20,8,Q27,2,Forward-only,20,0,0,1,0.82,0.93,0.919,0.93,0,0.0359085963,1,0.93,0.134146341,0.134146341,0.1,0,1
tpcds_sf20_t8,TPCDS SF20,tpcds,20,8,Q27,3,THC,20,0,0,1,0.93,0.93,0.93,0.93,0,0,1,0.93,0,0,1,0,0
tpcds_sf20_t8,TPCDS SF20,tpcds,20,8,Q27,4,RPT+,20,0,0,1,0.93,0.93,0.93,0.93,0,0.02330962,1,0.93,0,0,0.95,0,0
tpcds_sf20_t8,TPCDS SF20,tpcds,20,8,Q28,1,Baseline,20,0,0,1,1.13,1.13,1.13,1.13,0,0,1,1.13,0,0,1,0,0
tpcds_sf20_t8,TPCDS SF20,tpcds,20,8,Q28,2,Forward-only,20,0,0,1,1.13,1.13,1.13,1.13,0,0,1,1.13,0,0,1,0,0
tpcds_sf20_t8,TPCDS SF20,tpcds,20,8,Q28,3,THC,20,0,0,1,1.13,1.13,1.13,1.13,0,0,1,1.13,0,0,1,0,0
tpcds_sf20_t8,TPCDS SF20,tpcds,20,8,Q28,4,RPT+,20,0,0,1,1.03,1.13,1.13,1.13,0,0.0193728842,1,1.13,0.0970873786,0.0970873786,1,0,2
tpcds_sf20_t8,TPCDS SF20,tpcds,20,8,Q29,1,Baseline,20,0,0,1,0.72,0.82,0.72,1.23,0.51,0.251971203,1.5,0.82,0.138888889,0.708333333,0.4,0,1
tpcds_sf20_t8,TPCDS SF20,tpcds,20,8,Q29,2,Forward-only,20,0,0,1,0.62,0.62,0.62,0.82,0.1,0.117647059,1.32258065,0.62,0,0.322580645,0.6,0,1
tpcds_sf20_t8,TPCDS SF20,tpcds,20,8,Q29,3,THC,20,0,0,1,0.62,0.62,0.62,0.82,0.1,0.117647059,1.32258065,0.62,0,0.322580645,0.6,0,1
tpcds_sf20_t8,TPCDS SF20,tpcds,20,8,Q29,4,RPT+,20,0,0,1,0.62,0.67,0.62,0.82,0.125,0.11930305,1.2238806,0.67,0.0806451613,0.322580645,0.5,0,1
tpcds_sf20_t8,TPCDS SF20,tpcds,20,8,Q30,1,Baseline,20,0,0,1,0.21,0.21,0.21,0.21,0,0,1,0.21,0,0,1,0,0
tpcds_sf20_t8,TPCDS SF20,tpcds,20,8,Q30,2,Forward-only,20,0,0,1,0.21,0.21,0.21,0.21,0,0,1,0.21,0,0,1,0,0
tpcds_sf20_t8,TPCDS SF20,tpcds,20,8,Q30,3,THC,20,0,0,1,0.21,0.21,0.21,0.21,0,0,1,0.21,0,0,1,0,0
tpcds_sf20_t8,TPCDS SF20,tpcds,20,8,Q30,4,RPT+,20,0,0,1,0.21,0.21,0.21,0.31,0,0.173913043,1.47619048,0.21,0,0.476190476,0.8,0,0
tpcds_sf20_t8,TPCDS SF20,tpcds,20,8,Q31,1,Baseline,20,0,0,1,0.72,0.72,0.72,0.72,0,0,1,0.72,0,0,1,0,0
tpcds_sf20_t8,TPCDS SF20,tpcds,20,8,Q31,2,Forward-only,20,0,0,1,0.52,0.62,0.62,0.62,0,0.0354382028,1,0.62,0.192307692,0.192307692,0.05,0,1
tpcds_sf20_t8,TPCDS SF20,tpcds,20,8,Q31,3,THC,20,0,0,1,0.62,0.62,0.62,0.62,0,0,1,0.62,0,0,1,0,0
tpcds_sf20_t8,TPCDS SF20,tpcds,20,8,Q31,4,RPT+,20,0,0,1,0.62,0.62,0.62,0.62,0,0,1,0.62,0,0,1,0,0
tpcds_sf20_t8,TPCDS SF20,tpcds,20,8,Q32,1,Baseline,20,0,0,1,0.11,0.11,0.11,0.11,0,0,1,0.11,0,0,1,0,0
tpcds_sf20_t8,TPCDS SF20,tpcds,20,8,Q32,2,Forward-only,20,0,0,1,0.11,0.11,0.11,0.11,0,0,1,0.11,0,0,1,0,0
tpcds_sf20_t8,TPCDS SF20,tpcds,20,8,Q32,3,THC,20,0,0,1,0.11,0.11,0.11,0.11,0,0,1,0.11,0,0,1,0,0
tpcds_sf20_t8,TPCDS SF20,tpcds,20,8,Q32,4,RPT+,20,0,0,1,0.11,0.11,0.11,0.11,0,0,1,0.11,0,0,1,0,0
tpcds_sf20_t8,TPCDS SF20,tpcds,20,8,Q33,1,Baseline,20,0,0,1,0.52,0.52,0.52,0.52,0,0,1,0.52,0,0,1,0,0
tpcds_sf20_t8,TPCDS SF20,tpcds,20,8,Q33,2,Forward-only,20,0,0,1,0.41,0.41,0.41,0.41,0,0,1,0.41,0,0,1,0,0
tpcds_sf20_t8,TPCDS SF20,tpcds,20,8,Q33,3,THC,20,0,0,1,0.41,0.41,0.41,0.41,0,0,1,0.41,0,0,1,0,0
tpcds_sf20_t8,TPCDS SF20,tpcds,20,8,Q33,4,RPT+,20,0,0,1,0.41,0.41,0.41,0.41,0,0,1,0.41,0,0,1,0,0
tpcds_sf20_t8,TPCDS SF20,tpcds,20,8,Q34,1,Baseline,20,0,0,1,0.62,0.72,0.62,0.72,0.1,0.0737027731,1,0.72,0.161290323,0.161290323,0.45,0,0
tpcds_sf20_t8,TPCDS SF20,tpcds,20,8,Q34,2,Forward-only,20,0,0,1,0.41,0.41,0.41,0.41,0,0,1,0.41,0,0,1,0,0
tpcds_sf20_t8,TPCDS SF20,tpcds,20,8,Q34,3,THC,20,0,0,1,0.41,0.41,0.41,0.41,0,0,1,0.41,0,0,1,0,0
tpcds_sf20_t8,TPCDS SF20,tpcds,20,8,Q34,4,RPT+,20,0,0,1,0.41,0.41,0.41,0.41,0,0,1,0.41,0,0,1,0,0
tpcds_sf20_t8,TPCDS SF20,tpcds,20,8,Q35,1,Baseline,20,0,0,1,0.72,0.72,0.72,0.72,0,0,1,0.72,0,0,1,0,0
tpcds_sf20_t8,TPCDS SF20,tpcds,20,8,Q35,2,Forward-only,20,0,0,1,0.72,0.72,0.72,0.72,0,0,1,0.72,0,0,1,0,0
tpcds_sf20_t8,TPCDS SF20,tpcds,20,8,Q35,3,THC,20,0,0,1,0.72,0.72,0.72,0.72,0,0,1,0.72,0,0,1,0,0
tpcds_sf20_t8,TPCDS SF20,tpcds,20,8,Q35,4,RPT+,20,0,0,1,0.62,0.62,0.62,0.62,0,0,1,0.62,0,0,1,0,0
tpcds_sf20_t8,TPCDS SF20,tpcds,20,8,Q36,1,Baseline,20,0,0,1,0.82,0.82,0.82,0.82,0,0,1,0.82,0,0,1,0,0
tpcds_sf20_t8,TPCDS SF20,tpcds,20,8,Q36,2,Forward-only,20,0,0,1,0.82,0.82,0.82,0.82,0,0,1,0.82,0,0,1,0,0
tpcds_sf20_t8,TPCDS SF20,tpcds,20,8,Q36,3,THC,20,0,0,1,0.82,0.82,0.82,0.82,0,0,1,0.82,0,0,1,0,0
tpcds_sf20_t8,TPCDS SF20,tpcds,20,8,Q36,4,RPT+,20,0,0,1,0.92,0.93,0.93,0.93,0,0.00234475468,1,0.93,0.0108695652,0.0108695652,1,0,9
tpcds_sf20_t8,TPCDS SF20,tpcds,20,8,Q37,1,Baseline,20,0,0,1,0.11,2.1,0.11,72.034,65.51,1.31585771,34.3019048,2.1,18.0909091,653.854545,0.25,0.6,2
tpcds_sf20_t8,TPCDS SF20,tpcds,20,8,Q37,2,Forward-only,20,0,0,1,0.11,0.11,0.11,0.11,0,0,1,0.11,0,0,1,0,0
tpcds_sf20_t8,TPCDS SF20,tpcds,20,8,Q37,3,THC,20,0,0,1,0.11,0.11,0.11,0.11,0,0,1,0.11,0,0,1,0,0
tpcds_sf20_t8,TPCDS SF20,tpcds,20,8,Q37,4,RPT+,20,0,0,1,0.11,0.11,0.11,0.11,0,0,1,0.11,0,0,1,0,0
tpcds_sf20_t8,TPCDS SF20,tpcds,20,8,Q38,1,Baseline,20,0,0,1,0.92,0.93,0.92,0.93,0.01,0.00529047461,1,0.93,0.0108695652,0.0108695652,1,0,2
tpcds_sf20_t8,TPCDS SF20,tpcds,20,8,Q38,2,Forward-only,20,0,0,1,0.92,0.93,0.929,0.93,0,0.00322927879,1,0.93,0.0108695652,0.0108695652,1,0,10
tpcds_sf20_t8,TPCDS SF20,tpcds,20,8,Q38,3,THC,20,0,0,1,0.93,0.93,0.93,0.93,0,0,1,0.93,0,0,1,0,0
tpcds_sf20_t8,TPCDS SF20,tpcds,20,8,Q38,4,RPT+,20,0,0,1,0.93,0.93,0.93,0.93,0,0,1,0.93,0,0,1,0,0
tpcds_sf20_t8,TPCDS SF20,tpcds,20,8,Q39,1,Baseline,20,0,0,1,0.21,0.21,0.21,0.21,0,0,1,0.21,0,0,1,0,0
tpcds_sf20_t8,TPCDS SF20,tpcds,20,8,Q39,2,Forward-only,20,0,0,1,0.21,0.21,0.21,0.21,0,0,1,0.21,0,0,1,0,0
tpcds_sf20_t8,TPCDS SF20,tpcds,20,8,Q39,3,THC,20,0,0,1,0.21,0.21,0.21,0.21,0,0,1,0.21,0,0,1,0,0
tpcds_sf20_t8,TPCDS SF20,tpcds,20,8,Q39,4,RPT+,20,0,0,1,0.21,0.21,0.21,0.21,0,0,1,0.21,0,0,1,0,0
tpcds_sf20_t8,TPCDS SF20,tpcds,20,8,Q40,1,Baseline,20,0,0,1,0.21,0.21,0.21,0.21,0,0,1,0.21,0,0,1,0,0
tpcds_sf20_t8,TPCDS SF20,tpcds,20,8,Q40,2,Forward-only,20,0,0,1,0.21,0.21,0.21,0.21,0,0,1,0.21,0,0,1,0,0
tpcds_sf20_t8,TPCDS SF20,tpcds,20,8,Q40,3,THC,20,0,0,1,0.21,0.21,0.21,0.21,0,0,1,0.21,0,0,1,0,0
tpcds_sf20_t8,TPCDS SF20,tpcds,20,8,Q40,4,RPT+,20,0,0,1,0.11,0.11,0.11,0.11,0,0,1,0.11,0,0,1,0,0
tpcds_sf20_t8,TPCDS SF20,tpcds,20,8,Q41,1,Baseline,20,0,0,1,0.11,0.11,0.11,0.11,0,0,1,0.11,0,0,1,0,0
tpcds_sf20_t8,TPCDS SF20,tpcds,20,8,Q41,2,Forward-only,20,0,0,1,0.11,0.11,0.11,0.11,0,0,1,0.11,0,0,1,0,0
tpcds_sf20_t8,TPCDS SF20,tpcds,20,8,Q41,3,THC,20,0,0,1,0.11,0.11,0.11,0.11,0,0,1,0.11,0,0,1,0,0
tpcds_sf20_t8,TPCDS SF20,tpcds,20,8,Q41,4,RPT+,20,0,0,1,0.11,0.11,0.11,0.11,0,0,1,0.11,0,0,1,0,0
tpcds_sf20_t8,TPCDS SF20,tpcds,20,8,Q42,1,Baseline,20,0,0,1,0.31,0.41,0.41,0.41,0,0.0538135672,1,0.41,0.322580645,0.322580645,0.05,0,13
tpcds_sf20_t8,TPCDS SF20,tpcds,20,8,Q42,2,Forward-only,20,0,0,1,0.31,0.31,0.31,0.31,0,0,1,0.31,0,0,1,0,0
tpcds_sf20_t8,TPCDS SF20,tpcds,20,8,Q42,3,THC,20,0,0,1,0.31,0.31,0.31,0.31,0,0,1,0.31,0,0,1,0,0
tpcds_sf20_t8,TPCDS SF20,tpcds,20,8,Q42,4,RPT+,20,0,0,1,0.31,0.31,0.31,0.31,0,0,1,0.31,0,0,1,0,0
tpcds_sf20_t8,TPCDS SF20,tpcds,20,8,Q43,1,Baseline,20,0,0,1,0.62,0.62,0.62,0.62,0,0,1,0.62,0,0,1,0,0
tpcds_sf20_t8,TPCDS SF20,tpcds,20,8,Q43,2,Forward-only,20,0,0,1,0.62,0.72,0.62,0.72,0.025,0.0623039859,1,0.72,0.161290323,0.161290323,0.25,0,3
tpcds_sf20_t8,TPCDS SF20,tpcds,20,8,Q43,3,THC,20,0,0,1,0.62,0.72,0.62,0.72,0,0.0506484286,1,0.72,0.161290323,0.161290323,0.15,0,3
tpcds_sf20_t8,TPCDS SF20,tpcds,20,8,Q43,4,RPT+,20,0,0,1,0.62,0.62,0.62,0.62,0,0,1,0.62,0,0,1,0,0
tpcds_sf20_t8,TPCDS SF20,tpcds,20,8,Q44,1,Baseline,20,0,0,1,8.28,8.38,8.28,8.481,0.11,0.0103505307,1.01205251,8.38,0.0120772947,0.0242753623,1,0,1
tpcds_sf20_t8,TPCDS SF20,tpcds,20,8,Q44,2,Forward-only,20,0,0,1,8.18,8.39,8.289,8.59,0.11,0.0121240622,1.0238379,8.39,0.0256723716,0.0501222494,1,0,15
tpcds_sf20_t8,TPCDS SF20,tpcds,20,8,Q44,3,THC,20,0,0,1,8.18,8.38,8.271,8.6,0.2025,0.0166337211,1.02625298,8.38,0.0244498778,0.0513447433,1,0,6
tpcds_sf20_t8,TPCDS SF20,tpcds,20,8,Q44,4,RPT+,20,0,0,1,8.28,8.48,8.37,8.6,0.11,0.0126612209,1.01415094,8.48,0.0241545894,0.038647343,1,0,1
tpcds_sf20_t8,TPCDS SF20,tpcds,20,8,Q45,1,Baseline,20,0,0,1,0.31,0.31,0.31,0.31,0,0,1,0.31,0,0,1,0,0
tpcds_sf20_t8,TPCDS SF20,tpcds,20,8,Q45,2,Forward-only,20,0,0,1,0.21,0.31,0.21,0.31,0.025,0.151934281,1,0.31,0.476190476,0.476190476,0.25,0,0
tpcds_sf20_t8,TPCDS SF20,tpcds,20,8,Q45,3,THC,20,0,0,1,0.21,0.31,0.21,0.31,0.025,0.151934281,1,0.31,0.476190476,0.476190476,0.25,0,0
tpcds_sf20_t8,TPCDS SF20,tpcds,20,8,Q45,4,RPT+,20,0,0,1,0.21,0.31,0.21,0.31,0.025,0.151934281,1,0.31,0.476190476,0.476190476,0.25,0,0
tpcds_sf20_t8,TPCDS SF20,tpcds,20,8,Q46,1,Baseline,20,0,0,1,0.93,1.03,0.93,1.13,0.025,0.0652638447,1.09708738,1.03,0.107526882,0.215053763,0.25,0,2
tpcds_sf20_t8,TPCDS SF20,tpcds,20,8,Q46,2,Forward-only,20,0,0,1,0.62,0.72,0.62,0.93,0.2,0.165498008,1.29166667,0.72,0.161290323,0.5,0.45,0,2
tpcds_sf20_t8,TPCDS SF20,tpcds,20,8,Q46,3,THC,20,0,0,1,0.62,0.72,0.62,0.93,0.2,0.165498008,1.29166667,0.72,0.161290323,0.5,0.45,0,4
tpcds_sf20_t8,TPCDS SF20,tpcds,20,8,Q46,4,RPT+,20,0,0,1,0.72,0.72,0.72,0.93,0.21,0.12623014,1.29166667,0.72,0,0.291666667,0.65,0,2
tpcds_sf20_t8,TPCDS SF20,tpcds,20,8,Q47,1,Baseline,20,0,0,1,1.44,1.44,1.44,1.44,0,0,1,1.44,0,0,1,0,0
tpcds_sf20_t8,TPCDS SF20,tpcds,20,8,Q47,2,Forward-only,20,0,0,1,1.44,1.44,1.44,1.44,0,0.0150826953,1,1.44,0,0,1,0,0
tpcds_sf20_t8,TPCDS SF20,tpcds,20,8,Q47,3,THC,20,0,0,1,1.44,1.44,1.44,1.44,0,0,1,1.44,0,0,1,0,0
tpcds_sf20_t8,TPCDS SF20,tpcds,20,8,Q47,4,RPT+,20,0,0,1,1.44,1.44,1.44,1.54,0,0.0273972603,1.06944444,1.44,0,0.0694444444,1,0,0
tpcds_sf20_t8,TPCDS SF20,tpcds,20,8,Q48,1,Baseline,20,0,0,1,0.72,0.82,0.72,0.93,0.1,0.0910794899,1.13414634,0.82,0.138888889,0.291666667,0.4,0,0
tpcds_sf20_t8,TPCDS SF20,tpcds,20,8,Q48,2,Forward-only,20,0,0,1,0.72,0.82,0.72,0.94,0.0525,0.111192244,1.14634146,0.82,0.138888889,0.305555556,0.25,0,0
tpcds_sf20_t8,TPCDS SF20,tpcds,20,8,Q48,3,THC,20,0,0,1,0.72,0.875,0.72,1.03,0.235,0.151251244,1.17714286,0.875,0.215277778,0.430555556,0.25,0,0
tpcds_sf20_t8,TPCDS SF20,tpcds,20,8,Q48,4,RPT+,20,0,0,1,0.93,0.93,0.93,1.13,0,0.0743898795,1.21505376,0.93,0,0.215053763,0.85,0,0
tpcds_sf20_t8,TPCDS SF20,tpcds,20,8,Q49,1,Baseline,20,0,0,1,0.62,0.62,0.62,0.63,0,0.0476190476,1.01612903,0.62,0,0.0161290323,0.9,0,1
tpcds_sf20_t8,TPCDS SF20,tpcds,20,8,Q49,2,Forward-only,20,0,0,1,0.52,0.52,0.52,0.52,0,0,1,0.52,0,0,1,0,0
tpcds_sf20_t8,TPCDS SF20,tpcds,20,8,Q49,3,THC,20,0,0,1,0.52,0.52,0.52,0.52,0,0,1,0.52,0,0,1,0,0
tpcds_sf20_t8,TPCDS SF20,tpcds,20,8,Q49,4,RPT+,20,0,0,1,0.52,0.52,0.52,0.52,0,0,1,0.52,0,0,1,0,0
tpcds_sf20_t8,TPCDS SF20,tpcds,20,8,Q50,1,Baseline,20,0,0,1,1.03,1.335,1.13,1.44,0.31,0.103314537,1.07865169,1.335,0.296116505,0.398058252,0.3,0,8
tpcds_sf20_t8,TPCDS SF20,tpcds,20,8,Q50,2,Forward-only,20,0,0,1,0.62,0.77,0.62,0.93,0.3,0.159257957,1.20779221,0.77,0.241935484,0.5,0.3,0,2
tpcds_sf20_t8,TPCDS SF20,tpcds,20,8,Q50,3,THC,20,0,0,1,0.62,0.77,0.62,0.93,0.31,0.160648537,1.20779221,0.77,0.241935484,0.5,0.3,0,2
tpcds_sf20_t8,TPCDS SF20,tpcds,20,8,Q50,4,RPT+,20,0,0,1,0.72,0.72,0.72,0.73,0,0.0410958904,1.01388889,0.72,0,0.0138888889,0.9,0,0
tpcds_sf20_t8,TPCDS SF20,tpcds,20,8,Q51,1,Baseline,20,0,0,1,2.05,2.05,2.05,2.05,0,0.0106055935,1,2.05,0,0,1,0,0
tpcds_sf20_t8,TPCDS SF20,tpcds,20,8,Q51,2,Forward-only,20,0,0,1,2.05,2.05,2.05,2.16,0.11,0.0251959806,1.05365854,2.05,0,0.0536585366,1,0,0
tpcds_sf20_t8,TPCDS SF20,tpcds,20,8,Q51,3,THC,20,0,0,1,2.05,2.05,2.05,2.16,0.11,0.0248211849,1.05365854,2.05,0,0.0536585366,1,0,1
tpcds_sf20_t8,TPCDS SF20,tpcds,20,8,Q51,4,RPT+,20,0,0,1,2.05,2.05,2.05,2.05,0,0.00106288684,1,2.05,0,0,1,0,0
tpcds_sf20_t8,TPCDS SF20,tpcds,20,8,Q52,1,Baseline,20,0,0,1,0.41,0.41,0.41,0.41,0,0,1,0.41,0,0,1,0,0
tpcds_sf20_t8,TPCDS SF20,tpcds,20,8,Q52,2,Forward-only,20,0,0,1,0.31,0.31,0.31,0.31,0,0,1,0.31,0,0,1,0,0
tpcds_sf20_t8,TPCDS SF20,tpcds,20,8,Q52,3,THC,20,0,0,1,0.31,0.31,0.31,0.31,0,0,1,0.31,0,0,1,0,0
tpcds_sf20_t8,TPCDS SF20,tpcds,20,8,Q52,4,RPT+,20,0,0,1,0.31,0.31,0.31,0.31,0,0,1,0.31,0,0,1,0,0
tpcds_sf20_t8,TPCDS SF20,tpcds,20,8,Q53,1,Baseline,20,0,0,1,0.41,0.52,0.41,0.62,0.21,0.177084365,1.19230769,0.52,0.268292683,0.512195122,0.35,0,0
tpcds_sf20_t8,TPCDS SF20,tpcds,20,8,Q53,2,Forward-only,20,0,0,1,0.31,0.31,0.31,0.41,0.1,0.139970842,1.32258065,0.31,0,0.322580645,0.6,0,1
tpcds_sf20_t8,TPCDS SF20,tpcds,20,8,Q53,3,THC,20,0,0,1,0.31,0.31,0.31,0.41,0.1,0.138252058,1.32258065,0.31,0,0.322580645,0.65,0,1
tpcds_sf20_t8,TPCDS SF20,tpcds,20,8,Q53,4,RPT+,20,0,0,1,0.41,0.41,0.41,0.41,0,0,1,0.41,0,0,1,0,0
tpcds_sf20_t8,TPCDS SF20,tpcds,20,8,Q54,1,Baseline,0,20,0,0,,,,,,,,300,,,,,
tpcds_sf20_t8,TPCDS SF20,tpcds,20,8,Q54,2,Forward-only,0,20,0,0,,,,,,,,300,,,,,
tpcds_sf20_t8,TPCDS SF20,tpcds,20,8,Q54,3,THC,0,20,0,0,,,,,,,,300,,,,,
tpcds_sf20_t8,TPCDS SF20,tpcds,20,8,Q54,4,RPT+,0,20,0,0,,,,,,,,300,,,,,
tpcds_sf20_t8,TPCDS SF20,tpcds,20,8,Q55,1,Baseline,20,0,0,1,0.41,0.41,0.41,0.41,0,0,1,0.41,0,0,1,0,0
tpcds_sf20_t8,TPCDS SF20,tpcds,20,8,Q55,2,Forward-only,20,0,0,1,0.31,0.31,0.31,0.31,0,0,1,0.31,0,0,1,0,0
tpcds_sf20_t8,TPCDS SF20,tpcds,20,8,Q55,3,THC,20,0,0,1,0.31,0.31,0.31,0.31,0,0,1,0.31,0,0,1,0,0
tpcds_sf20_t8,TPCDS SF20,tpcds,20,8,Q55,4,RPT+,20,0,0,1,0.31,0.31,0.31,0.31,0,0,1,0.31,0,0,1,0,0
tpcds_sf20_t8,TPCDS SF20,tpcds,20,8,Q56,1,Baseline,20,0,0,1,0.52,0.52,0.52,0.52,0,0,1,0.52,0,0,1,0,0
tpcds_sf20_t8,TPCDS SF20,tpcds,20,8,Q56,2,Forward-only,20,0,0,1,0.41,0.41,0.41,0.41,0,0,1,0.41,0,0,1,0,0
tpcds_sf20_t8,TPCDS SF20,tpcds,20,8,Q56,3,THC,20,0,0,1,0.41,0.41,0.41,0.41,0,0,1,0.41,0,0,1,0,0
tpcds_sf20_t8,TPCDS SF20,tpcds,20,8,Q56,4,RPT+,20,0,0,1,0.41,0.41,0.41,0.41,0,0,1,0.41,0,0,1,0,0
tpcds_sf20_t8,TPCDS SF20,tpcds,20,8,Q57,1,Baseline,20,0,0,1,0.41,0.41,0.41,0.41,0,0,1,0.41,0,0,1,0,0
tpcds_sf20_t8,TPCDS SF20,tpcds,20,8,Q57,2,Forward-only,20,0,0,1,0.41,0.41,0.41,0.41,0,0,1,0.41,0,0,1,0,0
tpcds_sf20_t8,TPCDS SF20,tpcds,20,8,Q57,3,THC,20,0,0,1,0.41,0.41,0.41,0.41,0,0,1,0.41,0,0,1,0,0
tpcds_sf20_t8,TPCDS SF20,tpcds,20,8,Q57,4,RPT+,20,0,0,1,0.41,0.41,0.41,0.41,0,0,1,0.41,0,0,1,0,0
tpcds_sf20_t8,TPCDS SF20,tpcds,20,8,Q58,1,Baseline,20,0,0,1,1.03,1.03,1.03,1.03,0,0,1,1.03,0,0,1,0,0
tpcds_sf20_t8,TPCDS SF20,tpcds,20,8,Q58,2,Forward-only,20,0,0,1,1.03,1.03,1.03,1.03,0,0,1,1.03,0,0,1,0,0
tpcds_sf20_t8,TPCDS SF20,tpcds,20,8,Q58,3,THC,20,0,0,1,1.03,1.03,1.03,1.03,0,0,1,1.03,0,0,1,0,0
tpcds_sf20_t8,TPCDS SF20,tpcds,20,8,Q58,4,RPT+,20,0,0,1,1.03,1.03,1.03,1.03,0,0,1,1.03,0,0,1,0,0
tpcds_sf20_t8,TPCDS SF20,tpcds,20,8,Q59,1,Baseline,20,0,0,1,1.03,1.03,1.03,1.03,0,0,1,1.03,0,0,1,0,0
tpcds_sf20_t8,TPCDS SF20,tpcds,20,8,Q59,2,Forward-only,20,0,0,1,1.03,1.03,1.03,1.03,0,0,1,1.03,0,0,1,0,0
tpcds_sf20_t8,TPCDS SF20,tpcds,20,8,Q59,3,THC,20,0,0,1,1.03,1.03,1.03,1.03,0,0,1,1.03,0,0,1,0,0
tpcds_sf20_t8,TPCDS SF20,tpcds,20,8,Q59,4,RPT+,20,0,0,1,1.03,1.03,1.03,1.03,0,0,1,1.03,0,0,1,0,0
tpcds_sf20_t8,TPCDS SF20,tpcds,20,8,Q60,1,Baseline,20,0,0,1,0.52,0.62,0.52,0.62,0.025,0.072775244,1,0.62,0.192307692,0.192307692,0.25,0,9
tpcds_sf20_t8,TPCDS SF20,tpcds,20,8,Q60,2,Forward-only,20,0,0,1,0.41,0.41,0.41,0.52,0,0.0920934498,1.26829268,0.41,0,0.268292683,0.85,0,0
tpcds_sf20_t8,TPCDS SF20,tpcds,20,8,Q60,3,THC,20,0,0,1,0.41,0.41,0.41,0.52,0,0.0920934498,1.26829268,0.41,0,0.268292683,0.85,0,0
tpcds_sf20_t8,TPCDS SF20,tpcds,20,8,Q60,4,RPT+,20,0,0,1,0.41,0.465,0.41,0.52,0.11,0.11827957,1.11827957,0.465,0.134146341,0.268292683,0.5,0,0
tpcds_sf20_t8,TPCDS SF20,tpcds,20,8,Q61,1,Baseline,20,0,0,1,0.72,0.82,0.72,0.95,0.0275,0.148231694,1.15853659,0.82,0.138888889,0.319444444,0.2,0,0
tpcds_sf20_t8,TPCDS SF20,tpcds,20,8,Q61,2,Forward-only,20,0,0,1,0.52,0.62,0.52,0.62,0.1,0.0815332651,1,0.62,0.192307692,0.192307692,0.35,0,0
tpcds_sf20_t8,TPCDS SF20,tpcds,20,8,Q61,3,THC,20,0,0,1,0.52,0.62,0.52,0.62,0.025,0.072775244,1,0.62,0.192307692,0.192307692,0.25,0,0
tpcds_sf20_t8,TPCDS SF20,tpcds,20,8,Q61,4,RPT+,20,0,0,1,0.52,0.62,0.62,0.62,0,0.0354382028,1,0.62,0.192307692,0.192307692,0.05,0,16
tpcds_sf20_t8,TPCDS SF20,tpcds,20,8,Q62,1,Baseline,20,0,0,1,0.31,0.31,0.31,0.31,0,0,1,0.31,0,0,1,0,0
tpcds_sf20_t8,TPCDS SF20,tpcds,20,8,Q62,2,Forward-only,20,0,0,1,0.31,0.31,0.31,0.31,0,0,1,0.31,0,0,1,0,0
tpcds_sf20_t8,TPCDS SF20,tpcds,20,8,Q62,3,THC,20,0,0,1,0.31,0.31,0.31,0.31,0,0,1,0.31,0,0,1,0,0
tpcds_sf20_t8,TPCDS SF20,tpcds,20,8,Q62,4,RPT+,20,0,0,1,0.31,0.31,0.31,0.31,0,0,1,0.31,0,0,1,0,0
tpcds_sf20_t8,TPCDS SF20,tpcds,20,8,Q63,1,Baseline,20,0,0,1,0.41,0.52,0.41,0.62,0.135,0.15982045,1.19230769,0.52,0.268292683,0.512195122,0.35,0,0
tpcds_sf20_t8,TPCDS SF20,tpcds,20,8,Q63,2,Forward-only,20,0,0,1,0.31,0.31,0.31,0.41,0.1,0.134781638,1.32258065,0.31,0,0.322580645,0.7,0,0
tpcds_sf20_t8,TPCDS SF20,tpcds,20,8,Q63,3,THC,20,0,0,1,0.31,0.31,0.31,0.32,0,0.09375,1.03225806,0.31,0,0.0322580645,0.9,0,0
tpcds_sf20_t8,TPCDS SF20,tpcds,20,8,Q63,4,RPT+,20,0,0,1,0.41,0.41,0.41,0.41,0,0,1,0.41,0,0,1,0,0
tpcds_sf20_t8,TPCDS SF20,tpcds,20,8,Q64,1,Baseline,20,0,0,1,1.13,2.21,1.419,3.411,0.8975,0.315986029,1.54343891,2.21,0.955752212,2.01858407,0.1,0.4,6
tpcds_sf20_t8,TPCDS SF20,tpcds,20,8,Q64,2,Forward-only,20,0,0,1,0.93,1.13,1.02,1.23,0.2,0.0932170224,1.08849558,1.13,0.215053763,0.322580645,0.1,0,0
tpcds_sf20_t8,TPCDS SF20,tpcds,20,8,Q64,3,THC,20,0,0,1,0.93,1.44,1.02,1.54,0.41,0.180830698,1.06944444,1.44,0.548387097,0.655913978,0.1,0,0
tpcds_sf20_t8,TPCDS SF20,tpcds,20,8,Q64,4,RPT+,20,0,0,1,0.93,0.93,0.93,1.13,0,0.0944202699,1.21505376,0.93,0,0.215053763,0.8,0,0
tpcds_sf20_t8,TPCDS SF20,tpcds,20,8,Q65,1,Baseline,20,0,0,1,1.23,1.34,1.33,1.34,0.01,0.0177634717,1,1.34,0.0894308943,0.0894308943,1,0,12
tpcds_sf20_t8,TPCDS SF20,tpcds,20,8,Q65,2,Forward-only,20,0,0,1,1.34,1.34,1.34,1.44,0.1,0.0334494576,1.07462687,1.34,0,0.0746268657,1,0,0
tpcds_sf20_t8,TPCDS SF20,tpcds,20,8,Q65,3,THC,20,0,0,1,1.34,1.34,1.34,1.44,0.025,0.0317225423,1.07462687,1.34,0,0.0746268657,1,0,0
tpcds_sf20_t8,TPCDS SF20,tpcds,20,8,Q65,4,RPT+,20,0,0,1,1.44,1.54,1.44,1.54,0.025,0.0285816965,1,1.54,0.0694444444,0.0694444444,1,0,0
tpcds_sf20_t8,TPCDS SF20,tpcds,20,8,Q66,1,Baseline,20,0,0,1,0.31,0.41,0.31,0.41,0.1,0.120594097,1,0.41,0.322580645,0.322580645,0.3,0,0
tpcds_sf20_t8,TPCDS SF20,tpcds,20,8,Q66,2,Forward-only,20,0,0,1,0.31,0.31,0.31,0.31,0,0,1,0.31,0,0,1,0,0
tpcds_sf20_t8,TPCDS SF20,tpcds,20,8,Q66,3,THC,20,0,0,1,0.31,0.31,0.31,0.31,0,0,1,0.31,0,0,1,0,0
tpcds_sf20_t8,TPCDS SF20,tpcds,20,8,Q66,4,RPT+,20,0,0,1,0.31,0.31,0.31,0.31,0,0,1,0.31,0,0,1,0,0
tpcds_sf20_t8,TPCDS SF20,tpcds,20,8,Q67,1,Baseline,20,0,0,1,5.74,5.85,5.849,5.95,0.1,0.00972532224,1.01709402,5.85,0.0191637631,0.0365853659,1,0,3
tpcds_sf20_t8,TPCDS SF20,tpcds,20,8,Q67,2,Forward-only,20,0,0,1,5.85,5.85,5.85,5.95,0.1,0.010245662,1.01709402,5.85,0,0.0170940171,1,0,0
tpcds_sf20_t8,TPCDS SF20,tpcds,20,8,Q67,3,THC,20,0,0,1,5.85,5.95,5.85,5.96,0.1,0.00858496451,1.00168067,5.95,0.0170940171,0.0188034188,1,0,2
tpcds_sf20_t8,TPCDS SF20,tpcds,20,8,Q67,4,RPT+,20,0,0,1,5.64,5.75,5.649,5.75,0.1,0.0104055679,1,5.75,0.0195035461,0.0195035461,1,0,0
tpcds_sf20_t8,TPCDS SF20,tpcds,20,8,Q68,1,Baseline,20,0,0,1,0.72,0.82,0.72,1.03,0.11,0.110335828,1.25609756,0.82,0.138888889,0.430555556,0.15,0,7
tpcds_sf20_t8,TPCDS SF20,tpcds,20,8,Q68,2,Forward-only,20,0,0,1,0.62,0.62,0.62,0.62,0,0.0348711915,1,0.62,0,0,0.95,0,0
tpcds_sf20_t8,TPCDS SF20,tpcds,20,8,Q68,3,THC,20,0,0,1,0.62,0.62,0.62,0.62,0,0,1,0.62,0,0,1,0,0
tpcds_sf20_t8,TPCDS SF20,tpcds,20,8,Q68,4,RPT+,20,0,0,1,0.62,0.62,0.62,0.72,0.1,0.0742269619,1.16129032,0.62,0,0.161290323,0.6,0,0
tpcds_sf20_t8,TPCDS SF20,tpcds,20,8,Q69,1,Baseline,20,0,0,1,0.41,0.41,0.41,0.52,0,0.101851852,1.26829268,0.41,0,0.268292683,0.8,0,0
tpcds_sf20_t8,TPCDS SF20,tpcds,20,8,Q69,2,Forward-only,20,0,0,1,0.41,0.41,0.41,0.41,0,0,1,0.41,0,0,1,0,0
tpcds_sf20_t8,TPCDS SF20,tpcds,20,8,Q69,3,THC,20,0,0,1,0.41,0.41,0.41,0.41,0,0,1,0.41,0,0,1,0,0
tpcds_sf20_t8,TPCDS SF20,tpcds,20,8,Q69,4,RPT+,20,0,0,1,0.31,0.31,0.31,0.31,0,0,1,0.31,0,0,1,0,0
tpcds_sf20_t8,TPCDS SF20,tpcds,20,8,Q70,1,Baseline,20,0,0,1,1.03,1.13,1.03,1.13,0.1,0.0449447659,1,1.13,0.0970873786,0.0970873786,1,0,0
tpcds_sf20_t8,TPCDS SF20,tpcds,20,8,Q70,2,Forward-only,20,0,0,1,1.03,1.13,1.12,1.13,0,0.0267857143,1,1.13,0.0970873786,0.0970873786,1,0,6
tpcds_sf20_t8,TPCDS SF20,tpcds,20,8,Q70,3,THC,20,0,0,1,1.03,1.13,1.13,1.13,0,0.0193728842,1,1.13,0.0970873786,0.0970873786,1,0,2
tpcds_sf20_t8,TPCDS SF20,tpcds,20,8,Q70,4,RPT+,20,0,0,1,1.03,1.03,1.03,1.03,0,0,1,1.03,0,0,1,0,0
tpcds_sf20_t8,TPCDS SF20,tpcds,20,8,Q71,1,Baseline,20,0,0,1,0.52,0.52,0.52,0.52,0,0,1,0.52,0,0,1,0,0
tpcds_sf20_t8,TPCDS SF20,tpcds,20,8,Q71,2,Forward-only,20,0,0,1,0.52,0.52,0.52,0.52,0,0,1,0.52,0,0,1,0,0
tpcds_sf20_t8,TPCDS SF20,tpcds,20,8,Q71,3,THC,20,0,0,1,0.52,0.52,0.52,0.52,0,0,1,0.52,0,0,1,0,0
tpcds_sf20_t8,TPCDS SF20,tpcds,20,8,Q71,4,RPT+,20,0,0,1,0.41,0.41,0.41,0.41,0,0,1,0.41,0,0,1,0,0
tpcds_sf20_t8,TPCDS SF20,tpcds,20,8,Q72,1,Baseline,20,0,0,1,0.62,6.155,0.82,20.003,5.535,1.09836387,3.24987815,6.155,8.92741935,31.2629032,0.05,0.75,15
tpcds_sf20_t8,TPCDS SF20,tpcds,20,8,Q72,2,Forward-only,20,0,0,1,0.41,0.62,0.41,1.251,0.235,0.485041551,2.01774194,0.62,0.512195122,2.05121951,0.25,0.2,3
tpcds_sf20_t8,TPCDS SF20,tpcds,20,8,Q72,3,THC,20,0,0,1,0.41,0.62,0.41,1.491,0.2775,0.580165775,2.40483871,0.62,0.512195122,2.63658537,0.15,0.25,5
tpcds_sf20_t8,TPCDS SF20,tpcds,20,8,Q72,4,RPT+,20,0,0,1,0.31,0.52,0.4,0.63,0.21,0.475766846,1.21153846,0.52,0.677419355,1.03225806,0.1,0.1,14
tpcds_sf20_t8,TPCDS SF20,tpcds,20,8,Q73,1,Baseline,20,0,0,1,0.51,0.57,0.519,0.62,0.1,0.0897686664,1.0877193,0.57,0.117647059,0.215686275,0.5,0,3
tpcds_sf20_t8,TPCDS SF20,tpcds,20,8,Q73,2,Forward-only,20,0,0,1,0.41,0.41,0.41,0.41,0,0,1,0.41,0,0,1,0,0
tpcds_sf20_t8,TPCDS SF20,tpcds,20,8,Q73,3,THC,20,0,0,1,0.41,0.41,0.41,0.41,0,0,1,0.41,0,0,1,0,0
tpcds_sf20_t8,TPCDS SF20,tpcds,20,8,Q73,4,RPT+,20,0,0,1,0.41,0.41,0.41,0.41,0,0,1,0.41,0,0,1,0,0
tpcds_sf20_t8,TPCDS SF20,tpcds,20,8,Q74,1,Baseline,20,0,0,1,1.64,2,1.64,2.36,0.72,0.175641681,1.18,2,0.219512195,0.43902439,0.5,0,0
tpcds_sf20_t8,TPCDS SF20,tpcds,20,8,Q74,2,Forward-only,20,0,0,1,1.54,1.95,1.54,2.26,0.72,0.180949555,1.15897436,1.95,0.266233766,0.467532468,0.5,0,0
tpcds_sf20_t8,TPCDS SF20,tpcds,20,8,Q74,3,THC,20,0,0,1,1.54,1.95,1.54,2.26,0.72,0.183843454,1.15897436,1.95,0.266233766,0.467532468,0.5,0,2
tpcds_sf20_t8,TPCDS SF20,tpcds,20,8,Q74,4,RPT+,20,0,0,1,1.64,2,1.64,2.36,0.72,0.182352079,1.18,2,0.219512195,0.43902439,0.5,0,0
tpcds_sf20_t8,TPCDS SF20,tpcds,20,8,Q75,1,Baseline,20,0,0,1,1.34,1.34,1.34,1.34,0,0,1,1.34,0,0,1,0,0
tpcds_sf20_t8,TPCDS SF20,tpcds,20,8,Q75,2,Forward-only,20,0,0,1,1.03,1.03,1.03,1.03,0,0,1,1.03,0,0,1,0,0
tpcds_sf20_t8,TPCDS SF20,tpcds,20,8,Q75,3,THC,20,0,0,1,1.03,1.03,1.03,1.03,0,0.0210574828,1,1.03,0,0,1,0,0
tpcds_sf20_t8,TPCDS SF20,tpcds,20,8,Q75,4,RPT+,20,0,0,1,1.03,1.13,1.13,1.13,0,0.0193728842,1,1.13,0.0970873786,0.0970873786,1,0,3
tpcds_sf20_t8,TPCDS SF20,tpcds,20,8,Q76,1,Baseline,20,0,0,1,0.62,0.62,0.62,0.62,0,0.0348711915,1,0.62,0,0,0.95,0,1
tpcds_sf20_t8,TPCDS SF20,tpcds,20,8,Q76,2,Forward-only,20,0,0,1,0.62,0.62,0.62,0.63,0,0.0476190476,1.01612903,0.62,0,0.0161290323,0.9,0,0
tpcds_sf20_t8,TPCDS SF20,tpcds,20,8,Q76,3,THC,20,0,0,1,0.62,0.62,0.62,0.72,0,0.0562317199,1.16129032,0.62,0,0.161290323,0.85,0,1
tpcds_sf20_t8,TPCDS SF20,tpcds,20,8,Q76,4,RPT+,20,0,0,1,0.62,0.62,0.62,0.62,0,0,1,0.62,0,0,1,0,0
tpcds_sf20_t8,TPCDS SF20,tpcds,20,8,Q77,1,Baseline,20,0,0,1,0.62,0.62,0.62,0.62,0,0,1,0.62,0,0,1,0,0
tpcds_sf20_t8,TPCDS SF20,tpcds,20,8,Q77,2,Forward-only,20,0,0,1,0.52,0.52,0.52,0.52,0,0,1,0.52,0,0,1,0,0
tpcds_sf20_t8,TPCDS SF20,tpcds,20,8,Q77,3,THC,20,0,0,1,0.52,0.52,0.52,0.52,0,0,1,0.52,0,0,1,0,0
tpcds_sf20_t8,TPCDS SF20,tpcds,20,8,Q77,4,RPT+,20,0,0,1,0.52,0.52,0.52,0.52,0,0,1,0.52,0,0,1,0,0
tpcds_sf20_t8,TPCDS SF20,tpcds,20,8,Q78,1,Baseline,20,0,0,1,2.67,2.67,2.67,2.67,0,0.00814747466,1,2.67,0,0,1,0,1
tpcds_sf20_t8,TPCDS SF20,tpcds,20,8,Q78,2,Forward-only,20,0,0,1,2.67,2.72,2.67,2.77,0.1,0.0183823529,1.01838235,2.72,0.0187265918,0.0374531835,1,0,0
tpcds_sf20_t8,TPCDS SF20,tpcds,20,8,Q78,3,THC,20,0,0,1,2.87,2.88,2.87,2.88,0.01,0.00173011205,1,2.88,0.00348432056,0.00348432056,1,0,4
tpcds_sf20_t8,TPCDS SF20,tpcds,20,8,Q78,4,RPT+,20,0,0,1,2.36,2.52,2.45,2.58,0.1,0.0330272008,1.02380952,2.52,0.0677966102,0.093220339,0.9,0,5
tpcds_sf20_t8,TPCDS SF20,tpcds,20,8,Q79,1,Baseline,20,0,0,1,0.82,0.82,0.82,0.82,0,0,1,0.82,0,0,1,0,0
tpcds_sf20_t8,TPCDS SF20,tpcds,20,8,Q79,2,Forward-only,20,0,0,1,0.62,0.62,0.62,0.62,0,0,1,0.62,0,0,1,0,0
tpcds_sf20_t8,TPCDS SF20,tpcds,20,8,Q79,3,THC,20,0,0,1,0.62,0.62,0.62,0.62,0,0,1,0.62,0,0,1,0,0
tpcds_sf20_t8,TPCDS SF20,tpcds,20,8,Q79,4,RPT+,20,0,0,1,0.62,0.62,0.62,0.62,0,0,1,0.62,0,0,1,0,0
tpcds_sf20_t8,TPCDS SF20,tpcds,20,8,Q80,1,Baseline,20,0,0,1,1.13,1.13,1.13,1.13,0,0,1,1.13,0,0,1,0,0
tpcds_sf20_t8,TPCDS SF20,tpcds,20,8,Q80,2,Forward-only,20,0,0,1,0.72,0.72,0.72,0.72,0,0.030061372,1,0.72,0,0,0.95,0,0
tpcds_sf20_t8,TPCDS SF20,tpcds,20,8,Q80,3,THC,20,0,0,1,0.72,0.72,0.72,0.73,0,0.0410958904,1.01388889,0.72,0,0.0138888889,0.9,0,0
tpcds_sf20_t8,TPCDS SF20,tpcds,20,8,Q80,4,RPT+,20,0,0,1,0.62,0.62,0.62,0.62,0,0,1,0.62,0,0,1,0,0
tpcds_sf20_t8,TPCDS SF20,tpcds,20,8,Q81,1,Baseline,20,0,0,1,0.21,0.26,0.21,0.31,0.1,0.192307692,1.19230769,0.26,0.238095238,0.476190476,0.5,0,0
tpcds_sf20_t8,TPCDS SF20,tpcds,20,8,Q81,2,Forward-only,20,0,0,1,0.21,0.26,0.21,0.31,0.1,0.192307692,1.19230769,0.26,0.238095238,0.476190476,0.5,0,0
tpcds_sf20_t8,TPCDS SF20,tpcds,20,8,Q81,3,THC,20,0,0,1,0.21,0.26,0.21,0.31,0.1,0.192307692,1.19230769,0.26,0.238095238,0.476190476,0.5,0,0
tpcds_sf20_t8,TPCDS SF20,tpcds,20,8,Q81,4,RPT+,20,0,0,1,0.21,0.26,0.21,0.31,0.1,0.192307692,1.19230769,0.26,0.238095238,0.476190476,0.5,0,0
tpcds_sf20_t8,TPCDS SF20,tpcds,20,8,Q82,1,Baseline,20,0,0,1,0.21,2.405,0.21,148.986,138.1775,1.47921087,61.9484407,2.405,10.452381,708.457143,0.3,0.5,0
tpcds_sf20_t8,TPCDS SF20,tpcds,20,8,Q82,2,Forward-only,20,0,0,1,0.21,0.21,0.21,0.31,0.1,0.190940654,1.47619048,0.21,0,0.476190476,0.7,0,0
tpcds_sf20_t8,TPCDS SF20,tpcds,20,8,Q82,3,THC,20,0,0,1,0.21,0.21,0.21,0.31,0.1,0.190940654,1.47619048,0.21,0,0.476190476,0.7,0,0
tpcds_sf20_t8,TPCDS SF20,tpcds,20,8,Q82,4,RPT+,20,0,0,1,0.21,0.21,0.21,0.21,0,0,1,0.21,0,0,1,0,0
tpcds_sf20_t8,TPCDS SF20,tpcds,20,8,Q83,1,Baseline,20,0,0,1,0.21,0.21,0.21,0.21,0,0,1,0.21,0,0,1,0,0
tpcds_sf20_t8,TPCDS SF20,tpcds,20,8,Q83,2,Forward-only,20,0,0,1,0.11,0.11,0.11,0.11,0,0.189517345,1,0.11,0,0,0.95,0,0
tpcds_sf20_t8,TPCDS SF20,tpcds,20,8,Q83,3,THC,20,0,0,1,0.11,0.11,0.11,0.11,0,0,1,0.11,0,0,1,0,0
tpcds_sf20_t8,TPCDS SF20,tpcds,20,8,Q83,4,RPT+,20,0,0,1,0.11,0.11,0.11,0.21,0,0.307692308,1.90909091,0.11,0,0.909090909,0.8,0,0
tpcds_sf20_t8,TPCDS SF20,tpcds,20,8,Q84,1,Baseline,20,0,0,1,0.11,0.21,0.11,0.21,0,0.217944947,1,0.21,0.909090909,0.909090909,0.15,0.05,0
tpcds_sf20_t8,TPCDS SF20,tpcds,20,8,Q84,2,Forward-only,20,0,0,1,0.11,0.11,0.11,0.11,0,0.189517345,1,0.11,0,0,0.95,0,0
tpcds_sf20_t8,TPCDS SF20,tpcds,20,8,Q84,3,THC,20,0,0,1,0.11,0.11,0.11,0.11,0,0.189517345,1,0.11,0,0,0.95,0,0
tpcds_sf20_t8,TPCDS SF20,tpcds,20,8,Q84,4,RPT+,20,0,0,1,0.11,0.11,0.11,0.11,0,0,1,0.11,0,0,1,0,0
tpcds_sf20_t8,TPCDS SF20,tpcds,20,8,Q85,1,Baseline,20,0,0,1,0.31,0.41,0.31,0.41,0,0.0903978282,1,0.41,0.322580645,0.322580645,0.15,0,13
tpcds_sf20_t8,TPCDS SF20,tpcds,20,8,Q85,2,Forward-only,20,0,0,1,0.41,0.41,0.41,0.41,0,0,1,0.41,0,0,1,0,0
tpcds_sf20_t8,TPCDS SF20,tpcds,20,8,Q85,3,THC,20,0,0,1,0.41,0.41,0.41,0.421,0,0.0783847981,1.02682927,0.41,0,0.0268292683,0.9,0,0
tpcds_sf20_t8,TPCDS SF20,tpcds,20,8,Q85,4,RPT+,20,0,0,1,0.41,0.41,0.41,0.52,0.11,0.116982511,1.26829268,0.41,0,0.268292683,0.65,0,0
tpcds_sf20_t8,TPCDS SF20,tpcds,20,8,Q86,1,Baseline,20,0,0,1,0.21,0.21,0.21,0.21,0,0,1,0.21,0,0,1,0,0
tpcds_sf20_t8,TPCDS SF20,tpcds,20,8,Q86,2,Forward-only,20,0,0,1,0.21,0.21,0.21,0.21,0,0,1,0.21,0,0,1,0,0
tpcds_sf20_t8,TPCDS SF20,tpcds,20,8,Q86,3,THC,20,0,0,1,0.21,0.21,0.21,0.21,0,0.101369743,1,0.21,0,0,0.95,0,0
tpcds_sf20_t8,TPCDS SF20,tpcds,20,8,Q86,4,RPT+,20,0,0,1,0.21,0.31,0.3,0.31,0,0.1,1,0.31,0.476190476,0.476190476,0.1,0,5
tpcds_sf20_t8,TPCDS SF20,tpcds,20,8,Q87,1,Baseline,20,0,0,1,0.92,0.93,0.92,0.93,0,0.00384568036,1,0.93,0.0108695652,0.0108695652,1,0,3
tpcds_sf20_t8,TPCDS SF20,tpcds,20,8,Q87,2,Forward-only,20,0,0,1,0.93,1.03,0.93,1.03,0.1,0.0479366433,1,1.03,0.107526882,0.107526882,0.35,0,0
tpcds_sf20_t8,TPCDS SF20,tpcds,20,8,Q87,3,THC,20,0,0,1,0.93,0.98,0.93,1.03,0.1,0.0510204082,1.05102041,0.98,0.0537634409,0.107526882,0.5,0,0
tpcds_sf20_t8,TPCDS SF20,tpcds,20,8,Q87,4,RPT+,20,0,0,1,0.93,0.93,0.93,0.93,0,0,1,0.93,0,0,1,0,0
tpcds_sf20_t8,TPCDS SF20,tpcds,20,8,Q88,1,Baseline,20,0,0,1,1.44,1.54,1.44,1.64,0.125,0.058092774,1.06493506,1.54,0.0694444444,0.138888889,0.75,0,0
tpcds_sf20_t8,TPCDS SF20,tpcds,20,8,Q88,2,Forward-only,20,0,0,1,0.82,0.82,0.82,0.82,0,0,1,0.82,0,0,1,0,0
tpcds_sf20_t8,TPCDS SF20,tpcds,20,8,Q88,3,THC,20,0,0,1,0.82,0.82,0.82,0.82,0,0,1,0.82,0,0,1,0,0
tpcds_sf20_t8,TPCDS SF20,tpcds,20,8,Q88,4,RPT+,20,0,0,1,0.82,0.82,0.82,0.921,0.025,0.0533095616,1.12317073,0.82,0,0.123170732,0.75,0,1
tpcds_sf20_t8,TPCDS SF20,tpcds,20,8,Q89,1,Baseline,20,0,0,1,0.41,0.52,0.41,0.62,0.21,0.177084365,1.19230769,0.52,0.268292683,0.512195122,0.35,0,0
tpcds_sf20_t8,TPCDS SF20,tpcds,20,8,Q89,2,Forward-only,20,0,0,1,0.41,0.41,0.41,0.41,0,0,1,0.41,0,0,1,0,0
tpcds_sf20_t8,TPCDS SF20,tpcds,20,8,Q89,3,THC,20,0,0,1,0.41,0.41,0.41,0.41,0,0,1,0.41,0,0,1,0,0
tpcds_sf20_t8,TPCDS SF20,tpcds,20,8,Q89,4,RPT+,20,0,0,1,0.41,0.41,0.41,0.41,0,0,1,0.41,0,0,1,0,0
tpcds_sf20_t8,TPCDS SF20,tpcds,20,8,Q90,1,Baseline,20,0,0,1,0.21,0.21,0.21,0.21,0,0,1,0.21,0,0,1,0,0
tpcds_sf20_t8,TPCDS SF20,tpcds,20,8,Q90,2,Forward-only,20,0,0,1,0.11,0.21,0.2,0.21,0,0.15,1,0.21,0.909090909,0.909090909,0.1,0,9
tpcds_sf20_t8,TPCDS SF20,tpcds,20,8,Q90,3,THC,20,0,0,1,0.11,0.21,0.11,0.21,0,0.183113549,1,0.21,0.909090909,0.909090909,0.15,0,9
tpcds_sf20_t8,TPCDS SF20,tpcds,20,8,Q90,4,RPT+,20,0,0,1,0.11,0.21,0.11,0.21,0,0.183113549,1,0.21,0.909090909,0.909090909,0.15,0,0
tpcds_sf20_t8,TPCDS SF20,tpcds,20,8,Q91,1,Baseline,20,0,0,1,0.11,0.11,0.11,0.11,0,0.189517345,1,0.11,0,0,0.95,0,0
tpcds_sf20_t8,TPCDS SF20,tpcds,20,8,Q91,2,Forward-only,20,0,0,1,0.11,0.11,0.11,0.11,0,0,1,0.11,0,0,1,0,0
tpcds_sf20_t8,TPCDS SF20,tpcds,20,8,Q91,3,THC,20,0,0,1,0.11,0.11,0.11,0.11,0,0,1,0.11,0,0,1,0,0
tpcds_sf20_t8,TPCDS SF20,tpcds,20,8,Q91,4,RPT+,20,0,0,1,0.11,0.11,0.11,0.11,0,0,1,0.11,0,0,1,0,0
tpcds_sf20_t8,TPCDS SF20,tpcds,20,8,Q92,1,Baseline,20,0,0,1,0.21,0.21,0.21,0.21,0,0,1,0.21,0,0,1,0,0
tpcds_sf20_t8,TPCDS SF20,tpcds,20,8,Q92,2,Forward-only,20,0,0,1,0.21,0.21,0.21,0.21,0,0,1,0.21,0,0,1,0,0
tpcds_sf20_t8,TPCDS SF20,tpcds,20,8,Q92,3,THC,20,0,0,1,0.21,0.21,0.21,0.21,0,0,1,0.21,0,0,1,0,0
tpcds_sf20_t8,TPCDS SF20,tpcds,20,8,Q92,4,RPT+,20,0,0,1,0.21,0.21,0.21,0.21,0,0,1,0.21,0,0,1,0,0
tpcds_sf20_t8,TPCDS SF20,tpcds,20,8,Q93,1,Baseline,20,0,0,1,1.13,1.13,1.13,1.13,0,0,1,1.13,0,0,1,0,0
tpcds_sf20_t8,TPCDS SF20,tpcds,20,8,Q93,2,Forward-only,20,0,0,1,0.72,0.82,0.81,0.82,0,0.037037037,1,0.82,0.138888889,0.138888889,0.1,0,0
tpcds_sf20_t8,TPCDS SF20,tpcds,20,8,Q93,3,THC,20,0,0,1,0.72,0.82,0.82,0.82,0,0.0267417113,1,0.82,0.138888889,0.138888889,0.05,0,2
tpcds_sf20_t8,TPCDS SF20,tpcds,20,8,Q93,4,RPT+,20,0,0,1,0.82,0.82,0.82,0.82,0,0,1,0.82,0,0,1,0,0
tpcds_sf20_t8,TPCDS SF20,tpcds,20,8,Q94,1,Baseline,20,0,0,1,0.21,0.31,0.31,0.31,0,0.0714573597,1,0.31,0.476190476,0.476190476,0.05,0,18
tpcds_sf20_t8,TPCDS SF20,tpcds,20,8,Q94,2,Forward-only,20,0,0,1,0.21,0.21,0.21,0.21,0,0,1,0.21,0,0,1,0,0
tpcds_sf20_t8,TPCDS SF20,tpcds,20,8,Q94,3,THC,20,0,0,1,0.21,0.21,0.21,0.21,0,0,1,0.21,0,0,1,0,0
tpcds_sf20_t8,TPCDS SF20,tpcds,20,8,Q94,4,RPT+,20,0,0,1,0.21,0.21,0.21,0.21,0,0,1,0.21,0,0,1,0,0
tpcds_sf20_t8,TPCDS SF20,tpcds,20,8,Q95,1,Baseline,20,0,0,1,3.17,3.18,3.179,3.18,0,0.000943692985,1,3.18,0.00315457413,0.00315457413,1,0,12
tpcds_sf20_t8,TPCDS SF20,tpcds,20,8,Q95,2,Forward-only,20,0,0,1,3.18,3.18,3.18,3.18,0,0,1,3.18,0,0,1,0,0
tpcds_sf20_t8,TPCDS SF20,tpcds,20,8,Q95,3,THC,20,0,0,1,5.23,5.44,5.33,5.64,0.1025,0.0234472288,1.03676471,5.44,0.0401529637,0.0783938815,0.95,0,14
tpcds_sf20_t8,TPCDS SF20,tpcds,20,8,Q95,4,RPT+,20,0,0,1,0.41,0.41,0.41,0.41,0,0.0576990233,1,0.41,0,0,0.95,0,0
tpcds_sf20_t8,TPCDS SF20,tpcds,20,8,Q96,1,Baseline,20,0,0,1,0.31,0.31,0.31,0.31,0,0,1,0.31,0,0,1,0,0
tpcds_sf20_t8,TPCDS SF20,tpcds,20,8,Q96,2,Forward-only,20,0,0,1,0.21,0.21,0.21,0.21,0,0,1,0.21,0,0,1,0,0
tpcds_sf20_t8,TPCDS SF20,tpcds,20,8,Q96,3,THC,20,0,0,1,0.21,0.21,0.21,0.21,0,0,1,0.21,0,0,1,0,0
tpcds_sf20_t8,TPCDS SF20,tpcds,20,8,Q96,4,RPT+,20,0,0,1,0.21,0.21,0.21,0.21,0,0,1,0.21,0,0,1,0,0
tpcds_sf20_t8,TPCDS SF20,tpcds,20,8,Q97,1,Baseline,20,0,0,1,0.93,0.93,0.93,1.03,0,0.0377853356,1.10752688,0.93,0,0.107526882,0.85,0,1
tpcds_sf20_t8,TPCDS SF20,tpcds,20,8,Q97,2,Forward-only,20,0,0,1,0.93,0.93,0.93,1.03,0,0.0421052632,1.10752688,0.93,0,0.107526882,0.8,0,0
tpcds_sf20_t8,TPCDS SF20,tpcds,20,8,Q97,3,THC,20,0,0,1,0.93,0.93,0.93,1.03,0,0.0377853356,1.10752688,0.93,0,0.107526882,0.85,0,2
tpcds_sf20_t8,TPCDS SF20,tpcds,20,8,Q97,4,RPT+,20,0,0,1,1.03,1.03,1.03,1.03,0,0,1,1.03,0,0,1,0,0
tpcds_sf20_t8,TPCDS SF20,tpcds,20,8,Q98,1,Baseline,20,0,0,1,0.41,0.41,0.41,0.41,0,0,1,0.41,0,0,1,0,0
tpcds_sf20_t8,TPCDS SF20,tpcds,20,8,Q98,2,Forward-only,20,0,0,1,0.31,0.31,0.31,0.31,0,0,1,0.31,0,0,1,0,0
tpcds_sf20_t8,TPCDS SF20,tpcds,20,8,Q98,3,THC,20,0,0,1,0.31,0.31,0.31,0.31,0,0,1,0.31,0,0,1,0,0
tpcds_sf20_t8,TPCDS SF20,tpcds,20,8,Q98,4,RPT+,20,0,0,1,0.31,0.31,0.31,0.31,0,0,1,0.31,0,0,1,0,0
tpcds_sf20_t8,TPCDS SF20,tpcds,20,8,Q99,1,Baseline,20,0,0,1,0.31,0.31,0.31,0.31,0,0,1,0.31,0,0,1,0,0
tpcds_sf20_t8,TPCDS SF20,tpcds,20,8,Q99,2,Forward-only,20,0,0,1,0.31,0.31,0.31,0.31,0,0,1,0.31,0,0,1,0,0
tpcds_sf20_t8,TPCDS SF20,tpcds,20,8,Q99,3,THC,20,0,0,1,0.31,0.31,0.31,0.31,0,0,1,0.31,0,0,1,0,0
tpcds_sf20_t8,TPCDS SF20,tpcds,20,8,Q99,4,RPT+,20,0,0,1,0.41,0.41,0.41,0.41,0,0,1,0.41,0,0,1,0,0
tpcds_sf50_t8,TPCDS SF50,tpcds,50,8,Q01,1,Baseline,20,0,0,1,0.72,0.72,0.72,0.72,0,0.030061372,1,0.72,0,0,0.95,0,1
tpcds_sf50_t8,TPCDS SF50,tpcds,50,8,Q01,2,Forward-only,20,0,0,1,0.72,0.72,0.72,0.72,0,0,1,0.72,0,0,1,0,0
tpcds_sf50_t8,TPCDS SF50,tpcds,50,8,Q01,3,THC,20,0,0,1,0.93,0.93,0.93,0.93,0,0,1,0.93,0,0,1,0,0
tpcds_sf50_t8,TPCDS SF50,tpcds,50,8,Q01,4,RPT+,20,0,0,1,0.72,0.72,0.72,0.72,0,0,1,0.72,0,0,1,0,0
tpcds_sf50_t8,TPCDS SF50,tpcds,50,8,Q02,1,Baseline,20,0,0,1,1.33,1.33,1.33,1.34,0.0025,0.0498861954,1.0075188,1.33,0,0.00751879699,0.95,0,1
tpcds_sf50_t8,TPCDS SF50,tpcds,50,8,Q02,2,Forward-only,20,0,0,1,1.33,1.34,1.33,1.34,0.01,0.00366690081,1,1.34,0.00751879699,0.00751879699,1,0,2
tpcds_sf50_t8,TPCDS SF50,tpcds,50,8,Q02,3,THC,20,0,0,1,1.33,1.34,1.34,1.34,0,0.00162706194,1,1.34,0.00751879699,0.00751879699,1,0,8
tpcds_sf50_t8,TPCDS SF50,tpcds,50,8,Q02,4,RPT+,20,0,0,1,1.33,1.34,1.34,1.34,0,0.00162706194,1,1.34,0.00751879699,0.00751879699,1,0,5
tpcds_sf50_t8,TPCDS SF50,tpcds,50,8,Q03,1,Baseline,20,0,0,1,0.82,0.925,0.82,1.03,0.21,0.178341161,1.11351351,0.925,0.12804878,0.256097561,0.5,0,1
tpcds_sf50_t8,TPCDS SF50,tpcds,50,8,Q03,2,Forward-only,20,0,0,1,0.62,0.67,0.62,0.72,0.1,0.0746268657,1.07462687,0.67,0.0806451613,0.161290323,0.5,0,0
tpcds_sf50_t8,TPCDS SF50,tpcds,50,8,Q03,3,THC,20,0,0,1,0.62,0.67,0.62,0.72,0.1,0.0746268657,1.07462687,0.67,0.0806451613,0.161290323,0.5,0,0
tpcds_sf50_t8,TPCDS SF50,tpcds,50,8,Q03,4,RPT+,20,0,0,1,0.62,0.67,0.62,0.72,0.1,0.0746268657,1.07462687,0.67,0.0806451613,0.161290323,0.5,0,0
tpcds_sf50_t8,TPCDS SF50,tpcds,50,8,Q04,1,Baseline,20,0,0,1,8.61,8.97,8.619,9.23,0.4125,0.0275275181,1.02898551,8.97,0.0418118467,0.0720092915,1,0,4
tpcds_sf50_t8,TPCDS SF50,tpcds,50,8,Q04,2,Forward-only,20,0,0,1,8.51,8.82,8.51,9.021,0.32,0.0243271961,1.02278912,8.82,0.0364277321,0.0600470035,1,0,0
tpcds_sf50_t8,TPCDS SF50,tpcds,50,8,Q04,3,THC,20,0,0,1,8.41,8.82,8.51,9.13,0.2025,0.0246749106,1.03514739,8.82,0.0487514863,0.0856123662,1,0,16
tpcds_sf50_t8,TPCDS SF50,tpcds,50,8,Q04,4,RPT+,20,0,0,1,8.72,9.23,8.82,9.54,0.7125,0.0379047403,1.03358613,9.23,0.0584862385,0.0940366972,0.95,0,4
tpcds_sf50_t8,TPCDS SF50,tpcds,50,8,Q05,1,Baseline,20,0,0,1,1.74,1.85,1.75,1.85,0.1,0.0488842999,1,1.85,0.0632183908,0.0632183908,0.95,0,9
tpcds_sf50_t8,TPCDS SF50,tpcds,50,8,Q05,2,Forward-only,20,0,0,1,1.44,1.54,1.44,1.54,0.1,0.0316923323,1,1.54,0.0694444444,0.0694444444,1,0,1
tpcds_sf50_t8,TPCDS SF50,tpcds,50,8,Q05,3,THC,20,0,0,1,1.75,1.85,1.84,1.85,0,0.0163043478,1,1.85,0.0571428571,0.0571428571,1,0,16
tpcds_sf50_t8,TPCDS SF50,tpcds,50,8,Q05,4,RPT+,20,0,0,1,1.44,1.54,1.44,1.54,0.1,0.0303481834,1,1.54,0.0694444444,0.0694444444,1,0,1
tpcds_sf50_t8,TPCDS SF50,tpcds,50,8,Q06,1,Baseline,20,0,0,1,2.26,2.36,2.35,2.36,0,0.0127659574,1,2.36,0.0442477876,0.0442477876,1,0,6
tpcds_sf50_t8,TPCDS SF50,tpcds,50,8,Q06,2,Forward-only,20,0,0,1,2.26,2.36,2.35,2.36,0,0.0127659574,1,2.36,0.0442477876,0.0442477876,1,0,4
tpcds_sf50_t8,TPCDS SF50,tpcds,50,8,Q06,3,THC,20,0,0,1,2.26,2.36,2.36,2.36,0,0.00925456251,1,2.36,0.0442477876,0.0442477876,1,0,13
tpcds_sf50_t8,TPCDS SF50,tpcds,50,8,Q06,4,RPT+,20,0,0,1,2.26,2.36,2.36,2.36,0,0.00925456251,1,2.36,0.0442477876,0.0442477876,1,0,1
tpcds_sf50_t8,TPCDS SF50,tpcds,50,8,Q07,1,Baseline,20,0,0,1,1.44,1.85,1.44,2.05,0.36,0.130302323,1.10810811,1.85,0.284722222,0.423611111,0.25,0,1
tpcds_sf50_t8,TPCDS SF50,tpcds,50,8,Q07,2,Forward-only,20,0,0,1,1.13,1.13,1.13,1.23,0.1,0.0395049629,1.08849558,1.13,0,0.0884955752,1,0,2
tpcds_sf50_t8,TPCDS SF50,tpcds,50,8,Q07,3,THC,20,0,0,1,1.13,1.13,1.13,1.23,0.025,0.0374902772,1.08849558,1.13,0,0.0884955752,1,0,2
tpcds_sf50_t8,TPCDS SF50,tpcds,50,8,Q07,4,RPT+,20,0,0,1,1.13,1.23,1.13,1.23,0.025,0.0359346641,1,1.23,0.0884955752,0.0884955752,1,0,4
tpcds_sf50_t8,TPCDS SF50,tpcds,50,8,Q08,1,Baseline,20,0,0,1,1.64,1.64,1.64,1.64,0,0,1,1.64,0,0,1,0,0
tpcds_sf50_t8,TPCDS SF50,tpcds,50,8,Q08,2,Forward-only,20,0,0,1,1.23,1.23,1.23,1.23,0,0,1,1.23,0,0,1,0,0
tpcds_sf50_t8,TPCDS SF50,tpcds,50,8,Q08,3,THC,20,0,0,1,1.23,1.23,1.23,1.24,0,0.0241935484,1.00813008,1.23,0,0.0081300813,1,0,1
tpcds_sf50_t8,TPCDS SF50,tpcds,50,8,Q08,4,RPT+,20,0,0,1,1.23,1.23,1.23,1.23,0,0,1,1.23,0,0,1,0,0
tpcds_sf50_t8,TPCDS SF50,tpcds,50,8,Q09,1,Baseline,20,0,0,1,2.15,2.15,2.15,2.26,0.11,0.0236867615,1.05116279,2.15,0,0.0511627907,1,0,2
tpcds_sf50_t8,TPCDS SF50,tpcds,50,8,Q09,2,Forward-only,20,0,0,1,2.15,2.15,2.15,2.26,0.11,0.0230913113,1.05116279,2.15,0,0.0511627907,1,0,1
tpcds_sf50_t8,TPCDS SF50,tpcds,50,8,Q09,3,THC,20,0,0,1,2.15,2.16,2.15,2.26,0.01,0.0174513218,1.0462963,2.16,0.00465116279,0.0511627907,1,0,2
tpcds_sf50_t8,TPCDS SF50,tpcds,50,8,Q09,4,RPT+,20,0,0,1,2.15,2.155,2.15,2.26,0.01,0.0196413879,1.0487239,2.155,0.0023255814,0.0511627907,1,0,0
tpcds_sf50_t8,TPCDS SF50,tpcds,50,8,Q10,1,Baseline,20,0,0,1,1.03,1.03,1.03,1.03,0,0,1,1.03,0,0,1,0,0
tpcds_sf50_t8,TPCDS SF50,tpcds,50,8,Q10,2,Forward-only,20,0,0,1,1.03,1.03,1.03,1.03,0,0,1,1.03,0,0,1,0,0
tpcds_sf50_t8,TPCDS SF50,tpcds,50,8,Q10,3,THC,20,0,0,1,1.03,1.03,1.03,1.04,0,0.0288461538,1.00970874,1.03,0,0.00970873786,1,0,0
tpcds_sf50_t8,TPCDS SF50,tpcds,50,8,Q10,4,RPT+,20,0,0,1,0.62,0.62,0.62,0.63,0,0.0476190476,1.01612903,0.62,0,0.0161290323,0.9,0,0
tpcds_sf50_t8,TPCDS SF50,tpcds,50,8,Q11,1,Baseline,20,0,0,1,6.15,6.31,6.15,6.46,0.31,0.0233566053,1.02377179,6.31,0.0260162602,0.0504065041,1,0,0
tpcds_sf50_t8,TPCDS SF50,tpcds,50,8,Q11,2,Forward-only,20,0,0,1,5.84,6,5.85,6.251,0.225,0.0252246838,1.04183333,6,0.0273972603,0.0703767123,1,0,0
tpcds_sf50_t8,TPCDS SF50,tpcds,50,8,Q11,3,THC,20,0,0,1,5.85,6.05,5.85,6.16,0.1325,0.0194836558,1.01818182,6.05,0.0341880342,0.052991453,1,0,0
tpcds_sf50_t8,TPCDS SF50,tpcds,50,8,Q11,4,RPT+,20,0,0,1,5.85,6.26,5.85,6.57,0.6125,0.0511238546,1.04952077,6.26,0.0700854701,0.123076923,0.5,0,2
tpcds_sf50_t8,TPCDS SF50,tpcds,50,8,Q12,1,Baseline,20,0,0,1,0.31,0.31,0.31,0.31,0,0,1,0.31,0,0,1,0,0
tpcds_sf50_t8,TPCDS SF50,tpcds,50,8,Q12,2,Forward-only,20,0,0,1,0.31,0.31,0.31,0.31,0,0,1,0.31,0,0,1,0,0
tpcds_sf50_t8,TPCDS SF50,tpcds,50,8,Q12,3,THC,20,0,0,1,0.31,0.31,0.31,0.31,0,0,1,0.31,0,0,1,0,0
tpcds_sf50_t8,TPCDS SF50,tpcds,50,8,Q12,4,RPT+,20,0,0,1,0.31,0.31,0.31,0.31,0,0,1,0.31,0,0,1,0,0
tpcds_sf50_t8,TPCDS SF50,tpcds,50,8,Q13,1,Baseline,20,0,0,1,1.75,2.05,1.75,2.46,0.36,0.124417646,1.2,2.05,0.171428571,0.405714286,0.25,0,0
tpcds_sf50_t8,TPCDS SF50,tpcds,50,8,Q13,2,Forward-only,20,0,0,1,1.85,2.05,1.85,2.57,0.36,0.121983338,1.25365854,2.05,0.108108108,0.389189189,0.25,0,0
tpcds_sf50_t8,TPCDS SF50,tpcds,50,8,Q13,3,THC,20,0,0,1,1.85,2.16,1.85,2.57,0.385,0.12139066,1.18981481,2.16,0.167567568,0.389189189,0.25,0,0
tpcds_sf50_t8,TPCDS SF50,tpcds,50,8,Q13,4,RPT+,20,0,0,1,2.16,2.26,2.16,2.36,0.05,0.0312879107,1.04424779,2.26,0.0462962963,0.0925925926,1,0,0
tpcds_sf50_t8,TPCDS SF50,tpcds,50,8,Q14,1,Baseline,20,0,0,1,16.4,16.7,16.499,16.82,0.135,0.00847258689,1.00718563,16.7,0.0182926829,0.0256097561,1,0,10
tpcds_sf50_t8,TPCDS SF50,tpcds,50,8,Q14,2,Forward-only,20,0,0,1,16.49,16.605,16.509,16.81,0.1325,0.00690029269,1.01234568,16.605,0.00697392359,0.0194057004,1,0,16
tpcds_sf50_t8,TPCDS SF50,tpcds,50,8,Q14,3,THC,20,0,0,1,16.41,16.71,16.59,17.01,0.1325,0.0094626367,1.01795332,16.71,0.0182815356,0.0365630713,1,0,12
tpcds_sf50_t8,TPCDS SF50,tpcds,50,8,Q14,4,RPT+,20,0,0,1,16.81,17.01,16.901,17.14,0.2,0.00815951997,1.00764256,17.01,0.01189768,0.0196311719,1,0,19
tpcds_sf50_t8,TPCDS SF50,tpcds,50,8,Q15,1,Baseline,20,0,0,1,0.21,0.21,0.21,0.21,0,0,1,0.21,0,0,1,0,0
tpcds_sf50_t8,TPCDS SF50,tpcds,50,8,Q15,2,Forward-only,20,0,0,1,0.21,0.21,0.21,0.21,0,0,1,0.21,0,0,1,0,0
tpcds_sf50_t8,TPCDS SF50,tpcds,50,8,Q15,3,THC,20,0,0,1,0.21,0.21,0.21,0.21,0,0,1,0.21,0,0,1,0,0
tpcds_sf50_t8,TPCDS SF50,tpcds,50,8,Q15,4,RPT+,20,0,0,1,0.21,0.21,0.21,0.21,0,0,1,0.21,0,0,1,0,0
tpcds_sf50_t8,TPCDS SF50,tpcds,50,8,Q16,1,Baseline,20,0,0,1,0.21,0.21,0.21,0.21,0,0.101369743,1,0.21,0,0,0.95,0,1
tpcds_sf50_t8,TPCDS SF50,tpcds,50,8,Q16,2,Forward-only,20,0,0,1,0.21,0.21,0.21,0.21,0,0,1,0.21,0,0,1,0,0
tpcds_sf50_t8,TPCDS SF50,tpcds,50,8,Q16,3,THC,20,0,0,1,0.21,0.21,0.21,0.21,0,0,1,0.21,0,0,1,0,0
tpcds_sf50_t8,TPCDS SF50,tpcds,50,8,Q16,4,RPT+,20,0,0,1,0.21,0.21,0.21,0.21,0,0,1,0.21,0,0,1,0,0
tpcds_sf50_t8,TPCDS SF50,tpcds,50,8,Q17,1,Baseline,20,0,0,1,1.33,2.41,1.53,3.09,1.54,0.313959034,1.28215768,2.41,0.812030075,1.32330827,0.1,0.5,11
tpcds_sf50_t8,TPCDS SF50,tpcds,50,8,Q17,2,Forward-only,20,0,0,1,1.03,1.13,1.03,1.23,0.1,0.0726435544,1.08849558,1.13,0.0970873786,0.194174757,0.8,0,1
tpcds_sf50_t8,TPCDS SF50,tpcds,50,8,Q17,3,THC,20,0,0,1,1.03,1.13,1.03,1.241,0.1,0.0810792217,1.09823009,1.13,0.0970873786,0.204854369,0.8,0,1
tpcds_sf50_t8,TPCDS SF50,tpcds,50,8,Q17,4,RPT+,20,0,0,1,1.13,1.13,1.13,1.34,0.1,0.0690475053,1.18584071,1.13,0,0.185840708,0.8,0,1
tpcds_sf50_t8,TPCDS SF50,tpcds,50,8,Q18,1,Baseline,20,0,0,1,0.52,0.72,0.61,1.161,0.1525,0.385374917,1.6125,0.72,0.384615385,1.23269231,0.1,0.15,4
tpcds_sf50_t8,TPCDS SF50,tpcds,50,8,Q18,2,Forward-only,20,0,0,1,0.41,0.41,0.41,0.52,0,0.101851852,1.26829268,0.41,0,0.268292683,0.8,0,1
tpcds_sf50_t8,TPCDS SF50,tpcds,50,8,Q18,3,THC,20,0,0,1,0.41,0.41,0.41,0.52,0,0.101851852,1.26829268,0.41,0,0.268292683,0.8,0,1
tpcds_sf50_t8,TPCDS SF50,tpcds,50,8,Q18,4,RPT+,20,0,0,1,0.41,0.465,0.41,0.62,0.11,0.160700506,1.33333333,0.465,0.134146341,0.512195122,0.5,0,1
tpcds_sf50_t8,TPCDS SF50,tpcds,50,8,Q19,1,Baseline,20,0,0,1,1.03,1.18,1.03,1.35,0.15,0.118532795,1.1440678,1.18,0.145631068,0.310679612,0.5,0,2
tpcds_sf50_t8,TPCDS SF50,tpcds,50,8,Q19,2,Forward-only,20,0,0,1,0.82,0.82,0.82,0.82,0,0,1,0.82,0,0,1,0,0
tpcds_sf50_t8,TPCDS SF50,tpcds,50,8,Q19,3,THC,20,0,0,1,0.82,0.82,0.82,0.82,0,0,1,0.82,0,0,1,0,0
tpcds_sf50_t8,TPCDS SF50,tpcds,50,8,Q19,4,RPT+,20,0,0,1,0.72,0.82,0.81,0.82,0,0.0373162668,1,0.82,0.138888889,0.138888889,0.1,0,5
tpcds_sf50_t8,TPCDS SF50,tpcds,50,8,Q20,1,Baseline,20,0,0,1,0.21,0.21,0.21,0.21,0,0,1,0.21,0,0,1,0,0
tpcds_sf50_t8,TPCDS SF50,tpcds,50,8,Q20,2,Forward-only,20,0,0,1,0.21,0.21,0.21,0.21,0,0,1,0.21,0,0,1,0,0
tpcds_sf50_t8,TPCDS SF50,tpcds,50,8,Q20,3,THC,20,0,0,1,0.21,0.21,0.21,0.21,0,0,1,0.21,0,0,1,0,0
tpcds_sf50_t8,TPCDS SF50,tpcds,50,8,Q20,4,RPT+,20,0,0,1,0.21,0.21,0.21,0.21,0,0,1,0.21,0,0,1,0,0
tpcds_sf50_t8,TPCDS SF50,tpcds,50,8,Q21,1,Baseline,20,0,0,1,0.11,0.11,0.11,0.11,0,0,1,0.11,0,0,1,0,0
tpcds_sf50_t8,TPCDS SF50,tpcds,50,8,Q21,2,Forward-only,20,0,0,1,0.11,0.11,0.11,0.11,0,0,1,0.11,0,0,1,0,0
tpcds_sf50_t8,TPCDS SF50,tpcds,50,8,Q21,3,THC,20,0,0,1,0.11,0.11,0.11,0.11,0,0,1,0.11,0,0,1,0,0
tpcds_sf50_t8,TPCDS SF50,tpcds,50,8,Q21,4,RPT+,20,0,0,1,0.11,0.11,0.11,0.11,0,0,1,0.11,0,0,1,0,0
tpcds_sf50_t8,TPCDS SF50,tpcds,50,8,Q22,1,Baseline,20,0,0,1,2.36,2.46,2.36,2.46,0.1,0.0196688495,1,2.46,0.0423728814,0.0423728814,1,0,4
tpcds_sf50_t8,TPCDS SF50,tpcds,50,8,Q22,2,Forward-only,20,0,0,1,2.36,2.46,2.36,2.46,0.025,0.0177828625,1,2.46,0.0423728814,0.0423728814,1,0,0
tpcds_sf50_t8,TPCDS SF50,tpcds,50,8,Q22,3,THC,20,0,0,1,2.36,2.46,2.36,2.47,0.1,0.0194434053,1.00406504,2.46,0.0423728814,0.0466101695,1,0,0
tpcds_sf50_t8,TPCDS SF50,tpcds,50,8,Q22,4,RPT+,20,0,0,1,2.36,2.46,2.36,2.47,0.0275,0.0184330264,1.00406504,2.46,0.0423728814,0.0466101695,1,0,2
tpcds_sf50_t8,TPCDS SF50,tpcds,50,8,Q23,1,Baseline,20,0,0,1,10.76,10.87,10.769,10.97,0.1,0.00639496386,1.00919963,10.87,0.0102230483,0.0195167286,1,0,4
tpcds_sf50_t8,TPCDS SF50,tpcds,50,8,Q23,2,Forward-only,20,0,0,1,10.97,11.08,10.98,11.18,0.0325,0.00836375221,1.00902527,11.08,0.0100273473,0.0191431176,1,0,9
tpcds_sf50_t8,TPCDS SF50,tpcds,50,8,Q23,3,THC,20,0,0,1,10.98,11.08,10.98,11.19,0.125,0.00728943966,1.0099278,11.08,0.00910746812,0.0191256831,1,0,0
tpcds_sf50_t8,TPCDS SF50,tpcds,50,8,Q23,4,RPT+,20,0,0,1,10.88,11.08,10.97,11.18,0.1025,0.00783494495,1.00902527,11.08,0.0183823529,0.0275735294,1,0,0
tpcds_sf50_t8,TPCDS SF50,tpcds,50,8,Q24,1,Baseline,20,0,0,1,2.05,3.49,2.26,57.875,1.8975,1.7259238,16.5830946,3.49,0.702439024,27.2317073,0.05,0.3,18
tpcds_sf50_t8,TPCDS SF50,tpcds,50,8,Q24,2,Forward-only,20,0,0,1,1.13,1.695,1.419,67.854,0.135,2.0393353,40.0318584,1.695,0.5,59.0477876,0.1,0.2,0
tpcds_sf50_t8,TPCDS SF50,tpcds,50,8,Q24,3,THC,20,0,0,1,1.03,1.75,1.419,88.486,0.26,2.09273247,50.5634286,1.75,0.699029126,84.9087379,0.05,0.2,0
tpcds_sf50_t8,TPCDS SF50,tpcds,50,8,Q24,4,RPT+,20,0,0,1,1.13,1.85,1.61,65.583,0.125,2.00348122,35.4502703,1.85,0.637168142,57.0380531,0.05,0.2,0
tpcds_sf50_t8,TPCDS SF50,tpcds,50,8,Q25,1,Baseline,20,0,0,1,1.23,1.54,1.23,3.08,1.64,0.399807174,2,1.54,0.25203252,1.50406504,0.3,0.35,1
tpcds_sf50_t8,TPCDS SF50,tpcds,50,8,Q25,2,Forward-only,20,0,0,1,1.03,1.13,1.03,1.14,0.1,0.0582102203,1.00884956,1.13,0.0970873786,0.106796117,0.9,0,1
tpcds_sf50_t8,TPCDS SF50,tpcds,50,8,Q25,3,THC,20,0,0,1,1.03,1.13,1.03,1.14,0.025,0.0513252159,1.00884956,1.13,0.0970873786,0.106796117,0.9,0,1
tpcds_sf50_t8,TPCDS SF50,tpcds,50,8,Q25,4,RPT+,20,0,0,1,1.03,1.13,1.12,1.14,0,0.0395764244,1.00884956,1.13,0.0970873786,0.106796117,0.9,0,1
tpcds_sf50_t8,TPCDS SF50,tpcds,50,8,Q26,1,Baseline,20,0,0,1,0.31,0.41,0.31,0.82,0.31,0.371401674,2,0.41,0.322580645,1.64516129,0.3,0.15,1
tpcds_sf50_t8,TPCDS SF50,tpcds,50,8,Q26,2,Forward-only,20,0,0,1,0.31,0.31,0.31,0.31,0,0,1,0.31,0,0,1,0,0
tpcds_sf50_t8,TPCDS SF50,tpcds,50,8,Q26,3,THC,20,0,0,1,0.31,0.31,0.31,0.31,0,0,1,0.31,0,0,1,0,0
tpcds_sf50_t8,TPCDS SF50,tpcds,50,8,Q26,4,RPT+,20,0,0,1,0.31,0.31,0.31,0.31,0,0,1,0.31,0,0,1,0,0
tpcds_sf50_t8,TPCDS SF50,tpcds,50,8,Q27,1,Baseline,20,0,0,1,2.77,3.74,3.27,4.2,0.5625,0.109787825,1.12299465,3.74,0.350180505,0.516245487,0.05,0,0
tpcds_sf50_t8,TPCDS SF50,tpcds,50,8,Q27,2,Forward-only,20,0,0,1,1.95,2.05,1.95,2.151,0.1,0.032999169,1.04926829,2.05,0.0512820513,0.103076923,0.85,0,1
tpcds_sf50_t8,TPCDS SF50,tpcds,50,8,Q27,3,THC,20,0,0,1,1.95,2.05,1.95,2.061,0.1,0.0305466812,1.00536585,2.05,0.0512820513,0.0569230769,0.9,0,1
tpcds_sf50_t8,TPCDS SF50,tpcds,50,8,Q27,4,RPT+,20,0,0,1,1.95,2.05,2.04,2.16,0.035,0.0344531044,1.05365854,2.05,0.0512820513,0.107692308,0.75,0,6
tpcds_sf50_t8,TPCDS SF50,tpcds,50,8,Q28,1,Baseline,20,0,0,1,2.46,2.56,2.56,2.57,0,0.0088405589,1.00390625,2.56,0.0406504065,0.0447154472,1,0,10
tpcds_sf50_t8,TPCDS SF50,tpcds,50,8,Q28,2,Forward-only,20,0,0,1,2.56,2.56,2.56,2.57,0.01,0.00193992481,1.00390625,2.56,0,0.00390625,1,0,0
tpcds_sf50_t8,TPCDS SF50,tpcds,50,8,Q28,3,THC,20,0,0,1,2.46,2.57,2.56,2.57,0,0.00932329547,1,2.57,0.0447154472,0.0447154472,1,0,19
tpcds_sf50_t8,TPCDS SF50,tpcds,50,8,Q28,4,RPT+,20,0,0,1,2.56,2.57,2.56,2.57,0,0.00139019436,1,2.57,0.00390625,0.00390625,1,0,4
tpcds_sf50_t8,TPCDS SF50,tpcds,50,8,Q29,1,Baseline,20,0,0,1,1.54,1.85,1.73,3.08,1.12,0.273680676,1.66486486,1.85,0.201298701,1,0.1,0.05,11
tpcds_sf50_t8,TPCDS SF50,tpcds,50,8,Q29,2,Forward-only,20,0,0,1,1.34,1.39,1.34,1.95,0.3,0.149582257,1.4028777,1.39,0.0373134328,0.455223881,0.6,0,1
tpcds_sf50_t8,TPCDS SF50,tpcds,50,8,Q29,3,THC,20,0,0,1,1.34,1.44,1.34,1.95,0.3,0.151058546,1.35416667,1.44,0.0746268657,0.455223881,0.55,0,1
tpcds_sf50_t8,TPCDS SF50,tpcds,50,8,Q29,4,RPT+,20,0,0,1,1.34,1.49,1.34,1.75,0.41,0.114156922,1.17449664,1.49,0.111940299,0.305970149,0.5,0,3
tpcds_sf50_t8,TPCDS SF50,tpcds,50,8,Q30,1,Baseline,20,0,0,1,0.31,0.31,0.31,0.31,0,0,1,0.31,0,0,1,0,0
tpcds_sf50_t8,TPCDS SF50,tpcds,50,8,Q30,2,Forward-only,20,0,0,1,0.31,0.31,0.31,0.31,0,0,1,0.31,0,0,1,0,0
tpcds_sf50_t8,TPCDS SF50,tpcds,50,8,Q30,3,THC,20,0,0,1,0.31,0.31,0.31,0.31,0,0,1,0.31,0,0,1,0,0
tpcds_sf50_t8,TPCDS SF50,tpcds,50,8,Q30,4,RPT+,20,0,0,1,0.31,0.36,0.31,0.41,0.1,0.138888889,1.13888889,0.36,0.161290323,0.322580645,0.5,0,0
tpcds_sf50_t8,TPCDS SF50,tpcds,50,8,Q31,1,Baseline,20,0,0,1,1.64,1.64,1.64,1.64,0,0,1,1.64,0,0,1,0,0
tpcds_sf50_t8,TPCDS SF50,tpcds,50,8,Q31,2,Forward-only,20,0,0,1,1.23,1.23,1.23,1.23,0,0,1,1.23,0,0,1,0,0
tpcds_sf50_t8,TPCDS SF50,tpcds,50,8,Q31,3,THC,20,0,0,1,1.23,1.23,1.23,1.23,0,0,1,1.23,0,0,1,0,0
tpcds_sf50_t8,TPCDS SF50,tpcds,50,8,Q31,4,RPT+,20,0,0,1,1.23,1.23,1.23,1.23,0,0,1,1.23,0,0,1,0,0
tpcds_sf50_t8,TPCDS SF50,tpcds,50,8,Q32,1,Baseline,20,0,0,1,0.11,0.11,0.11,0.11,0,0,1,0.11,0,0,1,0,0
tpcds_sf50_t8,TPCDS SF50,tpcds,50,8,Q32,2,Forward-only,20,0,0,1,0.11,0.11,0.11,0.11,0,0,1,0.11,0,0,1,0,0
tpcds_sf50_t8,TPCDS SF50,tpcds,50,8,Q32,3,THC,20,0,0,1,0.11,0.11,0.11,0.11,0,0,1,0.11,0,0,1,0,0
tpcds_sf50_t8,TPCDS SF50,tpcds,50,8,Q32,4,RPT+,20,0,0,1,0.11,0.11,0.11,0.11,0,0,1,0.11,0,0,1,0,0
tpcds_sf50_t8,TPCDS SF50,tpcds,50,8,Q33,1,Baseline,20,0,0,1,1.13,1.13,1.13,1.13,0,0,1,1.13,0,0,1,0,0
tpcds_sf50_t8,TPCDS SF50,tpcds,50,8,Q33,2,Forward-only,20,0,0,1,0.93,0.93,0.93,0.93,0,0,1,0.93,0,0,1,0,0
tpcds_sf50_t8,TPCDS SF50,tpcds,50,8,Q33,3,THC,20,0,0,1,0.93,0.93,0.93,0.93,0,0,1,0.93,0,0,1,0,0
tpcds_sf50_t8,TPCDS SF50,tpcds,50,8,Q33,4,RPT+,20,0,0,1,0.93,0.93,0.93,0.93,0,0,1,0.93,0,0,1,0,0
tpcds_sf50_t8,TPCDS SF50,tpcds,50,8,Q34,1,Baseline,20,0,0,1,1.33,1.33,1.33,1.34,0.01,0.00367239841,1.0075188,1.33,0,0.00751879699,1,0,0
tpcds_sf50_t8,TPCDS SF50,tpcds,50,8,Q34,2,Forward-only,20,0,0,1,0.82,0.82,0.82,0.82,0,0,1,0.82,0,0,1,0,0
tpcds_sf50_t8,TPCDS SF50,tpcds,50,8,Q34,3,THC,20,0,0,1,0.82,0.82,0.82,0.82,0,0,1,0.82,0,0,1,0,0
tpcds_sf50_t8,TPCDS SF50,tpcds,50,8,Q34,4,RPT+,20,0,0,1,0.82,0.93,0.919,0.93,0,0.0359085963,1,0.93,0.134146341,0.134146341,0.1,0,7
tpcds_sf50_t8,TPCDS SF50,tpcds,50,8,Q35,1,Baseline,20,0,0,1,1.64,1.74,1.64,1.75,0.01,0.0215445723,1.00574713,1.74,0.0609756098,0.0670731707,1,0,5
tpcds_sf50_t8,TPCDS SF50,tpcds,50,8,Q35,2,Forward-only,20,0,0,1,1.64,1.745,1.64,1.75,0.11,0.0287138711,1.00286533,1.745,0.0640243902,0.0670731707,1,0,0
tpcds_sf50_t8,TPCDS SF50,tpcds,50,8,Q35,3,THC,20,0,0,1,1.85,1.95,1.95,1.95,0,0.0112053957,1,1.95,0.0540540541,0.0540540541,1,0,17
tpcds_sf50_t8,TPCDS SF50,tpcds,50,8,Q35,4,RPT+,20,0,0,1,1.34,1.34,1.34,1.34,0,0,1,1.34,0,0,1,0,0
tpcds_sf50_t8,TPCDS SF50,tpcds,50,8,Q36,1,Baseline,20,0,0,1,1.64,1.74,1.64,1.75,0.1,0.0298203937,1.00574713,1.74,0.0609756098,0.0670731707,1,0,2
tpcds_sf50_t8,TPCDS SF50,tpcds,50,8,Q36,2,Forward-only,20,0,0,1,1.13,1.13,1.13,1.13,0,0,1,1.13,0,0,1,0,0
tpcds_sf50_t8,TPCDS SF50,tpcds,50,8,Q36,3,THC,20,0,0,1,1.13,1.13,1.13,1.13,0,0.019202198,1,1.13,0,0,1,0,0
tpcds_sf50_t8,TPCDS SF50,tpcds,50,8,Q36,4,RPT+,20,0,0,1,1.34,1.34,1.34,1.34,0,0,1,1.34,0,0,1,0,0
tpcds_sf50_t8,TPCDS SF50,tpcds,50,8,Q37,1,Baseline,20,0,0,1,0.21,7.22,0.21,268.545,251.855,1.32066733,37.1945983,7.22,33.3809524,1277.78571,0.25,0.75,2
tpcds_sf50_t8,TPCDS SF50,tpcds,50,8,Q37,2,Forward-only,20,0,0,1,0.21,0.21,0.21,0.21,0,0,1,0.21,0,0,1,0,0
tpcds_sf50_t8,TPCDS SF50,tpcds,50,8,Q37,3,THC,20,0,0,1,0.21,0.21,0.21,0.21,0,0,1,0.21,0,0,1,0,0
tpcds_sf50_t8,TPCDS SF50,tpcds,50,8,Q37,4,RPT+,20,0,0,1,0.21,0.21,0.21,0.21,0,0,1,0.21,0,0,1,0,0
tpcds_sf50_t8,TPCDS SF50,tpcds,50,8,Q38,1,Baseline,20,0,0,1,2.05,2.05,2.05,2.06,0,0.0145631068,1.00487805,2.05,0,0.00487804878,1,0,0
tpcds_sf50_t8,TPCDS SF50,tpcds,50,8,Q38,2,Forward-only,20,0,0,1,2.15,2.16,2.15,2.16,0.0025,0.00200701136,1,2.16,0.00465116279,0.00465116279,1,0,0
tpcds_sf50_t8,TPCDS SF50,tpcds,50,8,Q38,3,THC,20,0,0,1,2.15,2.16,2.16,2.16,0,0.001009238,1,2.16,0.00465116279,0.00465116279,1,0,16
tpcds_sf50_t8,TPCDS SF50,tpcds,50,8,Q38,4,RPT+,20,0,0,1,2.05,2.05,2.05,2.05,0,0,1,2.05,0,0,1,0,0
tpcds_sf50_t8,TPCDS SF50,tpcds,50,8,Q39,1,Baseline,20,0,0,1,0.21,0.21,0.21,0.31,0.025,0.184260724,1.47619048,0.21,0,0.476190476,0.75,0,0
tpcds_sf50_t8,TPCDS SF50,tpcds,50,8,Q39,2,Forward-only,20,0,0,1,0.21,0.21,0.21,0.31,0.025,0.184260724,1.47619048,0.21,0,0.476190476,0.75,0,0
tpcds_sf50_t8,TPCDS SF50,tpcds,50,8,Q39,3,THC,20,0,0,1,0.21,0.21,0.21,0.31,0.025,0.184260724,1.47619048,0.21,0,0.476190476,0.75,0,0
tpcds_sf50_t8,TPCDS SF50,tpcds,50,8,Q39,4,RPT+,20,0,0,1,0.21,0.21,0.21,0.31,0.025,0.184260724,1.47619048,0.21,0,0.476190476,0.75,0,0
tpcds_sf50_t8,TPCDS SF50,tpcds,50,8,Q40,1,Baseline,20,0,0,1,0.31,0.31,0.31,0.31,0,0,1,0.31,0,0,1,0,0
tpcds_sf50_t8,TPCDS SF50,tpcds,50,8,Q40,2,Forward-only,20,0,0,1,0.31,0.31,0.31,0.31,0,0,1,0.31,0,0,1,0,0
tpcds_sf50_t8,TPCDS SF50,tpcds,50,8,Q40,3,THC,20,0,0,1,0.31,0.31,0.31,0.31,0,0,1,0.31,0,0,1,0,0
tpcds_sf50_t8,TPCDS SF50,tpcds,50,8,Q40,4,RPT+,20,0,0,1,0.11,0.11,0.11,0.11,0,0,1,0.11,0,0,1,0,0
tpcds_sf50_t8,TPCDS SF50,tpcds,50,8,Q41,1,Baseline,20,0,0,1,0.11,0.11,0.11,0.11,0,0,1,0.11,0,0,1,0,0
tpcds_sf50_t8,TPCDS SF50,tpcds,50,8,Q41,2,Forward-only,20,0,0,1,0.11,0.11,0.11,0.11,0,0,1,0.11,0,0,1,0,0
tpcds_sf50_t8,TPCDS SF50,tpcds,50,8,Q41,3,THC,20,0,0,1,0.11,0.11,0.11,0.11,0,0,1,0.11,0,0,1,0,0
tpcds_sf50_t8,TPCDS SF50,tpcds,50,8,Q41,4,RPT+,20,0,0,1,0.11,0.11,0.11,0.11,0,0,1,0.11,0,0,1,0,0
tpcds_sf50_t8,TPCDS SF50,tpcds,50,8,Q42,1,Baseline,20,0,0,1,0.72,0.87,0.72,0.93,0.135,0.101538459,1.06896552,0.87,0.208333333,0.291666667,0.25,0,9
tpcds_sf50_t8,TPCDS SF50,tpcds,50,8,Q42,2,Forward-only,20,0,0,1,0.52,0.52,0.52,0.62,0.1,0.0859404686,1.19230769,0.52,0,0.192307692,0.65,0,0
tpcds_sf50_t8,TPCDS SF50,tpcds,50,8,Q42,3,THC,20,0,0,1,0.52,0.52,0.52,0.62,0.1,0.0859404686,1.19230769,0.52,0,0.192307692,0.65,0,0
tpcds_sf50_t8,TPCDS SF50,tpcds,50,8,Q42,4,RPT+,20,0,0,1,0.52,0.52,0.52,0.62,0.1,0.0859404686,1.19230769,0.52,0,0.192307692,0.65,0,0
tpcds_sf50_t8,TPCDS SF50,tpcds,50,8,Q43,1,Baseline,20,0,0,1,1.23,1.23,1.23,1.23,0,0,1,1.23,0,0,1,0,0
tpcds_sf50_t8,TPCDS SF50,tpcds,50,8,Q43,2,Forward-only,20,0,0,1,0.82,0.82,0.82,0.82,0,0,1,0.82,0,0,1,0,0
tpcds_sf50_t8,TPCDS SF50,tpcds,50,8,Q43,3,THC,20,0,0,1,0.82,0.82,0.82,0.82,0,0,1,0.82,0,0,1,0,0
tpcds_sf50_t8,TPCDS SF50,tpcds,50,8,Q43,4,RPT+,20,0,0,1,0.92,0.93,0.93,0.93,0,0.00234475468,1,0.93,0.0108695652,0.0108695652,1,0,12
tpcds_sf50_t8,TPCDS SF50,tpcds,50,8,Q44,1,Baseline,20,0,0,1,37.8,38.6,38.199,39.33,0.56,0.012338438,1.01891192,38.6,0.0211640212,0.0404761905,1,0,5
tpcds_sf50_t8,TPCDS SF50,tpcds,50,8,Q44,2,Forward-only,20,0,0,1,38.01,38.605,38.301,38.94,0.4225,0.00729024817,1.00867763,38.605,0.0156537753,0.0244672455,1,0,3
tpcds_sf50_t8,TPCDS SF50,tpcds,50,8,Q44,3,THC,20,0,0,1,38.1,39.09,38.51,39.751,0.74,0.0138845996,1.0169097,39.09,0.025984252,0.0433333333,1,0,19
tpcds_sf50_t8,TPCDS SF50,tpcds,50,8,Q44,4,RPT+,20,0,0,1,38,38.465,38.118,39.252,0.595,0.0116392664,1.02046016,38.465,0.0122368421,0.0329473684,1,0,7
tpcds_sf50_t8,TPCDS SF50,tpcds,50,8,Q45,1,Baseline,20,0,0,1,0.51,0.52,0.52,0.62,0.1,0.0890113206,1.19230769,0.52,0.0196078431,0.215686275,0.55,0,3
tpcds_sf50_t8,TPCDS SF50,tpcds,50,8,Q45,2,Forward-only,20,0,0,1,0.31,0.41,0.31,0.52,0.135,0.197241696,1.26829268,0.41,0.322580645,0.677419355,0.25,0,0
tpcds_sf50_t8,TPCDS SF50,tpcds,50,8,Q45,3,THC,20,0,0,1,0.31,0.465,0.31,0.52,0.135,0.198782451,1.11827957,0.465,0.5,0.677419355,0.25,0,0
tpcds_sf50_t8,TPCDS SF50,tpcds,50,8,Q45,4,RPT+,20,0,0,1,0.41,0.52,0.41,0.52,0.0275,0.110438497,1,0.52,0.268292683,0.268292683,0.25,0,0
tpcds_sf50_t8,TPCDS SF50,tpcds,50,8,Q46,1,Baseline,20,0,0,1,1.85,2,1.85,2.15,0.225,0.0585156263,1.075,2,0.0810810811,0.162162162,0.5,0,0
tpcds_sf50_t8,TPCDS SF50,tpcds,50,8,Q46,2,Forward-only,20,0,0,1,1.34,1.34,1.34,1.34,0,0,1,1.34,0,0,1,0,0
tpcds_sf50_t8,TPCDS SF50,tpcds,50,8,Q46,3,THC,20,0,0,1,1.34,1.34,1.34,1.34,0,0,1,1.34,0,0,1,0,0
tpcds_sf50_t8,TPCDS SF50,tpcds,50,8,Q46,4,RPT+,20,0,0,1,1.34,1.34,1.34,1.44,0.1,0.0346886982,1.07462687,1.34,0,0.0746268657,1,0,2
tpcds_sf50_t8,TPCDS SF50,tpcds,50,8,Q47,1,Baseline,20,0,0,1,3.08,3.18,3.18,3.18,0,0.00686440779,1,3.18,0.0324675325,0.0324675325,1,0,12
tpcds_sf50_t8,TPCDS SF50,tpcds,50,8,Q47,2,Forward-only,20,0,0,1,3.18,3.18,3.18,3.28,0.1,0.0154156959,1.03144654,3.18,0,0.0314465409,1,0,0
tpcds_sf50_t8,TPCDS SF50,tpcds,50,8,Q47,3,THC,20,0,0,1,3.18,3.28,3.18,3.28,0.1,0.0155298688,1,3.28,0.0314465409,0.0314465409,1,0,2
tpcds_sf50_t8,TPCDS SF50,tpcds,50,8,Q47,4,RPT+,20,0,0,1,3.18,3.28,3.18,3.29,0.11,0.0162423642,1.00304878,3.28,0.0314465409,0.034591195,1,0,0
tpcds_sf50_t8,TPCDS SF50,tpcds,50,8,Q48,1,Baseline,20,0,0,1,1.54,1.695,1.54,2.071,0.185,0.12816394,1.22182891,1.695,0.100649351,0.344805195,0.5,0,0
tpcds_sf50_t8,TPCDS SF50,tpcds,50,8,Q48,2,Forward-only,20,0,0,1,1.64,1.8,1.64,2.18,0.16,0.117047692,1.21111111,1.8,0.0975609756,0.329268293,0.5,0,0
tpcds_sf50_t8,TPCDS SF50,tpcds,50,8,Q48,3,THC,20,0,0,1,1.54,1.95,1.64,2.27,0.255,0.123011336,1.16410256,1.95,0.266233766,0.474025974,0.25,0,4
tpcds_sf50_t8,TPCDS SF50,tpcds,50,8,Q48,4,RPT+,20,0,0,1,1.95,2.05,1.95,2.57,0.1,0.0968139802,1.25365854,2.05,0.0512820513,0.317948718,0.85,0,1
tpcds_sf50_t8,TPCDS SF50,tpcds,50,8,Q49,1,Baseline,20,0,0,1,1.34,1.44,1.34,1.45,0,0.0346685518,1.00694444,1.44,0.0746268657,0.0820895522,0.9,0,5
tpcds_sf50_t8,TPCDS SF50,tpcds,50,8,Q49,2,Forward-only,20,0,0,1,1.03,1.13,1.12,1.13,0,0.0267857143,1,1.13,0.0970873786,0.0970873786,1,0,5
tpcds_sf50_t8,TPCDS SF50,tpcds,50,8,Q49,3,THC,20,0,0,1,1.03,1.13,1.03,1.13,0,0.0320243427,1,1.13,0.0970873786,0.0970873786,1,0,2
tpcds_sf50_t8,TPCDS SF50,tpcds,50,8,Q49,4,RPT+,20,0,0,1,1.03,1.13,1.03,1.13,0,0.0320243427,1,1.13,0.0970873786,0.0970873786,1,0,1
tpcds_sf50_t8,TPCDS SF50,tpcds,50,8,Q50,1,Baseline,20,0,0,1,2.67,3.39,2.97,3.69,0.61,0.0950151718,1.08849558,3.39,0.269662921,0.382022472,0.05,0,8
tpcds_sf50_t8,TPCDS SF50,tpcds,50,8,Q50,2,Forward-only,20,0,0,1,1.44,1.695,1.44,2.05,0.61,0.140029171,1.20943953,1.695,0.177083333,0.423611111,0.3,0,2
tpcds_sf50_t8,TPCDS SF50,tpcds,50,8,Q50,3,THC,20,0,0,1,1.44,1.695,1.44,2.061,0.61,0.148441543,1.2159292,1.695,0.177083333,0.43125,0.3,0,2
tpcds_sf50_t8,TPCDS SF50,tpcds,50,8,Q50,4,RPT+,20,0,0,1,1.54,1.54,1.54,1.64,0.1,0.0302837842,1.06493506,1.54,0,0.0649350649,1,0,2
tpcds_sf50_t8,TPCDS SF50,tpcds,50,8,Q51,1,Baseline,20,0,0,1,4.61,4.72,4.61,4.72,0.0325,0.00992431327,1,4.72,0.0238611714,0.0238611714,1,0,3
tpcds_sf50_t8,TPCDS SF50,tpcds,50,8,Q51,2,Forward-only,20,0,0,1,4.72,4.72,4.72,4.82,0.1,0.0100309064,1.02118644,4.72,0,0.0211864407,1,0,0
tpcds_sf50_t8,TPCDS SF50,tpcds,50,8,Q51,3,THC,20,0,0,1,4.62,4.72,4.72,4.82,0.1,0.0114545595,1.02118644,4.72,0.0216450216,0.0432900433,1,0,7
tpcds_sf50_t8,TPCDS SF50,tpcds,50,8,Q51,4,RPT+,20,0,0,1,4.51,4.52,4.51,4.62,0.0275,0.00989113966,1.02212389,4.52,0.0022172949,0.0243902439,1,0,0
tpcds_sf50_t8,TPCDS SF50,tpcds,50,8,Q52,1,Baseline,20,0,0,1,0.72,0.87,0.82,0.93,0.1025,0.0707667387,1.06896552,0.87,0.208333333,0.291666667,0.05,0,15
tpcds_sf50_t8,TPCDS SF50,tpcds,50,8,Q52,2,Forward-only,20,0,0,1,0.52,0.62,0.52,0.62,0.1,0.0865206467,1,0.62,0.192307692,0.192307692,0.45,0,2
tpcds_sf50_t8,TPCDS SF50,tpcds,50,8,Q52,3,THC,20,0,0,1,0.52,0.62,0.52,0.62,0.1,0.0865206467,1,0.62,0.192307692,0.192307692,0.45,0,2
tpcds_sf50_t8,TPCDS SF50,tpcds,50,8,Q52,4,RPT+,20,0,0,1,0.52,0.62,0.52,0.62,0.1,0.0776707745,1,0.62,0.192307692,0.192307692,0.3,0,0
tpcds_sf50_t8,TPCDS SF50,tpcds,50,8,Q53,1,Baseline,20,0,0,1,0.82,1.13,0.82,1.34,0.4,0.187542917,1.18584071,1.13,0.37804878,0.634146341,0.2,0,0
tpcds_sf50_t8,TPCDS SF50,tpcds,50,8,Q53,2,Forward-only,20,0,0,1,0.72,0.72,0.72,0.72,0,0,1,0.72,0,0,1,0,0
tpcds_sf50_t8,TPCDS SF50,tpcds,50,8,Q53,3,THC,20,0,0,1,0.72,0.72,0.72,0.72,0,0,1,0.72,0,0,1,0,0
tpcds_sf50_t8,TPCDS SF50,tpcds,50,8,Q53,4,RPT+,20,0,0,1,0.72,0.72,0.72,0.82,0.1,0.0644602564,1.13888889,0.72,0,0.138888889,0.6,0,1
tpcds_sf50_t8,TPCDS SF50,tpcds,50,8,Q54,1,Baseline,0,20,0,0,,,,,,,,300,,,,,
tpcds_sf50_t8,TPCDS SF50,tpcds,50,8,Q54,2,Forward-only,0,20,0,0,,,,,,,,300,,,,,
tpcds_sf50_t8,TPCDS SF50,tpcds,50,8,Q54,3,THC,0,20,0,0,,,,,,,,300,,,,,
tpcds_sf50_t8,TPCDS SF50,tpcds,50,8,Q54,4,RPT+,0,20,0,0,,,,,,,,300,,,,,
tpcds_sf50_t8,TPCDS SF50,tpcds,50,8,Q55,1,Baseline,20,0,0,1,0.82,0.82,0.82,0.93,0.11,0.0611068221,1.13414634,0.82,0,0.134146341,0.6,0,1
tpcds_sf50_t8,TPCDS SF50,tpcds,50,8,Q55,2,Forward-only,20,0,0,1,0.52,0.62,0.52,0.62,0,0.0590200697,1,0.62,0.192307692,0.192307692,0.15,0,4
tpcds_sf50_t8,TPCDS SF50,tpcds,50,8,Q55,3,THC,20,0,0,1,0.52,0.62,0.52,0.62,0,0.0666666667,1,0.62,0.192307692,0.192307692,0.2,0,6
tpcds_sf50_t8,TPCDS SF50,tpcds,50,8,Q55,4,RPT+,20,0,0,1,0.52,0.62,0.52,0.62,0.1,0.0776707745,1,0.62,0.192307692,0.192307692,0.3,0,2
tpcds_sf50_t8,TPCDS SF50,tpcds,50,8,Q56,1,Baseline,20,0,0,1,1.03,1.13,1.12,1.13,0,0.0267857143,1,1.13,0.0970873786,0.0970873786,1,0,8
tpcds_sf50_t8,TPCDS SF50,tpcds,50,8,Q56,2,Forward-only,20,0,0,1,0.82,0.82,0.82,0.93,0,0.0469549986,1.13414634,0.82,0,0.134146341,0.85,0,0
tpcds_sf50_t8,TPCDS SF50,tpcds,50,8,Q56,3,THC,20,0,0,1,0.82,0.82,0.82,0.93,0.0275,0.0562022386,1.13414634,0.82,0,0.134146341,0.75,0,0
tpcds_sf50_t8,TPCDS SF50,tpcds,50,8,Q56,4,RPT+,20,0,0,1,0.82,0.82,0.82,0.82,0,0,1,0.82,0,0,1,0,0
tpcds_sf50_t8,TPCDS SF50,tpcds,50,8,Q57,1,Baseline,20,0,0,1,0.82,0.82,0.82,0.82,0,0,1,0.82,0,0,1,0,0
tpcds_sf50_t8,TPCDS SF50,tpcds,50,8,Q57,2,Forward-only,20,0,0,1,0.82,0.82,0.82,0.82,0,0.0290417252,1,0.82,0,0,0.95,0,0
tpcds_sf50_t8,TPCDS SF50,tpcds,50,8,Q57,3,THC,20,0,0,1,0.82,0.82,0.82,0.82,0,0,1,0.82,0,0,1,0,0
tpcds_sf50_t8,TPCDS SF50,tpcds,50,8,Q57,4,RPT+,20,0,0,1,0.82,0.82,0.82,0.82,0,0,1,0.82,0,0,1,0,0
tpcds_sf50_t8,TPCDS SF50,tpcds,50,8,Q58,1,Baseline,20,0,0,1,2.36,2.46,2.36,2.46,0,0.0146041481,1,2.46,0.0423728814,0.0423728814,1,0,4
tpcds_sf50_t8,TPCDS SF50,tpcds,50,8,Q58,2,Forward-only,20,0,0,1,2.46,2.46,2.46,2.46,0,0.000885775034,1,2.46,0,0,1,0,0
tpcds_sf50_t8,TPCDS SF50,tpcds,50,8,Q58,3,THC,20,0,0,1,2.36,2.46,2.46,2.46,0,0.00896641778,1,2.46,0.0423728814,0.0423728814,1,0,0
tpcds_sf50_t8,TPCDS SF50,tpcds,50,8,Q58,4,RPT+,20,0,0,1,2.36,2.46,2.45,2.46,0,0.0123423115,1,2.46,0.0423728814,0.0423728814,1,0,14
tpcds_sf50_t8,TPCDS SF50,tpcds,50,8,Q59,1,Baseline,20,0,0,1,2.46,2.46,2.46,2.46,0,0.00884158001,1,2.46,0,0,1,0,0
tpcds_sf50_t8,TPCDS SF50,tpcds,50,8,Q59,2,Forward-only,20,0,0,1,2.46,2.46,2.46,2.46,0,0,1,2.46,0,0,1,0,0
tpcds_sf50_t8,TPCDS SF50,tpcds,50,8,Q59,3,THC,20,0,0,1,2.46,2.46,2.46,2.46,0,0.000885775034,1,2.46,0,0,1,0,0
tpcds_sf50_t8,TPCDS SF50,tpcds,50,8,Q59,4,RPT+,20,0,0,1,2.46,2.46,2.46,2.46,0,0,1,2.46,0,0,1,0,0
tpcds_sf50_t8,TPCDS SF50,tpcds,50,8,Q60,1,Baseline,20,0,0,1,1.23,1.34,1.23,1.34,0.035,0.0413697799,1,1.34,0.0894308943,0.0894308943,0.95,0,5
tpcds_sf50_t8,TPCDS SF50,tpcds,50,8,Q60,2,Forward-only,20,0,0,1,0.93,0.93,0.93,0.93,0,0,1,0.93,0,0,1,0,0
tpcds_sf50_t8,TPCDS SF50,tpcds,50,8,Q60,3,THC,20,0,0,1,0.93,0.93,0.93,0.93,0,0,1,0.93,0,0,1,0,0
tpcds_sf50_t8,TPCDS SF50,tpcds,50,8,Q60,4,RPT+,20,0,0,1,0.93,0.93,0.93,0.93,0,0,1,0.93,0,0,1,0,0
tpcds_sf50_t8,TPCDS SF50,tpcds,50,8,Q61,1,Baseline,20,0,0,1,1.54,1.64,1.54,1.85,0.135,0.0710060238,1.12804878,1.64,0.0649350649,0.201298701,0.6,0,2
tpcds_sf50_t8,TPCDS SF50,tpcds,50,8,Q61,2,Forward-only,20,0,0,1,1.13,1.13,1.13,1.13,0,0,1,1.13,0,0,1,0,0
tpcds_sf50_t8,TPCDS SF50,tpcds,50,8,Q61,3,THC,20,0,0,1,1.13,1.13,1.13,1.13,0,0.019202198,1,1.13,0,0,1,0,0
tpcds_sf50_t8,TPCDS SF50,tpcds,50,8,Q61,4,RPT+,20,0,0,1,1.13,1.13,1.13,1.13,0,0,1,1.13,0,0,1,0,0
tpcds_sf50_t8,TPCDS SF50,tpcds,50,8,Q62,1,Baseline,20,0,0,1,0.62,0.62,0.62,0.62,0,0,1,0.62,0,0,1,0,0
tpcds_sf50_t8,TPCDS SF50,tpcds,50,8,Q62,2,Forward-only,20,0,0,1,0.62,0.62,0.62,0.62,0,0,1,0.62,0,0,1,0,0
tpcds_sf50_t8,TPCDS SF50,tpcds,50,8,Q62,3,THC,20,0,0,1,0.62,0.62,0.62,0.62,0,0,1,0.62,0,0,1,0,0
tpcds_sf50_t8,TPCDS SF50,tpcds,50,8,Q62,4,RPT+,20,0,0,1,0.62,0.62,0.62,0.62,0,0,1,0.62,0,0,1,0,0
tpcds_sf50_t8,TPCDS SF50,tpcds,50,8,Q63,1,Baseline,20,0,0,1,0.82,1.13,0.82,1.34,0.52,0.205262355,1.18584071,1.13,0.37804878,0.634146341,0.35,0,0
tpcds_sf50_t8,TPCDS SF50,tpcds,50,8,Q63,2,Forward-only,20,0,0,1,0.72,0.72,0.72,0.72,0,0,1,0.72,0,0,1,0,0
tpcds_sf50_t8,TPCDS SF50,tpcds,50,8,Q63,3,THC,20,0,0,1,0.72,0.72,0.72,0.72,0,0,1,0.72,0,0,1,0,0
tpcds_sf50_t8,TPCDS SF50,tpcds,50,8,Q63,4,RPT+,20,0,0,1,0.72,0.72,0.72,0.82,0.1,0.0631747816,1.13888889,0.72,0,0.138888889,0.65,0,1
tpcds_sf50_t8,TPCDS SF50,tpcds,50,8,Q64,1,Baseline,20,0,0,1,2.87,6.715,3.459,8.772,2.275,0.309883569,1.30632911,6.715,1.33972125,2.05644599,0.05,0.6,6
tpcds_sf50_t8,TPCDS SF50,tpcds,50,8,Q64,2,Forward-only,20,0,0,1,2.05,2.87,2.149,3.08,0.645,0.146097103,1.07317073,2.87,0.4,0.502439024,0.2,0,0
tpcds_sf50_t8,TPCDS SF50,tpcds,50,8,Q64,3,THC,20,0,0,1,2.05,3.49,2.149,3.7,1.3625,0.231825127,1.06017192,3.49,0.702439024,0.804878049,0.2,0,0
tpcds_sf50_t8,TPCDS SF50,tpcds,50,8,Q64,4,RPT+,20,0,0,1,1.95,2.05,1.95,2.471,0.1275,0.100644635,1.20536585,2.05,0.0512820513,0.267179487,0.75,0,0
tpcds_sf50_t8,TPCDS SF50,tpcds,50,8,Q65,1,Baseline,20,0,0,1,3.79,3.8,3.79,3.9,0.1,0.0122589692,1.02631579,3.8,0.00263852243,0.0290237467,1,0,1
tpcds_sf50_t8,TPCDS SF50,tpcds,50,8,Q65,2,Forward-only,20,0,0,1,3.69,3.9,3.8,4,0,0.018351335,1.02564103,3.9,0.0569105691,0.0840108401,1,0,4
tpcds_sf50_t8,TPCDS SF50,tpcds,50,8,Q65,3,THC,20,0,0,1,3.7,3.9,3.799,4,0.025,0.0200366456,1.02564103,3.9,0.0540540541,0.0810810811,1,0,0
tpcds_sf50_t8,TPCDS SF50,tpcds,50,8,Q65,4,RPT+,20,0,0,1,3.7,3.9,3.799,4,0.025,0.0199063558,1.02564103,3.9,0.0540540541,0.0810810811,1,0,19
tpcds_sf50_t8,TPCDS SF50,tpcds,50,8,Q66,1,Baseline,20,0,0,1,0.72,0.82,0.72,0.82,0.1,0.0641927379,1,0.82,0.138888889,0.138888889,0.45,0,0
tpcds_sf50_t8,TPCDS SF50,tpcds,50,8,Q66,2,Forward-only,20,0,0,1,0.52,0.52,0.52,0.52,0,0,1,0.52,0,0,1,0,0
tpcds_sf50_t8,TPCDS SF50,tpcds,50,8,Q66,3,THC,20,0,0,1,0.52,0.52,0.52,0.52,0,0,1,0.52,0,0,1,0,0
tpcds_sf50_t8,TPCDS SF50,tpcds,50,8,Q66,4,RPT+,20,0,0,1,0.52,0.62,0.52,0.62,0.1,0.0865206467,1,0.62,0.192307692,0.192307692,0.45,0,1
tpcds_sf50_t8,TPCDS SF50,tpcds,50,8,Q67,1,Baseline,20,0,0,1,15.49,15.79,15.599,16.101,0.225,0.0123797502,1.01969601,15.79,0.0193673338,0.0394448031,1,0,6
tpcds_sf50_t8,TPCDS SF50,tpcds,50,8,Q67,2,Forward-only,20,0,0,1,15.49,15.705,15.5,16.12,0.3025,0.0142220962,1.02642471,15.705,0.0138799225,0.0406714009,1,0,2
tpcds_sf50_t8,TPCDS SF50,tpcds,50,8,Q67,3,THC,20,0,0,1,15.6,15.8,15.7,16.01,0.2025,0.00791553282,1.01329114,15.8,0.0128205128,0.0262820513,1,0,18
tpcds_sf50_t8,TPCDS SF50,tpcds,50,8,Q67,4,RPT+,20,0,0,1,15.7,16.11,15.809,16.22,0.195,0.00987769785,1.00682806,16.11,0.0261146497,0.0331210191,1,0,12
tpcds_sf50_t8,TPCDS SF50,tpcds,50,8,Q68,1,Baseline,20,0,0,1,1.64,1.95,1.64,2.06,0.3,0.09332309,1.05641026,1.95,0.18902439,0.256097561,0.35,0,7
tpcds_sf50_t8,TPCDS SF50,tpcds,50,8,Q68,2,Forward-only,20,0,0,1,1.34,1.44,1.34,1.44,0.1,0.0339480143,1,1.44,0.0746268657,0.0746268657,1,0,0
tpcds_sf50_t8,TPCDS SF50,tpcds,50,8,Q68,3,THC,20,0,0,1,1.34,1.34,1.34,1.44,0.1,0.0359201241,1.07462687,1.34,0,0.0746268657,1,0,0
tpcds_sf50_t8,TPCDS SF50,tpcds,50,8,Q68,4,RPT+,20,0,0,1,1.23,1.34,1.34,1.34,0,0.017964739,1,1.34,0.0894308943,0.0894308943,1,0,16
tpcds_sf50_t8,TPCDS SF50,tpcds,50,8,Q69,1,Baseline,20,0,0,1,0.92,1.03,0.93,1.03,0.1,0.0511389546,1,1.03,0.119565217,0.119565217,0.45,0,0
tpcds_sf50_t8,TPCDS SF50,tpcds,50,8,Q69,2,Forward-only,20,0,0,1,0.93,0.93,0.93,1.03,0,0.0377853356,1.10752688,0.93,0,0.107526882,0.85,0,0
tpcds_sf50_t8,TPCDS SF50,tpcds,50,8,Q69,3,THC,20,0,0,1,0.93,0.93,0.93,1.03,0.025,0.0453416442,1.10752688,0.93,0,0.107526882,0.75,0,0
tpcds_sf50_t8,TPCDS SF50,tpcds,50,8,Q69,4,RPT+,20,0,0,1,0.62,0.62,0.62,0.62,0,0,1,0.62,0,0,1,0,0
tpcds_sf50_t8,TPCDS SF50,tpcds,50,8,Q70,1,Baseline,20,0,0,1,2.46,2.56,2.46,2.56,0.1,0.0197810624,1,2.56,0.0406504065,0.0406504065,1,0,0
tpcds_sf50_t8,TPCDS SF50,tpcds,50,8,Q70,2,Forward-only,20,0,0,1,2.46,2.46,2.46,2.56,0.025,0.0174250584,1.04065041,2.46,0,0.0406504065,1,0,1
tpcds_sf50_t8,TPCDS SF50,tpcds,50,8,Q70,3,THC,20,0,0,1,2.46,2.46,2.46,2.56,0,0.0144271281,1.04065041,2.46,0,0.0406504065,1,0,0
tpcds_sf50_t8,TPCDS SF50,tpcds,50,8,Q70,4,RPT+,20,0,0,1,2.36,2.36,2.36,2.36,0,0,1,2.36,0,0,1,0,0
tpcds_sf50_t8,TPCDS SF50,tpcds,50,8,Q71,1,Baseline,20,0,0,1,1.13,1.23,1.13,1.23,0.1,0.0399137741,1,1.23,0.0884955752,0.0884955752,1,0,1
tpcds_sf50_t8,TPCDS SF50,tpcds,50,8,Q71,2,Forward-only,20,0,0,1,1.03,1.13,1.13,1.13,0,0.0193728842,1,1.13,0.0970873786,0.0970873786,1,0,8
tpcds_sf50_t8,TPCDS SF50,tpcds,50,8,Q71,3,THC,20,0,0,1,1.03,1.13,1.13,1.13,0,0.0193728842,1,1.13,0.0970873786,0.0970873786,1,0,11
tpcds_sf50_t8,TPCDS SF50,tpcds,50,8,Q71,4,RPT+,20,0,0,1,0.82,0.82,0.82,0.82,0,0,1,0.82,0,0,1,0,0
tpcds_sf50_t8,TPCDS SF50,tpcds,50,8,Q72,1,Baseline,20,0,0,1,1.03,21.13,1.888,76.728,20.725,1.17436188,3.63123521,21.13,19.5145631,73.4932039,0.05,0.85,0
tpcds_sf50_t8,TPCDS SF50,tpcds,50,8,Q72,2,Forward-only,20,0,0,1,0.62,1.44,0.909,2.303,0.67,0.590762442,1.59930556,1.44,1.32258065,2.71451613,0.05,0.65,0
tpcds_sf50_t8,TPCDS SF50,tpcds,50,8,Q72,3,THC,20,0,0,1,0.72,1.54,0.81,3.683,0.82,0.725112761,2.39155844,1.54,1.13888889,4.11527778,0.1,0.55,0
tpcds_sf50_t8,TPCDS SF50,tpcds,50,8,Q72,4,RPT+,20,0,0,1,0.72,1.39,0.81,5.163,1.895,0.799282835,3.71438849,1.39,0.930555556,6.17083333,0.1,0.45,0
tpcds_sf50_t8,TPCDS SF50,tpcds,50,8,Q73,1,Baseline,20,0,0,1,1.03,1.23,1.03,1.23,0.2,0.0815646913,1,1.23,0.194174757,0.194174757,0.4,0,3
tpcds_sf50_t8,TPCDS SF50,tpcds,50,8,Q73,2,Forward-only,20,0,0,1,0.72,0.82,0.72,0.82,0.1,0.0641927379,1,0.82,0.138888889,0.138888889,0.45,0,0
tpcds_sf50_t8,TPCDS SF50,tpcds,50,8,Q73,3,THC,20,0,0,1,0.72,0.82,0.72,0.82,0.1,0.0641927379,1,0.82,0.138888889,0.138888889,0.45,0,0
tpcds_sf50_t8,TPCDS SF50,tpcds,50,8,Q73,4,RPT+,20,0,0,1,0.72,0.82,0.72,0.82,0,0.05,1,0.82,0.138888889,0.138888889,0.2,0,1
tpcds_sf50_t8,TPCDS SF50,tpcds,50,8,Q74,1,Baseline,20,0,0,1,4.1,4.26,4.1,4.51,0.41,0.0438072224,1.05868545,4.26,0.0390243902,0.1,1,0,0
tpcds_sf50_t8,TPCDS SF50,tpcds,50,8,Q74,2,Forward-only,20,0,0,1,3.8,4.1,3.8,4.31,0.335,0.0494069919,1.05121951,4.1,0.0789473684,0.134210526,0.5,0,0
tpcds_sf50_t8,TPCDS SF50,tpcds,50,8,Q74,3,THC,20,0,0,1,3.8,4.105,3.8,4.31,0.335,0.0500087364,1.0499391,4.105,0.0802631579,0.134210526,0.5,0,6
tpcds_sf50_t8,TPCDS SF50,tpcds,50,8,Q74,4,RPT+,20,0,0,1,3.9,4.26,3.9,4.62,0.545,0.0721673386,1.08450704,4.26,0.0923076923,0.184615385,0.5,0,0
tpcds_sf50_t8,TPCDS SF50,tpcds,50,8,Q75,1,Baseline,20,0,0,1,3.18,3.28,3.18,3.28,0.1,0.0146986009,1,3.28,0.0314465409,0.0314465409,1,0,0
tpcds_sf50_t8,TPCDS SF50,tpcds,50,8,Q75,2,Forward-only,20,0,0,1,2.36,2.46,2.46,2.46,0,0.0135085469,1,2.46,0.0423728814,0.0423728814,1,0,6
tpcds_sf50_t8,TPCDS SF50,tpcds,50,8,Q75,3,THC,20,0,0,1,2.36,2.465,2.46,2.47,0.01,0.00953336537,1.0020284,2.465,0.0444915254,0.0466101695,1,0,18
tpcds_sf50_t8,TPCDS SF50,tpcds,50,8,Q75,4,RPT+,20,0,0,1,2.46,2.47,2.46,2.57,0.11,0.0205763389,1.04048583,2.47,0.00406504065,0.0447154472,1,0,6
tpcds_sf50_t8,TPCDS SF50,tpcds,50,8,Q76,1,Baseline,20,0,0,1,1.44,1.44,1.44,1.44,0,0.0150826953,1,1.44,0,0,1,0,1
tpcds_sf50_t8,TPCDS SF50,tpcds,50,8,Q76,2,Forward-only,20,0,0,1,1.34,1.44,1.34,1.44,0,0.0250576436,1,1.44,0.0746268657,0.0746268657,1,0,11
tpcds_sf50_t8,TPCDS SF50,tpcds,50,8,Q76,3,THC,20,0,0,1,1.44,1.44,1.44,1.44,0,0,1,1.44,0,0,1,0,0
tpcds_sf50_t8,TPCDS SF50,tpcds,50,8,Q76,4,RPT+,20,0,0,1,1.23,1.23,1.23,1.23,0,0,1,1.23,0,0,1,0,0
tpcds_sf50_t8,TPCDS SF50,tpcds,50,8,Q77,1,Baseline,20,0,0,1,1.34,1.34,1.34,1.44,0,0.0294117647,1.07462687,1.34,0,0.0746268657,1,0,0
tpcds_sf50_t8,TPCDS SF50,tpcds,50,8,Q77,2,Forward-only,20,0,0,1,1.03,1.03,1.03,1.03,0,0,1,1.03,0,0,1,0,0
tpcds_sf50_t8,TPCDS SF50,tpcds,50,8,Q77,3,THC,20,0,0,1,1.03,1.03,1.03,1.03,0,0,1,1.03,0,0,1,0,0
tpcds_sf50_t8,TPCDS SF50,tpcds,50,8,Q77,4,RPT+,20,0,0,1,1.03,1.03,1.03,1.03,0,0.0210574828,1,1.03,0,0,1,0,0
tpcds_sf50_t8,TPCDS SF50,tpcds,50,8,Q78,1,Baseline,20,0,0,1,6.67,6.77,6.67,6.77,0.1,0.00679907373,1,6.77,0.0149925037,0.0149925037,1,0,0
tpcds_sf50_t8,TPCDS SF50,tpcds,50,8,Q78,2,Forward-only,20,0,0,1,6.67,6.77,6.77,6.87,0.0025,0.00701339468,1.01477105,6.77,0.0149925037,0.0299850075,1,0,2
tpcds_sf50_t8,TPCDS SF50,tpcds,50,8,Q78,3,THC,20,0,0,1,7.08,7.19,7.18,7.29,0.11,0.00837942815,1.01390821,7.19,0.0155367232,0.0296610169,1,0,13
tpcds_sf50_t8,TPCDS SF50,tpcds,50,8,Q78,4,RPT+,20,0,0,1,5.85,6.06,5.94,6.291,0.235,0.0338726646,1.03811881,6.06,0.0358974359,0.0753846154,0.9,0,5
tpcds_sf50_t8,TPCDS SF50,tpcds,50,8,Q79,1,Baseline,20,0,0,1,1.85,1.95,1.85,2.05,0.125,0.0420934632,1.05128205,1.95,0.0540540541,0.108108108,0.75,0,0
tpcds_sf50_t8,TPCDS SF50,tpcds,50,8,Q79,2,Forward-only,20,0,0,1,1.34,1.34,1.34,1.34,0,0,1,1.34,0,0,1,0,0
tpcds_sf50_t8,TPCDS SF50,tpcds,50,8,Q79,3,THC,20,0,0,1,1.34,1.34,1.34,1.34,0,0,1,1.34,0,0,1,0,0
tpcds_sf50_t8,TPCDS SF50,tpcds,50,8,Q79,4,RPT+,20,0,0,1,1.44,1.44,1.44,1.44,0,0.0150826953,1,1.44,0,0,1,0,0
tpcds_sf50_t8,TPCDS SF50,tpcds,50,8,Q80,1,Baseline,20,0,0,1,2.46,2.565,2.46,2.57,0.035,0.0212507934,1.00194932,2.565,0.0426829268,0.0447154472,1,0,1
tpcds_sf50_t8,TPCDS SF50,tpcds,50,8,Q80,2,Forward-only,20,0,0,1,1.54,1.64,1.64,1.64,0,0.013461962,1,1.64,0.0649350649,0.0649350649,1,0,2
tpcds_sf50_t8,TPCDS SF50,tpcds,50,8,Q80,3,THC,20,0,0,1,1.64,1.64,1.64,1.65,0,0.00217527518,1.00609756,1.64,0,0.00609756098,1,0,0
tpcds_sf50_t8,TPCDS SF50,tpcds,50,8,Q80,4,RPT+,20,0,0,1,1.23,1.23,1.23,1.34,0,0.0315105145,1.08943089,1.23,0,0.0894308943,1,0,0
tpcds_sf50_t8,TPCDS SF50,tpcds,50,8,Q81,1,Baseline,20,0,0,1,0.41,0.41,0.41,0.41,0,0,1,0.41,0,0,1,0,0
tpcds_sf50_t8,TPCDS SF50,tpcds,50,8,Q81,2,Forward-only,20,0,0,1,0.41,0.41,0.41,0.41,0,0,1,0.41,0,0,1,0,0
tpcds_sf50_t8,TPCDS SF50,tpcds,50,8,Q81,3,THC,20,0,0,1,0.41,0.41,0.41,0.41,0,0,1,0.41,0,0,1,0,0
tpcds_sf50_t8,TPCDS SF50,tpcds,50,8,Q81,4,RPT+,20,0,0,1,0.41,0.41,0.41,0.41,0,0,1,0.41,0,0,1,0,0
tpcds_sf50_t8,TPCDS SF50,tpcds,50,8,Q82,1,Baseline,14,6,0,0.7,0.41,0.82,0.41,15.767,11.615,1.39775722,19.2280488,8.29,1,37.4560976,0.3,0.5,0
tpcds_sf50_t8,TPCDS SF50,tpcds,50,8,Q82,2,Forward-only,20,0,0,1,0.41,0.41,0.41,0.52,0.11,0.113788561,1.26829268,0.41,0,0.268292683,0.7,0,0
tpcds_sf50_t8,TPCDS SF50,tpcds,50,8,Q82,3,THC,20,0,0,1,0.41,0.41,0.41,0.52,0.11,0.113788561,1.26829268,0.41,0,0.268292683,0.7,0,0
tpcds_sf50_t8,TPCDS SF50,tpcds,50,8,Q82,4,RPT+,20,0,0,1,0.21,0.31,0.3,0.31,0,0.1,1,0.31,0.476190476,0.476190476,0.1,0,14
tpcds_sf50_t8,TPCDS SF50,tpcds,50,8,Q83,1,Baseline,20,0,0,1,0.31,0.41,0.4,0.41,0,0.075,1,0.41,0.322580645,0.322580645,0.1,0,3
tpcds_sf50_t8,TPCDS SF50,tpcds,50,8,Q83,2,Forward-only,20,0,0,1,0.21,0.21,0.21,0.21,0,0,1,0.21,0,0,1,0,0
tpcds_sf50_t8,TPCDS SF50,tpcds,50,8,Q83,3,THC,20,0,0,1,0.21,0.21,0.21,0.21,0,0,1,0.21,0,0,1,0,0
tpcds_sf50_t8,TPCDS SF50,tpcds,50,8,Q83,4,RPT+,20,0,0,1,0.21,0.21,0.21,0.21,0,0,1,0.21,0,0,1,0,0
tpcds_sf50_t8,TPCDS SF50,tpcds,50,8,Q84,1,Baseline,20,0,0,1,0.21,0.36,0.21,0.41,0.2,0.314277606,1.13888889,0.36,0.714285714,0.952380952,0.4,0.05,0
tpcds_sf50_t8,TPCDS SF50,tpcds,50,8,Q84,2,Forward-only,20,0,0,1,0.21,0.21,0.21,0.21,0,0,1,0.21,0,0,1,0,0
tpcds_sf50_t8,TPCDS SF50,tpcds,50,8,Q84,3,THC,20,0,0,1,0.21,0.21,0.21,0.21,0,0,1,0.21,0,0,1,0,0
tpcds_sf50_t8,TPCDS SF50,tpcds,50,8,Q84,4,RPT+,20,0,0,1,0.21,0.21,0.21,0.21,0,0,1,0.21,0,0,1,0,0
tpcds_sf50_t8,TPCDS SF50,tpcds,50,8,Q85,1,Baseline,20,0,0,1,0.72,0.72,0.72,0.82,0,0.0540540541,1.13888889,0.72,0,0.138888889,0.8,0,0
tpcds_sf50_t8,TPCDS SF50,tpcds,50,8,Q85,2,Forward-only,20,0,0,1,0.72,0.72,0.72,0.82,0.1,0.0644602564,1.13888889,0.72,0,0.138888889,0.6,0,0
tpcds_sf50_t8,TPCDS SF50,tpcds,50,8,Q85,3,THC,20,0,0,1,0.72,0.82,0.72,0.82,0.1,0.0689071024,1,0.82,0.138888889,0.138888889,0.3,0,0
tpcds_sf50_t8,TPCDS SF50,tpcds,50,8,Q85,4,RPT+,20,0,0,1,0.82,0.82,0.82,0.93,0.11,0.0623712666,1.13414634,0.82,0,0.134146341,0.6,0,0
tpcds_sf50_t8,TPCDS SF50,tpcds,50,8,Q86,1,Baseline,20,0,0,1,0.51,0.52,0.51,0.52,0.01,0.00886378278,1,0.52,0.0196078431,0.0196078431,1,0,0
tpcds_sf50_t8,TPCDS SF50,tpcds,50,8,Q86,2,Forward-only,20,0,0,1,0.51,0.52,0.52,0.52,0,0.00419528291,1,0.52,0.0196078431,0.0196078431,1,0,15
tpcds_sf50_t8,TPCDS SF50,tpcds,50,8,Q86,3,THC,20,0,0,1,0.52,0.52,0.52,0.52,0,0,1,0.52,0,0,1,0,0
tpcds_sf50_t8,TPCDS SF50,tpcds,50,8,Q86,4,RPT+,20,0,0,1,0.52,0.52,0.52,0.52,0,0,1,0.52,0,0,1,0,0
tpcds_sf50_t8,TPCDS SF50,tpcds,50,8,Q87,1,Baseline,20,0,0,1,2.15,2.26,2.25,2.26,0,0.0140207413,1,2.26,0.0511627907,0.0511627907,1,0,12
tpcds_sf50_t8,TPCDS SF50,tpcds,50,8,Q87,2,Forward-only,20,0,0,1,2.26,2.26,2.26,2.26,0,0,1,2.26,0,0,1,0,0
tpcds_sf50_t8,TPCDS SF50,tpcds,50,8,Q87,3,THC,20,0,0,1,2.26,2.26,2.26,2.26,0,0.00962229347,1,2.26,0,0,1,0,0
tpcds_sf50_t8,TPCDS SF50,tpcds,50,8,Q87,4,RPT+,20,0,0,1,2.16,2.16,2.16,2.16,0,0.0100667412,1,2.16,0,0,1,0,0
tpcds_sf50_t8,TPCDS SF50,tpcds,50,8,Q88,1,Baseline,20,0,0,1,3.28,3.59,3.28,3.9,0.21,0.0626067563,1.08635097,3.59,0.0945121951,0.18902439,0.55,0,0
tpcds_sf50_t8,TPCDS SF50,tpcds,50,8,Q88,2,Forward-only,20,0,0,1,1.85,1.85,1.85,1.85,0,0.0117490538,1,1.85,0,0,1,0,1
tpcds_sf50_t8,TPCDS SF50,tpcds,50,8,Q88,3,THC,20,0,0,1,1.85,1.85,1.85,1.85,0,0.0117490538,1,1.85,0,0,1,0,1
tpcds_sf50_t8,TPCDS SF50,tpcds,50,8,Q88,4,RPT+,20,0,0,1,1.85,1.95,1.94,1.95,0,0.0154639175,1,1.95,0.0540540541,0.0540540541,1,0,2
tpcds_sf50_t8,TPCDS SF50,tpcds,50,8,Q89,1,Baseline,20,0,0,1,1.03,1.23,1.03,1.44,0.41,0.145341912,1.17073171,1.23,0.194174757,0.398058252,0.35,0,0
tpcds_sf50_t8,TPCDS SF50,tpcds,50,8,Q89,2,Forward-only,20,0,0,1,0.82,0.82,0.82,0.82,0,0,1,0.82,0,0,1,0,0
tpcds_sf50_t8,TPCDS SF50,tpcds,50,8,Q89,3,THC,20,0,0,1,0.82,0.82,0.82,0.82,0,0,1,0.82,0,0,1,0,0
tpcds_sf50_t8,TPCDS SF50,tpcds,50,8,Q89,4,RPT+,20,0,0,1,0.82,0.82,0.82,0.82,0,0,1,0.82,0,0,1,0,0
tpcds_sf50_t8,TPCDS SF50,tpcds,50,8,Q90,1,Baseline,20,0,0,1,0.41,0.41,0.41,0.42,0,0.0714285714,1.02439024,0.41,0,0.0243902439,0.9,0,0
tpcds_sf50_t8,TPCDS SF50,tpcds,50,8,Q90,2,Forward-only,20,0,0,1,0.31,0.31,0.31,0.31,0,0,1,0.31,0,0,1,0,0
tpcds_sf50_t8,TPCDS SF50,tpcds,50,8,Q90,3,THC,20,0,0,1,0.31,0.31,0.31,0.31,0,0,1,0.31,0,0,1,0,0
tpcds_sf50_t8,TPCDS SF50,tpcds,50,8,Q90,4,RPT+,20,0,0,1,0.31,0.31,0.31,0.31,0,0,1,0.31,0,0,1,0,0
tpcds_sf50_t8,TPCDS SF50,tpcds,50,8,Q91,1,Baseline,20,0,0,1,0.11,0.21,0.11,0.21,0.1,0.272554058,1,0.21,0.909090909,0.909090909,0.35,0,2
tpcds_sf50_t8,TPCDS SF50,tpcds,50,8,Q91,2,Forward-only,20,0,0,1,0.11,0.11,0.11,0.11,0,0,1,0.11,0,0,1,0,0
tpcds_sf50_t8,TPCDS SF50,tpcds,50,8,Q91,3,THC,20,0,0,1,0.11,0.11,0.11,0.11,0,0,1,0.11,0,0,1,0,0
tpcds_sf50_t8,TPCDS SF50,tpcds,50,8,Q91,4,RPT+,20,0,0,1,0.11,0.11,0.11,0.11,0,0,1,0.11,0,0,1,0,0
tpcds_sf50_t8,TPCDS SF50,tpcds,50,8,Q92,1,Baseline,20,0,0,1,0.41,0.41,0.41,0.41,0,0,1,0.41,0,0,1,0,0
tpcds_sf50_t8,TPCDS SF50,tpcds,50,8,Q92,2,Forward-only,20,0,0,1,0.31,0.31,0.31,0.41,0,0.10986813,1.32258065,0.31,0,0.322580645,0.85,0,0
tpcds_sf50_t8,TPCDS SF50,tpcds,50,8,Q92,3,THC,20,0,0,1,0.31,0.31,0.31,0.41,0.025,0.129257523,1.32258065,0.31,0,0.322580645,0.75,0,2
tpcds_sf50_t8,TPCDS SF50,tpcds,50,8,Q92,4,RPT+,20,0,0,1,0.31,0.31,0.31,0.31,0,0,1,0.31,0,0,1,0,0
tpcds_sf50_t8,TPCDS SF50,tpcds,50,8,Q93,1,Baseline,20,0,0,1,2.98,2.98,2.98,2.98,0,0,1,2.98,0,0,1,0,0
tpcds_sf50_t8,TPCDS SF50,tpcds,50,8,Q93,2,Forward-only,20,0,0,1,1.85,1.85,1.85,1.85,0,0,1,1.85,0,0,1,0,0
tpcds_sf50_t8,TPCDS SF50,tpcds,50,8,Q93,3,THC,20,0,0,1,2.16,2.16,2.16,2.26,0,0.0164170768,1.0462963,2.16,0,0.0462962963,1,0,1
tpcds_sf50_t8,TPCDS SF50,tpcds,50,8,Q93,4,RPT+,20,0,0,1,1.85,1.85,1.85,1.85,0,0,1,1.85,0,0,1,0,0
tpcds_sf50_t8,TPCDS SF50,tpcds,50,8,Q94,1,Baseline,20,0,0,1,0.51,0.52,0.51,0.52,0,0.00688662336,1,0.52,0.0196078431,0.0196078431,1,0,0
tpcds_sf50_t8,TPCDS SF50,tpcds,50,8,Q94,2,Forward-only,20,0,0,1,0.41,0.41,0.41,0.41,0,0,1,0.41,0,0,1,0,0
tpcds_sf50_t8,TPCDS SF50,tpcds,50,8,Q94,3,THC,20,0,0,1,0.41,0.41,0.41,0.41,0,0,1,0.41,0,0,1,0,0
tpcds_sf50_t8,TPCDS SF50,tpcds,50,8,Q94,4,RPT+,20,0,0,1,0.41,0.41,0.41,0.41,0,0,1,0.41,0,0,1,0,0
tpcds_sf50_t8,TPCDS SF50,tpcds,50,8,Q95,1,Baseline,20,0,0,1,8.09,8.19,8.19,8.3,0.1,0.00880440657,1.01343101,8.19,0.0123609394,0.0259579728,1,0,2
tpcds_sf50_t8,TPCDS SF50,tpcds,50,8,Q95,2,Forward-only,20,0,0,1,8.09,8.2,8.18,8.291,0.1,0.00779847095,1.01109756,8.2,0.0135970334,0.0248454883,1,0,10
tpcds_sf50_t8,TPCDS SF50,tpcds,50,8,Q95,3,THC,20,0,0,1,14.04,14.86,14.331,15.31,0.26,0.0280242315,1.03028264,14.86,0.0584045584,0.0904558405,0.9,0,7
tpcds_sf50_t8,TPCDS SF50,tpcds,50,8,Q95,4,RPT+,20,0,0,1,1.03,1.03,1.03,1.03,0,0,1,1.03,0,0,1,0,0
tpcds_sf50_t8,TPCDS SF50,tpcds,50,8,Q96,1,Baseline,20,0,0,1,0.62,0.62,0.62,0.72,0.1,0.0705011645,1.16129032,0.62,0,0.161290323,0.7,0,0
tpcds_sf50_t8,TPCDS SF50,tpcds,50,8,Q96,2,Forward-only,20,0,0,1,0.41,0.52,0.41,0.52,0.035,0.0955061025,1,0.52,0.268292683,0.268292683,0.25,0,0
tpcds_sf50_t8,TPCDS SF50,tpcds,50,8,Q96,3,THC,20,0,0,1,0.41,0.52,0.41,0.52,0,0.0780096452,1,0.52,0.268292683,0.268292683,0.15,0,5
tpcds_sf50_t8,TPCDS SF50,tpcds,50,8,Q96,4,RPT+,20,0,0,1,0.41,0.41,0.41,0.52,0.11,0.119095341,1.26829268,0.41,0,0.268292683,0.55,0,2
tpcds_sf50_t8,TPCDS SF50,tpcds,50,8,Q97,1,Baseline,20,0,0,1,2.26,2.26,2.26,2.26,0,0,1,2.26,0,0,1,0,0
tpcds_sf50_t8,TPCDS SF50,tpcds,50,8,Q97,2,Forward-only,20,0,0,1,2.16,2.26,2.25,2.26,0,0.0133333333,1,2.26,0.0462962963,0.0462962963,1,0,1
tpcds_sf50_t8,TPCDS SF50,tpcds,50,8,Q97,3,THC,20,0,0,1,2.16,2.26,2.26,2.26,0,0.0096649644,1,2.26,0.0462962963,0.0462962963,1,0,13
tpcds_sf50_t8,TPCDS SF50,tpcds,50,8,Q97,4,RPT+,20,0,0,1,2.26,2.26,2.26,2.26,0,0.00962229347,1,2.26,0,0,1,0,0
tpcds_sf50_t8,TPCDS SF50,tpcds,50,8,Q98,1,Baseline,20,0,0,1,0.82,0.82,0.82,0.82,0,0,1,0.82,0,0,1,0,0
tpcds_sf50_t8,TPCDS SF50,tpcds,50,8,Q98,2,Forward-only,20,0,0,1,0.62,0.62,0.62,0.62,0,0,1,0.62,0,0,1,0,0
tpcds_sf50_t8,TPCDS SF50,tpcds,50,8,Q98,3,THC,20,0,0,1,0.62,0.62,0.62,0.62,0,0,1,0.62,0,0,1,0,0
tpcds_sf50_t8,TPCDS SF50,tpcds,50,8,Q98,4,RPT+,20,0,0,1,0.62,0.62,0.62,0.62,0,0,1,0.62,0,0,1,0,0
tpcds_sf50_t8,TPCDS SF50,tpcds,50,8,Q99,1,Baseline,20,0,0,1,0.52,0.62,0.52,0.62,0.1,0.0844651635,1,0.62,0.192307692,0.192307692,0.4,0,1
tpcds_sf50_t8,TPCDS SF50,tpcds,50,8,Q99,2,Forward-only,20,0,0,1,0.62,0.62,0.62,0.62,0,0,1,0.62,0,0,1,0,0
tpcds_sf50_t8,TPCDS SF50,tpcds,50,8,Q99,3,THC,20,0,0,1,0.62,0.62,0.62,0.62,0,0,1,0.62,0,0,1,0,0
tpcds_sf50_t8,TPCDS SF50,tpcds,50,8,Q99,4,RPT+,20,0,0,1,0.92,0.93,0.92,0.93,0,0.00384568036,1,0.93,0.0108695652,0.0108695652,1,0,1
tpcds_sf100_t8,TPCDS SF100,tpcds,100,8,Q01,1,Baseline,20,0,0,1,1.23,1.23,1.23,1.23,0,0.0368951543,1,1.23,0,0,0.95,0,1
tpcds_sf100_t8,TPCDS SF100,tpcds,100,8,Q01,2,Forward-only,20,0,0,1,1.23,1.23,1.23,1.23,0,0,1,1.23,0,0,1,0,0
tpcds_sf100_t8,TPCDS SF100,tpcds,100,8,Q01,3,THC,20,0,0,1,1.64,1.64,1.64,1.641,0,0.00182815356,1.00060976,1.64,0,0.000609756098,1,0,0
tpcds_sf100_t8,TPCDS SF100,tpcds,100,8,Q01,4,RPT+,20,0,0,1,1.23,1.23,1.23,1.23,0,0,1,1.23,0,0,1,0,0
tpcds_sf100_t8,TPCDS SF100,tpcds,100,8,Q02,1,Baseline,20,0,0,1,2.46,2.46,2.46,2.46,0,0.0533814165,1,2.46,0,0,0.95,0,1
tpcds_sf100_t8,TPCDS SF100,tpcds,100,8,Q02,2,Forward-only,20,0,0,1,2.46,2.46,2.46,2.46,0,0,1,2.46,0,0,1,0,0
tpcds_sf100_t8,TPCDS SF100,tpcds,100,8,Q02,3,THC,20,0,0,1,2.46,2.46,2.46,2.46,0,0,1,2.46,0,0,1,0,0
tpcds_sf100_t8,TPCDS SF100,tpcds,100,8,Q02,4,RPT+,20,0,0,1,2.46,2.46,2.46,2.46,0,0,1,2.46,0,0,1,0,0
tpcds_sf100_t8,TPCDS SF100,tpcds,100,8,Q03,1,Baseline,20,0,0,1,1.54,1.745,1.54,1.95,0.41,0.17752371,1.11747851,1.745,0.133116883,0.266233766,0.5,0,1
tpcds_sf100_t8,TPCDS SF100,tpcds,100,8,Q03,2,Forward-only,20,0,0,1,1.13,1.23,1.22,1.23,0,0.0245901639,1,1.23,0.0884955752,0.0884955752,1,0,0
tpcds_sf100_t8,TPCDS SF100,tpcds,100,8,Q03,3,THC,20,0,0,1,1.13,1.23,1.22,1.241,0,0.0381803412,1.00894309,1.23,0.0884955752,0.0982300885,0.9,0,0
tpcds_sf100_t8,TPCDS SF100,tpcds,100,8,Q03,4,RPT+,20,0,0,1,1.13,1.23,1.13,1.34,0.1,0.0623133508,1.08943089,1.23,0.0884955752,0.185840708,0.8,0,4
tpcds_sf100_t8,TPCDS SF100,tpcds,100,8,Q04,1,Baseline,20,0,0,1,17.12,17.325,17.12,17.65,0.3025,0.0215543502,1.01875902,17.325,0.0119742991,0.0309579439,0.95,0,3
tpcds_sf100_t8,TPCDS SF100,tpcds,100,8,Q04,2,Forward-only,20,0,0,1,16.1,16.505,16.29,16.729,0.225,0.0193401391,1.01357164,16.505,0.0251552795,0.039068323,0.95,0,5
tpcds_sf100_t8,TPCDS SF100,tpcds,100,8,Q04,3,THC,20,0,0,1,17.23,17.795,17.43,18.27,0.535,0.025602873,1.02669289,17.795,0.0327916425,0.0603598375,0.95,0,15
tpcds_sf100_t8,TPCDS SF100,tpcds,100,8,Q04,4,RPT+,20,0,0,1,16.31,16.975,16.31,17.44,0.745,0.0256892547,1.02739323,16.975,0.0407725322,0.0692826487,1,0,2
tpcds_sf100_t8,TPCDS SF100,tpcds,100,8,Q05,1,Baseline,20,0,0,1,3.49,3.49,3.49,3.59,0.1,0.0560086309,1.0286533,3.49,0,0.0286532951,0.95,0,1
tpcds_sf100_t8,TPCDS SF100,tpcds,100,8,Q05,2,Forward-only,20,0,0,1,2.87,2.88,2.87,2.98,0.11,0.0181000619,1.03472222,2.88,0.00348432056,0.0383275261,1,0,0
tpcds_sf100_t8,TPCDS SF100,tpcds,100,8,Q05,3,THC,20,0,0,1,3.49,3.59,3.49,3.59,0,0.0112044818,1,3.59,0.0286532951,0.0286532951,1,0,2
tpcds_sf100_t8,TPCDS SF100,tpcds,100,8,Q05,4,RPT+,20,0,0,1,2.87,2.98,2.879,2.98,0.1,0.0160812556,1,2.98,0.0383275261,0.0383275261,1,0,7
tpcds_sf100_t8,TPCDS SF100,tpcds,100,8,Q06,1,Baseline,20,0,0,1,5.94,6.05,5.949,6.15,0.2,0.0135166368,1.01652893,6.05,0.0185185185,0.0353535354,1,0,0
tpcds_sf100_t8,TPCDS SF100,tpcds,100,8,Q06,2,Forward-only,20,0,0,1,5.94,6.05,5.95,6.06,0,0.00906106615,1.00165289,6.05,0.0185185185,0.0202020202,1,0,1
tpcds_sf100_t8,TPCDS SF100,tpcds,100,8,Q06,3,THC,20,0,0,1,6.77,6.87,6.86,6.971,0.1,0.0105438455,1.0147016,6.87,0.0147710487,0.029689808,1,0,3
tpcds_sf100_t8,TPCDS SF100,tpcds,100,8,Q06,4,RPT+,20,0,0,1,5.95,6.05,5.95,6.15,0.025,0.0112001955,1.01652893,6.05,0.0168067227,0.0336134454,1,0,0
tpcds_sf100_t8,TPCDS SF100,tpcds,100,8,Q07,1,Baseline,20,0,0,1,2.67,3.59,2.76,4.1,0.6125,0.137847556,1.14206128,3.59,0.344569288,0.535580524,0.25,0,9
tpcds_sf100_t8,TPCDS SF100,tpcds,100,8,Q07,2,Forward-only,20,0,0,1,2.05,2.16,2.05,2.26,0.1,0.0323698546,1.0462963,2.16,0.0536585366,0.102439024,0.65,0,4
tpcds_sf100_t8,TPCDS SF100,tpcds,100,8,Q07,3,THC,20,0,0,1,2.05,2.16,2.05,2.26,0.1,0.0338956011,1.0462963,2.16,0.0536585366,0.102439024,0.55,0,4
tpcds_sf100_t8,TPCDS SF100,tpcds,100,8,Q07,4,RPT+,20,0,0,1,2.16,2.26,2.16,2.36,0.2,0.0342741889,1.04424779,2.26,0.0462962963,0.0925925926,1,0,4
tpcds_sf100_t8,TPCDS SF100,tpcds,100,8,Q08,1,Baseline,20,0,0,1,2.56,2.665,2.56,2.67,0.11,0.0202478968,1.00187617,2.665,0.041015625,0.04296875,1,0,0
tpcds_sf100_t8,TPCDS SF100,tpcds,100,8,Q08,2,Forward-only,20,0,0,1,1.85,1.85,1.85,1.85,0,0,1,1.85,0,0,1,0,0
tpcds_sf100_t8,TPCDS SF100,tpcds,100,8,Q08,3,THC,20,0,0,1,1.85,1.95,1.85,1.95,0.1,0.0238675817,1,1.95,0.0540540541,0.0540540541,1,0,1
tpcds_sf100_t8,TPCDS SF100,tpcds,100,8,Q08,4,RPT+,20,0,0,1,1.85,1.85,1.85,1.95,0.1,0.0253034271,1.05405405,1.85,0,0.0540540541,1,0,1
tpcds_sf100_t8,TPCDS SF100,tpcds,100,8,Q09,1,Baseline,20,0,0,1,4.3,4.3,4.3,4.31,0.01,0.0105259072,1.00232558,4.3,0,0.0023255814,1,0,2
tpcds_sf100_t8,TPCDS SF100,tpcds,100,8,Q09,2,Forward-only,20,0,0,1,4.2,4.31,4.3,4.31,0.01,0.00551490232,1,4.31,0.0261904762,0.0261904762,1,0,16
tpcds_sf100_t8,TPCDS SF100,tpcds,100,8,Q09,3,THC,20,0,0,1,4.3,4.31,4.3,4.31,0,0.000828760407,1,4.31,0.0023255814,0.0023255814,1,0,1
tpcds_sf100_t8,TPCDS SF100,tpcds,100,8,Q09,4,RPT+,20,0,0,1,4.2,4.31,4.309,4.31,0,0.00556651884,1,4.31,0.0261904762,0.0261904762,1,0,17
tpcds_sf100_t8,TPCDS SF100,tpcds,100,8,Q10,1,Baseline,20,0,0,1,1.85,1.85,1.85,1.85,0,0.0117490538,1,1.85,0,0,1,0,0
tpcds_sf100_t8,TPCDS SF100,tpcds,100,8,Q10,2,Forward-only,20,0,0,1,1.85,1.85,1.85,1.95,0,0.0191459207,1.05405405,1.85,0,0.0540540541,1,0,0
tpcds_sf100_t8,TPCDS SF100,tpcds,100,8,Q10,3,THC,20,0,0,1,1.85,1.85,1.85,1.95,0.1,0.0262529667,1.05405405,1.85,0,0.0540540541,1,0,0
tpcds_sf100_t8,TPCDS SF100,tpcds,100,8,Q10,4,RPT+,20,0,0,1,1.03,1.13,1.13,1.13,0,0.0193728842,1,1.13,0.0970873786,0.0970873786,1,0,12
tpcds_sf100_t8,TPCDS SF100,tpcds,100,8,Q11,1,Baseline,20,0,0,1,12.1,12.305,12.1,12.41,0.2,0.00920792508,1.00853312,12.305,0.0169421488,0.0256198347,1,0,1
tpcds_sf100_t8,TPCDS SF100,tpcds,100,8,Q11,2,Forward-only,20,0,0,1,11.08,11.38,11.179,11.69,0.21,0.0147765082,1.02724077,11.38,0.0270758123,0.0550541516,1,0,11
tpcds_sf100_t8,TPCDS SF100,tpcds,100,8,Q11,3,THC,20,0,0,1,11.69,12.205,11.89,12.629,0.635,0.0272752789,1.03473986,12.205,0.0440547476,0.0803250642,1,0,1
tpcds_sf100_t8,TPCDS SF100,tpcds,100,8,Q11,4,RPT+,20,0,0,1,11.07,11.49,11.18,12,0.62,0.0282741068,1.04438642,11.49,0.0379403794,0.0840108401,1,0,14
tpcds_sf100_t8,TPCDS SF100,tpcds,100,8,Q12,1,Baseline,20,0,0,1,0.62,0.62,0.62,0.62,0,0,1,0.62,0,0,1,0,0
tpcds_sf100_t8,TPCDS SF100,tpcds,100,8,Q12,2,Forward-only,20,0,0,1,0.52,0.52,0.52,0.52,0,0,1,0.52,0,0,1,0,0
tpcds_sf100_t8,TPCDS SF100,tpcds,100,8,Q12,3,THC,20,0,0,1,0.52,0.52,0.52,0.52,0,0,1,0.52,0,0,1,0,0
tpcds_sf100_t8,TPCDS SF100,tpcds,100,8,Q12,4,RPT+,20,0,0,1,0.52,0.52,0.52,0.52,0,0,1,0.52,0,0,1,0,0
tpcds_sf100_t8,TPCDS SF100,tpcds,100,8,Q13,1,Baseline,20,0,0,1,3.28,3.85,3.28,4.82,0.62,0.136417827,1.25194805,3.85,0.173780488,0.469512195,0.25,0,0
tpcds_sf100_t8,TPCDS SF100,tpcds,100,8,Q13,2,Forward-only,20,0,0,1,3.49,4.05,3.49,5.03,0.815,0.133417384,1.24197531,4.05,0.160458453,0.441260745,0.25,0,0
tpcds_sf100_t8,TPCDS SF100,tpcds,100,8,Q13,3,THC,20,0,0,1,3.49,4.055,3.49,5.03,0.7475,0.130168364,1.2404439,4.055,0.161891117,0.441260745,0.25,0,0
tpcds_sf100_t8,TPCDS SF100,tpcds,100,8,Q13,4,RPT+,20,0,0,1,4.11,4.31,4.21,4.511,0.225,0.0288508223,1.04663573,4.31,0.0486618005,0.09756691,1,0,16
tpcds_sf100_t8,TPCDS SF100,tpcds,100,8,Q14,1,Baseline,20,0,0,1,35.86,36.22,35.869,36.481,0.3225,0.00627557433,1.00720596,36.22,0.0100390407,0.0173173452,1,0,1
tpcds_sf100_t8,TPCDS SF100,tpcds,100,8,Q14,2,Forward-only,20,0,0,1,35.48,36.235,35.652,36.508,0.4225,0.00942968869,1.00753415,36.235,0.0212795941,0.0289740699,1,0,17
tpcds_sf100_t8,TPCDS SF100,tpcds,100,8,Q14,3,THC,20,0,0,1,35.47,36.14,35.67,36.51,0.5325,0.00931300126,1.01023796,36.14,0.0188892021,0.0293205526,1,0,14
tpcds_sf100_t8,TPCDS SF100,tpcds,100,8,Q14,4,RPT+,20,0,0,1,35.77,36.61,36.388,37.129,0.525,0.00977500842,1.01417645,36.61,0.0234833659,0.0379927313,1,0,17
tpcds_sf100_t8,TPCDS SF100,tpcds,100,8,Q15,1,Baseline,20,0,0,1,0.31,0.36,0.31,0.41,0.1,0.138888889,1.13888889,0.36,0.161290323,0.322580645,0.5,0,1
tpcds_sf100_t8,TPCDS SF100,tpcds,100,8,Q15,2,Forward-only,20,0,0,1,0.31,0.41,0.31,0.41,0.025,0.112470832,1,0.41,0.322580645,0.322580645,0.25,0,2
tpcds_sf100_t8,TPCDS SF100,tpcds,100,8,Q15,3,THC,20,0,0,1,0.41,0.41,0.41,0.421,0,0.0783847981,1.02682927,0.41,0,0.0268292683,0.9,0,0
tpcds_sf100_t8,TPCDS SF100,tpcds,100,8,Q15,4,RPT+,20,0,0,1,0.41,0.41,0.41,0.41,0,0,1,0.41,0,0,1,0,0
tpcds_sf100_t8,TPCDS SF100,tpcds,100,8,Q16,1,Baseline,20,0,0,1,0.31,0.41,0.31,0.41,0.1,0.132404851,1,0.41,0.322580645,0.322580645,0.4,0,1
tpcds_sf100_t8,TPCDS SF100,tpcds,100,8,Q16,2,Forward-only,20,0,0,1,0.31,0.31,0.31,0.31,0,0,1,0.31,0,0,1,0,0
tpcds_sf100_t8,TPCDS SF100,tpcds,100,8,Q16,3,THC,20,0,0,1,0.31,0.31,0.31,0.31,0,0,1,0.31,0,0,1,0,0
tpcds_sf100_t8,TPCDS SF100,tpcds,100,8,Q16,4,RPT+,20,0,0,1,0.31,0.31,0.31,0.31,0,0,1,0.31,0,0,1,0,0
tpcds_sf100_t8,TPCDS SF100,tpcds,100,8,Q17,1,Baseline,20,0,0,1,3.08,5.23,3.08,6.88,2.685,0.287255972,1.31548757,5.23,0.698051948,1.23376623,0.2,0.25,9
tpcds_sf100_t8,TPCDS SF100,tpcds,100,8,Q17,2,Forward-only,20,0,0,1,1.95,2.055,1.95,2.57,0.11,0.0957688023,1.25060827,2.055,0.0538461538,0.317948718,0.55,0,3
tpcds_sf100_t8,TPCDS SF100,tpcds,100,8,Q17,3,THC,20,0,0,1,1.85,2.16,1.95,2.57,0.135,0.0998244665,1.18981481,2.16,0.167567568,0.389189189,0.15,0,11
tpcds_sf100_t8,TPCDS SF100,tpcds,100,8,Q17,4,RPT+,20,0,0,1,2.05,2.26,2.05,2.58,0.05,0.0820914242,1.14159292,2.26,0.102439024,0.258536585,0.25,0,3
tpcds_sf100_t8,TPCDS SF100,tpcds,100,8,Q18,1,Baseline,20,0,0,1,1.03,1.13,1.03,1.761,0.1,0.229501315,1.55840708,1.13,0.0970873786,0.709708738,0.55,0,6
tpcds_sf100_t8,TPCDS SF100,tpcds,100,8,Q18,2,Forward-only,20,0,0,1,0.72,0.72,0.72,0.831,0.1,0.0903899706,1.15416667,0.72,0,0.154166667,0.65,0,1
tpcds_sf100_t8,TPCDS SF100,tpcds,100,8,Q18,3,THC,20,0,0,1,0.72,0.72,0.72,0.831,0.1,0.0903899706,1.15416667,0.72,0,0.154166667,0.65,0,1
tpcds_sf100_t8,TPCDS SF100,tpcds,100,8,Q18,4,RPT+,20,0,0,1,0.72,0.72,0.72,0.93,0.1,0.0991106309,1.29166667,0.72,0,0.291666667,0.6,0,1
tpcds_sf100_t8,TPCDS SF100,tpcds,100,8,Q19,1,Baseline,20,0,0,1,1.95,2.36,1.95,2.891,0.645,0.162931269,1.225,2.36,0.21025641,0.482564103,0.3,0,2
tpcds_sf100_t8,TPCDS SF100,tpcds,100,8,Q19,2,Forward-only,20,0,0,1,1.44,1.44,1.44,1.44,0,0,1,1.44,0,0,1,0,0
tpcds_sf100_t8,TPCDS SF100,tpcds,100,8,Q19,3,THC,20,0,0,1,1.44,1.44,1.44,1.44,0,0.0150826953,1,1.44,0,0,1,0,0
tpcds_sf100_t8,TPCDS SF100,tpcds,100,8,Q19,4,RPT+,20,0,0,1,1.44,1.44,1.44,1.44,0,0,1,1.44,0,0,1,0,0
tpcds_sf100_t8,TPCDS SF100,tpcds,100,8,Q20,1,Baseline,20,0,0,1,0.21,0.21,0.21,0.21,0,0,1,0.21,0,0,1,0,0
tpcds_sf100_t8,TPCDS SF100,tpcds,100,8,Q20,2,Forward-only,20,0,0,1,0.21,0.21,0.21,0.31,0.1,0.19468147,1.47619048,0.21,0,0.476190476,0.65,0,0
tpcds_sf100_t8,TPCDS SF100,tpcds,100,8,Q20,3,THC,20,0,0,1,0.21,0.21,0.21,0.31,0.1,0.190940654,1.47619048,0.21,0,0.476190476,0.7,0,0
tpcds_sf100_t8,TPCDS SF100,tpcds,100,8,Q20,4,RPT+,20,0,0,1,0.21,0.21,0.21,0.31,0.1,0.19468147,1.47619048,0.21,0,0.476190476,0.65,0,0
tpcds_sf100_t8,TPCDS SF100,tpcds,100,8,Q21,1,Baseline,20,0,0,1,0.31,0.31,0.31,0.31,0,0,1,0.31,0,0,1,0,0
tpcds_sf100_t8,TPCDS SF100,tpcds,100,8,Q21,2,Forward-only,20,0,0,1,0.21,0.21,0.21,0.21,0,0,1,0.21,0,0,1,0,0
tpcds_sf100_t8,TPCDS SF100,tpcds,100,8,Q21,3,THC,20,0,0,1,0.21,0.21,0.21,0.21,0,0,1,0.21,0,0,1,0,0
tpcds_sf100_t8,TPCDS SF100,tpcds,100,8,Q21,4,RPT+,20,0,0,1,0.31,0.31,0.31,0.31,0,0,1,0.31,0,0,1,0,0
tpcds_sf100_t8,TPCDS SF100,tpcds,100,8,Q22,1,Baseline,20,0,0,1,8.93,9.03,9.011,9.13,0.025,0.00636525341,1.0110742,9.03,0.0111982083,0.0223964166,1,0,6
tpcds_sf100_t8,TPCDS SF100,tpcds,100,8,Q22,2,Forward-only,20,0,0,1,9.03,9.13,9.03,9.231,0.125,0.00885359314,1.01106243,9.13,0.0110741971,0.0222591362,1,0,2
tpcds_sf100_t8,TPCDS SF100,tpcds,100,8,Q22,3,THC,20,0,0,1,9.02,9.13,9.03,9.14,0.11,0.00611470552,1.00109529,9.13,0.012195122,0.0133037694,1,0,8
tpcds_sf100_t8,TPCDS SF100,tpcds,100,8,Q22,4,RPT+,20,0,0,1,9.03,9.13,9.03,9.24,0.11,0.00828168608,1.01204819,9.13,0.0110741971,0.023255814,1,0,0
tpcds_sf100_t8,TPCDS SF100,tpcds,100,8,Q23,1,Baseline,20,0,0,1,21.84,21.995,21.84,22.168,0.21,0.00632201411,1.00786542,21.995,0.0070970696,0.015018315,1,0,3
tpcds_sf100_t8,TPCDS SF100,tpcds,100,8,Q23,2,Forward-only,20,0,0,1,21.85,22.355,22.15,22.57,0.195,0.00864370551,1.00961754,22.355,0.0231121281,0.0329519451,1,0,9
tpcds_sf100_t8,TPCDS SF100,tpcds,100,8,Q23,3,THC,20,0,0,1,24.01,24.405,24.109,24.529,0.2575,0.00770942149,1.00508093,24.405,0.0164514786,0.0216159933,1,0,19
tpcds_sf100_t8,TPCDS SF100,tpcds,100,8,Q23,4,RPT+,20,0,0,1,22.15,22.37,22.169,22.571,0.195,0.00611855241,1.00898525,22.37,0.00993227991,0.019006772,1,0,5
tpcds_sf100_t8,TPCDS SF100,tpcds,100,8,Q24,1,Baseline,19,1,0,0.95,3.8,9.43,6.11,79.492,6.66,2.1105314,8.42969247,9.84,1.48157895,19.9189474,0.05,0.7,18
tpcds_sf100_t8,TPCDS SF100,tpcds,100,8,Q24,2,Forward-only,17,3,0,0.85,2.36,3.08,2.896,3.634,0.61,1.53249704,1.17987013,3.39,0.305084746,0.539830508,0.05,0.2,0
tpcds_sf100_t8,TPCDS SF100,tpcds,100,8,Q24,3,THC,17,3,0,0.85,2.36,3.29,3.016,4.124,0.82,1.53828231,1.25349544,3.64,0.394067797,0.747457627,0.05,0.2,0
tpcds_sf100_t8,TPCDS SF100,tpcds,100,8,Q24,4,RPT+,18,2,0,0.9,2.46,3.645,3.16,12.703,0.485,3.11362781,3.48504801,3.8,0.481707317,4.16382114,0.05,0.2,0
tpcds_sf100_t8,TPCDS SF100,tpcds,100,8,Q25,1,Baseline,20,0,0,1,2.67,3.23,2.77,6.191,2.9225,0.395667078,1.91671827,3.23,0.209737828,1.31872659,0.25,0.35,1
tpcds_sf100_t8,TPCDS SF100,tpcds,100,8,Q25,2,Forward-only,20,0,0,1,1.95,2.05,1.95,2.16,0.21,0.0487172674,1.05365854,2.05,0.0512820513,0.107692308,0.55,0,1
tpcds_sf100_t8,TPCDS SF100,tpcds,100,8,Q25,3,THC,20,0,0,1,1.95,2.05,1.95,2.17,0.21,0.0493219358,1.05853659,2.05,0.0512820513,0.112820513,0.6,0,1
tpcds_sf100_t8,TPCDS SF100,tpcds,100,8,Q25,4,RPT+,20,0,0,1,1.95,2.11,1.95,2.16,0.21,0.0479638926,1.02369668,2.11,0.0820512821,0.107692308,0.5,0,3
tpcds_sf100_t8,TPCDS SF100,tpcds,100,8,Q26,1,Baseline,20,0,0,1,0.52,0.72,0.61,0.72,0.1,0.100122447,1,0.72,0.384615385,0.384615385,0.1,0,9
tpcds_sf100_t8,TPCDS SF100,tpcds,100,8,Q26,2,Forward-only,20,0,0,1,0.41,0.52,0.41,0.52,0,0.0780096452,1,0.52,0.268292683,0.268292683,0.15,0,4
tpcds_sf100_t8,TPCDS SF100,tpcds,100,8,Q26,3,THC,20,0,0,1,0.41,0.52,0.41,0.52,0.035,0.0963251676,1,0.52,0.268292683,0.268292683,0.25,0,4
tpcds_sf100_t8,TPCDS SF100,tpcds,100,8,Q26,4,RPT+,20,0,0,1,0.52,0.52,0.52,0.52,0,0,1,0.52,0,0,1,0,0
tpcds_sf100_t8,TPCDS SF100,tpcds,100,8,Q27,1,Baseline,20,0,0,1,5.33,6.36,5.62,7.3,0.98,0.100930545,1.14779874,6.36,0.193245779,0.369606004,0.3,0,0
tpcds_sf100_t8,TPCDS SF100,tpcds,100,8,Q27,2,Forward-only,20,0,0,1,3.59,3.745,3.59,3.81,0.1025,0.0238515369,1.01735648,3.745,0.0431754875,0.061281337,1,0,6
tpcds_sf100_t8,TPCDS SF100,tpcds,100,8,Q27,3,THC,20,0,0,1,3.59,3.7,3.68,3.81,0.11,0.0225343347,1.02972973,3.7,0.0306406685,0.061281337,1,0,6
tpcds_sf100_t8,TPCDS SF100,tpcds,100,8,Q27,4,RPT+,20,0,0,1,3.59,3.7,3.59,3.81,0.11,0.0237328962,1.02972973,3.7,0.0306406685,0.061281337,1,0,6
tpcds_sf100_t8,TPCDS SF100,tpcds,100,8,Q28,1,Baseline,20,0,0,1,4.82,4.92,4.91,5.02,0,0.0101013953,1.0203252,4.92,0.020746888,0.0414937759,1,0,2
tpcds_sf100_t8,TPCDS SF100,tpcds,100,8,Q28,2,Forward-only,20,0,0,1,4.82,4.92,4.91,4.92,0,0.00781398347,1,4.92,0.020746888,0.020746888,1,0,1
tpcds_sf100_t8,TPCDS SF100,tpcds,100,8,Q28,3,THC,20,0,0,1,4.82,4.92,4.92,4.93,0,0.00645494012,1.00203252,4.92,0.020746888,0.0228215768,1,0,17
tpcds_sf100_t8,TPCDS SF100,tpcds,100,8,Q28,4,RPT+,20,0,0,1,4.82,4.92,4.91,4.921,0,0.00783896935,1.00020325,4.92,0.020746888,0.0209543568,1,0,1
tpcds_sf100_t8,TPCDS SF100,tpcds,100,8,Q29,1,Baseline,20,0,0,1,3.49,4.205,3.59,6.302,1.95,0.26410931,1.49869203,4.205,0.20487106,0.805730659,0.2,0.05,11
tpcds_sf100_t8,TPCDS SF100,tpcds,100,8,Q29,2,Forward-only,20,0,0,1,2.57,2.77,2.57,3.7,0.7125,0.149215203,1.33574007,2.77,0.0778210117,0.439688716,0.5,0,3
tpcds_sf100_t8,TPCDS SF100,tpcds,100,8,Q29,3,THC,20,0,0,1,2.57,2.77,2.57,3.7,0.7125,0.148792055,1.33574007,2.77,0.0778210117,0.439688716,0.5,0,1
tpcds_sf100_t8,TPCDS SF100,tpcds,100,8,Q29,4,RPT+,20,0,0,1,2.57,2.925,2.57,3.4,0.645,0.117197367,1.16239316,2.925,0.138132296,0.322957198,0.45,0,3
tpcds_sf100_t8,TPCDS SF100,tpcds,100,8,Q30,1,Baseline,20,0,0,1,0.41,0.41,0.41,0.41,0,0,1,0.41,0,0,1,0,0
tpcds_sf100_t8,TPCDS SF100,tpcds,100,8,Q30,2,Forward-only,20,0,0,1,0.41,0.41,0.41,0.41,0,0,1,0.41,0,0,1,0,0
tpcds_sf100_t8,TPCDS SF100,tpcds,100,8,Q30,3,THC,20,0,0,1,0.41,0.41,0.41,0.41,0,0,1,0.41,0,0,1,0,0
tpcds_sf100_t8,TPCDS SF100,tpcds,100,8,Q30,4,RPT+,20,0,0,1,0.41,0.41,0.41,0.41,0,0,1,0.41,0,0,1,0,0
tpcds_sf100_t8,TPCDS SF100,tpcds,100,8,Q31,1,Baseline,20,0,0,1,2.97,3.08,2.98,3.08,0.025,0.0144745637,1,3.08,0.037037037,0.037037037,1,0,7
tpcds_sf100_t8,TPCDS SF100,tpcds,100,8,Q31,2,Forward-only,20,0,0,1,2.26,2.36,2.36,2.36,0,0.00925456251,1,2.36,0.0442477876,0.0442477876,1,0,13
tpcds_sf100_t8,TPCDS SF100,tpcds,100,8,Q31,3,THC,20,0,0,1,2.36,2.36,2.36,2.36,0,0,1,2.36,0,0,1,0,0
tpcds_sf100_t8,TPCDS SF100,tpcds,100,8,Q31,4,RPT+,20,0,0,1,2.36,2.36,2.36,2.36,0,0,1,2.36,0,0,1,0,0
tpcds_sf100_t8,TPCDS SF100,tpcds,100,8,Q32,1,Baseline,20,0,0,1,0.21,0.21,0.21,0.21,0,0,1,0.21,0,0,1,0,0
tpcds_sf100_t8,TPCDS SF100,tpcds,100,8,Q32,2,Forward-only,20,0,0,1,0.21,0.21,0.21,0.21,0,0,1,0.21,0,0,1,0,0
tpcds_sf100_t8,TPCDS SF100,tpcds,100,8,Q32,3,THC,20,0,0,1,0.21,0.21,0.21,0.21,0,0,1,0.21,0,0,1,0,0
tpcds_sf100_t8,TPCDS SF100,tpcds,100,8,Q32,4,RPT+,20,0,0,1,0.21,0.21,0.21,0.21,0,0,1,0.21,0,0,1,0,0
tpcds_sf100_t8,TPCDS SF100,tpcds,100,8,Q33,1,Baseline,20,0,0,1,2.05,2.16,2.05,2.16,0.11,0.0244350734,1,2.16,0.0536585366,0.0536585366,1,0,2
tpcds_sf100_t8,TPCDS SF100,tpcds,100,8,Q33,2,Forward-only,20,0,0,1,1.64,1.75,1.64,1.75,0,0.0226581231,1,1.75,0.0670731707,0.0670731707,1,0,8
tpcds_sf100_t8,TPCDS SF100,tpcds,100,8,Q33,3,THC,20,0,0,1,1.64,1.75,1.64,1.75,0,0.0249022751,1,1.75,0.0670731707,0.0670731707,1,0,7
tpcds_sf100_t8,TPCDS SF100,tpcds,100,8,Q33,4,RPT+,20,0,0,1,1.64,1.75,1.74,1.75,0,0.0181314502,1,1.75,0.0670731707,0.0670731707,1,0,19
tpcds_sf100_t8,TPCDS SF100,tpcds,100,8,Q34,1,Baseline,20,0,0,1,2.05,2.41,2.05,2.47,0.2,0.0729821846,1.02489627,2.41,0.175609756,0.204878049,0.2,0,3
tpcds_sf100_t8,TPCDS SF100,tpcds,100,8,Q34,2,Forward-only,20,0,0,1,1.44,1.44,1.44,1.44,0,0.0150826953,1,1.44,0,0,1,0,0
tpcds_sf100_t8,TPCDS SF100,tpcds,100,8,Q34,3,THC,20,0,0,1,1.44,1.44,1.44,1.44,0,0,1,1.44,0,0,1,0,0
tpcds_sf100_t8,TPCDS SF100,tpcds,100,8,Q34,4,RPT+,20,0,0,1,1.44,1.54,1.44,1.54,0.1,0.0332771718,1,1.54,0.0694444444,0.0694444444,1,0,0
tpcds_sf100_t8,TPCDS SF100,tpcds,100,8,Q35,1,Baseline,20,0,0,1,3.59,3.69,3.59,3.69,0,0.00971622915,1,3.69,0.0278551532,0.0278551532,1,0,0
tpcds_sf100_t8,TPCDS SF100,tpcds,100,8,Q35,2,Forward-only,20,0,0,1,3.59,3.69,3.59,3.691,0,0.0122370069,1.000271,3.69,0.0278551532,0.0281337047,1,0,1
tpcds_sf100_t8,TPCDS SF100,tpcds,100,8,Q35,3,THC,20,0,0,1,4.72,4.82,4.81,5.03,0.11,0.0184664919,1.04356846,4.82,0.0211864407,0.0656779661,1,0,10
tpcds_sf100_t8,TPCDS SF100,tpcds,100,8,Q35,4,RPT+,20,0,0,1,2.67,2.67,2.67,2.67,0,0,1,2.67,0,0,1,0,0
tpcds_sf100_t8,TPCDS SF100,tpcds,100,8,Q36,1,Baseline,20,0,0,1,2.26,2.925,2.36,3.08,0.4875,0.109361412,1.05299145,2.925,0.294247788,0.362831858,0.25,0,8
tpcds_sf100_t8,TPCDS SF100,tpcds,100,8,Q36,2,Forward-only,20,0,0,1,1.75,1.85,1.75,2.26,0.1025,0.10240358,1.22162162,1.85,0.0571428571,0.291428571,0.75,0,1
tpcds_sf100_t8,TPCDS SF100,tpcds,100,8,Q36,3,THC,20,0,0,1,1.75,1.85,1.84,2.26,0.1025,0.100251726,1.22162162,1.85,0.0571428571,0.291428571,0.75,0,1
tpcds_sf100_t8,TPCDS SF100,tpcds,100,8,Q36,4,RPT+,20,0,0,1,1.95,1.95,1.95,2.46,0.185,0.104272796,1.26153846,1.95,0,0.261538462,0.75,0,0
tpcds_sf100_t8,TPCDS SF100,tpcds,100,8,Q37,1,Baseline,13,7,0,0.65,0.62,2.15,0.62,37.782,36.49,1.1659171,17.5730233,37.37,2.46774194,59.9387097,0.2,0.75,3
tpcds_sf100_t8,TPCDS SF100,tpcds,100,8,Q37,2,Forward-only,20,0,0,1,0.62,0.62,0.62,0.72,0.1,0.0728197864,1.16129032,0.62,0,0.161290323,0.65,0,0
tpcds_sf100_t8,TPCDS SF100,tpcds,100,8,Q37,3,THC,20,0,0,1,0.62,0.62,0.62,0.72,0.1,0.0728197864,1.16129032,0.62,0,0.161290323,0.65,0,0
tpcds_sf100_t8,TPCDS SF100,tpcds,100,8,Q37,4,RPT+,20,0,0,1,0.41,0.52,0.41,0.52,0,0.0780096452,1,0.52,0.268292683,0.268292683,0.15,0,2
tpcds_sf100_t8,TPCDS SF100,tpcds,100,8,Q38,1,Baseline,20,0,0,1,4.61,4.62,4.61,4.72,0.11,0.0114560925,1.02164502,4.62,0.0021691974,0.0238611714,1,0,1
tpcds_sf100_t8,TPCDS SF100,tpcds,100,8,Q38,2,Forward-only,20,0,0,1,4.72,4.82,4.72,4.82,0.1,0.00996801673,1,4.82,0.0211864407,0.0211864407,1,0,1
tpcds_sf100_t8,TPCDS SF100,tpcds,100,8,Q38,3,THC,20,0,0,1,5.74,5.9,5.749,5.95,0.1,0.0135747601,1.00847458,5.9,0.0278745645,0.0365853659,1,0,15
tpcds_sf100_t8,TPCDS SF100,tpcds,100,8,Q38,4,RPT+,20,0,0,1,4.21,4.21,4.21,4.31,0.1,0.0134811816,1.02375297,4.21,0,0.0237529691,1,0,0
tpcds_sf100_t8,TPCDS SF100,tpcds,100,8,Q39,1,Baseline,20,0,0,1,0.82,0.82,0.82,1.03,0.0525,0.104220822,1.25609756,0.82,0,0.256097561,0.75,0,0
tpcds_sf100_t8,TPCDS SF100,tpcds,100,8,Q39,2,Forward-only,20,0,0,1,0.82,0.82,0.82,1.03,0.0525,0.104220822,1.25609756,0.82,0,0.256097561,0.75,0,0
tpcds_sf100_t8,TPCDS SF100,tpcds,100,8,Q39,3,THC,20,0,0,1,0.82,0.82,0.82,1.03,0.0525,0.104220822,1.25609756,0.82,0,0.256097561,0.75,0,0
tpcds_sf100_t8,TPCDS SF100,tpcds,100,8,Q39,4,RPT+,20,0,0,1,0.82,0.82,0.82,1.03,0.0525,0.104220822,1.25609756,0.82,0,0.256097561,0.75,0,0
tpcds_sf100_t8,TPCDS SF100,tpcds,100,8,Q40,1,Baseline,20,0,0,1,0.52,0.52,0.52,0.52,0,0.0415133233,1,0.52,0,0,0.95,0,1
tpcds_sf100_t8,TPCDS SF100,tpcds,100,8,Q40,2,Forward-only,20,0,0,1,0.41,0.52,0.41,0.52,0.11,0.108965018,1,0.52,0.268292683,0.268292683,0.35,0,1
tpcds_sf100_t8,TPCDS SF100,tpcds,100,8,Q40,3,THC,20,0,0,1,0.41,0.52,0.41,0.52,0.11,0.108965018,1,0.52,0.268292683,0.268292683,0.35,0,0
tpcds_sf100_t8,TPCDS SF100,tpcds,100,8,Q40,4,RPT+,20,0,0,1,0.21,0.21,0.21,0.21,0,0,1,0.21,0,0,1,0,0
tpcds_sf100_t8,TPCDS SF100,tpcds,100,8,Q41,1,Baseline,20,0,0,1,0.1,0.11,0.11,0.11,0,0.0199036481,1,0.11,0.1,0.1,1,0,0
tpcds_sf100_t8,TPCDS SF100,tpcds,100,8,Q41,2,Forward-only,20,0,0,1,0.11,0.11,0.11,0.11,0,0,1,0.11,0,0,1,0,0
tpcds_sf100_t8,TPCDS SF100,tpcds,100,8,Q41,3,THC,20,0,0,1,0.11,0.11,0.11,0.11,0,0,1,0.11,0,0,1,0,0
tpcds_sf100_t8,TPCDS SF100,tpcds,100,8,Q41,4,RPT+,20,0,0,1,0.11,0.11,0.11,0.11,0,0,1,0.11,0,0,1,0,0
tpcds_sf100_t8,TPCDS SF100,tpcds,100,8,Q42,1,Baseline,20,0,0,1,1.44,1.54,1.44,1.64,0.2,0.0649350649,1.06493506,1.54,0.0694444444,0.138888889,0.5,0,1
tpcds_sf100_t8,TPCDS SF100,tpcds,100,8,Q42,2,Forward-only,20,0,0,1,0.93,1.03,0.93,1.03,0.1,0.0505069765,1,1.03,0.107526882,0.107526882,0.45,0,0
tpcds_sf100_t8,TPCDS SF100,tpcds,100,8,Q42,3,THC,20,0,0,1,0.93,1.03,0.93,1.03,0.1,0.0458257569,1,1.03,0.107526882,0.107526882,0.3,0,0
tpcds_sf100_t8,TPCDS SF100,tpcds,100,8,Q42,4,RPT+,20,0,0,1,0.93,1.03,0.93,1.03,0,0.0351794504,1,1.03,0.107526882,0.107526882,0.15,0,2
tpcds_sf100_t8,TPCDS SF100,tpcds,100,8,Q43,1,Baseline,20,0,0,1,2.46,2.46,2.46,2.57,0.1,0.0205485155,1.04471545,2.46,0,0.0447154472,1,0,0
tpcds_sf100_t8,TPCDS SF100,tpcds,100,8,Q43,2,Forward-only,20,0,0,1,1.85,1.85,1.85,1.85,0,0.0117490538,1,1.85,0,0,1,0,0
tpcds_sf100_t8,TPCDS SF100,tpcds,100,8,Q43,3,THC,20,0,0,1,1.85,1.85,1.85,1.95,0,0.0191459207,1.05405405,1.85,0,0.0540540541,1,0,0
tpcds_sf100_t8,TPCDS SF100,tpcds,100,8,Q43,4,RPT+,20,0,0,1,1.95,2.05,1.95,2.05,0,0.0197044335,1,2.05,0.0512820513,0.0512820513,1,0,6
tpcds_sf100_t8,TPCDS SF100,tpcds,100,8,Q44,1,Baseline,20,0,0,1,236.42,241.72,238.561,247.382,3.27,0.0136248367,1.0234238,241.72,0.0224177312,0.0463666356,1,0,19
tpcds_sf100_t8,TPCDS SF100,tpcds,100,8,Q44,2,Forward-only,20,0,0,1,236.3,242,239.396,247.912,5.1975,0.0139320783,1.02442975,242,0.024121879,0.0491409226,1,0,16
tpcds_sf100_t8,TPCDS SF100,tpcds,100,8,Q44,3,THC,20,0,0,1,235.79,241.375,239.354,245.4,2.5375,0.0101190843,1.0166753,241.375,0.0236863311,0.0407566055,1,0,16
tpcds_sf100_t8,TPCDS SF100,tpcds,100,8,Q44,4,RPT+,20,0,0,1,223.58,228.555,226.054,230.39,1.3475,0.00952119586,1.0080287,228.555,0.0222515431,0.0304588961,1,0,19
tpcds_sf100_t8,TPCDS SF100,tpcds,100,8,Q45,1,Baseline,20,0,0,1,0.72,0.82,0.72,1.03,0.135,0.122843951,1.25609756,0.82,0.138888889,0.430555556,0.15,0,1
tpcds_sf100_t8,TPCDS SF100,tpcds,100,8,Q45,2,Forward-only,20,0,0,1,0.62,0.62,0.62,0.72,0.1,0.0742269619,1.16129032,0.62,0,0.161290323,0.6,0,0
tpcds_sf100_t8,TPCDS SF100,tpcds,100,8,Q45,3,THC,20,0,0,1,0.62,0.62,0.62,0.72,0.1,0.0728197864,1.16129032,0.62,0,0.161290323,0.65,0,0
tpcds_sf100_t8,TPCDS SF100,tpcds,100,8,Q45,4,RPT+,20,0,0,1,0.52,0.67,0.62,0.72,0.1,0.0886453092,1.07462687,0.67,0.288461538,0.384615385,0.05,0,0
tpcds_sf100_t8,TPCDS SF100,tpcds,100,8,Q46,1,Baseline,20,0,0,1,3.08,3.79,3.18,4.01,0.3625,0.0836032432,1.05804749,3.79,0.230519481,0.301948052,0.25,0,16
tpcds_sf100_t8,TPCDS SF100,tpcds,100,8,Q46,2,Forward-only,20,0,0,1,2.36,2.36,2.36,2.46,0.1,0.0204124145,1.04237288,2.36,0,0.0423728814,1,0,0
tpcds_sf100_t8,TPCDS SF100,tpcds,100,8,Q46,3,THC,20,0,0,1,2.36,2.36,2.36,2.46,0.1,0.0199152234,1.04237288,2.36,0,0.0423728814,1,0,0
tpcds_sf100_t8,TPCDS SF100,tpcds,100,8,Q46,4,RPT+,20,0,0,1,2.26,2.36,2.26,2.36,0.1,0.0205148215,1,2.36,0.0442477876,0.0442477876,1,0,2
tpcds_sf100_t8,TPCDS SF100,tpcds,100,8,Q47,1,Baseline,20,0,0,1,6.25,6.26,6.25,6.36,0.1025,0.00789614895,1.01597444,6.26,0.0016,0.0176,1,0,0
tpcds_sf100_t8,TPCDS SF100,tpcds,100,8,Q47,2,Forward-only,20,0,0,1,6.26,6.36,6.36,6.461,0.1,0.0106950941,1.0158805,6.36,0.0159744409,0.0321086262,1,0,4
tpcds_sf100_t8,TPCDS SF100,tpcds,100,8,Q47,3,THC,20,0,0,1,6.36,6.46,6.36,6.479,0.1,0.00934801595,1.00294118,6.46,0.0157232704,0.0187106918,1,0,0
tpcds_sf100_t8,TPCDS SF100,tpcds,100,8,Q47,4,RPT+,20,0,0,1,6.36,6.46,6.36,6.47,0.1,0.00767156872,1.00154799,6.46,0.0157232704,0.0172955975,1,0,0
tpcds_sf100_t8,TPCDS SF100,tpcds,100,8,Q48,1,Baseline,20,0,0,1,2.87,3.23,2.87,4.131,0.4125,0.1395717,1.27894737,3.23,0.12543554,0.439372822,0.3,0,0
tpcds_sf100_t8,TPCDS SF100,tpcds,100,8,Q48,2,Forward-only,20,0,0,1,3.08,3.44,3.08,4.251,0.385,0.130637602,1.23575581,3.44,0.116883117,0.380194805,0.45,0,0
tpcds_sf100_t8,TPCDS SF100,tpcds,100,8,Q48,3,THC,20,0,0,1,3.08,3.64,3.08,4.251,0.4125,0.1239441,1.16785714,3.64,0.181818182,0.380194805,0.25,0,4
tpcds_sf100_t8,TPCDS SF100,tpcds,100,8,Q48,4,RPT+,20,0,0,1,3.8,3.9,3.8,4.931,0.125,0.0986661322,1.26435897,3.9,0.0263157895,0.297631579,0.85,0,1
tpcds_sf100_t8,TPCDS SF100,tpcds,100,8,Q49,1,Baseline,20,0,0,1,2.15,2.16,2.16,2.26,0.1,0.0219238318,1.0462963,2.16,0.00465116279,0.0511627907,1,0,3
tpcds_sf100_t8,TPCDS SF100,tpcds,100,8,Q49,2,Forward-only,20,0,0,1,1.95,2.05,2.04,2.05,0,0.0147058824,1,2.05,0.0512820513,0.0512820513,1,0,3
tpcds_sf100_t8,TPCDS SF100,tpcds,100,8,Q49,3,THC,20,0,0,1,1.95,2.05,2.05,2.051,0,0.0108632017,1.0004878,2.05,0.0512820513,0.0517948718,1,0,19
tpcds_sf100_t8,TPCDS SF100,tpcds,100,8,Q49,4,RPT+,20,0,0,1,2.05,2.05,2.05,2.06,0,0.00194931774,1.00487805,2.05,0,0.00487804878,1,0,0
tpcds_sf100_t8,TPCDS SF100,tpcds,100,8,Q50,1,Baseline,20,0,0,1,5.54,8.155,5.95,10.15,3.535,0.204342086,1.24463519,8.155,0.472021661,0.832129964,0.2,0,8
tpcds_sf100_t8,TPCDS SF100,tpcds,100,8,Q50,2,Forward-only,20,0,0,1,2.57,3.23,2.57,4,1.33,0.165016248,1.23839009,3.23,0.256809339,0.556420233,0.3,0,2
tpcds_sf100_t8,TPCDS SF100,tpcds,100,8,Q50,3,THC,20,0,0,1,2.67,3.34,2.67,4.1,1.355,0.163448071,1.22754491,3.34,0.25093633,0.535580524,0.3,0,2
tpcds_sf100_t8,TPCDS SF100,tpcds,100,8,Q50,4,RPT+,20,0,0,1,2.67,2.82,2.67,2.98,0.21,0.0387692986,1.05673759,2.82,0.0561797753,0.116104869,0.7,0,2
tpcds_sf100_t8,TPCDS SF100,tpcds,100,8,Q51,1,Baseline,20,0,0,1,10.97,11.07,10.97,11.18,0.01,0.00600648285,1.00993677,11.07,0.00911577028,0.0191431176,1,0,0
tpcds_sf100_t8,TPCDS SF100,tpcds,100,8,Q51,2,Forward-only,20,0,0,1,11.08,11.18,11.08,11.28,0.0025,0.0059940364,1.00894454,11.18,0.00902527076,0.0180505415,1,0,6
tpcds_sf100_t8,TPCDS SF100,tpcds,100,8,Q51,3,THC,20,0,0,1,11.07,11.185,11.08,11.281,0.1,0.00652976461,1.00858292,11.185,0.0103884372,0.0190605239,1,0,12
tpcds_sf100_t8,TPCDS SF100,tpcds,100,8,Q51,4,RPT+,20,0,0,1,10.57,10.77,10.669,10.871,0.1,0.00856476613,1.0093779,10.77,0.0189214759,0.0284768212,1,0,15
tpcds_sf100_t8,TPCDS SF100,tpcds,100,8,Q52,1,Baseline,20,0,0,1,1.44,1.54,1.44,1.64,0.2,0.0649350649,1.06493506,1.54,0.0694444444,0.138888889,0.5,0,1
tpcds_sf100_t8,TPCDS SF100,tpcds,100,8,Q52,2,Forward-only,20,0,0,1,1.03,1.03,1.03,1.03,0,0,1,1.03,0,0,1,0,0
tpcds_sf100_t8,TPCDS SF100,tpcds,100,8,Q52,3,THC,20,0,0,1,1.03,1.03,1.03,1.03,0,0,1,1.03,0,0,1,0,0
tpcds_sf100_t8,TPCDS SF100,tpcds,100,8,Q52,4,RPT+,20,0,0,1,1.03,1.03,1.03,1.03,0,0,1,1.03,0,0,1,0,0
tpcds_sf100_t8,TPCDS SF100,tpcds,100,8,Q53,1,Baseline,20,0,0,1,1.64,2.105,1.64,2.471,0.82,0.178809245,1.17387173,2.105,0.283536585,0.506707317,0.35,0,0
tpcds_sf100_t8,TPCDS SF100,tpcds,100,8,Q53,2,Forward-only,20,0,0,1,1.34,1.34,1.34,1.44,0.025,0.0317225423,1.07462687,1.34,0,0.0746268657,1,0,0
tpcds_sf100_t8,TPCDS SF100,tpcds,100,8,Q53,3,THC,20,0,0,1,1.34,1.34,1.34,1.44,0,0.0263521344,1.07462687,1.34,0,0.0746268657,1,0,0
tpcds_sf100_t8,TPCDS SF100,tpcds,100,8,Q53,4,RPT+,20,0,0,1,1.34,1.34,1.34,1.44,0.1,0.0354998513,1.07462687,1.34,0,0.0746268657,1,0,1
tpcds_sf100_t8,TPCDS SF100,tpcds,100,8,Q54,1,Baseline,0,20,0,0,,,,,,,,300,,,,,
tpcds_sf100_t8,TPCDS SF100,tpcds,100,8,Q54,2,Forward-only,0,20,0,0,,,,,,,,300,,,,,
tpcds_sf100_t8,TPCDS SF100,tpcds,100,8,Q54,3,THC,0,20,0,0,,,,,,,,300,,,,,
tpcds_sf100_t8,TPCDS SF100,tpcds,100,8,Q54,4,RPT+,0,20,0,0,,,,,,,,300,,,,,
tpcds_sf100_t8,TPCDS SF100,tpcds,100,8,Q55,1,Baseline,20,0,0,1,1.44,1.54,1.44,1.64,0.2,0.0649350649,1.06493506,1.54,0.0694444444,0.138888889,0.5,0,1
tpcds_sf100_t8,TPCDS SF100,tpcds,100,8,Q55,2,Forward-only,20,0,0,1,1.03,1.03,1.03,1.03,0,0,1,1.03,0,0,1,0,0
tpcds_sf100_t8,TPCDS SF100,tpcds,100,8,Q55,3,THC,20,0,0,1,1.03,1.03,1.03,1.03,0,0,1,1.03,0,0,1,0,0
tpcds_sf100_t8,TPCDS SF100,tpcds,100,8,Q55,4,RPT+,20,0,0,1,1.03,1.03,1.03,1.03,0,0,1,1.03,0,0,1,0,0
tpcds_sf100_t8,TPCDS SF100,tpcds,100,8,Q56,1,Baseline,20,0,0,1,2.05,2.05,2.05,2.16,0.11,0.0248211849,1.05365854,2.05,0,0.0536585366,1,0,0
tpcds_sf100_t8,TPCDS SF100,tpcds,100,8,Q56,2,Forward-only,20,0,0,1,1.64,1.64,1.64,1.64,0,0,1,1.64,0,0,1,0,0
tpcds_sf100_t8,TPCDS SF100,tpcds,100,8,Q56,3,THC,20,0,0,1,1.54,1.64,1.63,1.64,0,0.018404908,1,1.64,0.0649350649,0.0649350649,1,0,10
tpcds_sf100_t8,TPCDS SF100,tpcds,100,8,Q56,4,RPT+,20,0,0,1,1.54,1.54,1.54,1.64,0.025,0.0276685433,1.06493506,1.54,0,0.0649350649,1,0,1
tpcds_sf100_t8,TPCDS SF100,tpcds,100,8,Q57,1,Baseline,20,0,0,1,1.95,1.95,1.95,2.05,0.1,0.0246179874,1.05128205,1.95,0,0.0512820513,1,0,1
tpcds_sf100_t8,TPCDS SF100,tpcds,100,8,Q57,2,Forward-only,20,0,0,1,1.95,2.05,2.05,2.05,0,0.0106574546,1,2.05,0.0512820513,0.0512820513,1,0,3
tpcds_sf100_t8,TPCDS SF100,tpcds,100,8,Q57,3,THC,20,0,0,1,2.05,2.05,2.05,2.05,0,0.00106288684,1,2.05,0,0,1,0,0
tpcds_sf100_t8,TPCDS SF100,tpcds,100,8,Q57,4,RPT+,20,0,0,1,2.05,2.05,2.05,2.051,0,0.00146270112,1.0004878,2.05,0,0.000487804878,1,0,0
tpcds_sf100_t8,TPCDS SF100,tpcds,100,8,Q58,1,Baseline,20,0,0,1,4.92,5.02,4.92,5.04,0.035,0.0119575119,1.00398406,5.02,0.0203252033,0.0243902439,1,0,3
tpcds_sf100_t8,TPCDS SF100,tpcds,100,8,Q58,2,Forward-only,20,0,0,1,4.92,5.03,4.92,5.03,0.0325,0.00921189866,1,5.03,0.0223577236,0.0223577236,1,0,2
tpcds_sf100_t8,TPCDS SF100,tpcds,100,8,Q58,3,THC,20,0,0,1,4.92,5.03,4.929,5.03,0,0.00909378418,1,5.03,0.0223577236,0.0223577236,1,0,1
tpcds_sf100_t8,TPCDS SF100,tpcds,100,8,Q58,4,RPT+,20,0,0,1,4.92,5.03,4.929,5.13,0,0.0112719749,1.01988072,5.03,0.0223577236,0.0426829268,1,0,3
tpcds_sf100_t8,TPCDS SF100,tpcds,100,8,Q59,1,Baseline,20,0,0,1,6.15,6.15,6.15,6.25,0.1,0.0078553744,1.01626016,6.15,0,0.0162601626,1,0,2
tpcds_sf100_t8,TPCDS SF100,tpcds,100,8,Q59,2,Forward-only,20,0,0,1,6.15,6.16,6.15,6.26,0.1,0.00772260418,1.01623377,6.16,0.00162601626,0.0178861789,1,0,3
tpcds_sf100_t8,TPCDS SF100,tpcds,100,8,Q59,3,THC,20,0,0,1,6.15,6.16,6.15,6.26,0.11,0.00829887678,1.01623377,6.16,0.00162601626,0.0178861789,1,0,1
tpcds_sf100_t8,TPCDS SF100,tpcds,100,8,Q59,4,RPT+,20,0,0,1,6.15,6.16,6.15,6.26,0.1025,0.00769800359,1.01623377,6.16,0.00162601626,0.0178861789,1,0,2
tpcds_sf100_t8,TPCDS SF100,tpcds,100,8,Q60,1,Baseline,20,0,0,1,2.36,2.51,2.36,2.58,0.135,0.0399293457,1.02788845,2.51,0.063559322,0.093220339,0.9,0,0
tpcds_sf100_t8,TPCDS SF100,tpcds,100,8,Q60,2,Forward-only,20,0,0,1,1.75,1.85,1.85,1.85,0,0.0118127343,1,1.85,0.0571428571,0.0571428571,1,0,8
tpcds_sf100_t8,TPCDS SF100,tpcds,100,8,Q60,3,THC,20,0,0,1,1.85,1.85,1.85,1.85,0,0,1,1.85,0,0,1,0,0
tpcds_sf100_t8,TPCDS SF100,tpcds,100,8,Q60,4,RPT+,20,0,0,1,1.85,1.85,1.85,1.95,0.1,0.0259205264,1.05405405,1.85,0,0.0540540541,1,0,0
tpcds_sf100_t8,TPCDS SF100,tpcds,100,8,Q61,1,Baseline,20,0,0,1,2.97,3.49,3.07,4.23,0.67,0.127191269,1.21203438,3.49,0.175084175,0.424242424,0.3,0,14
tpcds_sf100_t8,TPCDS SF100,tpcds,100,8,Q61,2,Forward-only,20,0,0,1,2.16,2.26,2.16,2.26,0.1,0.022460213,1,2.26,0.0462962963,0.0462962963,1,0,0
tpcds_sf100_t8,TPCDS SF100,tpcds,100,8,Q61,3,THC,20,0,0,1,2.16,2.26,2.16,2.26,0.1,0.021436836,1,2.26,0.0462962963,0.0462962963,1,0,0
tpcds_sf100_t8,TPCDS SF100,tpcds,100,8,Q61,4,RPT+,20,0,0,1,2.16,2.26,2.16,2.26,0.1,0.0205496668,1,2.26,0.0462962963,0.0462962963,1,0,0
tpcds_sf100_t8,TPCDS SF100,tpcds,100,8,Q62,1,Baseline,20,0,0,1,1.13,1.13,1.13,1.13,0,0,1,1.13,0,0,1,0,0
tpcds_sf100_t8,TPCDS SF100,tpcds,100,8,Q62,2,Forward-only,20,0,0,1,1.13,1.13,1.13,1.13,0,0,1,1.13,0,0,1,0,0
tpcds_sf100_t8,TPCDS SF100,tpcds,100,8,Q62,3,THC,20,0,0,1,1.13,1.13,1.13,1.13,0,0,1,1.13,0,0,1,0,0
tpcds_sf100_t8,TPCDS SF100,tpcds,100,8,Q62,4,RPT+,20,0,0,1,1.13,1.23,1.13,1.23,0,0.0330578512,1,1.23,0.0884955752,0.0884955752,1,0,8
tpcds_sf100_t8,TPCDS SF100,tpcds,100,8,Q63,1,Baseline,20,0,0,1,1.54,2.05,1.64,2.46,0.82,0.17891193,1.2,2.05,0.331168831,0.597402597,0.35,0,0
tpcds_sf100_t8,TPCDS SF100,tpcds,100,8,Q63,2,Forward-only,20,0,0,1,1.23,1.23,1.23,1.34,0.11,0.042298881,1.08943089,1.23,0,0.0894308943,1,0,1
tpcds_sf100_t8,TPCDS SF100,tpcds,100,8,Q63,3,THC,20,0,0,1,1.23,1.23,1.23,1.34,0.11,0.0427700735,1.08943089,1.23,0,0.0894308943,1,0,1
tpcds_sf100_t8,TPCDS SF100,tpcds,100,8,Q63,4,RPT+,20,0,0,1,1.34,1.34,1.34,1.44,0.025,0.0317225423,1.07462687,1.34,0,0.0746268657,1,0,1
tpcds_sf100_t8,TPCDS SF100,tpcds,100,8,Q64,1,Baseline,20,0,0,1,5.95,15.68,7.926,25.243,7.1925,0.388635736,1.6098852,15.68,1.63529412,3.24252101,0.1,0.75,6
tpcds_sf100_t8,TPCDS SF100,tpcds,100,8,Q64,2,Forward-only,20,0,0,1,4.21,5.75,4.39,6.15,1.4075,0.141829191,1.06956522,5.75,0.365795724,0.460807601,0.4,0,0
tpcds_sf100_t8,TPCDS SF100,tpcds,100,8,Q64,3,THC,20,0,0,1,4.31,6.93,4.409,7.39,2.6225,0.218728358,1.06637807,6.93,0.607888631,0.714617169,0.4,0,0
tpcds_sf100_t8,TPCDS SF100,tpcds,100,8,Q64,4,RPT+,20,0,0,1,3.49,3.7,3.59,5.03,0.2025,0.134783297,1.35945946,3.7,0.0601719198,0.441260745,0.8,0,14
tpcds_sf100_t8,TPCDS SF100,tpcds,100,8,Q65,1,Baseline,20,0,0,1,12.82,13.23,13.029,13.53,0.31,0.0150624738,1.02267574,13.23,0.0319812793,0.0553822153,1,0,19
tpcds_sf100_t8,TPCDS SF100,tpcds,100,8,Q65,2,Forward-only,20,0,0,1,12.51,13.12,12.6,13.55,0.46,0.028171078,1.03277439,13.12,0.0487609912,0.0831334932,0.95,0,0
tpcds_sf100_t8,TPCDS SF100,tpcds,100,8,Q65,3,THC,20,0,0,1,12.61,13.18,12.7,13.48,0.3275,0.0257108986,1.02276176,13.18,0.0452022205,0.0689928628,1,0,0
tpcds_sf100_t8,TPCDS SF100,tpcds,100,8,Q65,4,RPT+,20,0,0,1,10.35,10.62,10.36,10.77,0.2325,0.0142354765,1.01412429,10.62,0.0260869565,0.0405797101,1,0,19
tpcds_sf100_t8,TPCDS SF100,tpcds,100,8,Q66,1,Baseline,20,0,0,1,1.13,1.34,1.22,1.44,0.21,0.0797208378,1.07462687,1.34,0.185840708,0.274336283,0.3,0,4
tpcds_sf100_t8,TPCDS SF100,tpcds,100,8,Q66,2,Forward-only,20,0,0,1,0.82,0.93,0.82,0.93,0.0275,0.0527771714,1,0.93,0.134146341,0.134146341,0.25,0,1
tpcds_sf100_t8,TPCDS SF100,tpcds,100,8,Q66,3,THC,20,0,0,1,0.82,0.93,0.82,0.93,0.0275,0.0527771714,1,0.93,0.134146341,0.134146341,0.25,0,1
tpcds_sf100_t8,TPCDS SF100,tpcds,100,8,Q66,4,RPT+,20,0,0,1,0.93,0.93,0.93,0.93,0,0,1,0.93,0,0,1,0,0
tpcds_sf100_t8,TPCDS SF100,tpcds,100,8,Q67,1,Baseline,20,0,0,1,37.83,38.83,38.02,39.618,1.1475,0.016507885,1.02029359,38.83,0.0264340471,0.0472640761,1,0,0
tpcds_sf100_t8,TPCDS SF100,tpcds,100,8,Q67,2,Forward-only,20,0,0,1,38.26,38.74,38.36,39.591,0.7125,0.012603077,1.02196696,38.74,0.0125457397,0.0347882906,1,0,2
tpcds_sf100_t8,TPCDS SF100,tpcds,100,8,Q67,3,THC,20,0,0,1,37.75,38.855,38.259,39.321,0.68,0.0136262386,1.01199331,38.855,0.0292715232,0.041615894,1,0,12
tpcds_sf100_t8,TPCDS SF100,tpcds,100,8,Q67,4,RPT+,20,0,0,1,38.07,39.515,38.562,40.047,0.9725,0.01554499,1.01346324,39.515,0.0379563961,0.0519306541,1,0,10
tpcds_sf100_t8,TPCDS SF100,tpcds,100,8,Q68,1,Baseline,20,0,0,1,3.18,3.54,3.18,4,0.51,0.0804227054,1.1299435,3.54,0.113207547,0.257861635,0.5,0,7
tpcds_sf100_t8,TPCDS SF100,tpcds,100,8,Q68,2,Forward-only,20,0,0,1,2.46,2.57,2.57,2.67,0,0.0189344875,1.03891051,2.57,0.0447154472,0.0853658537,1,0,16
tpcds_sf100_t8,TPCDS SF100,tpcds,100,8,Q68,3,THC,20,0,0,1,2.46,2.57,2.57,2.67,0.1,0.0211276161,1.03891051,2.57,0.0447154472,0.0853658537,1,0,6
tpcds_sf100_t8,TPCDS SF100,tpcds,100,8,Q68,4,RPT+,20,0,0,1,2.36,2.46,2.36,2.47,0.1025,0.0195812527,1.00406504,2.46,0.0423728814,0.0466101695,1,0,0
tpcds_sf100_t8,TPCDS SF100,tpcds,100,8,Q69,1,Baseline,20,0,0,1,1.85,1.85,1.85,1.85,0,0.0117490538,1,1.85,0,0,1,0,0
tpcds_sf100_t8,TPCDS SF100,tpcds,100,8,Q69,2,Forward-only,20,0,0,1,1.85,1.85,1.85,1.85,0,0,1,1.85,0,0,1,0,0
tpcds_sf100_t8,TPCDS SF100,tpcds,100,8,Q69,3,THC,20,0,0,1,1.85,1.85,1.85,1.85,0,0,1,1.85,0,0,1,0,0
tpcds_sf100_t8,TPCDS SF100,tpcds,100,8,Q69,4,RPT+,20,0,0,1,1.13,1.13,1.13,1.13,0,0,1,1.13,0,0,1,0,0
tpcds_sf100_t8,TPCDS SF100,tpcds,100,8,Q70,1,Baseline,20,0,0,1,4.72,4.92,4.81,4.93,0.1,0.0152402635,1.00203252,4.92,0.0423728814,0.0444915254,1,0,16
tpcds_sf100_t8,TPCDS SF100,tpcds,100,8,Q70,2,Forward-only,20,0,0,1,4.72,4.82,4.819,4.82,0,0.0065769876,1,4.82,0.0211864407,0.0211864407,1,0,16
tpcds_sf100_t8,TPCDS SF100,tpcds,100,8,Q70,3,THC,20,0,0,1,4.72,4.82,4.81,4.92,0.025,0.0174565587,1.02074689,4.82,0.0211864407,0.0423728814,1,0,14
tpcds_sf100_t8,TPCDS SF100,tpcds,100,8,Q70,4,RPT+,20,0,0,1,4.51,4.51,4.51,4.52,0,0.00697702855,1.00221729,4.51,0,0.0022172949,1,0,0
tpcds_sf100_t8,TPCDS SF100,tpcds,100,8,Q71,1,Baseline,20,0,0,1,2.16,2.26,2.26,2.26,0,0.0096649644,1,2.26,0.0462962963,0.0462962963,1,0,17
tpcds_sf100_t8,TPCDS SF100,tpcds,100,8,Q71,2,Forward-only,20,0,0,1,2.05,2.05,2.05,2.05,0,0,1,2.05,0,0,1,0,0
tpcds_sf100_t8,TPCDS SF100,tpcds,100,8,Q71,3,THC,20,0,0,1,2.05,2.05,2.05,2.06,0,0.00194931774,1.00487805,2.05,0,0.00487804878,1,0,0
tpcds_sf100_t8,TPCDS SF100,tpcds,100,8,Q71,4,RPT+,20,0,0,1,1.44,1.54,1.53,1.54,0,0.0196078431,1,1.54,0.0694444444,0.0694444444,1,0,2
tpcds_sf100_t8,TPCDS SF100,tpcds,100,8,Q72,1,Baseline,5,15,0,0.25,6.15,9.03,7.218,9.8,0.92,0.153977405,1.08527132,300,0.468292683,0.593495935,0.05,0.75,5
tpcds_sf100_t8,TPCDS SF100,tpcds,100,8,Q72,2,Forward-only,20,0,0,1,3.9,6.41,5.03,24.25,13.57,0.680417174,3.78315133,6.41,0.643589744,5.21794872,0.05,0.4,5
tpcds_sf100_t8,TPCDS SF100,tpcds,100,8,Q72,3,THC,20,0,0,1,3.9,6.31,5.03,19.705,6.0725,0.682010606,3.12282092,6.31,0.617948718,4.0525641,0.05,0.3,5
tpcds_sf100_t8,TPCDS SF100,tpcds,100,8,Q72,4,RPT+,20,0,0,1,4.21,6.72,5.22,25.18,14.8425,0.70616476,3.74702381,6.72,0.596199525,4.98099762,0.05,0.35,5
tpcds_sf100_t8,TPCDS SF100,tpcds,100,8,Q73,1,Baseline,20,0,0,1,1.95,2.26,1.95,2.26,0.31,0.0687244138,1,2.26,0.158974359,0.158974359,0.35,0,3
tpcds_sf100_t8,TPCDS SF100,tpcds,100,8,Q73,2,Forward-only,20,0,0,1,1.34,1.44,1.34,1.44,0.025,0.0306016044,1,1.44,0.0746268657,0.0746268657,1,0,0
tpcds_sf100_t8,TPCDS SF100,tpcds,100,8,Q73,3,THC,20,0,0,1,1.34,1.44,1.34,1.44,0.025,0.0306016044,1,1.44,0.0746268657,0.0746268657,1,0,0
tpcds_sf100_t8,TPCDS SF100,tpcds,100,8,Q73,4,RPT+,20,0,0,1,1.44,1.44,1.44,1.44,0,0,1,1.44,0,0,1,0,0
tpcds_sf100_t8,TPCDS SF100,tpcds,100,8,Q74,1,Baseline,20,0,0,1,8.72,8.92,8.819,9.039,0.2,0.0120921893,1.01334081,8.92,0.0229357798,0.0365825688,1,0,15
tpcds_sf100_t8,TPCDS SF100,tpcds,100,8,Q74,2,Forward-only,20,0,0,1,7.9,8.1,7.99,8.31,0.21,0.0160534054,1.02592593,8.1,0.0253164557,0.0518987342,1,0,9
tpcds_sf100_t8,TPCDS SF100,tpcds,100,8,Q74,3,THC,20,0,0,1,8.92,9.44,9.011,9.76,0.57,0.0355750672,1.03389831,9.44,0.0582959641,0.0941704036,0.9,0,3
tpcds_sf100_t8,TPCDS SF100,tpcds,100,8,Q74,4,RPT+,20,0,0,1,7.9,8.36,7.99,8.611,0.4375,0.0303562199,1.03002392,8.36,0.0582278481,0.09,1,0,6
tpcds_sf100_t8,TPCDS SF100,tpcds,100,8,Q75,1,Baseline,20,0,0,1,6.36,6.51,6.46,6.57,0.1,0.0106568499,1.00921659,6.51,0.0235849057,0.0330188679,1,0,0
tpcds_sf100_t8,TPCDS SF100,tpcds,100,8,Q75,2,Forward-only,20,0,0,1,4.82,4.92,4.82,4.94,0.11,0.0137422105,1.00406504,4.92,0.020746888,0.0248962656,1,0,0
tpcds_sf100_t8,TPCDS SF100,tpcds,100,8,Q75,3,THC,20,0,0,1,4.72,4.92,4.82,4.93,0.1,0.012431766,1.00203252,4.92,0.0423728814,0.0444915254,1,0,0
tpcds_sf100_t8,TPCDS SF100,tpcds,100,8,Q75,4,RPT+,20,0,0,1,4.82,5.03,4.93,5.03,0.1,0.0121406825,1,5.03,0.0435684647,0.0435684647,1,0,2
tpcds_sf100_t8,TPCDS SF100,tpcds,100,8,Q76,1,Baseline,20,0,0,1,2.77,2.77,2.77,2.87,0.1,0.0212437386,1.03610108,2.77,0,0.036101083,1,0,1
tpcds_sf100_t8,TPCDS SF100,tpcds,100,8,Q76,2,Forward-only,20,0,0,1,2.67,2.82,2.77,2.871,0.1,0.0212890551,1.01808511,2.82,0.0561797753,0.0752808989,1,0,15
tpcds_sf100_t8,TPCDS SF100,tpcds,100,8,Q76,3,THC,20,0,0,1,2.77,2.77,2.77,2.871,0.1,0.0173929878,1.03646209,2.77,0,0.0364620939,1,0,1
tpcds_sf100_t8,TPCDS SF100,tpcds,100,8,Q76,4,RPT+,20,0,0,1,2.46,2.46,2.46,2.47,0.0025,0.00175842722,1.00406504,2.46,0,0.00406504065,1,0,4
tpcds_sf100_t8,TPCDS SF100,tpcds,100,8,Q77,1,Baseline,20,0,0,1,2.56,2.57,2.57,2.57,0,0.00855196693,1,2.57,0.00390625,0.00390625,1,0,13
tpcds_sf100_t8,TPCDS SF100,tpcds,100,8,Q77,2,Forward-only,20,0,0,1,1.85,1.85,1.85,1.86,0,0.0161290323,1.00540541,1.85,0,0.00540540541,1,0,0
tpcds_sf100_t8,TPCDS SF100,tpcds,100,8,Q77,3,THC,20,0,0,1,1.85,1.85,1.85,1.86,0,0.0161290323,1.00540541,1.85,0,0.00540540541,1,0,0
tpcds_sf100_t8,TPCDS SF100,tpcds,100,8,Q77,4,RPT+,20,0,0,1,1.95,1.95,1.95,1.95,0,0,1,1.95,0,0,1,0,0
tpcds_sf100_t8,TPCDS SF100,tpcds,100,8,Q78,1,Baseline,20,0,0,1,13.24,13.435,13.33,13.64,0.1325,0.00932339245,1.01525865,13.435,0.0147280967,0.0302114804,1,0,16
tpcds_sf100_t8,TPCDS SF100,tpcds,100,8,Q78,2,Forward-only,20,0,0,1,13.24,13.54,13.421,13.76,0.135,0.0112733956,1.01624815,13.54,0.0226586103,0.0392749245,1,0,2
tpcds_sf100_t8,TPCDS SF100,tpcds,100,8,Q78,3,THC,20,0,0,1,14.46,14.575,14.469,14.689,0.135,0.00669249479,1.00782161,14.575,0.00795297372,0.0158367911,1,0,15
tpcds_sf100_t8,TPCDS SF100,tpcds,100,8,Q78,4,RPT+,20,0,0,1,11.59,12.16,11.79,12.584,0.36,0.0355585663,1.03486842,12.16,0.0491803279,0.0857635893,0.9,0,5
tpcds_sf100_t8,TPCDS SF100,tpcds,100,8,Q79,1,Baseline,20,0,0,1,3.49,3.795,3.49,3.9,0.41,0.0508120624,1.02766798,3.795,0.0873925501,0.11747851,0.55,0,0
tpcds_sf100_t8,TPCDS SF100,tpcds,100,8,Q79,2,Forward-only,20,0,0,1,2.57,2.57,2.57,2.57,0,0,1,2.57,0,0,1,0,0
tpcds_sf100_t8,TPCDS SF100,tpcds,100,8,Q79,3,THC,20,0,0,1,2.57,2.57,2.57,2.57,0,0,1,2.57,0,0,1,0,0
tpcds_sf100_t8,TPCDS SF100,tpcds,100,8,Q79,4,RPT+,20,0,0,1,2.77,2.77,2.77,2.87,0,0.012821236,1.03610108,2.77,0,0.036101083,1,0,0
tpcds_sf100_t8,TPCDS SF100,tpcds,100,8,Q80,1,Baseline,20,0,0,1,5.02,5.03,5.02,5.23,0.1,0.0158075049,1.03976143,5.03,0.00199203187,0.0418326693,1,0,0
tpcds_sf100_t8,TPCDS SF100,tpcds,100,8,Q80,2,Forward-only,20,0,0,1,3.18,3.18,3.18,3.29,0.1025,0.0161804916,1.03459119,3.18,0,0.034591195,1,0,0
tpcds_sf100_t8,TPCDS SF100,tpcds,100,8,Q80,3,THC,20,0,0,1,3.18,3.185,3.18,3.29,0.11,0.0163066801,1.03296703,3.185,0.00157232704,0.034591195,1,0,0
tpcds_sf100_t8,TPCDS SF100,tpcds,100,8,Q80,4,RPT+,20,0,0,1,2.46,2.47,2.46,2.47,0.01,0.00185754994,1,2.47,0.00406504065,0.00406504065,1,0,0
tpcds_sf100_t8,TPCDS SF100,tpcds,100,8,Q81,1,Baseline,20,0,0,1,0.52,0.57,0.52,0.62,0.1,0.0877192982,1.0877193,0.57,0.0961538462,0.192307692,0.5,0,0
tpcds_sf100_t8,TPCDS SF100,tpcds,100,8,Q81,2,Forward-only,20,0,0,1,0.52,0.57,0.52,0.62,0.1,0.0877192982,1.0877193,0.57,0.0961538462,0.192307692,0.5,0,0
tpcds_sf100_t8,TPCDS SF100,tpcds,100,8,Q81,3,THC,20,0,0,1,0.52,0.57,0.52,0.62,0.1,0.0877192982,1.0877193,0.57,0.0961538462,0.192307692,0.5,0,0
tpcds_sf100_t8,TPCDS SF100,tpcds,100,8,Q81,4,RPT+,20,0,0,1,0.62,0.62,0.62,0.62,0,0,1,0.62,0,0,1,0,0
tpcds_sf100_t8,TPCDS SF100,tpcds,100,8,Q82,1,Baseline,14,6,0,0.7,1.23,3.18,1.23,78.244,57.7725,1.44793301,24.6050314,40.395,1.58536585,62.6130081,0.3,0.7,0
tpcds_sf100_t8,TPCDS SF100,tpcds,100,8,Q82,2,Forward-only,20,0,0,1,1.23,1.335,1.23,1.64,0.41,0.134144213,1.22846442,1.335,0.0853658537,0.333333333,0.5,0,0
tpcds_sf100_t8,TPCDS SF100,tpcds,100,8,Q82,3,THC,20,0,0,1,1.23,1.335,1.23,1.64,0.41,0.12828337,1.22846442,1.335,0.0853658537,0.333333333,0.5,0,0
tpcds_sf100_t8,TPCDS SF100,tpcds,100,8,Q82,4,RPT+,20,0,0,1,0.82,0.82,0.82,0.82,0,0,1,0.82,0,0,1,0,0
tpcds_sf100_t8,TPCDS SF100,tpcds,100,8,Q83,1,Baseline,20,0,0,1,0.62,0.62,0.62,0.62,0,0,1,0.62,0,0,1,0,0
tpcds_sf100_t8,TPCDS SF100,tpcds,100,8,Q83,2,Forward-only,20,0,0,1,0.31,0.31,0.31,0.31,0,0,1,0.31,0,0,1,0,0
tpcds_sf100_t8,TPCDS SF100,tpcds,100,8,Q83,3,THC,20,0,0,1,0.31,0.31,0.31,0.31,0,0,1,0.31,0,0,1,0,0
tpcds_sf100_t8,TPCDS SF100,tpcds,100,8,Q83,4,RPT+,20,0,0,1,0.31,0.31,0.31,0.31,0,0,1,0.31,0,0,1,0,0
tpcds_sf100_t8,TPCDS SF100,tpcds,100,8,Q84,1,Baseline,20,0,0,1,0.31,0.725,0.31,1.03,0.52,0.455629748,1.42068966,0.725,1.33870968,2.32258065,0.2,0.5,0
tpcds_sf100_t8,TPCDS SF100,tpcds,100,8,Q84,2,Forward-only,20,0,0,1,0.31,0.31,0.31,0.31,0,0,1,0.31,0,0,1,0,0
tpcds_sf100_t8,TPCDS SF100,tpcds,100,8,Q84,3,THC,20,0,0,1,0.31,0.31,0.31,0.31,0,0,1,0.31,0,0,1,0,0
tpcds_sf100_t8,TPCDS SF100,tpcds,100,8,Q84,4,RPT+,20,0,0,1,0.21,0.21,0.21,0.21,0,0,1,0.21,0,0,1,0,0
tpcds_sf100_t8,TPCDS SF100,tpcds,100,8,Q85,1,Baseline,20,0,0,1,1.23,1.34,1.23,1.44,0.1025,0.057622423,1.07462687,1.34,0.0894308943,0.170731707,0.6,0,2
tpcds_sf100_t8,TPCDS SF100,tpcds,100,8,Q85,2,Forward-only,20,0,0,1,1.23,1.34,1.23,1.54,0.1,0.0682763347,1.14925373,1.34,0.0894308943,0.25203252,0.55,0,2
tpcds_sf100_t8,TPCDS SF100,tpcds,100,8,Q85,3,THC,20,0,0,1,1.34,1.49,1.34,1.54,0.1,0.0540540541,1.03355705,1.49,0.111940299,0.149253731,0.5,0,3
tpcds_sf100_t8,TPCDS SF100,tpcds,100,8,Q85,4,RPT+,20,0,0,1,1.23,1.54,1.34,1.64,0.2,0.0823858164,1.06493506,1.54,0.25203252,0.333333333,0.15,0,14
tpcds_sf100_t8,TPCDS SF100,tpcds,100,8,Q86,1,Baseline,20,0,0,1,0.92,0.93,0.92,0.93,0,0.00384568036,1,0.93,0.0108695652,0.0108695652,1,0,4
tpcds_sf100_t8,TPCDS SF100,tpcds,100,8,Q86,2,Forward-only,20,0,0,1,0.92,0.93,0.93,0.93,0,0.00234475468,1,0.93,0.0108695652,0.0108695652,1,0,0
tpcds_sf100_t8,TPCDS SF100,tpcds,100,8,Q86,3,THC,20,0,0,1,0.93,0.93,0.93,0.93,0,0,1,0.93,0,0,1,0,0
tpcds_sf100_t8,TPCDS SF100,tpcds,100,8,Q86,4,RPT+,20,0,0,1,0.93,0.93,0.93,0.93,0,0.02330962,1,0.93,0,0,0.95,0,0
tpcds_sf100_t8,TPCDS SF100,tpcds,100,8,Q87,1,Baseline,20,0,0,1,4.92,4.92,4.92,5.02,0,0.00748506188,1.0203252,4.92,0,0.0203252033,1,0,0
tpcds_sf100_t8,TPCDS SF100,tpcds,100,8,Q87,2,Forward-only,20,0,0,1,5.02,5.03,5.029,5.13,0.1,0.00920587549,1.01988072,5.03,0.00199203187,0.0219123506,1,0,0
tpcds_sf100_t8,TPCDS SF100,tpcds,100,8,Q87,3,THC,20,0,0,1,6.05,6.16,6.15,6.26,0,0.00949051184,1.01623377,6.16,0.0181818182,0.0347107438,1,0,19
tpcds_sf100_t8,TPCDS SF100,tpcds,100,8,Q87,4,RPT+,20,0,0,1,4.51,4.515,4.51,4.529,0.01,0.00675736136,1.00310078,4.515,0.00110864745,0.00421286031,1,0,0
tpcds_sf100_t8,TPCDS SF100,tpcds,100,8,Q88,1,Baseline,20,0,0,1,6.46,7.015,6.559,7.6,0.6375,0.0605080782,1.08339273,7.015,0.0859133127,0.176470588,0.6,0,15
tpcds_sf100_t8,TPCDS SF100,tpcds,100,8,Q88,2,Forward-only,20,0,0,1,3.49,3.59,3.58,3.59,0,0.010712895,1,3.59,0.0286532951,0.0286532951,1,0,2
tpcds_sf100_t8,TPCDS SF100,tpcds,100,8,Q88,3,THC,20,0,0,1,3.49,3.59,3.58,3.69,0,0.0138384901,1.02785515,3.59,0.0286532951,0.0573065903,1,0,2
tpcds_sf100_t8,TPCDS SF100,tpcds,100,8,Q88,4,RPT+,20,0,0,1,3.59,3.69,3.68,3.791,0.1,0.0199292305,1.02737127,3.69,0.0278551532,0.0559888579,1,0,2
tpcds_sf100_t8,TPCDS SF100,tpcds,100,8,Q89,1,Baseline,20,0,0,1,1.85,2.36,1.85,2.78,0.92,0.17637844,1.1779661,2.36,0.275675676,0.502702703,0.35,0,0
tpcds_sf100_t8,TPCDS SF100,tpcds,100,8,Q89,2,Forward-only,20,0,0,1,1.44,1.49,1.44,1.54,0.1,0.033557047,1.03355705,1.49,0.0347222222,0.0694444444,1,0,1
tpcds_sf100_t8,TPCDS SF100,tpcds,100,8,Q89,3,THC,20,0,0,1,1.44,1.49,1.44,1.54,0.1,0.033557047,1.03355705,1.49,0.0347222222,0.0694444444,1,0,1
tpcds_sf100_t8,TPCDS SF100,tpcds,100,8,Q89,4,RPT+,20,0,0,1,1.54,1.54,1.54,1.64,0.1,0.0310061993,1.06493506,1.54,0,0.0649350649,1,0,1
tpcds_sf100_t8,TPCDS SF100,tpcds,100,8,Q90,1,Baseline,20,0,0,1,0.62,0.72,0.62,0.73,0.1,0.089567623,1.01388889,0.72,0.161290323,0.177419355,0.35,0,0
tpcds_sf100_t8,TPCDS SF100,tpcds,100,8,Q90,2,Forward-only,20,0,0,1,0.41,0.41,0.41,0.41,0,0,1,0.41,0,0,1,0,0
tpcds_sf100_t8,TPCDS SF100,tpcds,100,8,Q90,3,THC,20,0,0,1,0.41,0.41,0.41,0.41,0,0,1,0.41,0,0,1,0,0
tpcds_sf100_t8,TPCDS SF100,tpcds,100,8,Q90,4,RPT+,20,0,0,1,0.41,0.41,0.41,0.41,0,0,1,0.41,0,0,1,0,0
tpcds_sf100_t8,TPCDS SF100,tpcds,100,8,Q91,1,Baseline,20,0,0,1,0.21,0.21,0.21,0.21,0,0,1,0.21,0,0,1,0,0
tpcds_sf100_t8,TPCDS SF100,tpcds,100,8,Q91,2,Forward-only,20,0,0,1,0.11,0.21,0.11,0.21,0.1,0.301511345,1,0.21,0.909090909,0.909090909,0.45,0,1
tpcds_sf100_t8,TPCDS SF100,tpcds,100,8,Q91,3,THC,20,0,0,1,0.11,0.16,0.11,0.21,0.1,0.3125,1.3125,0.16,0.454545455,0.909090909,0.5,0,1
tpcds_sf100_t8,TPCDS SF100,tpcds,100,8,Q91,4,RPT+,20,0,0,1,0.11,0.11,0.11,0.21,0.1,0.327326835,1.90909091,0.11,0,0.909090909,0.7,0,1
tpcds_sf100_t8,TPCDS SF100,tpcds,100,8,Q92,1,Baseline,20,0,0,1,0.72,0.72,0.72,0.82,0.1,0.0650318586,1.13888889,0.72,0,0.138888889,0.55,0,1
tpcds_sf100_t8,TPCDS SF100,tpcds,100,8,Q92,2,Forward-only,20,0,0,1,0.62,0.62,0.62,0.62,0,0,1,0.62,0,0,1,0,0
tpcds_sf100_t8,TPCDS SF100,tpcds,100,8,Q92,3,THC,20,0,0,1,0.62,0.62,0.62,0.62,0,0,1,0.62,0,0,1,0,0
tpcds_sf100_t8,TPCDS SF100,tpcds,100,8,Q92,4,RPT+,20,0,0,1,0.52,0.52,0.52,0.52,0,0,1,0.52,0,0,1,0,0
tpcds_sf100_t8,TPCDS SF100,tpcds,100,8,Q93,1,Baseline,20,0,0,1,5.85,5.95,5.95,6.05,0,0.00749310028,1.01680672,5.95,0.0170940171,0.0341880342,1,0,7
tpcds_sf100_t8,TPCDS SF100,tpcds,100,8,Q93,2,Forward-only,20,0,0,1,3.9,4,4,4,0,0.00545544298,1,4,0.0256410256,0.0256410256,1,0,2
tpcds_sf100_t8,TPCDS SF100,tpcds,100,8,Q93,3,THC,20,0,0,1,4.62,4.72,4.72,4.73,0,0.00839765524,1.00211864,4.72,0.0216450216,0.0238095238,1,0,16
tpcds_sf100_t8,TPCDS SF100,tpcds,100,8,Q93,4,RPT+,20,0,0,1,3.9,4,4,4,0,0.00790569415,1,4,0.0256410256,0.0256410256,1,0,11
tpcds_sf100_t8,TPCDS SF100,tpcds,100,8,Q94,1,Baseline,20,0,0,1,0.82,0.92,0.82,0.93,0.01,0.046469415,1.01086957,0.92,0.12195122,0.134146341,0.2,0,5
tpcds_sf100_t8,TPCDS SF100,tpcds,100,8,Q94,2,Forward-only,20,0,0,1,0.72,0.82,0.82,0.82,0,0.0267417113,1,0.82,0.138888889,0.138888889,0.05,0,14
tpcds_sf100_t8,TPCDS SF100,tpcds,100,8,Q94,3,THC,20,0,0,1,0.72,0.82,0.72,0.82,0.1,0.0580072873,1,0.82,0.138888889,0.138888889,0.3,0,2
tpcds_sf100_t8,TPCDS SF100,tpcds,100,8,Q94,4,RPT+,20,0,0,1,0.72,0.82,0.82,0.82,0,0.0267417113,1,0.82,0.138888889,0.138888889,0.05,0,11
tpcds_sf100_t8,TPCDS SF100,tpcds,100,8,Q95,1,Baseline,20,0,0,1,17.4,17.7,17.5,17.93,0.1275,0.0115530363,1.01299435,17.7,0.0172413793,0.0304597701,1,0,7
tpcds_sf100_t8,TPCDS SF100,tpcds,100,8,Q95,2,Forward-only,20,0,0,1,17.41,17.61,17.5,17.829,0.2025,0.00886232805,1.01243612,17.61,0.0114876508,0.0240666284,1,0,13
tpcds_sf100_t8,TPCDS SF100,tpcds,100,8,Q95,3,THC,20,0,0,1,24.99,26.025,25.197,26.553,0.445,0.0211247013,1.02028818,26.025,0.0414165666,0.062545018,1,0,2
tpcds_sf100_t8,TPCDS SF100,tpcds,100,8,Q95,4,RPT+,20,0,0,1,1.85,1.95,1.94,1.95,0,0.0154639175,1,1.95,0.0540540541,0.0540540541,1,0,11
tpcds_sf100_t8,TPCDS SF100,tpcds,100,8,Q96,1,Baseline,20,0,0,1,1.13,1.23,1.13,1.23,0.1,0.0399137741,1,1.23,0.0884955752,0.0884955752,1,0,1
tpcds_sf100_t8,TPCDS SF100,tpcds,100,8,Q96,2,Forward-only,20,0,0,1,0.82,0.82,0.82,0.82,0,0,1,0.82,0,0,1,0,0
tpcds_sf100_t8,TPCDS SF100,tpcds,100,8,Q96,3,THC,20,0,0,1,0.82,0.82,0.82,0.82,0,0,1,0.82,0,0,1,0,0
tpcds_sf100_t8,TPCDS SF100,tpcds,100,8,Q96,4,RPT+,20,0,0,1,0.82,0.82,0.82,0.82,0,0,1,0.82,0,0,1,0,0
tpcds_sf100_t8,TPCDS SF100,tpcds,100,8,Q97,1,Baseline,20,0,0,1,4.72,4.82,4.72,4.82,0.025,0.00903050473,1,4.82,0.0211864407,0.0211864407,1,0,0
tpcds_sf100_t8,TPCDS SF100,tpcds,100,8,Q97,2,Forward-only,20,0,0,1,4.72,4.82,4.72,4.82,0.025,0.00903050473,1,4.82,0.0211864407,0.0211864407,1,0,2
tpcds_sf100_t8,TPCDS SF100,tpcds,100,8,Q97,3,THC,20,0,0,1,4.62,4.82,4.72,4.83,0.1025,0.0145300297,1.00207469,4.82,0.0432900433,0.0454545455,1,0,6
tpcds_sf100_t8,TPCDS SF100,tpcds,100,8,Q97,4,RPT+,20,0,0,1,4.82,4.93,4.82,4.93,0.11,0.0105294601,1,4.93,0.0228215768,0.0228215768,1,0,0
tpcds_sf100_t8,TPCDS SF100,tpcds,100,8,Q98,1,Baseline,20,0,0,1,1.44,1.54,1.54,1.54,0,0.0141983679,1,1.54,0.0694444444,0.0694444444,1,0,9
tpcds_sf100_t8,TPCDS SF100,tpcds,100,8,Q98,2,Forward-only,20,0,0,1,1.13,1.13,1.13,1.13,0,0,1,1.13,0,0,1,0,0
tpcds_sf100_t8,TPCDS SF100,tpcds,100,8,Q98,3,THC,20,0,0,1,1.13,1.13,1.13,1.13,0,0,1,1.13,0,0,1,0,0
tpcds_sf100_t8,TPCDS SF100,tpcds,100,8,Q98,4,RPT+,20,0,0,1,1.13,1.13,1.13,1.13,0,0,1,1.13,0,0,1,0,0
tpcds_sf100_t8,TPCDS SF100,tpcds,100,8,Q99,1,Baseline,20,0,0,1,1.13,1.13,1.13,1.13,0,0,1,1.13,0,0,1,0,0
tpcds_sf100_t8,TPCDS SF100,tpcds,100,8,Q99,2,Forward-only,20,0,0,1,1.13,1.13,1.13,1.13,0,0,1,1.13,0,0,1,0,0
tpcds_sf100_t8,TPCDS SF100,tpcds,100,8,Q99,3,THC,20,0,0,1,1.13,1.13,1.13,1.13,0,0,1,1.13,0,0,1,0,0
tpcds_sf100_t8,TPCDS SF100,tpcds,100,8,Q99,4,RPT+,20,0,0,1,1.85,1.85,1.85,1.85,0,0,1,1.85,0,0,1,0,0
appian_t64,appian,appian,,64,q01,1,Baseline,20,0,0,1,0.35,0.355,0.35,0.36,0.01,0.014084507,1.01408451,0.355,0.0142857143,0.0285714286,1,0,1
appian_t64,appian,appian,,64,q01,2,Forward-only,20,0,0,1,0.35,0.355,0.35,0.36,0.01,0.014084507,1.01408451,0.355,0.0142857143,0.0285714286,1,0,1
appian_t64,appian,appian,,64,q01,3,THC,20,0,0,1,0.38,0.38,0.38,0.39,0,0.00935967029,1.02631579,0.38,0,0.0263157895,1,0,0
appian_t64,appian,appian,,64,q01,4,RPT+,20,0,0,1,0.35,0.35,0.35,0.36,0.0025,0.0122840483,1.02857143,0.35,0,0.0285714286,1,0,0
appian_t64,appian,appian,,64,q02,1,Baseline,20,0,0,1,0.81,0.83,0.82,0.831,0.01,0.00878756143,1.00120482,0.83,0.024691358,0.0259259259,1,0,6
appian_t64,appian,appian,,64,q02,2,Forward-only,20,0,0,1,0.82,0.83,0.82,0.841,0.01,0.00995983421,1.01325301,0.83,0.012195122,0.0256097561,1,0,6
appian_t64,appian,appian,,64,q02,3,THC,20,0,0,1,0.89,0.94,0.91,0.97,0.0225,0.0226646324,1.03191489,0.94,0.0561797753,0.0898876404,0.95,0,7
appian_t64,appian,appian,,64,q02,4,RPT+,20,0,0,1,0.82,0.83,0.829,0.85,0.01,0.0116504622,1.02409639,0.83,0.012195122,0.0365853659,1,0,12
appian_t64,appian,appian,,64,q03,1,Baseline,20,0,0,1,0.7,0.77,0.709,0.791,0.0625,0.0480399511,1.02727273,0.77,0.1,0.13,0.6,0,6
appian_t64,appian,appian,,64,q03,2,Forward-only,20,0,0,1,0.68,0.775,0.69,0.79,0.1,0.0603988678,1.01935484,0.775,0.139705882,0.161764706,0.35,0,14
appian_t64,appian,appian,,64,q03,3,THC,20,0,0,1,0.89,0.98,0.9,1,0.0825,0.0436424911,1.02040816,0.98,0.101123596,0.123595506,0.45,0,14
appian_t64,appian,appian,,64,q03,4,RPT+,20,0,0,1,0.71,0.775,0.719,0.801,0.0625,0.0450440505,1.03354839,0.775,0.0915492958,0.128169014,0.65,0,0
appian_t64,appian,appian,,64,q04,1,Baseline,20,0,0,1,1.34,1.38,1.359,1.393,0.02,0.0140329545,1.00942029,1.38,0.0298507463,0.0395522388,1,0,9
appian_t64,appian,appian,,64,q04,2,Forward-only,20,0,0,1,1.33,1.38,1.37,1.41,0.02,0.0137003233,1.02173913,1.38,0.037593985,0.0601503759,1,0,12
appian_t64,appian,appian,,64,q04,3,THC,20,0,0,1,1.53,1.565,1.549,1.601,0.04,0.0161682761,1.02300319,1.565,0.022875817,0.0464052288,1,0,12
appian_t64,appian,appian,,64,q04,4,RPT+,20,0,0,1,1.36,1.39,1.36,1.41,0.02,0.0130082638,1.01438849,1.39,0.0220588235,0.0367647059,1,0,7
appian_t64,appian,appian,,64,q05,1,Baseline,20,0,0,1,0.5,0.52,0.51,0.531,0.01,0.0180300896,1.02115385,0.52,0.04,0.062,1,0,14
appian_t64,appian,appian,,64,q05,2,Forward-only,20,0,0,1,0.51,0.52,0.51,0.531,0.01,0.0167007622,1.02115385,0.52,0.0196078431,0.0411764706,1,0,3
appian_t64,appian,appian,,64,q05,3,THC,20,0,0,1,0.59,0.61,0.599,0.62,0.02,0.0175465072,1.01639344,0.61,0.0338983051,0.0508474576,1,0,10
appian_t64,appian,appian,,64,q05,4,RPT+,20,0,0,1,0.51,0.525,0.52,0.531,0.01,0.014080541,1.01142857,0.525,0.0294117647,0.0411764706,1,0,2
appian_t64,appian,appian,,64,q06,1,Baseline,20,0,0,1,0.5,0.51,0.509,0.53,0.01,0.0168160273,1.03921569,0.51,0.02,0.06,1,0,3
appian_t64,appian,appian,,64,q06,2,Forward-only,20,0,0,1,0.5,0.51,0.509,0.53,0.01,0.017858344,1.03921569,0.51,0.02,0.06,1,0,13
appian_t64,appian,appian,,64,q06,3,THC,20,0,0,1,0.76,0.79,0.769,0.871,0.035,0.0507510962,1.10253165,0.79,0.0394736842,0.146052632,0.8,0,5
appian_t64,appian,appian,,64,q06,4,RPT+,20,0,0,1,0.5,0.52,0.5,0.521,0.01,0.016671173,1.00192308,0.52,0.04,0.042,1,0,16
appian_t64,appian,appian,,64,q07,1,Baseline,20,0,0,1,0.55,0.56,0.56,0.57,0.01,0.0116031028,1.01785714,0.56,0.0181818182,0.0363636364,1,0,5
appian_t64,appian,appian,,64,q07,2,Forward-only,20,0,0,1,0.57,0.57,0.57,0.58,0,0.00624796888,1.01754386,0.57,0,0.0175438596,1,0,0
appian_t64,appian,appian,,64,q07,3,THC,20,0,0,1,0.6,0.63,0.61,0.65,0.04,0.0278579966,1.03174603,0.63,0.05,0.0833333333,1,0,17
appian_t64,appian,appian,,64,q07,4,RPT+,20,0,0,1,0.55,0.57,0.56,0.571,0.01,0.0125951119,1.00175439,0.57,0.0363636364,0.0381818182,1,0,0
appian_t64,appian,appian,,64,q08,1,Baseline,20,0,0,1,1.53,1.55,1.53,1.561,0.02,0.00780558525,1.00709677,1.55,0.0130718954,0.0202614379,1,0,2
appian_t64,appian,appian,,64,q08,2,Forward-only,20,0,0,1,1.52,1.55,1.53,1.57,0.0125,0.00924787377,1.01290323,1.55,0.0197368421,0.0328947368,1,0,10
appian_t64,appian,appian,,64,q08,3,THC,20,0,0,1,1.61,1.64,1.62,1.67,0.0125,0.011430673,1.01829268,1.64,0.0186335404,0.0372670807,1,0,11
appian_t64,appian,appian,,64,q08,4,RPT+,20,0,0,1,1.54,1.56,1.55,1.58,0.0125,0.00785092866,1.01282051,1.56,0.012987013,0.025974026,1,0,11
job_t64,job,job,,64,1a,1,Baseline,20,0,0,1,0.16,0.19,0.17,0.21,0.02,0.0804281021,1.10526316,0.19,0.1875,0.3125,0.2,0,0
job_t64,job,job,,64,1a,2,Forward-only,20,0,0,1,0.14,0.15,0.15,0.17,0,0.0555658701,1.13333333,0.15,0.0714285714,0.214285714,0.8,0,9
job_t64,job,job,,64,1a,3,THC,20,0,0,1,0.15,0.15,0.15,0.151,0,0.0198675497,1.00666667,0.15,0,0.00666666667,1,0,0
job_t64,job,job,,64,1a,4,RPT+,20,0,0,1,0.14,0.165,0.15,0.18,0.02,0.0702179334,1.09090909,0.165,0.178571429,0.285714286,0.3,0,5
job_t64,job,job,,64,1b,1,Baseline,20,0,0,1,0.15,0.2,0.17,0.255,0.065,0.203430782,1.275,0.2,0.333333333,0.7,0.05,0.05,0
job_t64,job,job,,64,1b,2,Forward-only,20,0,0,1,0.14,0.14,0.14,0.16,0.0125,0.0843918648,1.14285714,0.14,0,0.142857143,0.75,0,6
job_t64,job,job,,64,1b,3,THC,20,0,0,1,0.14,0.15,0.14,0.15,0.01,0.0727724974,1,0.15,0.0714285714,0.0714285714,0.95,0,3
job_t64,job,job,,64,1b,4,RPT+,20,0,0,1,0.14,0.16,0.14,0.161,0.02,0.0662210326,1.00625,0.16,0.142857143,0.15,0.4,0,1
job_t64,job,job,,64,1c,1,Baseline,20,0,0,1,0.15,0.18,0.159,0.2,0.02,0.0925218183,1.11111111,0.18,0.2,0.333333333,0.2,0,0
job_t64,job,job,,64,1c,2,Forward-only,20,0,0,1,0.14,0.17,0.14,0.191,0.03,0.12112124,1.12352941,0.17,0.214285714,0.364285714,0.3,0,8
job_t64,job,job,,64,1c,3,THC,20,0,0,1,0.14,0.175,0.14,0.18,0.03,0.10621465,1.02857143,0.175,0.25,0.285714286,0.4,0,3
job_t64,job,job,,64,1c,4,RPT+,20,0,0,1,0.14,0.18,0.158,0.2,0.03,0.104849137,1.11111111,0.18,0.285714286,0.428571429,0.1,0,2
job_t64,job,job,,64,1d,1,Baseline,20,0,0,1,0.15,0.195,0.179,0.263,0.07,0.204648482,1.34871795,0.195,0.3,0.753333333,0.05,0.05,0
job_t64,job,job,,64,1d,2,Forward-only,20,0,0,1,0.14,0.15,0.14,0.16,0.0125,0.0612572572,1.06666667,0.15,0.0714285714,0.142857143,0.75,0,4
job_t64,job,job,,64,1d,3,THC,20,0,0,1,0.14,0.15,0.14,0.15,0.01,0.0612244898,1,0.15,0.0714285714,0.0714285714,0.95,0,2
job_t64,job,job,,64,1d,4,RPT+,20,0,0,1,0.14,0.16,0.14,0.161,0.01,0.0556000529,1.00625,0.16,0.142857143,0.15,0.4,0,1
job_t64,job,job,,64,2a,1,Baseline,20,0,0,1,0.2,0.23,0.21,0.26,0.02,0.0879141295,1.13043478,0.23,0.15,0.3,0.45,0,0
job_t64,job,job,,64,2a,2,Forward-only,20,0,0,1,0.18,0.2,0.19,0.22,0.02,0.0565065507,1.1,0.2,0.111111111,0.222222222,0.35,0,18
job_t64,job,job,,64,2a,3,THC,20,0,0,1,0.19,0.2,0.19,0.21,0.0125,0.0433373846,1.05,0.2,0.0526315789,0.105263158,0.75,0,0
job_t64,job,job,,64,2a,4,RPT+,20,0,0,1,0.18,0.2,0.19,0.22,0.02,0.057179745,1.1,0.2,0.111111111,0.222222222,0.35,0,0
job_t64,job,job,,64,2b,1,Baseline,20,0,0,1,0.2,0.23,0.21,0.26,0.02,0.0959959373,1.13043478,0.23,0.15,0.3,0.45,0,0
job_t64,job,job,,64,2b,2,Forward-only,20,0,0,1,0.18,0.19,0.18,0.21,0.01,0.0494269016,1.10526316,0.19,0.0555555556,0.166666667,0.65,0,8
job_t64,job,job,,64,2b,3,THC,20,0,0,1,0.18,0.19,0.18,0.21,0.01,0.0562317199,1.10526316,0.19,0.0555555556,0.166666667,0.85,0,0
job_t64,job,job,,64,2b,4,RPT+,20,0,0,1,0.18,0.195,0.18,0.21,0.01,0.0525484655,1.07692308,0.195,0.0833333333,0.166666667,0.5,0,0
job_t64,job,job,,64,2c,1,Baseline,20,0,0,1,0.18,0.22,0.19,0.25,0.0325,0.0992654149,1.13636364,0.22,0.222222222,0.388888889,0.15,0,0
job_t64,job,job,,64,2c,2,Forward-only,20,0,0,1,0.13,0.145,0.14,0.181,0.02,0.116883117,1.24827586,0.145,0.115384615,0.392307692,0.5,0,13
job_t64,job,job,,64,2c,3,THC,20,0,0,1,0.14,0.14,0.14,0.19,0.02,0.116730952,1.35714286,0.14,0,0.357142857,0.7,0,0
job_t64,job,job,,64,2c,4,RPT+,20,0,0,1,0.13,0.15,0.13,0.18,0.0175,0.109480707,1.2,0.15,0.153846154,0.384615385,0.25,0,0
job_t64,job,job,,64,2d,1,Baseline,20,0,0,1,0.21,0.235,0.22,0.27,0.02,0.192962394,1.14893617,0.235,0.119047619,0.285714286,0.5,0.05,0
job_t64,job,job,,64,2d,2,Forward-only,20,0,0,1,0.2,0.22,0.21,0.25,0.0225,0.0725260182,1.13636364,0.22,0.1,0.25,0.65,0,9
job_t64,job,job,,64,2d,3,THC,20,0,0,1,0.21,0.22,0.21,0.25,0.02,0.063575995,1.13636364,0.22,0.0476190476,0.19047619,0.8,0,0
job_t64,job,job,,64,2d,4,RPT+,20,0,0,1,0.19,0.22,0.21,0.24,0.02,0.0574959575,1.09090909,0.22,0.157894737,0.263157895,0.05,0,5
job_t64,job,job,,64,3a,1,Baseline,20,0,0,1,0.52,0.54,0.52,0.55,0.015,0.0208574303,1.01851852,0.54,0.0384615385,0.0576923077,1,0,0
job_t64,job,job,,64,3a,2,Forward-only,20,0,0,1,0.48,0.51,0.48,0.53,0.0125,0.0330681843,1.03921569,0.51,0.0625,0.104166667,0.85,0,9
job_t64,job,job,,64,3a,3,THC,20,0,0,1,0.48,0.51,0.48,0.52,0.0025,0.0257923014,1.01960784,0.51,0.0625,0.0833333333,1,0,11
job_t64,job,job,,64,3a,4,RPT+,20,0,0,1,0.47,0.49,0.47,0.5,0.0225,0.0253003216,1.02040816,0.49,0.0425531915,0.0638297872,1,0,0
job_t64,job,job,,64,3b,1,Baseline,20,0,0,1,0.45,0.47,0.459,0.48,0.02,0.0212765957,1.0212766,0.47,0.0444444444,0.0666666667,1,0,0
job_t64,job,job,,64,3b,2,Forward-only,20,0,0,1,0.46,0.48,0.46,0.491,0.0125,0.0252783389,1.02291667,0.48,0.0434782609,0.0673913043,1,0,9
job_t64,job,job,,64,3b,3,THC,20,0,0,1,0.46,0.48,0.47,0.49,0.01,0.0166243227,1.02083333,0.48,0.0434782609,0.0652173913,1,0,11
job_t64,job,job,,64,3b,4,RPT+,20,0,0,1,0.46,0.49,0.47,0.5,0.03,0.0286592351,1.02040816,0.49,0.0652173913,0.0869565217,0.95,0,4
job_t64,job,job,,64,3c,1,Baseline,20,0,0,1,0.53,0.54,0.53,0.55,0.02,0.0167990816,1.01851852,0.54,0.0188679245,0.0377358491,1,0,0
job_t64,job,job,,64,3c,2,Forward-only,20,0,0,1,0.49,0.5,0.49,0.51,0.01,0.0166465408,1.02,0.5,0.0204081633,0.0408163265,1,0,6
job_t64,job,job,,64,3c,3,THC,20,0,0,1,0.48,0.5,0.49,0.5,0.01,0.0115262066,1,0.5,0.0416666667,0.0416666667,1,0,5
job_t64,job,job,,64,3c,4,RPT+,20,0,0,1,0.48,0.5,0.48,0.51,0.0125,0.021618855,1.02,0.5,0.0416666667,0.0625,1,0,0
job_t64,job,job,,64,4a,1,Baseline,20,0,0,1,0.2,0.235,0.218,0.291,0.07,0.143767457,1.23829787,0.235,0.175,0.455,0.45,0,0
job_t64,job,job,,64,4a,2,Forward-only,20,0,0,1,0.19,0.21,0.19,0.231,0.0225,0.0736663662,1.1,0.21,0.105263158,0.215789474,0.3,0,7
job_t64,job,job,,64,4a,3,THC,20,0,0,1,0.18,0.21,0.19,0.221,0.03,0.0706341508,1.05238095,0.21,0.166666667,0.227777778,0.3,0,0
job_t64,job,job,,64,4a,4,RPT+,20,0,0,1,0.17,0.19,0.179,0.2,0.02,0.0552004657,1.05263158,0.19,0.117647059,0.176470588,0.35,0,2
job_t64,job,job,,64,4b,1,Baseline,20,0,0,1,0.16,0.19,0.179,0.21,0.02,0.0713505366,1.10526316,0.19,0.1875,0.3125,0.1,0,0
job_t64,job,job,,64,4b,2,Forward-only,20,0,0,1,0.16,0.19,0.16,0.211,0.03,0.102123308,1.11052632,0.19,0.1875,0.31875,0.3,0,8
job_t64,job,job,,64,4b,3,THC,20,0,0,1,0.16,0.19,0.16,0.211,0.02,0.100400949,1.11052632,0.19,0.1875,0.31875,0.4,0,3
job_t64,job,job,,64,4b,4,RPT+,20,0,0,1,0.16,0.185,0.169,0.21,0.02,0.0788810638,1.13513514,0.185,0.15625,0.3125,0.15,0,2
job_t64,job,job,,64,4c,1,Baseline,20,0,0,1,0.2,0.24,0.209,0.33,0.1,0.194221249,1.375,0.24,0.2,0.65,0.35,0,3
job_t64,job,job,,64,4c,2,Forward-only,20,0,0,1,0.19,0.21,0.2,0.22,0.01,0.0454010691,1.04761905,0.21,0.105263158,0.157894737,0.45,0,12
job_t64,job,job,,64,4c,3,THC,20,0,0,1,0.2,0.205,0.2,0.21,0.01,0.0286857083,1.02439024,0.205,0.025,0.05,1,0,0
job_t64,job,job,,64,4c,4,RPT+,20,0,0,1,0.17,0.195,0.18,0.21,0.0225,0.0639673899,1.07692308,0.195,0.147058824,0.235294118,0.3,0,6
job_t64,job,job,,64,5a,1,Baseline,20,0,0,1,0.48,0.52,0.48,0.54,0.03,0.0427930784,1.03846154,0.52,0.0833333333,0.125,0.55,0,0
job_t64,job,job,,64,5a,2,Forward-only,20,0,0,1,0.13,0.145,0.139,0.164,0.01,0.122927259,1.13103448,0.145,0.115384615,0.261538462,0.5,0,14
job_t64,job,job,,64,5a,3,THC,20,0,0,1,0.13,0.14,0.13,0.155,0.01,0.125682941,1.10714286,0.14,0.0769230769,0.192307692,0.55,0,11
job_t64,job,job,,64,5a,4,RPT+,20,0,0,1,0.13,0.15,0.13,0.16,0.0125,0.0691915868,1.06666667,0.15,0.153846154,0.230769231,0.45,0,2
job_t64,job,job,,64,5b,1,Baseline,20,0,0,1,0.46,0.48,0.46,0.491,0.02,0.0246503324,1.02291667,0.48,0.0434782609,0.0673913043,1,0,0
job_t64,job,job,,64,5b,2,Forward-only,20,0,0,1,0.13,0.18,0.13,0.201,0.06,0.172105146,1.11666667,0.18,0.384615385,0.546153846,0.3,0,8
job_t64,job,job,,64,5b,3,THC,20,0,0,1,0.13,0.18,0.13,0.191,0.05,0.169639363,1.06111111,0.18,0.384615385,0.469230769,0.4,0,2
job_t64,job,job,,64,5b,4,RPT+,20,0,0,1,0.12,0.165,0.139,0.2,0.04,0.145578867,1.21212121,0.165,0.375,0.666666667,0.1,0,3
job_t64,job,job,,64,5c,1,Baseline,20,0,0,1,0.51,0.53,0.519,0.54,0.02,0.0197888462,1.01886792,0.53,0.0392156863,0.0588235294,1,0,0
job_t64,job,job,,64,5c,2,Forward-only,20,0,0,1,0.46,0.47,0.46,0.481,0.01,0.0175482793,1.02340426,0.47,0.0217391304,0.0456521739,1,0,7
job_t64,job,job,,64,5c,3,THC,20,0,0,1,0.46,0.47,0.46,0.472,0.0025,0.0171389531,1.00425532,0.47,0.0217391304,0.0260869565,1,0,8
job_t64,job,job,,64,5c,4,RPT+,20,0,0,1,0.46,0.48,0.46,0.49,0.0225,0.0243189851,1.02083333,0.48,0.0434782609,0.0652173913,1,0,2
job_t64,job,job,,64,6a,1,Baseline,20,0,0,1,0.2,0.23,0.218,0.498,0.0675,0.472608781,2.16521739,0.23,0.15,1.49,0.4,0.2,5
job_t64,job,job,,64,6a,2,Forward-only,20,0,0,1,0.19,0.24,0.2,0.251,0.03,0.0901140275,1.04583333,0.24,0.263157895,0.321052632,0.2,0,7
job_t64,job,job,,64,6a,3,THC,20,0,0,1,0.2,0.235,0.2,0.26,0.0425,0.0995670996,1.10638298,0.235,0.175,0.3,0.45,0,2
job_t64,job,job,,64,6a,4,RPT+,20,0,0,1,0.19,0.22,0.21,0.24,0.03,0.0653068698,1.09090909,0.22,0.157894737,0.263157895,0.05,0,2
job_t64,job,job,,64,6b,1,Baseline,20,0,0,1,0.19,0.23,0.199,0.25,0.0225,0.0852017937,1.08695652,0.23,0.210526316,0.315789474,0.15,0,5
job_t64,job,job,,64,6b,2,Forward-only,20,0,0,1,0.19,0.19,0.19,0.25,0.005,0.11025276,1.31578947,0.19,0,0.315789474,0.75,0,5
job_t64,job,job,,64,6b,3,THC,20,0,0,1,0.18,0.19,0.19,0.231,0.01,0.0908295106,1.21578947,0.19,0.0555555556,0.283333333,0.65,0,5
job_t64,job,job,,64,6b,4,RPT+,20,0,0,1,0.19,0.21,0.19,0.21,0.02,0.0459090025,1,0.21,0.105263158,0.105263158,0.45,0,0
job_t64,job,job,,64,6c,1,Baseline,20,0,0,1,0.19,0.22,0.19,0.482,0.0625,0.410431278,2.19090909,0.22,0.157894737,1.53684211,0.35,0.2,5
job_t64,job,job,,64,6c,2,Forward-only,20,0,0,1,0.18,0.19,0.18,0.201,0,0.0434901773,1.05789474,0.19,0.0555555556,0.116666667,0.8,0,4
job_t64,job,job,,64,6c,3,THC,20,0,0,1,0.18,0.19,0.18,0.19,0,0.0212765957,1,0.19,0.0555555556,0.0555555556,1,0,0
job_t64,job,job,,64,6c,4,RPT+,20,0,0,1,0.18,0.2,0.18,0.21,0.015,0.0563830021,1.05,0.2,0.111111111,0.166666667,0.35,0,0
job_t64,job,job,,64,6d,1,Baseline,20,0,0,1,0.21,0.24,0.228,0.26,0.0125,0.0593086781,1.08333333,0.24,0.142857143,0.238095238,0.2,0,5
job_t64,job,job,,64,6d,2,Forward-only,20,0,0,1,0.22,0.245,0.22,0.261,0.0225,0.0693082701,1.06530612,0.245,0.113636364,0.186363636,0.5,0,10
job_t64,job,job,,64,6d,3,THC,20,0,0,1,0.22,0.24,0.22,0.25,0.03,0.0558936693,1.04166667,0.24,0.0909090909,0.136363636,0.6,0,5
job_t64,job,job,,64,6d,4,RPT+,20,0,0,1,0.2,0.22,0.2,0.22,0.02,0.0437434835,1,0.22,0.1,0.1,1,0,0
job_t64,job,job,,64,6e,1,Baseline,20,0,0,1,0.21,0.23,0.219,0.502,0.0925,0.498391706,2.1826087,0.23,0.0952380952,1.39047619,0.55,0.25,5
job_t64,job,job,,64,6e,2,Forward-only,20,0,0,1,0.19,0.21,0.2,0.22,0.02,0.0439426077,1.04761905,0.21,0.105263158,0.157894737,0.35,0,6
job_t64,job,job,,64,6e,3,THC,20,0,0,1,0.19,0.205,0.19,0.22,0.02,0.0546834011,1.07317073,0.205,0.0789473684,0.157894737,0.5,0,0
job_t64,job,job,,64,6e,4,RPT+,20,0,0,1,0.18,0.21,0.19,0.21,0.02,0.0503055457,1,0.21,0.166666667,0.166666667,0.35,0,1
job_t64,job,job,,64,6f,1,Baseline,20,0,0,1,0.53,0.58,0.55,0.784,0.17,0.183671212,1.35172414,0.58,0.0943396226,0.479245283,0.55,0,2
job_t64,job,job,,64,6f,2,Forward-only,20,0,0,1,0.55,0.57,0.559,0.783,0.155,0.177876751,1.37368421,0.57,0.0363636364,0.423636364,0.65,0,2
job_t64,job,job,,64,6f,3,THC,20,0,0,1,0.58,0.77,0.626,1.264,0.1675,0.265733652,1.64155844,0.77,0.327586207,1.17931034,0.15,0.2,0
job_t64,job,job,,64,6f,4,RPT+,20,0,0,1,0.54,0.6,0.56,0.794,0.155,0.179316211,1.32333333,0.6,0.111111111,0.47037037,0.45,0,2
job_t64,job,job,,64,7a,1,Baseline,20,0,0,1,0.33,0.365,0.339,0.402,0.0325,0.0740165618,1.10136986,0.365,0.106060606,0.218181818,0.5,0,1
job_t64,job,job,,64,7a,2,Forward-only,20,0,0,1,0.3,0.32,0.3,0.331,0.0125,0.0453192235,1.034375,0.32,0.0666666667,0.103333333,0.9,0,8
job_t64,job,job,,64,7a,3,THC,20,0,0,1,0.3,0.31,0.3,0.322,0.02,0.0381110148,1.03870968,0.31,0.0333333333,0.0733333333,0.9,0,0
job_t64,job,job,,64,7a,4,RPT+,20,0,0,1,0.3,0.32,0.309,0.34,0.03,0.0416520868,1.0625,0.32,0.0666666667,0.133333333,0.7,0,0
job_t64,job,job,,64,7b,1,Baseline,20,0,0,1,0.32,0.35,0.33,0.387,0.02,0.183118335,1.10571429,0.35,0.09375,0.209375,0.7,0,1
job_t64,job,job,,64,7b,2,Forward-only,20,0,0,1,0.19,0.215,0.209,0.281,0.07,0.148285056,1.30697674,0.215,0.131578947,0.478947368,0.1,0,8
job_t64,job,job,,64,7b,3,THC,20,0,0,1,0.19,0.21,0.19,0.28,0.07,0.15120777,1.33333333,0.21,0.105263158,0.473684211,0.2,0,3
job_t64,job,job,,64,7b,4,RPT+,20,0,0,1,0.2,0.225,0.21,0.3,0.06,0.142475392,1.33333333,0.225,0.125,0.5,0.5,0,3
job_t64,job,job,,64,7c,1,Baseline,20,0,0,1,0.69,0.8,0.718,1.184,0.2175,0.679445268,1.48,0.8,0.15942029,0.715942029,0.35,0.1,10
job_t64,job,job,,64,7c,2,Forward-only,20,0,0,1,0.62,0.76,0.649,0.945,0.1225,0.152608557,1.24342105,0.76,0.225806452,0.524193548,0.3,0,8
job_t64,job,job,,64,7c,3,THC,20,0,0,1,0.62,0.755,0.639,0.938,0.12,0.157325904,1.24238411,0.755,0.217741935,0.512903226,0.3,0,8
job_t64,job,job,,64,7c,4,RPT+,20,0,0,1,0.63,0.75,0.639,0.93,0.1325,0.154363385,1.24,0.75,0.19047619,0.476190476,0.35,0,2
job_t64,job,job,,64,8a,1,Baseline,20,0,0,1,0.28,0.355,0.3,0.37,0.03,0.0786535069,1.04225352,0.355,0.267857143,0.321428571,0.15,0,3
job_t64,job,job,,64,8a,2,Forward-only,20,0,0,1,0.24,0.26,0.24,0.27,0.02,0.0430410557,1.03846154,0.26,0.0833333333,0.125,0.65,0,7
job_t64,job,job,,64,8a,3,THC,20,0,0,1,0.23,0.26,0.24,0.27,0.0125,0.0481840433,1.03846154,0.26,0.130434783,0.173913043,0.4,0,7
job_t64,job,job,,64,8a,4,RPT+,20,0,0,1,0.23,0.27,0.25,0.28,0.015,0.0525622815,1.03703704,0.27,0.173913043,0.217391304,0.25,0,2
job_t64,job,job,,64,8b,1,Baseline,20,0,0,1,0.25,0.345,0.28,0.352,0.02,0.0964719843,1.02028986,0.345,0.38,0.408,0.05,0,3
job_t64,job,job,,64,8b,2,Forward-only,20,0,0,1,0.21,0.24,0.22,0.26,0.0125,0.0607311506,1.08333333,0.24,0.142857143,0.238095238,0.25,0,19
job_t64,job,job,,64,8b,3,THC,20,0,0,1,0.23,0.24,0.23,0.25,0.02,0.033458372,1.04166667,0.24,0.0434782609,0.0869565217,1,0,3
job_t64,job,job,,64,8b,4,RPT+,20,0,0,1,0.23,0.25,0.239,0.26,0.02,0.0390138724,1.04,0.25,0.0869565217,0.130434783,0.65,0,3
job_t64,job,job,,64,8c,1,Baseline,20,0,0,1,0.35,0.435,0.379,1.141,0.1225,0.510101478,2.62298851,0.435,0.242857143,2.26,0.15,0.15,5
job_t64,job,job,,64,8c,2,Forward-only,20,0,0,1,0.35,0.41,0.377,0.521,0.0375,0.129357981,1.27073171,0.41,0.171428571,0.488571429,0.15,0,5
job_t64,job,job,,64,8c,3,THC,20,0,0,1,0.42,0.475,0.45,0.56,0.0525,0.0878155193,1.17894737,0.475,0.130952381,0.333333333,0.45,0,3
job_t64,job,job,,64,8c,4,RPT+,20,0,0,1,0.35,0.47,0.368,0.55,0.0725,0.140571545,1.17021277,0.47,0.342857143,0.571428571,0.15,0,4
job_t64,job,job,,64,8d,1,Baseline,20,0,0,1,0.27,0.375,0.31,1.043,0.0875,0.591709904,2.78133333,0.375,0.388888889,2.86296296,0.05,0.15,3
job_t64,job,job,,64,8d,2,Forward-only,20,0,0,1,0.3,0.36,0.309,0.395,0.06,0.11697359,1.09722222,0.36,0.2,0.316666667,0.35,0,3
job_t64,job,job,,64,8d,3,THC,20,0,0,1,0.29,0.4,0.318,0.443,0.085,0.143636438,1.1075,0.4,0.379310345,0.527586207,0.1,0,3
job_t64,job,job,,64,8d,4,RPT+,20,0,0,1,0.26,0.31,0.26,0.352,0.055,0.124881503,1.13548387,0.31,0.192307692,0.353846154,0.25,0,3
job_t64,job,job,,64,9a,1,Baseline,20,0,0,1,0.3,0.39,0.347,0.501,0.0575,0.172221116,1.28461538,0.39,0.3,0.67,0.1,0.05,3
job_t64,job,job,,64,9a,2,Forward-only,20,0,0,1,0.3,0.325,0.3,0.351,0.0325,0.0591324183,1.08,0.325,0.0833333333,0.17,0.7,0,10
job_t64,job,job,,64,9a,3,THC,20,0,0,1,0.3,0.315,0.3,0.35,0.0225,0.0661832747,1.11111111,0.315,0.05,0.166666667,0.8,0,3
job_t64,job,job,,64,9a,4,RPT+,20,0,0,1,0.26,0.3,0.278,0.331,0.0275,0.0771308091,1.10333333,0.3,0.153846154,0.273076923,0.25,0,1
job_t64,job,job,,64,9b,1,Baseline,20,0,0,1,0.33,0.455,0.368,0.535,0.0575,0.152956072,1.17582418,0.455,0.378787879,0.621212121,0.1,0,4
job_t64,job,job,,64,9b,2,Forward-only,20,0,0,1,0.28,0.29,0.289,0.31,0.01,0.0344528346,1.06896552,0.29,0.0357142857,0.107142857,0.8,0,5
job_t64,job,job,,64,9b,3,THC,20,0,0,1,0.28,0.295,0.28,0.31,0.0125,0.0346872076,1.05084746,0.295,0.0535714286,0.107142857,0.85,0,2
job_t64,job,job,,64,9b,4,RPT+,20,0,0,1,0.28,0.3,0.28,0.32,0.0225,0.0448374986,1.06666667,0.3,0.0714285714,0.142857143,0.65,0,0
job_t64,job,job,,64,9c,1,Baseline,20,0,0,1,0.3,0.405,0.349,0.591,0.11,0.221857931,1.45925926,0.405,0.35,0.97,0.05,0.05,3
job_t64,job,job,,64,9c,2,Forward-only,20,0,0,1,0.3,0.33,0.3,0.37,0.0375,0.0809280102,1.12121212,0.33,0.1,0.233333333,0.55,0,4
job_t64,job,job,,64,9c,3,THC,20,0,0,1,0.29,0.325,0.3,0.37,0.0275,0.0891171719,1.13846154,0.325,0.120689655,0.275862069,0.25,0,4
job_t64,job,job,,64,9c,4,RPT+,20,0,0,1,0.28,0.3,0.28,0.342,0.05,0.0862683783,1.14,0.3,0.0714285714,0.221428571,0.6,0,0
job_t64,job,job,,64,9d,1,Baseline,20,0,0,1,0.4,0.485,0.438,0.655,0.1325,0.187269723,1.35051546,0.485,0.2125,0.6375,0.2,0,5
job_t64,job,job,,64,9d,2,Forward-only,20,0,0,1,0.41,0.485,0.41,0.531,0.075,0.094267845,1.09484536,0.485,0.182926829,0.295121951,0.35,0,4
job_t64,job,job,,64,9d,3,THC,20,0,0,1,0.41,0.49,0.429,0.521,0.0725,0.0823505294,1.06326531,0.49,0.195121951,0.270731707,0.3,0,5
job_t64,job,job,,64,9d,4,RPT+,20,0,0,1,0.35,0.465,0.369,0.521,0.085,0.123583497,1.12043011,0.465,0.328571429,0.488571429,0.2,0,19
job_t64,job,job,,64,10a,1,Baseline,20,0,0,1,0.27,0.33,0.289,0.411,0.0725,0.14546507,1.24545455,0.33,0.222222222,0.522222222,0.25,0,6
job_t64,job,job,,64,10a,2,Forward-only,20,0,0,1,0.24,0.295,0.25,0.33,0.035,0.095363229,1.11864407,0.295,0.229166667,0.375,0.25,0,10
job_t64,job,job,,64,10a,3,THC,20,0,0,1,0.25,0.29,0.26,0.33,0.0425,0.0875445993,1.13793103,0.29,0.16,0.32,0.3,0,6
job_t64,job,job,,64,10a,4,RPT+,20,0,0,1,0.24,0.27,0.25,0.28,0.015,0.0453152897,1.03703704,0.27,0.125,0.166666667,0.4,0,2
job_t64,job,job,,64,10b,1,Baseline,20,0,0,1,0.18,0.295,0.2,0.36,0.085,0.204944581,1.22033898,0.295,0.638888889,1,0.05,0.05,6
job_t64,job,job,,64,10b,2,Forward-only,20,0,0,1,0.22,0.27,0.239,0.311,0.045,0.107482789,1.15185185,0.27,0.227272727,0.413636364,0.2,0,18
job_t64,job,job,,64,10b,3,THC,20,0,0,1,0.22,0.27,0.239,0.321,0.045,0.116553486,1.18888889,0.27,0.227272727,0.459090909,0.25,0,18
job_t64,job,job,,64,10b,4,RPT+,20,0,0,1,0.21,0.24,0.22,0.25,0.02,0.0524789748,1.04166667,0.24,0.142857143,0.19047619,0.45,0,3
job_t64,job,job,,64,10c,1,Baseline,20,0,0,1,0.34,0.38,0.349,0.42,0.04,0.0648854196,1.10526316,0.38,0.117647059,0.235294118,0.4,0,3
job_t64,job,job,,64,10c,2,Forward-only,20,0,0,1,0.33,0.375,0.349,0.401,0.035,0.0642715211,1.06933333,0.375,0.136363636,0.215151515,0.35,0,9
job_t64,job,job,,64,10c,3,THC,20,0,0,1,0.34,0.39,0.36,0.4,0.0125,0.0395411332,1.02564103,0.39,0.147058824,0.176470588,0.25,0,9
job_t64,job,job,,64,10c,4,RPT+,20,0,0,1,0.39,0.425,0.399,0.441,0.0225,0.0409097894,1.03764706,0.425,0.0897435897,0.130769231,0.5,0,3
job_t64,job,job,,64,11a,1,Baseline,20,0,0,1,0.17,0.2,0.18,0.226,0.02,0.15114562,1.13,0.2,0.176470588,0.329411765,0.2,0,4
job_t64,job,job,,64,11a,2,Forward-only,20,0,0,1,0.16,0.18,0.17,0.191,0.0125,0.0558488566,1.06111111,0.18,0.125,0.19375,0.25,0,7
job_t64,job,job,,64,11a,3,THC,20,0,0,1,0.16,0.18,0.17,0.19,0.0025,0.0429114288,1.05555556,0.18,0.125,0.1875,0.25,0,12
job_t64,job,job,,64,11a,4,RPT+,20,0,0,1,0.17,0.19,0.17,0.191,0.02,0.0552401497,1.00526316,0.19,0.117647059,0.123529412,0.45,0,0
job_t64,job,job,,64,11b,1,Baseline,20,0,0,1,0.17,0.195,0.179,0.215,0.0125,0.130942856,1.1025641,0.195,0.147058824,0.264705882,0.25,0,4
job_t64,job,job,,64,11b,2,Forward-only,20,0,0,1,0.16,0.17,0.169,0.19,0.01,0.0586518324,1.11764706,0.17,0.0625,0.1875,0.7,0,7
job_t64,job,job,,64,11b,3,THC,20,0,0,1,0.16,0.175,0.16,0.181,0.01,0.049546179,1.03428571,0.175,0.09375,0.13125,0.5,0,7
job_t64,job,job,,64,11b,4,RPT+,20,0,0,1,0.17,0.18,0.17,0.19,0.02,0.0481660626,1.05555556,0.18,0.0588235294,0.117647059,0.65,0,0
job_t64,job,job,,64,11c,1,Baseline,20,0,0,1,0.17,0.225,0.189,1.082,0.7425,0.83572822,4.80888889,0.225,0.323529412,5.36470588,0.1,0.35,0
job_t64,job,job,,64,11c,2,Forward-only,20,0,0,1,0.16,0.185,0.17,0.2,0.02,0.0716263729,1.08108108,0.185,0.15625,0.25,0.35,0,12
job_t64,job,job,,64,11c,3,THC,20,0,0,1,0.17,0.18,0.17,0.191,0.02,0.0521214427,1.06111111,0.18,0.0588235294,0.123529412,0.7,0,3
job_t64,job,job,,64,11c,4,RPT+,20,0,0,1,0.16,0.19,0.17,0.19,0.01,0.0498968906,1,0.19,0.1875,0.1875,0.15,0,3
job_t64,job,job,,64,11d,1,Baseline,20,0,0,1,0.17,0.225,0.199,1.699,0.9025,0.986144149,7.55111111,0.225,0.323529412,8.99411765,0.05,0.35,0
job_t64,job,job,,64,11d,2,Forward-only,20,0,0,1,0.17,0.2,0.18,0.22,0.02,0.0670820393,1.1,0.2,0.176470588,0.294117647,0.15,0,12
job_t64,job,job,,64,11d,3,THC,20,0,0,1,0.18,0.2,0.189,0.21,0.01,0.0449322515,1.05,0.2,0.111111111,0.166666667,0.35,0,12
job_t64,job,job,,64,11d,4,RPT+,20,0,0,1,0.17,0.2,0.189,0.21,0.0125,0.0558149114,1.05,0.2,0.176470588,0.235294118,0.1,0,3
job_t64,job,job,,64,12a,1,Baseline,20,0,0,1,0.21,0.27,0.219,0.521,0.255,0.380175045,1.92962963,0.27,0.285714286,1.48095238,0.25,0.4,0
job_t64,job,job,,64,12a,2,Forward-only,20,0,0,1,0.19,0.23,0.199,0.26,0.03,0.0932358739,1.13043478,0.23,0.210526316,0.368421053,0.15,0,10
job_t64,job,job,,64,12a,3,THC,20,0,0,1,0.19,0.215,0.2,0.24,0.03,0.0794684415,1.11627907,0.215,0.131578947,0.263157895,0.3,0,16
job_t64,job,job,,64,12a,4,RPT+,20,0,0,1,0.18,0.225,0.199,0.24,0.03,0.0815847776,1.06666667,0.225,0.25,0.333333333,0.1,0,3
job_t64,job,job,,64,12b,1,Baseline,20,0,0,1,0.21,0.255,0.219,0.521,0.0775,1.08691174,2.04313725,0.255,0.214285714,1.48095238,0.35,0.2,3
job_t64,job,job,,64,12b,2,Forward-only,20,0,0,1,0.17,0.205,0.18,0.23,0.0125,0.0839524925,1.12195122,0.205,0.205882353,0.352941176,0.15,0,12
job_t64,job,job,,64,12b,3,THC,20,0,0,1,0.18,0.2,0.18,0.221,0.02,0.0804444917,1.105,0.2,0.111111111,0.227777778,0.45,0,0
job_t64,job,job,,64,12b,4,RPT+,20,0,0,1,0.17,0.2,0.179,0.22,0.025,0.0839052915,1.1,0.2,0.176470588,0.294117647,0.25,0,1
job_t64,job,job,,64,12c,1,Baseline,20,0,0,1,0.23,0.3,0.249,0.534,0.2425,0.341151984,1.78,0.3,0.304347826,1.32173913,0.2,0.4,0
job_t64,job,job,,64,12c,2,Forward-only,20,0,0,1,0.2,0.23,0.22,0.26,0.02,0.0694199789,1.13043478,0.23,0.15,0.3,0.3,0,12
job_t64,job,job,,64,12c,3,THC,20,0,0,1,0.21,0.225,0.219,0.26,0.02,0.0705906295,1.15555556,0.225,0.0714285714,0.238095238,0.7,0,0
job_t64,job,job,,64,12c,4,RPT+,20,0,0,1,0.2,0.22,0.2,0.24,0.02,0.0570566525,1.09090909,0.22,0.1,0.2,0.6,0,0
job_t64,job,job,,64,13a,1,Baseline,20,0,0,1,0.3,0.605,0.399,1.332,0.31,0.469545765,2.20165289,0.605,1.01666667,3.44,0.05,0.5,0
job_t64,job,job,,64,13a,2,Forward-only,20,0,0,1,0.23,0.28,0.239,0.31,0.0425,0.111567281,1.10714286,0.28,0.217391304,0.347826087,0.35,0,11
job_t64,job,job,,64,13a,3,THC,20,0,0,1,0.23,0.28,0.24,0.321,0.0625,0.115394152,1.14642857,0.28,0.217391304,0.395652174,0.25,0,11
job_t64,job,job,,64,13a,4,RPT+,20,0,0,1,0.25,0.29,0.25,0.31,0.0325,0.0741268777,1.06896552,0.29,0.16,0.24,0.35,0,3
job_t64,job,job,,64,13b,1,Baseline,20,0,0,1,0.22,0.305,0.229,0.824,0.2525,1.10919406,2.70163934,0.305,0.386363636,2.74545455,0.2,0.3,3
job_t64,job,job,,64,13b,2,Forward-only,20,0,0,1,0.18,0.195,0.189,0.22,0.0125,0.0726473985,1.12820513,0.195,0.0833333333,0.222222222,0.5,0,4
job_t64,job,job,,64,13b,3,THC,20,0,0,1,0.18,0.2,0.18,0.21,0.0125,0.0558375635,1.05,0.2,0.111111111,0.166666667,0.45,0,0
job_t64,job,job,,64,13b,4,RPT+,20,0,0,1,0.18,0.2,0.18,0.2,0.01,0.0412371134,1,0.2,0.111111111,0.111111111,0.4,0,0
job_t64,job,job,,64,13c,1,Baseline,20,0,0,1,0.2,0.29,0.219,0.833,0.265,1.1121025,2.87241379,0.29,0.45,3.165,0.2,0.3,4
job_t64,job,job,,64,13c,2,Forward-only,20,0,0,1,0.16,0.19,0.17,0.2,0.0225,0.076348691,1.05263158,0.19,0.1875,0.25,0.25,0,16
job_t64,job,job,,64,13c,3,THC,20,0,0,1,0.17,0.18,0.17,0.191,0.01,0.0491803279,1.06111111,0.18,0.0588235294,0.123529412,0.6,0,0
job_t64,job,job,,64,13c,4,RPT+,20,0,0,1,0.17,0.185,0.17,0.19,0.02,0.0501195741,1.02702703,0.185,0.0882352941,0.117647059,0.5,0,0
job_t64,job,job,,64,13d,1,Baseline,20,0,0,1,0.33,0.575,0.397,1.131,0.2525,0.920983415,1.96695652,0.575,0.742424242,2.42727273,0.05,0.35,0
job_t64,job,job,,64,13d,2,Forward-only,20,0,0,1,0.34,0.4,0.359,0.502,0.065,0.129168419,1.255,0.4,0.176470588,0.476470588,0.25,0,11
job_t64,job,job,,64,13d,3,THC,20,0,0,1,0.34,0.41,0.369,0.524,0.095,0.148165369,1.27804878,0.41,0.205882353,0.541176471,0.2,0,9
job_t64,job,job,,64,13d,4,RPT+,20,0,0,1,0.37,0.45,0.399,0.52,0.07,0.104448476,1.15555556,0.45,0.216216216,0.405405405,0.15,0,2
job_t64,job,job,,64,14a,1,Baseline,20,0,0,1,0.26,0.56,0.269,0.623,0.1775,0.296120566,1.1125,0.56,1.15384615,1.39615385,0.2,0.7,1
job_t64,job,job,,64,14a,2,Forward-only,20,0,0,1,0.19,0.2,0.19,0.21,0.01,0.0465220832,1.05,0.2,0.0526315789,0.105263158,0.65,0,9
job_t64,job,job,,64,14a,3,THC,20,0,0,1,0.19,0.2,0.19,0.21,0.0025,0.0387298335,1.05,0.2,0.0526315789,0.105263158,0.8,0,0
job_t64,job,job,,64,14a,4,RPT+,20,0,0,1,0.18,0.2,0.18,0.21,0.02,0.0613394755,1.05,0.2,0.111111111,0.166666667,0.35,0,0
job_t64,job,job,,64,14b,1,Baseline,20,0,0,1,0.22,0.52,0.239,0.59,0.2325,0.30244889,1.13461538,0.52,1.36363636,1.68181818,0.2,0.7,4
job_t64,job,job,,64,14b,2,Forward-only,20,0,0,1,0.16,0.18,0.17,0.21,0.0225,0.081340378,1.16666667,0.18,0.125,0.3125,0.35,0,9
job_t64,job,job,,64,14b,3,THC,20,0,0,1,0.17,0.18,0.18,0.2,0.0025,0.0431688815,1.11111111,0.18,0.0588235294,0.176470588,0.75,0,2
job_t64,job,job,,64,14b,4,RPT+,20,0,0,1,0.16,0.185,0.169,0.191,0.02,0.0658281165,1.03243243,0.185,0.15625,0.19375,0.35,0,0
job_t64,job,job,,64,14c,1,Baseline,20,0,0,1,0.3,0.58,0.31,0.653,0.2775,0.267882954,1.12586207,0.58,0.933333333,1.17666667,0.25,0.3,1
job_t64,job,job,,64,14c,2,Forward-only,20,0,0,1,0.2,0.22,0.21,0.25,0.0225,0.0736790845,1.13636364,0.22,0.1,0.25,0.7,0,12
job_t64,job,job,,64,14c,3,THC,20,0,0,1,0.2,0.21,0.21,0.24,0.01,0.0601530409,1.14285714,0.21,0.05,0.2,0.8,0,1
job_t64,job,job,,64,14c,4,RPT+,20,0,0,1,0.19,0.21,0.19,0.22,0.02,0.0585460312,1.04761905,0.21,0.105263158,0.157894737,0.4,0,0
job_t64,job,job,,64,15a,1,Baseline,20,0,0,1,0.33,0.53,0.349,0.551,0.1825,0.189494706,1.03962264,0.53,0.606060606,0.66969697,0.3,0,6
job_t64,job,job,,64,15a,2,Forward-only,20,0,0,1,0.32,0.35,0.329,0.36,0.015,0.0392042196,1.02857143,0.35,0.09375,0.125,0.75,0,11
job_t64,job,job,,64,15a,3,THC,20,0,0,1,0.31,0.35,0.329,0.36,0.0125,0.0381244806,1.02857143,0.35,0.129032258,0.161290323,0.45,0,18
job_t64,job,job,,64,15a,4,RPT+,20,0,0,1,0.33,0.34,0.33,0.361,0.02,0.0369929374,1.06176471,0.34,0.0303030303,0.0939393939,0.9,0,0
job_t64,job,job,,64,15b,1,Baseline,20,0,0,1,0.31,0.515,0.329,0.534,0.175,0.197806791,1.0368932,0.515,0.661290323,0.722580645,0.25,0,1
job_t64,job,job,,64,15b,2,Forward-only,20,0,0,1,0.3,0.33,0.319,0.34,0.02,0.0363707858,1.03030303,0.33,0.1,0.133333333,0.65,0,18
job_t64,job,job,,64,15b,3,THC,20,0,0,1,0.31,0.33,0.319,0.34,0.0125,0.0313891163,1.03030303,0.33,0.064516129,0.0967741935,0.95,0,11
job_t64,job,job,,64,15b,4,RPT+,20,0,0,1,0.3,0.335,0.319,0.34,0.02,0.0389544694,1.01492537,0.335,0.116666667,0.133333333,0.5,0,0
job_t64,job,job,,64,15c,1,Baseline,20,0,0,1,0.32,0.53,0.33,0.56,0.175,0.206883976,1.05660377,0.53,0.65625,0.75,0.25,0,1
job_t64,job,job,,64,15c,2,Forward-only,20,0,0,1,0.32,0.345,0.33,0.372,0.03,0.0564240505,1.07826087,0.345,0.078125,0.1625,0.55,0,18
job_t64,job,job,,64,15c,3,THC,20,0,0,1,0.31,0.34,0.33,0.37,0.03,0.0489826909,1.08823529,0.34,0.0967741935,0.193548387,0.55,0,1
job_t64,job,job,,64,15c,4,RPT+,20,0,0,1,0.31,0.33,0.31,0.34,0.02,0.0358353378,1.03030303,0.33,0.064516129,0.0967741935,1,0,0
job_t64,job,job,,64,15d,1,Baseline,20,0,0,1,0.23,0.28,0.249,0.31,0.03,0.0803815454,1.10714286,0.28,0.217391304,0.347826087,0.15,0,1
job_t64,job,job,,64,15d,2,Forward-only,20,0,0,1,0.24,0.26,0.24,0.281,0.02,0.0592322791,1.08076923,0.26,0.0833333333,0.170833333,0.6,0,8
job_t64,job,job,,64,15d,3,THC,20,0,0,1,0.23,0.26,0.24,0.28,0.02,0.0577713462,1.07692308,0.26,0.130434783,0.217391304,0.4,0,1
job_t64,job,job,,64,15d,4,RPT+,20,0,0,1,0.22,0.24,0.22,0.25,0.02,0.0464539199,1.04166667,0.24,0.0909090909,0.136363636,0.7,0,2
job_t64,job,job,,64,16a,1,Baseline,20,0,0,1,0.38,0.47,0.39,9.356,3.16,1.42741946,19.906383,0.47,0.236842105,23.6210526,0.3,0.45,7
job_t64,job,job,,64,16a,2,Forward-only,20,0,0,1,0.31,0.345,0.32,0.37,0.04,0.0598570166,1.07246377,0.345,0.112903226,0.193548387,0.5,0,17
job_t64,job,job,,64,16a,3,THC,20,0,0,1,0.3,0.34,0.319,0.37,0.04,0.0600278284,1.08823529,0.34,0.133333333,0.233333333,0.35,0,2
job_t64,job,job,,64,16a,4,RPT+,20,0,0,1,0.29,0.31,0.29,0.32,0.02,0.0351794504,1.03225806,0.31,0.0689655172,0.103448276,0.85,0,0
job_t64,job,job,,64,16b,1,Baseline,20,0,0,1,1.18,4.445,1.51,20.304,6.7125,1.10589136,4.56782902,4.445,2.76694915,16.2067797,0.1,0.65,0
job_t64,job,job,,64,16b,2,Forward-only,20,0,0,1,0.41,0.55,0.438,1.317,0.6575,0.478490246,2.39454545,0.55,0.341463415,2.21219512,0.15,0.35,13
job_t64,job,job,,64,16b,3,THC,20,0,0,1,0.44,0.565,0.495,1.35,0.73,0.460955771,2.38938053,0.565,0.284090909,2.06818182,0.1,0.35,18
job_t64,job,job,,64,16b,4,RPT+,20,0,0,1,0.39,0.595,0.454,1.277,0.605,0.458001412,2.14621849,0.595,0.525641026,2.27435897,0.1,0.35,13
job_t64,job,job,,64,16c,1,Baseline,20,0,0,1,0.6,1.225,0.729,9.694,2.79,1.36810559,7.91346939,1.225,1.04166667,15.1566667,0.05,0.5,3
job_t64,job,job,,64,16c,2,Forward-only,20,0,0,1,0.39,0.435,0.4,0.58,0.1025,0.382611601,1.33333333,0.435,0.115384615,0.487179487,0.4,0.05,13
job_t64,job,job,,64,16c,3,THC,20,0,0,1,0.4,0.435,0.409,0.582,0.125,0.376010017,1.33793103,0.435,0.0875,0.455,0.55,0.05,4
job_t64,job,job,,64,16c,4,RPT+,20,0,0,1,0.38,0.45,0.39,0.592,0.14,0.364867885,1.31555556,0.45,0.184210526,0.557894737,0.35,0.05,4
job_t64,job,job,,64,16d,1,Baseline,20,0,0,1,0.56,1.11,0.667,9.568,2.8225,1.35852338,8.61981982,1.11,0.982142857,16.0857143,0.05,0.5,3
job_t64,job,job,,64,16d,2,Forward-only,20,0,0,1,0.39,0.425,0.39,0.563,0.1025,0.396585685,1.32470588,0.425,0.0897435897,0.443589744,0.5,0.05,4
job_t64,job,job,,64,16d,3,THC,20,0,0,1,0.39,0.425,0.4,0.562,0.1075,0.383900899,1.32235294,0.425,0.0897435897,0.441025641,0.5,0.05,4
job_t64,job,job,,64,16d,4,RPT+,20,0,0,1,0.37,0.445,0.38,0.584,0.1425,0.375856921,1.31235955,0.445,0.202702703,0.578378378,0.35,0.05,3
job_t64,job,job,,64,17a,1,Baseline,20,0,0,1,0.46,2.025,0.524,4.504,2.4475,1.3428016,2.22419753,2.025,3.40217391,8.79130435,0.1,0.6,14
job_t64,job,job,,64,17a,2,Forward-only,20,0,0,1,0.32,0.39,0.329,0.461,0.0725,0.145604289,1.18205128,0.39,0.21875,0.440625,0.3,0,6
job_t64,job,job,,64,17a,3,THC,20,0,0,1,0.33,0.4,0.33,0.472,0.0725,0.146700226,1.18,0.4,0.212121212,0.43030303,0.35,0,2
job_t64,job,job,,64,17a,4,RPT+,20,0,0,1,0.31,0.42,0.339,0.49,0.03,0.12993604,1.16666667,0.42,0.35483871,0.580645161,0.15,0,6
job_t64,job,job,,64,17b,1,Baseline,20,0,0,1,0.36,0.81,0.608,2.945,1.3975,0.924736052,3.63580247,0.81,1.25,7.18055556,0.05,0.55,18
job_t64,job,job,,64,17b,2,Forward-only,20,0,0,1,0.27,0.3,0.279,0.415,0.1,0.456688939,1.38333333,0.3,0.111111111,0.537037037,0.3,0.05,10
job_t64,job,job,,64,17b,3,THC,20,0,0,1,0.27,0.31,0.28,0.423,0.1025,0.43243395,1.36451613,0.31,0.148148148,0.566666667,0.35,0.05,10
job_t64,job,job,,64,17b,4,RPT+,20,0,0,1,0.31,0.355,0.31,0.433,0.0825,0.423300014,1.21971831,0.355,0.14516129,0.396774194,0.35,0.05,6
job_t64,job,job,,64,17c,1,Baseline,20,0,0,1,0.33,0.575,0.33,2.924,1.6775,1.10304074,5.08521739,0.575,0.742424242,7.86060606,0.25,0.5,2
job_t64,job,job,,64,17c,2,Forward-only,20,0,0,1,0.27,0.28,0.27,0.3,0.0125,0.0407599891,1.07142857,0.28,0.037037037,0.111111111,0.8,0,10
job_t64,job,job,,64,17c,3,THC,20,0,0,1,0.26,0.28,0.269,0.29,0.0125,0.0363970107,1.03571429,0.28,0.0769230769,0.115384615,0.75,0,1
job_t64,job,job,,64,17c,4,RPT+,20,0,0,1,0.24,0.27,0.25,0.28,0.03,0.0525622815,1.03703704,0.27,0.125,0.166666667,0.4,0,1
job_t64,job,job,,64,17d,1,Baseline,20,0,0,1,0.37,0.655,0.38,3.293,2.535,1.00421241,5.02748092,0.655,0.77027027,7.9,0.25,0.45,2
job_t64,job,job,,64,17d,2,Forward-only,20,0,0,1,0.31,0.32,0.31,0.331,0.0125,0.0295337214,1.034375,0.32,0.0322580645,0.0677419355,1,0,7
job_t64,job,job,,64,17d,3,THC,20,0,0,1,0.31,0.32,0.31,0.33,0.0125,0.0258773329,1.03125,0.32,0.0322580645,0.064516129,1,0,0
job_t64,job,job,,64,17d,4,RPT+,20,0,0,1,0.28,0.315,0.289,0.33,0.03,0.0559599238,1.04761905,0.315,0.125,0.178571429,0.35,0,2
job_t64,job,job,,64,17e,1,Baseline,20,0,0,1,0.72,2.99,0.903,6.992,3.61,1.0175554,2.33846154,2.99,3.15277778,8.71111111,0.05,0.65,0
job_t64,job,job,,64,17e,2,Forward-only,20,0,0,1,0.38,0.43,0.38,0.574,0.05,0.167081773,1.33488372,0.43,0.131578947,0.510526316,0.35,0,6
job_t64,job,job,,64,17e,3,THC,20,0,0,1,0.4,0.455,0.419,0.614,0.0725,0.20597146,1.34945055,0.455,0.1375,0.535,0.35,0.05,11
job_t64,job,job,,64,17e,4,RPT+,20,0,0,1,0.36,0.44,0.389,0.546,0.0825,0.149816651,1.24090909,0.44,0.222222222,0.516666667,0.15,0,6
job_t64,job,job,,64,17f,1,Baseline,20,0,0,1,0.63,2.29,0.95,5.203,1.585,0.591412925,2.2720524,2.29,2.63492063,7.25873016,0.05,0.85,18
job_t64,job,job,,64,17f,2,Forward-only,20,0,0,1,0.36,0.455,0.39,0.51,0.085,0.125016899,1.12087912,0.455,0.263888889,0.416666667,0.15,0,8
job_t64,job,job,,64,17f,3,THC,20,0,0,1,0.38,0.465,0.38,0.512,0.075,0.125632122,1.10107527,0.465,0.223684211,0.347368421,0.35,0,2
job_t64,job,job,,64,17f,4,RPT+,20,0,0,1,0.36,0.48,0.36,0.541,0.0975,0.151149269,1.12708333,0.48,0.333333333,0.502777778,0.25,0,2
job_t64,job,job,,64,18a,1,Baseline,20,0,0,1,0.37,0.405,0.388,1.137,0.0725,0.54325031,2.80740741,0.405,0.0945945946,2.07297297,0.5,0.2,2
job_t64,job,job,,64,18a,2,Forward-only,20,0,0,1,0.36,0.375,0.36,0.39,0.01,0.0285968141,1.04,0.375,0.0416666667,0.0833333333,0.95,0,5
job_t64,job,job,,64,18a,3,THC,20,0,0,1,0.35,0.37,0.36,0.39,0.01,0.0284293984,1.05405405,0.37,0.0571428571,0.114285714,0.85,0,6
job_t64,job,job,,64,18a,4,RPT+,20,0,0,1,0.33,0.37,0.349,0.38,0.03,0.0437362121,1.02702703,0.37,0.121212121,0.151515152,0.45,0,4
job_t64,job,job,,64,18b,1,Baseline,20,0,0,1,0.33,0.51,0.349,0.551,0.1325,0.164807886,1.08039216,0.51,0.545454545,0.66969697,0.15,0,6
job_t64,job,job,,64,18b,2,Forward-only,20,0,0,1,0.3,0.33,0.309,0.351,0.01,0.0527767512,1.06363636,0.33,0.1,0.17,0.8,0,6
job_t64,job,job,,64,18b,3,THC,20,0,0,1,0.3,0.32,0.31,0.35,0.0125,0.0429668924,1.09375,0.32,0.0666666667,0.166666667,0.8,0,4
job_t64,job,job,,64,18b,4,RPT+,20,0,0,1,0.31,0.33,0.31,0.34,0.0225,0.0363129727,1.03030303,0.33,0.064516129,0.0967741935,1,0,0
job_t64,job,job,,64,18c,1,Baseline,20,0,0,1,0.4,0.68,0.41,0.71,0.2625,0.22774603,1.04411765,0.68,0.7,0.775,0.3,0,2
job_t64,job,job,,64,18c,2,Forward-only,20,0,0,1,0.37,0.39,0.37,0.401,0.0225,0.0341733315,1.02820513,0.39,0.0540540541,0.0837837838,0.9,0,6
job_t64,job,job,,64,18c,3,THC,20,0,0,1,0.37,0.38,0.37,0.4,0.01,0.0265573933,1.05263158,0.38,0.027027027,0.0810810811,1,0,1
job_t64,job,job,,64,18c,4,RPT+,20,0,0,1,0.35,0.38,0.359,0.39,0.02,0.0350581684,1.02631579,0.38,0.0857142857,0.114285714,0.8,0,3
job_t64,job,job,,64,19a,1,Baseline,20,0,0,1,0.44,0.6,0.479,0.77,0.1225,0.169434416,1.28333333,0.6,0.363636364,0.75,0.15,0,5
job_t64,job,job,,64,19a,2,Forward-only,20,0,0,1,0.38,0.42,0.4,0.45,0.03,0.0476124134,1.07142857,0.42,0.105263158,0.184210526,0.45,0,16
job_t64,job,job,,64,19a,3,THC,20,0,0,1,0.38,0.415,0.4,0.441,0.0225,0.0431949045,1.0626506,0.415,0.0921052632,0.160526316,0.5,0,16
job_t64,job,job,,64,19a,4,RPT+,20,0,0,1,0.37,0.4,0.379,0.421,0.02,0.0485484347,1.0525,0.4,0.0810810811,0.137837838,0.6,0,5
job_t64,job,job,,64,19b,1,Baseline,20,0,0,1,0.39,0.68,0.514,0.742,0.065,0.148378238,1.09117647,0.68,0.743589744,0.902564103,0.05,0.05,5
job_t64,job,job,,64,19b,2,Forward-only,20,0,0,1,0.33,0.36,0.339,0.37,0.03,0.0401203844,1.02777778,0.36,0.0909090909,0.121212121,0.6,0,4
job_t64,job,job,,64,19b,3,THC,20,0,0,1,0.34,0.36,0.34,0.37,0.02,0.0300847196,1.02777778,0.36,0.0588235294,0.0882352941,1,0,1
job_t64,job,job,,64,19b,4,RPT+,20,0,0,1,0.33,0.37,0.34,0.38,0.03,0.0437884491,1.02702703,0.37,0.121212121,0.151515152,0.4,0,6
job_t64,job,job,,64,19c,1,Baseline,20,0,0,1,0.43,0.605,0.479,0.731,0.1125,0.183049697,1.20826446,0.605,0.406976744,0.7,0.1,0.05,5
job_t64,job,job,,64,19c,2,Forward-only,20,0,0,1,0.39,0.425,0.4,0.46,0.025,0.047654388,1.08235294,0.425,0.0897435897,0.179487179,0.5,0,19
job_t64,job,job,,64,19c,3,THC,20,0,0,1,0.39,0.43,0.399,0.441,0.0225,0.0458710376,1.0255814,0.43,0.102564103,0.130769231,0.45,0,0
job_t64,job,job,,64,19c,4,RPT+,20,0,0,1,0.38,0.4,0.38,0.412,0.02,0.0360519509,1.03,0.4,0.0526315789,0.0842105263,0.9,0,0
job_t64,job,job,,64,19d,1,Baseline,20,0,0,1,0.46,0.705,0.496,2.525,0.415,0.757268183,3.58156028,0.705,0.532608696,4.48913043,0.15,0.35,1
job_t64,job,job,,64,19d,2,Forward-only,20,0,0,1,0.43,0.52,0.449,0.83,0.21,0.30582843,1.59615385,0.52,0.209302326,0.930232558,0.2,0.1,4
job_t64,job,job,,64,19d,3,THC,20,0,0,1,0.44,0.58,0.469,0.833,0.2475,0.302233944,1.4362069,0.58,0.318181818,0.893181818,0.2,0.1,16
job_t64,job,job,,64,19d,4,RPT+,20,0,0,1,0.38,0.5,0.428,0.801,0.165,0.320110222,1.602,0.5,0.315789474,1.10789474,0.1,0.15,4
job_t64,job,job,,64,20a,1,Baseline,20,0,0,1,0.28,0.55,0.358,2.567,0.6825,0.88535978,4.66727273,0.55,0.964285714,8.16785714,0.05,0.5,0
job_t64,job,job,,64,20a,2,Forward-only,20,0,0,1,0.28,0.335,0.309,0.36,0.03,0.064502623,1.07462687,0.335,0.196428571,0.285714286,0.1,0,10
job_t64,job,job,,64,20a,3,THC,20,0,0,1,0.29,0.33,0.317,0.37,0.03,0.0665421015,1.12121212,0.33,0.137931034,0.275862069,0.1,0,0
job_t64,job,job,,64,20a,4,RPT+,20,0,0,1,0.29,0.32,0.309,0.34,0.0125,0.0435900891,1.0625,0.32,0.103448276,0.172413793,0.45,0,2
job_t64,job,job,,64,20b,1,Baseline,20,0,0,1,0.24,0.31,0.25,0.639,0.235,0.587282017,2.06129032,0.31,0.291666667,1.6625,0.25,0.3,1
job_t64,job,job,,64,20b,2,Forward-only,20,0,0,1,0.24,0.26,0.249,0.281,0.0225,0.0649084488,1.08076923,0.26,0.0833333333,0.170833333,0.55,0,6
job_t64,job,job,,64,20b,3,THC,20,0,0,1,0.23,0.265,0.24,0.28,0.03,0.0701982784,1.05660377,0.265,0.152173913,0.217391304,0.35,0,19
job_t64,job,job,,64,20b,4,RPT+,20,0,0,1,0.22,0.26,0.229,0.27,0.0225,0.062462615,1.03846154,0.26,0.181818182,0.227272727,0.3,0,1
job_t64,job,job,,64,20c,1,Baseline,20,0,0,1,0.38,0.625,0.447,1.511,0.4,0.545885535,2.4176,0.625,0.644736842,2.97631579,0.05,0.35,0
job_t64,job,job,,64,20c,2,Forward-only,20,0,0,1,0.35,0.405,0.36,0.431,0.0425,0.0697475386,1.06419753,0.405,0.157142857,0.231428571,0.25,0,10
job_t64,job,job,,64,20c,3,THC,20,0,0,1,0.34,0.4,0.359,0.45,0.035,0.0760087314,1.125,0.4,0.176470588,0.323529412,0.15,0,1
job_t64,job,job,,64,20c,4,RPT+,20,0,0,1,0.34,0.44,0.35,0.481,0.045,0.11768663,1.09318182,0.44,0.294117647,0.414705882,0.2,0,1
job_t64,job,job,,64,21a,1,Baseline,20,0,0,1,0.24,0.27,0.24,0.511,0.08,0.335185754,1.89259259,0.27,0.125,1.12916667,0.45,0.2,2
job_t64,job,job,,64,21a,2,Forward-only,20,0,0,1,0.23,0.25,0.239,0.261,0.0125,0.0452619845,1.044,0.25,0.0869565217,0.134782609,0.75,0,7
job_t64,job,job,,64,21a,3,THC,20,0,0,1,0.23,0.25,0.239,0.251,0.01,0.0325203252,1.004,0.25,0.0869565217,0.0913043478,0.9,0,7
job_t64,job,job,,64,21a,4,RPT+,20,0,0,1,0.23,0.25,0.23,0.27,0.02,0.0514448804,1.08,0.25,0.0869565217,0.173913043,0.65,0,0
job_t64,job,job,,64,21b,1,Baseline,20,0,0,1,0.23,0.26,0.24,0.5,0.085,0.326554386,1.92307692,0.26,0.130434783,1.17391304,0.4,0.25,2
job_t64,job,job,,64,21b,2,Forward-only,20,0,0,1,0.22,0.24,0.23,0.26,0.0125,0.0485740989,1.08333333,0.24,0.0909090909,0.181818182,0.65,0,17
job_t64,job,job,,64,21b,3,THC,20,0,0,1,0.22,0.24,0.23,0.25,0.01,0.0388483375,1.04166667,0.24,0.0909090909,0.136363636,0.55,0,17
job_t64,job,job,,64,21b,4,RPT+,20,0,0,1,0.23,0.24,0.23,0.26,0.0125,0.0437706339,1.08333333,0.24,0.0434782609,0.130434783,0.75,0,2
job_t64,job,job,,64,21c,1,Baseline,20,0,0,1,0.24,0.27,0.25,0.521,0.155,0.32567902,1.92962963,0.27,0.125,1.17083333,0.25,0.25,2
job_t64,job,job,,64,21c,2,Forward-only,20,0,0,1,0.22,0.255,0.24,0.28,0.02,0.0612497487,1.09803922,0.255,0.159090909,0.272727273,0.15,0,17
job_t64,job,job,,64,21c,3,THC,20,0,0,1,0.23,0.25,0.24,0.27,0.02,0.0485699831,1.08,0.25,0.0869565217,0.173913043,0.55,0,17
job_t64,job,job,,64,21c,4,RPT+,20,0,0,1,0.24,0.255,0.249,0.27,0.0125,0.0409947617,1.05882353,0.255,0.0625,0.125,0.75,0,7
job_t64,job,job,,64,22a,1,Baseline,20,0,0,1,0.31,0.6,0.359,0.717,0.15,1.06554777,1.195,0.6,0.935483871,1.31290323,0.05,0.25,2
job_t64,job,job,,64,22a,2,Forward-only,20,0,0,1,0.24,0.27,0.25,0.3,0.0225,0.0701510017,1.11111111,0.27,0.125,0.25,0.4,0,7
job_t64,job,job,,64,22a,3,THC,20,0,0,1,0.24,0.27,0.25,0.29,0.02,0.0549348036,1.07407407,0.27,0.125,0.208333333,0.4,0,7
job_t64,job,job,,64,22a,4,RPT+,20,0,0,1,0.23,0.255,0.24,0.27,0.01,0.0438444701,1.05882353,0.255,0.108695652,0.173913043,0.5,0,6
job_t64,job,job,,64,22b,1,Baseline,20,0,0,1,0.29,0.585,0.309,0.689,0.27,1.1307497,1.17777778,0.585,1.01724138,1.37586207,0.15,0.5,2
job_t64,job,job,,64,22b,2,Forward-only,20,0,0,1,0.24,0.26,0.24,0.29,0.03,0.0680292693,1.11538462,0.26,0.0833333333,0.208333333,0.55,0,7
job_t64,job,job,,64,22b,3,THC,20,0,0,1,0.23,0.26,0.24,0.272,0.0225,0.0615014046,1.04615385,0.26,0.130434783,0.182608696,0.4,0,17
job_t64,job,job,,64,22b,4,RPT+,20,0,0,1,0.23,0.255,0.24,0.28,0.02,0.0562317199,1.09803922,0.255,0.108695652,0.217391304,0.5,0,0
job_t64,job,job,,64,22c,1,Baseline,20,0,0,1,0.4,0.64,0.456,1.439,0.245,1.06495344,2.2484375,0.64,0.6,2.5975,0.1,0.25,19
job_t64,job,job,,64,22c,2,Forward-only,20,0,0,1,0.26,0.28,0.27,0.301,0.0225,0.0581863998,1.075,0.28,0.0769230769,0.157692308,0.55,0,17
job_t64,job,job,,64,22c,3,THC,20,0,0,1,0.26,0.28,0.269,0.301,0.02,0.0502258584,1.075,0.28,0.0769230769,0.157692308,0.55,0,7
job_t64,job,job,,64,22c,4,RPT+,20,0,0,1,0.24,0.27,0.25,0.28,0.01,0.0385489444,1.03703704,0.27,0.125,0.166666667,0.4,0,6
job_t64,job,job,,64,22d,1,Baseline,20,0,0,1,0.39,0.75,0.61,2.528,0.8675,1.53811931,3.37066667,0.75,0.923076923,5.48205128,0.05,0.5,19
job_t64,job,job,,64,22d,2,Forward-only,20,0,0,1,0.24,0.29,0.25,0.301,0.04,0.0804404396,1.03793103,0.29,0.208333333,0.254166667,0.3,0,14
job_t64,job,job,,64,22d,3,THC,20,0,0,1,0.25,0.28,0.26,0.301,0.0325,0.0638196953,1.075,0.28,0.12,0.204,0.4,0,14
job_t64,job,job,,64,22d,4,RPT+,20,0,0,1,0.24,0.26,0.249,0.29,0.03,0.0624315799,1.11538462,0.26,0.0833333333,0.208333333,0.55,0,3
job_t64,job,job,,64,23a,1,Baseline,20,0,0,1,0.3,0.505,0.31,0.531,0.17,0.217410709,1.05148515,0.505,0.683333333,0.77,0.2,0,1
job_t64,job,job,,64,23a,2,Forward-only,20,0,0,1,0.3,0.33,0.309,0.341,0.0225,0.051263164,1.03333333,0.33,0.1,0.136666667,0.7,0,9
job_t64,job,job,,64,23a,3,THC,20,0,0,1,0.3,0.33,0.31,0.341,0.01,0.0422638378,1.03333333,0.33,0.1,0.136666667,0.8,0,1
job_t64,job,job,,64,23a,4,RPT+,20,0,0,1,0.28,0.32,0.29,0.331,0.015,0.0506943474,1.034375,0.32,0.142857143,0.182142857,0.25,0,5
job_t64,job,job,,64,23b,1,Baseline,20,0,0,1,0.29,0.5,0.3,0.53,0.0575,0.188063741,1.06,0.5,0.724137931,0.827586207,0.15,0,1
job_t64,job,job,,64,23b,2,Forward-only,20,0,0,1,0.29,0.31,0.29,0.34,0.0275,0.0663276022,1.09677419,0.31,0.0689655172,0.172413793,0.6,0,4
job_t64,job,job,,64,23b,3,THC,20,0,0,1,0.29,0.31,0.3,0.322,0.02,0.0409545773,1.03870968,0.31,0.0689655172,0.110344828,0.65,0,9
job_t64,job,job,,64,23b,4,RPT+,20,0,0,1,0.28,0.31,0.29,0.33,0.02,0.0439168892,1.06451613,0.31,0.107142857,0.178571429,0.35,0,2
job_t64,job,job,,64,23c,1,Baseline,20,0,0,1,0.31,0.5,0.319,0.532,0.18,0.214933505,1.064,0.5,0.612903226,0.716129032,0.3,0,1
job_t64,job,job,,64,23c,2,Forward-only,20,0,0,1,0.32,0.36,0.339,0.381,0.03,0.0746773405,1.05833333,0.36,0.125,0.190625,0.45,0,11
job_t64,job,job,,64,23c,3,THC,20,0,0,1,0.31,0.36,0.329,0.39,0.02,0.0596484819,1.08333333,0.36,0.161290323,0.258064516,0.2,0,10
job_t64,job,job,,64,23c,4,RPT+,20,0,0,1,0.29,0.35,0.29,0.36,0.03,0.0706154468,1.02857143,0.35,0.206896552,0.24137931,0.15,0,1
job_t64,job,job,,64,24a,1,Baseline,20,0,0,1,0.46,0.7,0.479,0.882,0.235,0.283810001,1.26,0.7,0.52173913,0.917391304,0.15,0.1,1
job_t64,job,job,,64,24a,2,Forward-only,20,0,0,1,0.39,0.44,0.409,0.461,0.04,0.0511744106,1.04772727,0.44,0.128205128,0.182051282,0.35,0,16
job_t64,job,job,,64,24a,3,THC,20,0,0,1,0.4,0.435,0.4,0.45,0.0325,0.0470894343,1.03448276,0.435,0.0875,0.125,0.75,0,0
job_t64,job,job,,64,24a,4,RPT+,20,0,0,1,0.36,0.41,0.39,0.421,0.01,0.037037037,1.02682927,0.41,0.138888889,0.169444444,0.2,0,0
job_t64,job,job,,64,24b,1,Baseline,20,0,0,1,0.45,0.625,0.55,0.721,0.115,0.126833439,1.1536,0.625,0.388888889,0.602222222,0.1,0,1
job_t64,job,job,,64,24b,2,Forward-only,20,0,0,1,0.34,0.38,0.35,0.431,0.0425,0.07845612,1.13421053,0.38,0.117647059,0.267647059,0.45,0,11
job_t64,job,job,,64,24b,3,THC,20,0,0,1,0.34,0.37,0.35,0.42,0.0425,0.0787790161,1.13513514,0.37,0.0882352941,0.235294118,0.55,0,11
job_t64,job,job,,64,24b,4,RPT+,20,0,0,1,0.33,0.36,0.349,0.38,0.0225,0.0400466269,1.05555556,0.36,0.0909090909,0.151515152,0.6,0,5
job_t64,job,job,,64,25a,1,Baseline,20,0,0,1,0.65,0.715,0.669,0.761,0.055,0.0528514349,1.06433566,0.715,0.1,0.170769231,0.5,0,1
job_t64,job,job,,64,25a,2,Forward-only,20,0,0,1,0.36,0.395,0.37,0.433,0.03,0.0673871871,1.09620253,0.395,0.0972222222,0.202777778,0.5,0,10
job_t64,job,job,,64,25a,3,THC,20,0,0,1,0.36,0.39,0.37,0.432,0.0225,0.0606167995,1.10769231,0.39,0.0833333333,0.2,0.6,0,10
job_t64,job,job,,64,25a,4,RPT+,20,0,0,1,0.34,0.38,0.36,0.39,0.0125,0.0389062203,1.02631579,0.38,0.117647059,0.147058824,0.35,0,0
job_t64,job,job,,64,25b,1,Baseline,20,0,0,1,0.58,0.65,0.619,0.681,0.04,0.0442162601,1.04769231,0.65,0.120689655,0.174137931,0.3,0,4
job_t64,job,job,,64,25b,2,Forward-only,20,0,0,1,0.33,0.35,0.33,0.37,0.03,0.0474874068,1.05714286,0.35,0.0606060606,0.121212121,0.7,0,4
job_t64,job,job,,64,25b,3,THC,20,0,0,1,0.33,0.35,0.34,0.37,0.02,0.0331189351,1.05714286,0.35,0.0606060606,0.121212121,0.85,0,5
job_t64,job,job,,64,25b,4,RPT+,20,0,0,1,0.31,0.34,0.32,0.35,0.0225,0.0388032547,1.02941176,0.34,0.0967741935,0.129032258,0.6,0,4
job_t64,job,job,,64,25c,1,Baseline,20,0,0,1,0.47,0.715,0.48,0.787,0.26,0.214091709,1.1006993,0.715,0.521276596,0.674468085,0.3,0.05,3
job_t64,job,job,,64,25c,2,Forward-only,20,0,0,1,0.4,0.43,0.41,0.47,0.0425,0.0556538655,1.09302326,0.43,0.075,0.175,0.7,0,16
job_t64,job,job,,64,25c,3,THC,20,0,0,1,0.4,0.43,0.4,0.461,0.05,0.0699168107,1.07209302,0.43,0.075,0.1525,0.6,0,8
job_t64,job,job,,64,25c,4,RPT+,20,0,0,1,0.37,0.42,0.399,0.46,0.03,0.0598533754,1.0952381,0.42,0.135135135,0.243243243,0.2,0,0
job_t64,job,job,,64,26a,1,Baseline,20,0,0,1,0.42,0.57,0.43,2.417,0.485,0.988165505,4.24035088,0.57,0.357142857,4.7547619,0.2,0.35,6
job_t64,job,job,,64,26a,2,Forward-only,20,0,0,1,0.36,0.405,0.37,0.45,0.03,0.0741777127,1.11111111,0.405,0.125,0.25,0.45,0,8
job_t64,job,job,,64,26a,3,THC,20,0,0,1,0.37,0.39,0.37,0.442,0.05,0.0730265779,1.13333333,0.39,0.0540540541,0.194594595,0.6,0,1
job_t64,job,job,,64,26a,4,RPT+,20,0,0,1,0.34,0.39,0.35,0.451,0.065,0.10347367,1.15641026,0.39,0.147058824,0.326470588,0.45,0,2
job_t64,job,job,,64,26b,1,Baseline,20,0,0,1,0.36,0.51,0.39,1.16,0.2975,0.546315293,2.2745098,0.51,0.416666667,2.22222222,0.15,0.3,2
job_t64,job,job,,64,26b,2,Forward-only,20,0,0,1,0.33,0.355,0.33,0.371,0.03,0.0484362379,1.04507042,0.355,0.0757575758,0.124242424,0.6,0,12
job_t64,job,job,,64,26b,3,THC,20,0,0,1,0.32,0.35,0.33,0.371,0.02,0.0472912538,1.06,0.35,0.09375,0.159375,0.6,0,13
job_t64,job,job,,64,26b,4,RPT+,20,0,0,1,0.31,0.34,0.32,0.352,0.02,0.0531646079,1.03529412,0.34,0.0967741935,0.135483871,0.85,0,4
job_t64,job,job,,64,26c,1,Baseline,20,0,0,1,0.44,0.66,0.45,3.12,0.53,1.515337,4.72727273,0.66,0.5,6.09090909,0.25,0.3,6
job_t64,job,job,,64,26c,2,Forward-only,20,0,0,1,0.37,0.39,0.37,0.441,0.04,0.107968415,1.13076923,0.39,0.0540540541,0.191891892,0.6,0,5
job_t64,job,job,,64,26c,3,THC,20,0,0,1,0.36,0.385,0.37,0.45,0.055,0.113821537,1.16883117,0.385,0.0694444444,0.25,0.55,0,1
job_t64,job,job,,64,26c,4,RPT+,20,0,0,1,0.34,0.415,0.35,0.501,0.115,0.179250954,1.20722892,0.415,0.220588235,0.473529412,0.45,0,4
job_t64,job,job,,64,27a,1,Baseline,20,0,0,1,0.23,0.27,0.249,0.501,0.0225,0.307893554,1.85555556,0.27,0.173913043,1.17826087,0.15,0.2,0
job_t64,job,job,,64,27a,2,Forward-only,20,0,0,1,0.22,0.24,0.23,0.261,0.01,0.0555162062,1.0875,0.24,0.0909090909,0.186363636,0.55,0,7
job_t64,job,job,,64,27a,3,THC,20,0,0,1,0.23,0.24,0.23,0.251,0.01,0.0350281768,1.04583333,0.24,0.0434782609,0.0913043478,0.9,0,7
job_t64,job,job,,64,27a,4,RPT+,20,0,0,1,0.23,0.25,0.24,0.26,0.02,0.0396409337,1.04,0.25,0.0869565217,0.130434783,0.6,0,4
job_t64,job,job,,64,27b,1,Baseline,20,0,0,1,0.24,0.26,0.249,0.5,0.0225,0.309720434,1.92307692,0.26,0.0833333333,1.08333333,0.55,0.15,0
job_t64,job,job,,64,27b,2,Forward-only,20,0,0,1,0.18,0.2,0.189,0.252,0.0525,0.137555867,1.26,0.2,0.111111111,0.4,0.35,0,4
job_t64,job,job,,64,27b,3,THC,20,0,0,1,0.18,0.2,0.189,0.25,0.05,0.123985973,1.25,0.2,0.111111111,0.388888889,0.4,0,11
job_t64,job,job,,64,27b,4,RPT+,20,0,0,1,0.18,0.215,0.19,0.25,0.0325,0.0998505164,1.1627907,0.215,0.194444444,0.388888889,0.15,0,4
job_t64,job,job,,64,27c,1,Baseline,20,0,0,1,0.25,0.295,0.259,0.521,0.0675,0.314188056,1.76610169,0.295,0.18,1.084,0.2,0.15,0
job_t64,job,job,,64,27c,2,Forward-only,20,0,0,1,0.23,0.25,0.239,0.262,0.02,0.0526448379,1.048,0.25,0.0869565217,0.139130435,0.6,0,4
job_t64,job,job,,64,27c,3,THC,20,0,0,1,0.23,0.25,0.239,0.26,0.02,0.0378874744,1.04,0.25,0.0869565217,0.130434783,0.7,0,4
job_t64,job,job,,64,27c,4,RPT+,20,0,0,1,0.22,0.255,0.249,0.27,0.0125,0.0500244081,1.05882353,0.255,0.159090909,0.227272727,0.1,0,4
job_t64,job,job,,64,28a,1,Baseline,20,0,0,1,0.34,1.195,0.485,2.646,1.19,0.7178293,2.21422594,1.195,2.51470588,6.78235294,0.1,0.75,0
job_t64,job,job,,64,28a,2,Forward-only,20,0,0,1,0.24,0.27,0.25,0.281,0.015,0.0589600385,1.04074074,0.27,0.125,0.170833333,0.4,0,5
job_t64,job,job,,64,28a,3,THC,20,0,0,1,0.24,0.265,0.25,0.28,0.01,0.0454399795,1.05660377,0.265,0.104166667,0.166666667,0.5,0,1
job_t64,job,job,,64,28a,4,RPT+,20,0,0,1,0.22,0.25,0.239,0.27,0.02,0.0533031401,1.08,0.25,0.136363636,0.227272727,0.35,0,1
job_t64,job,job,,64,28b,1,Baseline,20,0,0,1,0.28,0.58,0.299,0.761,0.33,0.341475616,1.31206897,0.58,1.07142857,1.71785714,0.2,0.55,0
job_t64,job,job,,64,28b,2,Forward-only,20,0,0,1,0.23,0.25,0.239,0.271,0.02,0.0562021354,1.084,0.25,0.0869565217,0.17826087,0.65,0,11
job_t64,job,job,,64,28b,3,THC,20,0,0,1,0.23,0.25,0.23,0.261,0.02,0.0487219596,1.044,0.25,0.0869565217,0.134782609,0.7,0,1
job_t64,job,job,,64,28b,4,RPT+,20,0,0,1,0.21,0.245,0.219,0.251,0.02,0.0618016541,1.0244898,0.245,0.166666667,0.195238095,0.3,0,1
job_t64,job,job,,64,28c,1,Baseline,20,0,0,1,0.36,1.07,0.471,2.717,1.3375,0.602808102,2.53925234,1.07,1.97222222,6.54722222,0.1,0.75,18
job_t64,job,job,,64,28c,2,Forward-only,20,0,0,1,0.25,0.29,0.269,0.31,0.03,0.0631992209,1.06896552,0.29,0.16,0.24,0.2,0,9
job_t64,job,job,,64,28c,3,THC,20,0,0,1,0.26,0.29,0.27,0.301,0.015,0.0506126796,1.03793103,0.29,0.115384615,0.157692308,0.4,0,9
job_t64,job,job,,64,28c,4,RPT+,20,0,0,1,0.23,0.27,0.249,0.28,0.02,0.0520954723,1.03703704,0.27,0.173913043,0.217391304,0.15,0,5
job_t64,job,job,,64,29a,1,Baseline,20,0,0,1,0.58,0.78,0.626,1.401,0.42,0.564439101,1.79615385,0.78,0.344827586,1.41551724,0.15,0.2,18
job_t64,job,job,,64,29a,2,Forward-only,20,0,0,1,0.37,0.4,0.38,0.421,0.02,0.0431212381,1.0525,0.4,0.0810810811,0.137837838,0.65,0,14
job_t64,job,job,,64,29a,3,THC,20,0,0,1,0.37,0.4,0.38,0.43,0.03,0.0477089798,1.075,0.4,0.0810810811,0.162162162,0.55,0,14
job_t64,job,job,,64,29a,4,RPT+,20,0,0,1,0.37,0.39,0.379,0.411,0.02,0.0361855931,1.05384615,0.39,0.0540540541,0.110810811,0.8,0,1
job_t64,job,job,,64,29b,1,Baseline,20,0,0,1,0.55,0.655,0.59,0.876,0.1225,0.288419486,1.33740458,0.655,0.190909091,0.592727273,0.2,0.05,18
job_t64,job,job,,64,29b,2,Forward-only,20,0,0,1,0.36,0.39,0.37,0.411,0.01,0.0486504255,1.05384615,0.39,0.0833333333,0.141666667,0.8,0,12
job_t64,job,job,,64,29b,3,THC,20,0,0,1,0.37,0.39,0.37,0.402,0.015,0.0447869051,1.03076923,0.39,0.0540540541,0.0864864865,0.9,0,2
job_t64,job,job,,64,29b,4,RPT+,20,0,0,1,0.36,0.385,0.36,0.4,0.0225,0.0360842688,1.03896104,0.385,0.0694444444,0.111111111,0.75,0,2
job_t64,job,job,,64,29c,1,Baseline,20,0,0,1,0.55,1.115,0.67,7.189,2.24,3.07376197,6.44753363,1.115,1.02727273,12.0709091,0.05,0.5,18
job_t64,job,job,,64,29c,2,Forward-only,20,0,0,1,0.41,0.46,0.419,0.5,0.0525,0.072006543,1.08695652,0.46,0.12195122,0.219512195,0.45,0,8
job_t64,job,job,,64,29c,3,THC,20,0,0,1,0.4,0.45,0.419,0.501,0.0525,0.0746929471,1.11333333,0.45,0.125,0.2525,0.5,0,12
job_t64,job,job,,64,29c,4,RPT+,20,0,0,1,0.4,0.43,0.419,0.463,0.0125,0.0505557723,1.07674419,0.43,0.075,0.1575,0.8,0,0
job_t64,job,job,,64,30a,1,Baseline,20,0,0,1,0.43,0.71,0.459,0.764,0.255,0.213998009,1.07605634,0.71,0.651162791,0.776744186,0.2,0,19
job_t64,job,job,,64,30a,2,Forward-only,20,0,0,1,0.36,0.4,0.369,0.41,0.02,0.042380734,1.025,0.4,0.111111111,0.138888889,0.45,0,11
job_t64,job,job,,64,30a,3,THC,20,0,0,1,0.36,0.39,0.37,0.41,0.0225,0.0400111917,1.05128205,0.39,0.0833333333,0.138888889,0.55,0,14
job_t64,job,job,,64,30a,4,RPT+,20,0,0,1,0.35,0.375,0.36,0.401,0.0225,0.0498848339,1.06933333,0.375,0.0714285714,0.145714286,0.75,0,0
job_t64,job,job,,64,30b,1,Baseline,20,0,0,1,0.39,0.54,0.426,0.734,0.2475,0.234652681,1.35925926,0.54,0.384615385,0.882051282,0.1,0.05,5
job_t64,job,job,,64,30b,2,Forward-only,20,0,0,1,0.35,0.365,0.35,0.38,0.015,0.0306310682,1.04109589,0.365,0.0428571429,0.0857142857,1,0,6
job_t64,job,job,,64,30b,3,THC,20,0,0,1,0.34,0.365,0.349,0.38,0.0125,0.0341285468,1.04109589,0.365,0.0735294118,0.117647059,0.75,0,1
job_t64,job,job,,64,30b,4,RPT+,20,0,0,1,0.31,0.355,0.33,0.36,0.02,0.0393917682,1.01408451,0.355,0.14516129,0.161290323,0.35,0,4
job_t64,job,job,,64,30c,1,Baseline,20,0,0,1,0.42,0.75,0.475,0.854,0.2925,0.225530564,1.13866667,0.75,0.785714286,1.03333333,0.1,0.15,0
job_t64,job,job,,64,30c,2,Forward-only,20,0,0,1,0.39,0.42,0.39,0.44,0.0325,0.05164362,1.04761905,0.42,0.0769230769,0.128205128,0.6,0,2
job_t64,job,job,,64,30c,3,THC,20,0,0,1,0.38,0.41,0.39,0.452,0.0325,0.0630993034,1.10243902,0.41,0.0789473684,0.189473684,0.55,0,2
job_t64,job,job,,64,30c,4,RPT+,20,0,0,1,0.36,0.39,0.36,0.421,0.04,0.0673683158,1.07948718,0.39,0.0833333333,0.169444444,0.6,0,0
job_t64,job,job,,64,31a,1,Baseline,20,0,0,1,0.48,0.735,0.519,0.805,0.2025,0.181309937,1.0952381,0.735,0.53125,0.677083333,0.2,0.05,3
job_t64,job,job,,64,31a,2,Forward-only,20,0,0,1,0.36,0.395,0.379,0.43,0.04,0.0521918885,1.08860759,0.395,0.0972222222,0.194444444,0.5,0,8
job_t64,job,job,,64,31a,3,THC,20,0,0,1,0.37,0.4,0.37,0.43,0.04,0.0602175047,1.075,0.4,0.0810810811,0.162162162,0.6,0,0
job_t64,job,job,,64,31a,4,RPT+,20,0,0,1,0.33,0.37,0.34,0.392,0.015,0.0580275992,1.05945946,0.37,0.121212121,0.187878788,0.4,0,5
job_t64,job,job,,64,31b,1,Baseline,20,0,0,1,0.38,0.565,0.389,0.724,0.2925,0.256985097,1.28141593,0.565,0.486842105,0.905263158,0.3,0.05,5
job_t64,job,job,,64,31b,2,Forward-only,20,0,0,1,0.35,0.37,0.359,0.391,0.02,0.0419392637,1.05675676,0.37,0.0571428571,0.117142857,0.8,0,15
job_t64,job,job,,64,31b,3,THC,20,0,0,1,0.35,0.37,0.35,0.391,0.0125,0.0413537205,1.05675676,0.37,0.0571428571,0.117142857,0.85,0,0
job_t64,job,job,,64,31b,4,RPT+,20,0,0,1,0.34,0.36,0.34,0.371,0.02,0.0328671099,1.03055556,0.36,0.0588235294,0.0911764706,0.9,0,0
job_t64,job,job,,64,31c,1,Baseline,20,0,0,1,0.43,0.815,0.591,1.057,0.1775,0.25956125,1.29693252,0.815,0.895348837,1.45813953,0.05,0.35,0
job_t64,job,job,,64,31c,2,Forward-only,20,0,0,1,0.39,0.415,0.39,0.451,0.0325,0.0661934157,1.08674699,0.415,0.0641025641,0.156410256,0.65,0,0
job_t64,job,job,,64,31c,3,THC,20,0,0,1,0.37,0.415,0.389,0.462,0.04,0.070736617,1.11325301,0.415,0.121621622,0.248648649,0.3,0,2
job_t64,job,job,,64,31c,4,RPT+,20,0,0,1,0.35,0.38,0.359,0.413,0.02,0.0708123494,1.08684211,0.38,0.0857142857,0.18,0.55,0,1
job_t64,job,job,,64,32a,1,Baseline,20,0,0,1,0.14,0.165,0.149,0.242,0.075,0.222580152,1.46666667,0.165,0.178571429,0.728571429,0.35,0,0
job_t64,job,job,,64,32a,2,Forward-only,20,0,0,1,0.13,0.15,0.13,0.16,0.02,0.0843918648,1.06666667,0.15,0.153846154,0.230769231,0.45,0,4
job_t64,job,job,,64,32a,3,THC,20,0,0,1,0.13,0.145,0.13,0.16,0.0225,0.0821917808,1.10344828,0.145,0.115384615,0.230769231,0.5,0,4
job_t64,job,job,,64,32a,4,RPT+,20,0,0,1,0.11,0.14,0.129,0.15,0.02,0.0814411018,1.07142857,0.14,0.272727273,0.363636364,0.1,0,1
job_t64,job,job,,64,32b,1,Baseline,20,0,0,1,0.17,0.19,0.179,0.25,0.0375,0.136318198,1.31578947,0.19,0.117647059,0.470588235,0.25,0,0
job_t64,job,job,,64,32b,2,Forward-only,20,0,0,1,0.16,0.17,0.17,0.19,0.01,0.0459770115,1.11764706,0.17,0.0625,0.1875,0.7,0,4
job_t64,job,job,,64,32b,3,THC,20,0,0,1,0.17,0.17,0.17,0.18,0.0025,0.0251021856,1.05882353,0.17,0,0.0588235294,1,0,0
job_t64,job,job,,64,32b,4,RPT+,20,0,0,1,0.16,0.18,0.17,0.19,0.02,0.0496903995,1.05555556,0.18,0.125,0.1875,0.3,0,0
job_t64,job,job,,64,33a,1,Baseline,20,0,0,1,0.25,0.285,0.259,0.401,0.0625,0.569401427,1.40701754,0.285,0.14,0.604,0.35,0.1,5
job_t64,job,job,,64,33a,2,Forward-only,20,0,0,1,0.17,0.185,0.18,0.2,0.01,0.0487758858,1.08108108,0.185,0.0882352941,0.176470588,0.5,0,18
job_t64,job,job,,64,33a,3,THC,20,0,0,1,0.17,0.19,0.179,0.19,0.01,0.0362576915,1,0.19,0.117647059,0.117647059,0.45,0,10
job_t64,job,job,,64,33a,4,RPT+,20,0,0,1,0.17,0.19,0.17,0.2,0.02,0.0600942682,1.05263158,0.19,0.117647059,0.176470588,0.35,0,0
job_t64,job,job,,64,33b,1,Baseline,20,0,0,1,0.21,0.26,0.23,0.324,0.0375,0.315523318,1.24615385,0.26,0.238095238,0.542857143,0.15,0.05,7
job_t64,job,job,,64,33b,2,Forward-only,20,0,0,1,0.15,0.17,0.17,0.181,0,0.0472327814,1.06470588,0.17,0.133333333,0.206666667,0.05,0,17
job_t64,job,job,,64,33b,3,THC,20,0,0,1,0.17,0.17,0.17,0.18,0,0.020820491,1.05882353,0.17,0,0.0588235294,1,0,0
job_t64,job,job,,64,33b,4,RPT+,20,0,0,1,0.16,0.18,0.169,0.19,0.02,0.0596776749,1.05555556,0.18,0.125,0.1875,0.35,0,2
job_t64,job,job,,64,33c,1,Baseline,20,0,0,1,0.28,0.345,0.29,0.578,0.11,0.543071854,1.67536232,0.345,0.232142857,1.06428571,0.25,0.1,0
job_t64,job,job,,64,33c,2,Forward-only,20,0,0,1,0.2,0.21,0.209,0.241,0.0225,0.101372976,1.14761905,0.21,0.05,0.205,0.7,0,5
job_t64,job,job,,64,33c,3,THC,20,0,0,1,0.2,0.21,0.2,0.24,0.0125,0.0657691957,1.14285714,0.21,0.05,0.2,0.75,0,1
job_t64,job,job,,64,33c,4,RPT+,20,0,0,1,0.18,0.2,0.18,0.214,0.02,0.104278084,1.07,0.2,0.111111111,0.188888889,0.3,0,0
tpch_sf10_t64,TPCH SF10,tpch,10,64,Q01,1,Baseline,20,0,0,1,0.39,0.4,0.39,0.41,0.0025,0.0167447912,1.025,0.4,0.0256410256,0.0512820513,1,0,8
tpch_sf10_t64,TPCH SF10,tpch,10,64,Q01,2,Forward-only,20,0,0,1,0.39,0.4,0.39,0.4,0,0.00896038699,1,0.4,0.0256410256,0.0256410256,1,0,2
tpch_sf10_t64,TPCH SF10,tpch,10,64,Q01,3,THC,20,0,0,1,0.39,0.4,0.4,0.401,0,0.00958944538,1.0025,0.4,0.0256410256,0.0282051282,1,0,19
tpch_sf10_t64,TPCH SF10,tpch,10,64,Q01,4,RPT+,20,0,0,1,0.38,0.4,0.38,0.4,0.02,0.0246741728,1,0.4,0.0526315789,0.0526315789,1,0,14
tpch_sf10_t64,TPCH SF10,tpch,10,64,Q02,1,Baseline,20,0,0,1,0.26,0.29,0.27,0.32,0.0325,0.0691915868,1.10344828,0.29,0.115384615,0.230769231,0.5,0,12
tpch_sf10_t64,TPCH SF10,tpch,10,64,Q02,2,Forward-only,20,0,0,1,0.25,0.265,0.259,0.291,0.03,0.0590301209,1.09811321,0.265,0.06,0.164,0.55,0,2
tpch_sf10_t64,TPCH SF10,tpch,10,64,Q02,3,THC,20,0,0,1,0.26,0.27,0.26,0.29,0.03,0.055744399,1.07407407,0.27,0.0384615385,0.115384615,0.55,0,0
tpch_sf10_t64,TPCH SF10,tpch,10,64,Q02,4,RPT+,20,0,0,1,0.25,0.27,0.25,0.29,0.03,0.0544544643,1.07407407,0.27,0.08,0.16,0.6,0,14
tpch_sf10_t64,TPCH SF10,tpch,10,64,Q03,1,Baseline,20,0,0,1,0.56,0.57,0.56,0.57,0.01,0.0094482866,1,0.57,0.0178571429,0.0178571429,1,0,6
tpch_sf10_t64,TPCH SF10,tpch,10,64,Q03,2,Forward-only,20,0,0,1,0.54,0.56,0.549,0.571,0.02,0.0211288564,1.01964286,0.56,0.037037037,0.0574074074,1,0,3
tpch_sf10_t64,TPCH SF10,tpch,10,64,Q03,3,THC,20,0,0,1,0.56,0.57,0.56,0.591,0.0225,0.0235497569,1.03684211,0.57,0.0178571429,0.0553571429,1,0,1
tpch_sf10_t64,TPCH SF10,tpch,10,64,Q03,4,RPT+,20,0,0,1,0.54,0.56,0.55,0.58,0.02,0.0205272976,1.03571429,0.56,0.037037037,0.0740740741,1,0,18
tpch_sf10_t64,TPCH SF10,tpch,10,64,Q04,1,Baseline,20,0,0,1,0.47,0.48,0.47,0.49,0.01,0.0155255493,1.02083333,0.48,0.0212765957,0.0425531915,1,0,9
tpch_sf10_t64,TPCH SF10,tpch,10,64,Q04,2,Forward-only,20,0,0,1,0.47,0.48,0.479,0.49,0,0.0103536674,1.02083333,0.48,0.0212765957,0.0425531915,1,0,2
tpch_sf10_t64,TPCH SF10,tpch,10,64,Q04,3,THC,20,0,0,1,0.5,0.51,0.5,0.51,0.0025,0.01003744,1,0.51,0.02,0.02,1,0,6
tpch_sf10_t64,TPCH SF10,tpch,10,64,Q04,4,RPT+,20,0,0,1,0.45,0.48,0.46,0.49,0.01,0.0224308367,1.02083333,0.48,0.0666666667,0.0888888889,1,0,17
tpch_sf10_t64,TPCH SF10,tpch,10,64,Q05,1,Baseline,14,6,0,0.7,0.54,0.56,0.55,0.58,0.01,0.0207873504,1.03571429,0.57,0.037037037,0.0740740741,0.7,0.3,8
tpch_sf10_t64,TPCH SF10,tpch,10,64,Q05,2,Forward-only,18,2,0,0.9,0.58,0.59,0.58,155.443,0.0075,1.90770857,263.462712,0.59,0.0172413793,267.005172,0.7,0.3,2
tpch_sf10_t64,TPCH SF10,tpch,10,64,Q05,3,THC,18,2,0,0.9,0.59,0.71,0.6,155.24,0.1375,1.90256467,218.647887,0.73,0.203389831,262.118644,0.3,0.3,15
tpch_sf10_t64,TPCH SF10,tpch,10,64,Q05,4,RPT+,18,2,0,0.9,0.63,0.705,0.68,154.019,0.0275,1.90231334,218.466667,0.71,0.119047619,243.474603,0.2,0.3,2
tpch_sf10_t64,TPCH SF10,tpch,10,64,Q06,1,Baseline,20,0,0,1,0.38,0.39,0.39,0.4,0.01,0.0145432314,1.02564103,0.39,0.0263157895,0.0526315789,1,0,11
tpch_sf10_t64,TPCH SF10,tpch,10,64,Q06,2,Forward-only,20,0,0,1,0.38,0.39,0.39,0.4,0.01,0.0141673393,1.02564103,0.39,0.0263157895,0.0526315789,1,0,2
tpch_sf10_t64,TPCH SF10,tpch,10,64,Q06,3,THC,20,0,0,1,0.39,0.39,0.39,0.4,0.01,0.011660498,1.02564103,0.39,0,0.0256410256,1,0,0
tpch_sf10_t64,TPCH SF10,tpch,10,64,Q06,4,RPT+,20,0,0,1,0.37,0.39,0.37,0.4,0.0125,0.0276608245,1.02564103,0.39,0.0540540541,0.0810810811,1,0,14
tpch_sf10_t64,TPCH SF10,tpch,10,64,Q07,1,Baseline,20,0,0,1,0.61,0.69,0.62,0.8,0.115,0.0926144511,1.15942029,0.69,0.131147541,0.31147541,0.25,0,9
tpch_sf10_t64,TPCH SF10,tpch,10,64,Q07,2,Forward-only,20,0,0,1,0.6,0.61,0.6,0.611,0.0025,0.00940470266,1.00163934,0.61,0.0166666667,0.0183333333,1,0,1
tpch_sf10_t64,TPCH SF10,tpch,10,64,Q07,3,THC,20,0,0,1,0.61,0.61,0.61,0.62,0.01,0.00747565366,1.01639344,0.61,0,0.0163934426,1,0,0
tpch_sf10_t64,TPCH SF10,tpch,10,64,Q07,4,RPT+,20,0,0,1,0.58,0.61,0.59,0.62,0.0125,0.0191020411,1.01639344,0.61,0.0517241379,0.0689655172,1,0,16
tpch_sf10_t64,TPCH SF10,tpch,10,64,Q08,1,Baseline,20,0,0,1,0.63,0.66,0.63,0.681,0.04,0.0331571797,1.03181818,0.66,0.0476190476,0.080952381,0.95,0,4
tpch_sf10_t64,TPCH SF10,tpch,10,64,Q08,2,Forward-only,20,0,0,1,0.66,0.69,0.66,0.701,0.0325,0.0266348857,1.01594203,0.69,0.0454545455,0.0621212121,1,0,1
tpch_sf10_t64,TPCH SF10,tpch,10,64,Q08,3,THC,20,0,0,1,0.66,0.69,0.66,0.71,0.04,0.028623259,1.02898551,0.69,0.0454545455,0.0757575758,1,0,4
tpch_sf10_t64,TPCH SF10,tpch,10,64,Q08,4,RPT+,20,0,0,1,0.64,0.66,0.64,0.67,0.0125,0.0160360027,1.01515152,0.66,0.03125,0.046875,1,0,14
tpch_sf10_t64,TPCH SF10,tpch,10,64,Q09,1,Baseline,20,0,0,1,0.82,0.86,0.829,0.971,0.105,0.0653207835,1.12906977,0.86,0.0487804878,0.184146341,0.55,0,9
tpch_sf10_t64,TPCH SF10,tpch,10,64,Q09,2,Forward-only,20,0,0,1,0.77,0.82,0.799,0.83,0.0125,0.0192074743,1.01219512,0.82,0.0649350649,0.0779220779,1,0,2
tpch_sf10_t64,TPCH SF10,tpch,10,64,Q09,3,THC,20,0,0,1,0.79,0.83,0.81,0.881,0.02,0.0318120167,1.06144578,0.83,0.0506329114,0.115189873,0.8,0,3
tpch_sf10_t64,TPCH SF10,tpch,10,64,Q09,4,RPT+,20,0,0,1,0.78,0.81,0.789,0.851,0.0325,0.0305656986,1.05061728,0.81,0.0384615385,0.091025641,0.9,0,15
tpch_sf10_t64,TPCH SF10,tpch,10,64,Q10,1,Baseline,20,0,0,1,0.64,0.65,0.64,0.651,0,0.00829763453,1.00153846,0.65,0.015625,0.0171875,1,0,8
tpch_sf10_t64,TPCH SF10,tpch,10,64,Q10,2,Forward-only,20,0,0,1,0.66,0.67,0.66,0.671,0.0025,0.0085606007,1.00149254,0.67,0.0151515152,0.0166666667,1,0,1
tpch_sf10_t64,TPCH SF10,tpch,10,64,Q10,3,THC,20,0,0,1,0.66,0.675,0.67,0.68,0.01,0.00873967837,1.00740741,0.675,0.0227272727,0.0303030303,1,0,0
tpch_sf10_t64,TPCH SF10,tpch,10,64,Q10,4,RPT+,20,0,0,1,0.67,0.68,0.67,0.69,0.0125,0.0119120798,1.01470588,0.68,0.0149253731,0.0298507463,1,0,14
tpch_sf10_t64,TPCH SF10,tpch,10,64,Q11,1,Baseline,20,0,0,1,0.18,0.2,0.18,0.21,0.02,0.051998132,1.05,0.2,0.111111111,0.166666667,0.35,0,8
tpch_sf10_t64,TPCH SF10,tpch,10,64,Q11,2,Forward-only,20,0,0,1,0.19,0.2,0.19,0.21,0.01,0.0342541918,1.05,0.2,0.0526315789,0.105263158,0.85,0,0
tpch_sf10_t64,TPCH SF10,tpch,10,64,Q11,3,THC,20,0,0,1,0.19,0.2,0.2,0.21,0,0.0216860644,1.05,0.2,0.0526315789,0.105263158,0.85,0,10
tpch_sf10_t64,TPCH SF10,tpch,10,64,Q11,4,RPT+,20,0,0,1,0.17,0.19,0.18,0.2,0.02,0.0546612906,1.05263158,0.19,0.117647059,0.176470588,0.35,0,18
tpch_sf10_t64,TPCH SF10,tpch,10,64,Q12,1,Baseline,20,0,0,1,0.47,0.48,0.48,0.49,0.01,0.0111127516,1.02083333,0.48,0.0212765957,0.0425531915,1,0,9
tpch_sf10_t64,TPCH SF10,tpch,10,64,Q12,2,Forward-only,20,0,0,1,0.47,0.48,0.48,0.49,0.01,0.0120474213,1.02083333,0.48,0.0212765957,0.0425531915,1,0,1
tpch_sf10_t64,TPCH SF10,tpch,10,64,Q12,3,THC,20,0,0,1,0.49,0.5,0.49,0.501,0.01,0.0125124619,1.002,0.5,0.0204081633,0.0224489796,1,0,7
tpch_sf10_t64,TPCH SF10,tpch,10,64,Q12,4,RPT+,20,0,0,1,0.47,0.495,0.48,0.5,0.02,0.0202645099,1.01010101,0.495,0.0531914894,0.0638297872,1,0,15
tpch_sf10_t64,TPCH SF10,tpch,10,64,Q13,1,Baseline,20,0,0,1,0.49,0.5,0.49,0.51,0.0025,0.012515026,1.02,0.5,0.0204081633,0.0408163265,1,0,9
tpch_sf10_t64,TPCH SF10,tpch,10,64,Q13,2,Forward-only,20,0,0,1,0.49,0.5,0.499,0.51,0,0.00993993444,1.02,0.5,0.0204081633,0.0408163265,1,0,1
tpch_sf10_t64,TPCH SF10,tpch,10,64,Q13,3,THC,20,0,0,1,0.53,0.55,0.54,0.56,0.01,0.0168000335,1.01818182,0.55,0.0377358491,0.0566037736,1,0,4
tpch_sf10_t64,TPCH SF10,tpch,10,64,Q13,4,RPT+,20,0,0,1,0.47,0.5,0.48,0.501,0.01,0.0196447249,1.002,0.5,0.0638297872,0.0659574468,1,0,16
tpch_sf10_t64,TPCH SF10,tpch,10,64,Q14,1,Baseline,20,0,0,1,0.5,0.51,0.5,0.51,0.01,0.00984161659,1,0.51,0.02,0.02,1,0,5
tpch_sf10_t64,TPCH SF10,tpch,10,64,Q14,2,Forward-only,20,0,0,1,0.5,0.51,0.5,0.51,0.01,0.00941697139,1,0.51,0.02,0.02,1,0,0
tpch_sf10_t64,TPCH SF10,tpch,10,64,Q14,3,THC,20,0,0,1,0.51,0.51,0.51,0.52,0.01,0.00893289609,1.01960784,0.51,0,0.0196078431,1,0,0
tpch_sf10_t64,TPCH SF10,tpch,10,64,Q14,4,RPT+,20,0,0,1,0.52,0.54,0.52,0.54,0.02,0.0168855535,1,0.54,0.0384615385,0.0384615385,1,0,13
tpch_sf10_t64,TPCH SF10,tpch,10,64,Q15,1,Baseline,20,0,0,1,0.48,0.5,0.49,0.501,0.01,0.0140344121,1.002,0.5,0.0416666667,0.04375,1,0,9
tpch_sf10_t64,TPCH SF10,tpch,10,64,Q15,2,Forward-only,20,0,0,1,0.49,0.5,0.49,0.5,0.01,0.00922047424,1,0.5,0.0204081633,0.0204081633,1,0,1
tpch_sf10_t64,TPCH SF10,tpch,10,64,Q15,3,THC,20,0,0,1,0.49,0.5,0.49,0.5,0.01,0.00922047424,1,0.5,0.0204081633,0.0204081633,1,0,0
tpch_sf10_t64,TPCH SF10,tpch,10,64,Q15,4,RPT+,20,0,0,1,0.47,0.495,0.48,0.5,0.02,0.0202645099,1.01010101,0.495,0.0531914894,0.0638297872,1,0,14
tpch_sf10_t64,TPCH SF10,tpch,10,64,Q16,1,Baseline,20,0,0,1,0.26,0.27,0.26,0.271,0,0.0184598782,1.0037037,0.27,0.0384615385,0.0423076923,1,0,10
tpch_sf10_t64,TPCH SF10,tpch,10,64,Q16,2,Forward-only,20,0,0,1,0.26,0.27,0.269,0.28,0.01,0.0220588235,1.03703704,0.27,0.0384615385,0.0769230769,1,0,1
tpch_sf10_t64,TPCH SF10,tpch,10,64,Q16,3,THC,20,0,0,1,0.27,0.27,0.27,0.28,0,0.0131518019,1.03703704,0.27,0,0.037037037,1,0,0
tpch_sf10_t64,TPCH SF10,tpch,10,64,Q16,4,RPT+,20,0,0,1,0.24,0.27,0.25,0.28,0.01,0.0403470533,1.03703704,0.27,0.125,0.166666667,0.35,0,13
tpch_sf10_t64,TPCH SF10,tpch,10,64,Q17,1,Baseline,20,0,0,1,0.5,0.51,0.5,0.51,0.01,0.00941697139,1,0.51,0.02,0.02,1,0,6
tpch_sf10_t64,TPCH SF10,tpch,10,64,Q17,2,Forward-only,20,0,0,1,0.49,0.51,0.5,0.51,0.0025,0.0109817838,1,0.51,0.0408163265,0.0408163265,1,0,2
tpch_sf10_t64,TPCH SF10,tpch,10,64,Q17,3,THC,20,0,0,1,0.5,0.51,0.5,0.51,0.01,0.0105653254,1,0.51,0.02,0.02,1,0,0
tpch_sf10_t64,TPCH SF10,tpch,10,64,Q17,4,RPT+,20,0,0,1,0.48,0.51,0.489,0.51,0.02,0.0220922431,1,0.51,0.0625,0.0625,1,0,15
tpch_sf10_t64,TPCH SF10,tpch,10,64,Q18,1,Baseline,20,0,0,1,0.84,0.85,0.85,0.86,0.01,0.00682781252,1.01176471,0.85,0.0119047619,0.0238095238,1,0,9
tpch_sf10_t64,TPCH SF10,tpch,10,64,Q18,2,Forward-only,20,0,0,1,0.84,0.85,0.85,0.86,0.01,0.00776727117,1.01176471,0.85,0.0119047619,0.0238095238,1,0,1
tpch_sf10_t64,TPCH SF10,tpch,10,64,Q18,3,THC,20,0,0,1,1.18,1.22,1.18,1.28,0.035,0.0368502176,1.04918033,1.22,0.0338983051,0.0847457627,0.95,0,7
tpch_sf10_t64,TPCH SF10,tpch,10,64,Q18,4,RPT+,20,0,0,1,0.84,0.85,0.84,0.86,0.02,0.00984305914,1.01176471,0.85,0.0119047619,0.0238095238,1,0,13
tpch_sf10_t64,TPCH SF10,tpch,10,64,Q19,1,Baseline,20,0,0,1,0.61,0.62,0.61,0.63,0,0.00951559816,1.01612903,0.62,0.0163934426,0.0327868852,1,0,7
tpch_sf10_t64,TPCH SF10,tpch,10,64,Q19,2,Forward-only,20,0,0,1,0.61,0.62,0.619,0.63,0.0025,0.00920798322,1.01612903,0.62,0.0163934426,0.0327868852,1,0,1
tpch_sf10_t64,TPCH SF10,tpch,10,64,Q19,3,THC,20,0,0,1,0.61,0.62,0.619,0.63,0.01,0.0104865251,1.01612903,0.62,0.0163934426,0.0327868852,1,0,16
tpch_sf10_t64,TPCH SF10,tpch,10,64,Q19,4,RPT+,20,0,0,1,0.61,0.64,0.62,0.64,0.02,0.0170416608,1,0.64,0.0491803279,0.0491803279,1,0,18
tpch_sf10_t64,TPCH SF10,tpch,10,64,Q20,1,Baseline,20,0,0,1,0.57,0.58,0.57,0.58,0.01,0.00928467991,1,0.58,0.0175438596,0.0175438596,1,0,1
tpch_sf10_t64,TPCH SF10,tpch,10,64,Q20,2,Forward-only,20,0,0,1,0.55,0.57,0.559,0.57,0,0.0119407218,1,0.57,0.0363636364,0.0363636364,1,0,1
tpch_sf10_t64,TPCH SF10,tpch,10,64,Q20,3,THC,20,0,0,1,0.56,0.57,0.56,0.57,0.01,0.00841958695,1,0.57,0.0178571429,0.0178571429,1,0,0
tpch_sf10_t64,TPCH SF10,tpch,10,64,Q20,4,RPT+,20,0,0,1,0.54,0.57,0.54,0.57,0.02,0.0207104135,1,0.57,0.0555555556,0.0555555556,1,0,14
tpch_sf10_t64,TPCH SF10,tpch,10,64,Q21,1,Baseline,20,0,0,1,0.81,0.83,0.82,0.84,0.01,0.0109797256,1.01204819,0.83,0.024691358,0.037037037,1,0,12
tpch_sf10_t64,TPCH SF10,tpch,10,64,Q21,2,Forward-only,20,0,0,1,0.8,0.83,0.81,0.84,0.0125,0.0142347057,1.01204819,0.83,0.0375,0.05,1,0,1
tpch_sf10_t64,TPCH SF10,tpch,10,64,Q21,3,THC,20,0,0,1,0.98,1.075,1.029,1.161,0.055,0.0488131343,1.08,1.075,0.0969387755,0.184693878,0.5,0,5
tpch_sf10_t64,TPCH SF10,tpch,10,64,Q21,4,RPT+,20,0,0,1,0.82,0.845,0.83,0.86,0.01,0.0126908938,1.01775148,0.845,0.0304878049,0.0487804878,1,0,19
tpch_sf10_t64,TPCH SF10,tpch,10,64,Q22,1,Baseline,20,0,0,1,0.22,0.23,0.23,0.24,0,0.0206034385,1.04347826,0.23,0.0454545455,0.0909090909,1,0,12
tpch_sf10_t64,TPCH SF10,tpch,10,64,Q22,2,Forward-only,20,0,0,1,0.22,0.23,0.229,0.24,0.0025,0.0247203524,1.04347826,0.23,0.0454545455,0.0909090909,1,0,1
tpch_sf10_t64,TPCH SF10,tpch,10,64,Q22,3,THC,20,0,0,1,0.22,0.23,0.23,0.24,0.0025,0.0219785324,1.04347826,0.23,0.0454545455,0.0909090909,1,0,16
tpch_sf10_t64,TPCH SF10,tpch,10,64,Q22,4,RPT+,20,0,0,1,0.21,0.23,0.21,0.24,0.01,0.0420237534,1.04347826,0.23,0.0952380952,0.142857143,0.8,0,13
tpch_sf20_t64,TPCH SF20,tpch,20,64,Q01,1,Baseline,20,0,0,1,0.65,0.66,0.65,0.66,0,0.00607902736,1,0.66,0.0153846154,0.0153846154,1,0,4
tpch_sf20_t64,TPCH SF20,tpch,20,64,Q01,2,Forward-only,20,0,0,1,0.65,0.66,0.659,0.661,0,0.00677596357,1.00151515,0.66,0.0153846154,0.0169230769,1,0,4
tpch_sf20_t64,TPCH SF20,tpch,20,64,Q01,3,THC,20,0,0,1,0.65,0.66,0.65,0.66,0,0.00661441418,1,0.66,0.0153846154,0.0153846154,1,0,5
tpch_sf20_t64,TPCH SF20,tpch,20,64,Q01,4,RPT+,20,0,0,1,0.66,0.66,0.66,0.661,0,0.00453857791,1.00151515,0.66,0,0.00151515152,1,0,0
tpch_sf20_t64,TPCH SF20,tpch,20,64,Q02,1,Baseline,20,0,0,1,0.3,0.33,0.3,0.36,0.0525,0.0785959165,1.09090909,0.33,0.1,0.2,0.5,0,2
tpch_sf20_t64,TPCH SF20,tpch,20,64,Q02,2,Forward-only,20,0,0,1,0.28,0.3,0.28,0.321,0.04,0.0634805434,1.07,0.3,0.0714285714,0.146428571,0.5,0,0
tpch_sf20_t64,TPCH SF20,tpch,20,64,Q02,3,THC,20,0,0,1,0.28,0.305,0.28,0.321,0.0325,0.0627545204,1.05245902,0.305,0.0892857143,0.146428571,0.5,0,4
tpch_sf20_t64,TPCH SF20,tpch,20,64,Q02,4,RPT+,20,0,0,1,0.29,0.315,0.29,0.33,0.0225,0.0468248865,1.04761905,0.315,0.0862068966,0.137931034,0.5,0,4
tpch_sf20_t64,TPCH SF20,tpch,20,64,Q03,1,Baseline,20,0,0,1,0.95,0.96,0.95,0.97,0.0025,0.00696464766,1.01041667,0.96,0.0105263158,0.0210526316,1,0,3
tpch_sf20_t64,TPCH SF20,tpch,20,64,Q03,2,Forward-only,20,0,0,1,0.92,0.93,0.92,0.94,0,0.0113992274,1.01075269,0.93,0.0108695652,0.0217391304,1,0,0
tpch_sf20_t64,TPCH SF20,tpch,20,64,Q03,3,THC,20,0,0,1,0.93,0.94,0.93,0.953,0.0025,0.0144778999,1.01382979,0.94,0.0107526882,0.0247311828,1,0,5
tpch_sf20_t64,TPCH SF20,tpch,20,64,Q03,4,RPT+,20,0,0,1,0.93,0.94,0.94,0.95,0.0025,0.0102073981,1.0106383,0.94,0.0107526882,0.0215053763,1,0,6
tpch_sf20_t64,TPCH SF20,tpch,20,64,Q04,1,Baseline,20,0,0,1,0.67,0.69,0.68,0.69,0.01,0.00859943554,1,0.69,0.0298507463,0.0298507463,1,0,6
tpch_sf20_t64,TPCH SF20,tpch,20,64,Q04,2,Forward-only,20,0,0,1,0.66,0.685,0.68,0.69,0.01,0.0107433761,1.00729927,0.685,0.0378787879,0.0454545455,1,0,4
tpch_sf20_t64,TPCH SF20,tpch,20,64,Q04,3,THC,20,0,0,1,0.7,0.71,0.7,0.72,0.0025,0.00942853288,1.01408451,0.71,0.0142857143,0.0285714286,1,0,0
tpch_sf20_t64,TPCH SF20,tpch,20,64,Q04,4,RPT+,20,0,0,1,0.67,0.68,0.68,0.69,0.01,0.00852478347,1.01470588,0.68,0.0149253731,0.0298507463,1,0,5
tpch_sf20_t64,TPCH SF20,tpch,20,64,Q05,1,Baseline,14,6,0,0.7,0.91,0.93,0.91,0.95,0.02,0.0164780588,1.02150538,0.94,0.021978022,0.043956044,0.7,0.3,6
tpch_sf20_t64,TPCH SF20,tpch,20,64,Q05,2,Forward-only,14,6,0,0.7,0.96,0.97,0.963,0.99,0.0175,0.011997966,1.02061856,0.985,0.0104166667,0.03125,0.7,0.3,10
tpch_sf20_t64,TPCH SF20,tpch,20,64,Q05,3,THC,14,6,0,0.7,0.97,0.98,0.97,1.104,0.0525,0.0557864906,1.12653061,1.015,0.0103092784,0.13814433,0.55,0.3,6
tpch_sf20_t64,TPCH SF20,tpch,20,64,Q05,4,RPT+,14,6,0,0.7,1.08,1.21,1.173,1.22,0.0175,0.0300232592,1.00826446,1.215,0.12037037,0.12962963,0.15,0.3,12
tpch_sf20_t64,TPCH SF20,tpch,20,64,Q06,1,Baseline,20,0,0,1,0.64,0.65,0.64,0.65,0,0.00617283951,1,0.65,0.015625,0.015625,1,0,0
tpch_sf20_t64,TPCH SF20,tpch,20,64,Q06,2,Forward-only,20,0,0,1,0.64,0.65,0.64,0.651,0,0.00829763453,1.00153846,0.65,0.015625,0.0171875,1,0,0
tpch_sf20_t64,TPCH SF20,tpch,20,64,Q06,3,THC,20,0,0,1,0.64,0.65,0.64,0.65,0,0.0055061129,1,0.65,0.015625,0.015625,1,0,2
tpch_sf20_t64,TPCH SF20,tpch,20,64,Q06,4,RPT+,20,0,0,1,0.64,0.65,0.64,0.65,0.01,0.00737772004,1,0.65,0.015625,0.015625,1,0,0
tpch_sf20_t64,TPCH SF20,tpch,20,64,Q07,1,Baseline,20,0,0,1,1.03,1.18,1.04,1.2,0.01,0.0469756165,1.01694915,1.18,0.145631068,0.165048544,0.15,0,1
tpch_sf20_t64,TPCH SF20,tpch,20,64,Q07,2,Forward-only,20,0,0,1,1.01,1.03,1.02,1.03,0.01,0.00646515554,1,1.03,0.0198019802,0.0198019802,1,0,14
tpch_sf20_t64,TPCH SF20,tpch,20,64,Q07,3,THC,20,0,0,1,1.01,1.03,1.02,1.04,0.0025,0.00706166215,1.00970874,1.03,0.0198019802,0.0297029703,1,0,9
tpch_sf20_t64,TPCH SF20,tpch,20,64,Q07,4,RPT+,20,0,0,1,1.03,1.04,1.03,1.041,0.0025,0.00551060334,1.00096154,1.04,0.00970873786,0.0106796117,1,0,0
tpch_sf20_t64,TPCH SF20,tpch,20,64,Q08,1,Baseline,20,0,0,1,1.01,1.06,1.02,1.091,0.06,0.0300581187,1.02924528,1.06,0.0495049505,0.0801980198,1,0,11
tpch_sf20_t64,TPCH SF20,tpch,20,64,Q08,2,Forward-only,20,0,0,1,1.01,1.03,1.01,1.051,0.02,0.0148825191,1.02038835,1.03,0.0198019802,0.0405940594,1,0,1
tpch_sf20_t64,TPCH SF20,tpch,20,64,Q08,3,THC,20,0,0,1,1.01,1.03,1.01,1.051,0.03,0.0157603939,1.02038835,1.03,0.0198019802,0.0405940594,1,0,4
tpch_sf20_t64,TPCH SF20,tpch,20,64,Q08,4,RPT+,20,0,0,1,1,1.01,1.009,1.03,0.01,0.0337349637,1.01980198,1.01,0.01,0.03,0.9,0,3
tpch_sf20_t64,TPCH SF20,tpch,20,64,Q09,1,Baseline,20,0,0,1,1.38,1.44,1.4,1.701,0.25,0.0823826451,1.18125,1.44,0.0434782609,0.232608696,0.55,0,5
tpch_sf20_t64,TPCH SF20,tpch,20,64,Q09,2,Forward-only,20,0,0,1,1.33,1.39,1.349,1.401,0.01,0.015030784,1.00791367,1.39,0.045112782,0.0533834586,1,0,3
tpch_sf20_t64,TPCH SF20,tpch,20,64,Q09,3,THC,20,0,0,1,1.34,1.4,1.376,1.46,0.03,0.02452798,1.04285714,1.4,0.0447761194,0.0895522388,1,0,2
tpch_sf20_t64,TPCH SF20,tpch,20,64,Q09,4,RPT+,20,0,0,1,1.34,1.35,1.34,1.431,0.02,0.0243527768,1.06,1.35,0.00746268657,0.0679104478,1,0,6
tpch_sf20_t64,TPCH SF20,tpch,20,64,Q10,1,Baseline,20,0,0,1,1,1.01,1.009,1.02,0.0025,0.00565769804,1.00990099,1.01,0.01,0.02,1,0,0
tpch_sf20_t64,TPCH SF20,tpch,20,64,Q10,2,Forward-only,20,0,0,1,1.01,1.02,1.01,1.02,0.01,0.0048218302,1,1.02,0.0099009901,0.0099009901,1,0,0
tpch_sf20_t64,TPCH SF20,tpch,20,64,Q10,3,THC,20,0,0,1,1.01,1.02,1.019,1.02,0,0.00376711415,1,1.02,0.0099009901,0.0099009901,1,0,5
tpch_sf20_t64,TPCH SF20,tpch,20,64,Q10,4,RPT+,20,0,0,1,1.08,1.09,1.08,1.1,0,0.00540569744,1.00917431,1.09,0.00925925926,0.0185185185,1,0,1
tpch_sf20_t64,TPCH SF20,tpch,20,64,Q11,1,Baseline,20,0,0,1,0.22,0.24,0.23,0.251,0.02,0.0437003687,1.04583333,0.24,0.0909090909,0.140909091,0.7,0,12
tpch_sf20_t64,TPCH SF20,tpch,20,64,Q11,2,Forward-only,20,0,0,1,0.22,0.24,0.229,0.25,0.01,0.0384638592,1.04166667,0.24,0.0909090909,0.136363636,0.8,0,4
tpch_sf20_t64,TPCH SF20,tpch,20,64,Q11,3,THC,20,0,0,1,0.22,0.24,0.23,0.25,0.01,0.0334946713,1.04166667,0.24,0.0909090909,0.136363636,0.85,0,8
tpch_sf20_t64,TPCH SF20,tpch,20,64,Q11,4,RPT+,20,0,0,1,0.22,0.23,0.22,0.24,0.0025,0.0270346234,1.04347826,0.23,0.0454545455,0.0909090909,1,0,2
tpch_sf20_t64,TPCH SF20,tpch,20,64,Q12,1,Baseline,20,0,0,1,0.75,0.76,0.76,0.77,0,0.00626355352,1.01315789,0.76,0.0133333333,0.0266666667,1,0,7
tpch_sf20_t64,TPCH SF20,tpch,20,64,Q12,2,Forward-only,20,0,0,1,0.75,0.76,0.76,0.77,0.01,0.00703200347,1.01315789,0.76,0.0133333333,0.0266666667,1,0,2
tpch_sf20_t64,TPCH SF20,tpch,20,64,Q12,3,THC,20,0,0,1,0.77,0.79,0.77,0.8,0.0125,0.0130534405,1.01265823,0.79,0.025974026,0.038961039,1,0,7
tpch_sf20_t64,TPCH SF20,tpch,20,64,Q12,4,RPT+,20,0,0,1,0.78,0.8,0.79,0.8,0.01,0.00744160979,1,0.8,0.0256410256,0.0256410256,1,0,4
tpch_sf20_t64,TPCH SF20,tpch,20,64,Q13,1,Baseline,20,0,0,1,0.79,0.81,0.8,0.811,0.01,0.00884935369,1.00123457,0.81,0.0253164557,0.0265822785,1,0,15
tpch_sf20_t64,TPCH SF20,tpch,20,64,Q13,2,Forward-only,20,0,0,1,0.8,0.81,0.8,0.82,0,0.00728216561,1.01234568,0.81,0.0125,0.025,1,0,8
tpch_sf20_t64,TPCH SF20,tpch,20,64,Q13,3,THC,20,0,0,1,0.86,0.88,0.87,0.891,0.02,0.0121798097,1.0125,0.88,0.023255814,0.0360465116,1,0,9
tpch_sf20_t64,TPCH SF20,tpch,20,64,Q13,4,RPT+,20,0,0,1,0.79,0.805,0.8,0.81,0.01,0.00732742456,1.00621118,0.805,0.0189873418,0.0253164557,1,0,9
tpch_sf20_t64,TPCH SF20,tpch,20,64,Q14,1,Baseline,20,0,0,1,0.79,0.79,0.79,0.8,0.01,0.00577878398,1.01265823,0.79,0,0.0126582278,1,0,0
tpch_sf20_t64,TPCH SF20,tpch,20,64,Q14,2,Forward-only,20,0,0,1,0.78,0.79,0.789,0.8,0,0.00629340567,1.01265823,0.79,0.0128205128,0.0256410256,1,0,5
tpch_sf20_t64,TPCH SF20,tpch,20,64,Q14,3,THC,20,0,0,1,0.79,0.8,0.79,0.801,0,0.00622256058,1.00125,0.8,0.0126582278,0.0139240506,1,0,1
tpch_sf20_t64,TPCH SF20,tpch,20,64,Q14,4,RPT+,20,0,0,1,0.76,0.78,0.77,0.78,0.01,0.00736994407,1,0.78,0.0263157895,0.0263157895,1,0,11
tpch_sf20_t64,TPCH SF20,tpch,20,64,Q15,1,Baseline,20,0,0,1,0.82,0.82,0.82,0.83,0.01,0.00556813572,1.01219512,0.82,0,0.012195122,1,0,0
tpch_sf20_t64,TPCH SF20,tpch,20,64,Q15,2,Forward-only,20,0,0,1,0.81,0.82,0.82,0.83,0.01,0.00707639793,1.01219512,0.82,0.012345679,0.024691358,1,0,19
tpch_sf20_t64,TPCH SF20,tpch,20,64,Q15,3,THC,20,0,0,1,0.82,0.82,0.82,0.83,0.0025,0.00526459212,1.01219512,0.82,0,0.012195122,1,0,0
tpch_sf20_t64,TPCH SF20,tpch,20,64,Q15,4,RPT+,20,0,0,1,0.81,0.82,0.819,0.83,0.01,0.00756832802,1.01219512,0.82,0.012345679,0.024691358,1,0,0
tpch_sf20_t64,TPCH SF20,tpch,20,64,Q16,1,Baseline,20,0,0,1,0.33,0.34,0.33,0.341,0,0.0146537178,1.00294118,0.34,0.0303030303,0.0333333333,1,0,2
tpch_sf20_t64,TPCH SF20,tpch,20,64,Q16,2,Forward-only,20,0,0,1,0.33,0.34,0.339,0.341,0,0.013153341,1.00294118,0.34,0.0303030303,0.0333333333,1,0,1
tpch_sf20_t64,TPCH SF20,tpch,20,64,Q16,3,THC,20,0,0,1,0.33,0.34,0.339,0.34,0,0.00884955752,1,0.34,0.0303030303,0.0303030303,1,0,5
tpch_sf20_t64,TPCH SF20,tpch,20,64,Q16,4,RPT+,20,0,0,1,0.33,0.34,0.33,0.34,0,0.0140906824,1,0.34,0.0303030303,0.0303030303,1,0,7
tpch_sf20_t64,TPCH SF20,tpch,20,64,Q17,1,Baseline,20,0,0,1,0.77,0.78,0.779,0.78,0,0.00385109114,1,0.78,0.012987013,0.012987013,1,0,10
tpch_sf20_t64,TPCH SF20,tpch,20,64,Q17,2,Forward-only,20,0,0,1,0.77,0.78,0.779,0.78,0,0.00385109114,1,0.78,0.012987013,0.012987013,1,0,1
tpch_sf20_t64,TPCH SF20,tpch,20,64,Q17,3,THC,20,0,0,1,0.77,0.78,0.779,0.78,0,0.00385109114,1,0.78,0.012987013,0.012987013,1,0,3
tpch_sf20_t64,TPCH SF20,tpch,20,64,Q17,4,RPT+,20,0,0,1,0.77,0.78,0.77,0.79,0,0.00702208407,1.01282051,0.78,0.012987013,0.025974026,1,0,1
tpch_sf20_t64,TPCH SF20,tpch,20,64,Q18,1,Baseline,20,0,0,1,1.38,1.4,1.38,1.4,0.01,0.00568459976,1,1.4,0.0144927536,0.0144927536,1,0,1
tpch_sf20_t64,TPCH SF20,tpch,20,64,Q18,2,Forward-only,20,0,0,1,1.38,1.39,1.38,1.401,0.01,0.0069111447,1.00791367,1.39,0.00724637681,0.0152173913,1,0,4
tpch_sf20_t64,TPCH SF20,tpch,20,64,Q18,3,THC,20,0,0,1,2.02,2.055,2.03,2.11,0.0525,0.0161540552,1.02676399,2.055,0.0173267327,0.0445544554,1,0,5
tpch_sf20_t64,TPCH SF20,tpch,20,64,Q18,4,RPT+,20,0,0,1,1.38,1.39,1.38,1.401,0.01,0.0107428623,1.00791367,1.39,0.00724637681,0.0152173913,1,0,2
tpch_sf20_t64,TPCH SF20,tpch,20,64,Q19,1,Baseline,20,0,0,1,0.99,1,0.99,1.001,0,0.0049774259,1.001,1,0.0101010101,0.0111111111,1,0,5
tpch_sf20_t64,TPCH SF20,tpch,20,64,Q19,2,Forward-only,20,0,0,1,0.99,1,0.999,1,0,0.00384249412,1,1,0.0101010101,0.0101010101,1,0,8
tpch_sf20_t64,TPCH SF20,tpch,20,64,Q19,3,THC,20,0,0,1,0.99,1,0.99,1,0.0025,0.054680005,1,1,0.0101010101,0.0101010101,0.95,0,0
tpch_sf20_t64,TPCH SF20,tpch,20,64,Q19,4,RPT+,20,0,0,1,1.02,1.03,1.03,1.04,0.01,0.00538989774,1.00970874,1.03,0.00980392157,0.0196078431,1,0,13
tpch_sf20_t64,TPCH SF20,tpch,20,64,Q20,1,Baseline,20,0,0,1,0.92,0.94,0.93,0.94,0,0.00571936282,1,0.94,0.0217391304,0.0217391304,1,0,17
tpch_sf20_t64,TPCH SF20,tpch,20,64,Q20,2,Forward-only,20,0,0,1,0.91,0.92,0.91,0.921,0,0.0054104809,1.00108696,0.92,0.010989011,0.0120879121,1,0,1
tpch_sf20_t64,TPCH SF20,tpch,20,64,Q20,3,THC,20,0,0,1,0.9,0.92,0.91,0.92,0,0.00653594771,1,0.92,0.0222222222,0.0222222222,1,0,6
tpch_sf20_t64,TPCH SF20,tpch,20,64,Q20,4,RPT+,20,0,0,1,0.91,0.92,0.91,0.92,0.01,0.00584403558,1,0.92,0.010989011,0.010989011,1,0,2
tpch_sf20_t64,TPCH SF20,tpch,20,64,Q21,1,Baseline,20,0,0,1,1.2,1.23,1.21,1.24,0.01,0.00870887296,1.00813008,1.23,0.025,0.0333333333,1,0,9
tpch_sf20_t64,TPCH SF20,tpch,20,64,Q21,2,Forward-only,20,0,0,1,1.2,1.23,1.209,1.24,0.01,0.0100148376,1.00813008,1.23,0.025,0.0333333333,1,0,9
tpch_sf20_t64,TPCH SF20,tpch,20,64,Q21,3,THC,20,0,0,1,1.48,1.68,1.568,1.891,0.055,0.0677287247,1.12559524,1.68,0.135135135,0.277702703,0.2,0,19
tpch_sf20_t64,TPCH SF20,tpch,20,64,Q21,4,RPT+,20,0,0,1,1.21,1.22,1.219,1.231,0.01,0.00647445015,1.00901639,1.22,0.00826446281,0.0173553719,1,0,14
tpch_sf20_t64,TPCH SF20,tpch,20,64,Q22,1,Baseline,20,0,0,1,0.27,0.28,0.27,0.28,0,0.012821236,1,0.28,0.037037037,0.037037037,1,0,4
tpch_sf20_t64,TPCH SF20,tpch,20,64,Q22,2,Forward-only,20,0,0,1,0.27,0.28,0.279,0.28,0,0.013740869,1,0.28,0.037037037,0.037037037,1,0,16
tpch_sf20_t64,TPCH SF20,tpch,20,64,Q22,3,THC,20,0,0,1,0.32,0.33,0.32,0.34,0.01,0.0211480363,1.03030303,0.33,0.03125,0.0625,1,0,5
tpch_sf20_t64,TPCH SF20,tpch,20,64,Q22,4,RPT+,20,0,0,1,0.27,0.28,0.27,0.28,0.0025,0.0156040613,1,0.28,0.037037037,0.037037037,1,0,5
tpch_sf50_t64,TPCH SF50,tpch,50,64,Q01,1,Baseline,20,0,0,1,1.46,1.46,1.46,1.471,0.01,0.00456468378,1.00753425,1.46,0,0.00753424658,1,0,0
tpch_sf50_t64,TPCH SF50,tpch,50,64,Q01,2,Forward-only,20,0,0,1,1.45,1.47,1.46,1.47,0.01,0.00403827972,1,1.47,0.0137931034,0.0137931034,1,0,6
tpch_sf50_t64,TPCH SF50,tpch,50,64,Q01,3,THC,20,0,0,1,1.45,1.46,1.459,1.47,0.01,0.00488135914,1.00684932,1.46,0.00689655172,0.0137931034,1,0,1
tpch_sf50_t64,TPCH SF50,tpch,50,64,Q01,4,RPT+,20,0,0,1,1.46,1.46,1.46,1.47,0.01,0.00313231421,1.00684932,1.46,0,0.00684931507,1,0,1
tpch_sf50_t64,TPCH SF50,tpch,50,64,Q02,1,Baseline,20,0,0,1,0.44,0.485,0.44,0.541,0.09,0.0923523117,1.11546392,0.485,0.102272727,0.229545455,0.5,0,4
tpch_sf50_t64,TPCH SF50,tpch,50,64,Q02,2,Forward-only,20,0,0,1,0.43,0.46,0.43,0.48,0.04,0.0430967085,1.04347826,0.46,0.0697674419,0.11627907,0.7,0,6
tpch_sf50_t64,TPCH SF50,tpch,50,64,Q02,3,THC,20,0,0,1,0.43,0.455,0.43,0.48,0.0325,0.0418394387,1.05494505,0.455,0.0581395349,0.11627907,0.75,0,0
tpch_sf50_t64,TPCH SF50,tpch,50,64,Q02,4,RPT+,20,0,0,1,0.44,0.47,0.45,0.49,0.0325,0.0353047592,1.04255319,0.47,0.0681818182,0.113636364,0.75,0,16
tpch_sf50_t64,TPCH SF50,tpch,50,64,Q03,1,Baseline,20,0,0,1,2.21,2.22,2.21,2.23,0.01,0.00315457413,1.0045045,2.22,0.00452488688,0.00904977376,1,0,0
tpch_sf50_t64,TPCH SF50,tpch,50,64,Q03,2,Forward-only,20,0,0,1,2.01,2.225,2.019,2.24,0.21,0.0452682397,1.00674157,2.225,0.106965174,0.114427861,0.3,0,4
tpch_sf50_t64,TPCH SF50,tpch,50,64,Q03,3,THC,20,0,0,1,2.02,2.035,2.02,2.26,0.23,0.0533280726,1.11056511,2.035,0.00742574257,0.118811881,0.55,0,1
tpch_sf50_t64,TPCH SF50,tpch,50,64,Q03,4,RPT+,20,0,0,1,2.03,2.22,2.04,2.24,0.18,0.0431349388,1.00900901,2.22,0.0935960591,0.103448276,0.85,0,10
tpch_sf50_t64,TPCH SF50,tpch,50,64,Q04,1,Baseline,20,0,0,1,1.42,1.42,1.42,1.43,0.01,0.00415163494,1.00704225,1.42,0,0.00704225352,1,0,1
tpch_sf50_t64,TPCH SF50,tpch,50,64,Q04,2,Forward-only,20,0,0,1,1.42,1.43,1.42,1.43,0.01,0.00375614896,1,1.43,0.00704225352,0.00704225352,1,0,2
tpch_sf50_t64,TPCH SF50,tpch,50,64,Q04,3,THC,20,0,0,1,1.43,1.46,1.449,1.46,0.01,0.00595206463,1,1.46,0.020979021,0.020979021,1,0,4
tpch_sf50_t64,TPCH SF50,tpch,50,64,Q04,4,RPT+,20,0,0,1,1.41,1.42,1.42,1.43,0.01,0.00459314957,1.00704225,1.42,0.00709219858,0.0141843972,1,0,7
tpch_sf50_t64,TPCH SF50,tpch,50,64,Q05,1,Baseline,14,6,0,0.7,2.16,2.185,2.16,2.237,0.06,0.0145868206,1.02379863,2.22,0.0115740741,0.0356481481,0.7,0.3,6
tpch_sf50_t64,TPCH SF50,tpch,50,64,Q05,2,Forward-only,14,6,0,0.7,2.23,2.27,2.25,2.29,0.0275,0.00888611534,1.00881057,2.28,0.0179372197,0.0269058296,0.7,0.3,8
tpch_sf50_t64,TPCH SF50,tpch,50,64,Q05,3,THC,14,6,0,0.7,2.24,2.335,2.263,2.427,0.115,0.0281544937,1.03940043,2.39,0.0424107143,0.0834821429,0.7,0.3,16
tpch_sf50_t64,TPCH SF50,tpch,50,64,Q05,4,RPT+,14,6,0,0.7,2.37,2.83,2.373,2.889,0.425,0.0828181727,1.02084806,2.83,0.194092827,0.218987342,0.25,0.3,17
tpch_sf50_t64,TPCH SF50,tpch,50,64,Q06,1,Baseline,20,0,0,1,1.44,1.45,1.45,1.46,0.01,0.00393722846,1.00689655,1.45,0.00694444444,0.0138888889,1,0,1
tpch_sf50_t64,TPCH SF50,tpch,50,64,Q06,2,Forward-only,20,0,0,1,1.44,1.45,1.449,1.46,0.01,0.00499684866,1.00689655,1.45,0.00694444444,0.0138888889,1,0,2
tpch_sf50_t64,TPCH SF50,tpch,50,64,Q06,3,THC,20,0,0,1,1.44,1.45,1.45,1.46,0.01,0.00393722846,1.00689655,1.45,0.00694444444,0.0138888889,1,0,4
tpch_sf50_t64,TPCH SF50,tpch,50,64,Q06,4,RPT+,20,0,0,1,1.45,1.45,1.45,1.46,0.0025,0.00298115457,1.00689655,1.45,0,0.00689655172,1,0,0
tpch_sf50_t64,TPCH SF50,tpch,50,64,Q07,1,Baseline,20,0,0,1,2.42,2.9,2.43,3.291,0.3275,0.0942369468,1.13482759,2.9,0.198347107,0.359917355,0.15,0,1
tpch_sf50_t64,TPCH SF50,tpch,50,64,Q07,2,Forward-only,20,0,0,1,2.38,2.39,2.38,2.4,0,0.00309530403,1.0041841,2.39,0.00420168067,0.00840336134,1,0,5
tpch_sf50_t64,TPCH SF50,tpch,50,64,Q07,3,THC,20,0,0,1,2.39,2.4,2.399,2.411,0.01,0.00329581434,1.00458333,2.4,0.00418410042,0.00878661088,1,0,0
tpch_sf50_t64,TPCH SF50,tpch,50,64,Q07,4,RPT+,20,0,0,1,2.43,2.445,2.439,2.461,0.02,0.00476384959,1.00654397,2.445,0.00617283951,0.0127572016,1,0,2
tpch_sf50_t64,TPCH SF50,tpch,50,64,Q08,1,Baseline,20,0,0,1,2.31,2.445,2.32,2.491,0.1275,0.0313366593,1.01881391,2.445,0.0584415584,0.0783549784,1,0,1
tpch_sf50_t64,TPCH SF50,tpch,50,64,Q08,2,Forward-only,20,0,0,1,2.32,2.34,2.32,2.361,0.03,0.00755974622,1.00897436,2.34,0.00862068966,0.0176724138,1,0,4
tpch_sf50_t64,TPCH SF50,tpch,50,64,Q08,3,THC,20,0,0,1,2.32,2.345,2.32,2.36,0.03,0.00665404076,1.00639659,2.345,0.0107758621,0.0172413793,1,0,1
tpch_sf50_t64,TPCH SF50,tpch,50,64,Q08,4,RPT+,20,0,0,1,2.32,2.34,2.32,2.35,0.02,0.00454068005,1.0042735,2.34,0.00862068966,0.0129310345,1,0,2
tpch_sf50_t64,TPCH SF50,tpch,50,64,Q09,1,Baseline,20,0,0,1,3.37,3.42,3.38,4.093,0.64,0.0892718442,1.19678363,3.42,0.0148367953,0.214540059,0.55,0,1
tpch_sf50_t64,TPCH SF50,tpch,50,64,Q09,2,Forward-only,20,0,0,1,3.11,3.375,3.139,3.4,0.0125,0.0272833632,1.00740741,3.375,0.0852090032,0.0932475884,1,0,3
tpch_sf50_t64,TPCH SF50,tpch,50,64,Q09,3,THC,20,0,0,1,3.13,3.405,3.196,3.461,0.0325,0.0280530918,1.0164464,3.405,0.0878594249,0.105750799,0.8,0,3
tpch_sf50_t64,TPCH SF50,tpch,50,64,Q09,4,RPT+,20,0,0,1,3.04,3.08,3.059,3.401,0.0275,0.0382463593,1.10422078,3.08,0.0131578947,0.11875,0.85,0,7
tpch_sf50_t64,TPCH SF50,tpch,50,64,Q10,1,Baseline,20,0,0,1,2.19,2.21,2.19,2.22,0.01,0.00417409944,1.00452489,2.21,0.00913242009,0.0136986301,1,0,2
tpch_sf50_t64,TPCH SF50,tpch,50,64,Q10,2,Forward-only,20,0,0,1,2.18,2.19,2.19,2.2,0.01,0.00302335897,1.00456621,2.19,0.00458715596,0.00917431193,1,0,10
tpch_sf50_t64,TPCH SF50,tpch,50,64,Q10,3,THC,20,0,0,1,2.19,2.19,2.19,2.2,0.01,0.00226700259,1.00456621,2.19,0,0.00456621005,1,0,2
tpch_sf50_t64,TPCH SF50,tpch,50,64,Q10,4,RPT+,20,0,0,1,2.24,2.25,2.24,2.26,0.02,0.00344265186,1.00444444,2.25,0.00446428571,0.00892857143,1,0,0
tpch_sf50_t64,TPCH SF50,tpch,50,64,Q11,1,Baseline,20,0,0,1,0.35,0.365,0.35,0.38,0.0125,0.0293885944,1.04109589,0.365,0.0428571429,0.0857142857,1,0,0
tpch_sf50_t64,TPCH SF50,tpch,50,64,Q11,2,Forward-only,20,0,0,1,0.35,0.36,0.35,0.37,0.02,0.0248451997,1.02777778,0.36,0.0285714286,0.0571428571,1,0,2
tpch_sf50_t64,TPCH SF50,tpch,50,64,Q11,3,THC,20,0,0,1,0.34,0.36,0.349,0.37,0.02,0.0282749441,1.02777778,0.36,0.0588235294,0.0882352941,1,0,6
tpch_sf50_t64,TPCH SF50,tpch,50,64,Q11,4,RPT+,20,0,0,1,0.34,0.34,0.34,0.35,0.01,0.0171480573,1.02941176,0.34,0,0.0294117647,1,0,2
tpch_sf50_t64,TPCH SF50,tpch,50,64,Q12,1,Baseline,20,0,0,1,1.61,1.615,1.61,1.62,0.01,0.00364897125,1.00309598,1.615,0.00310559006,0.00621118012,1,0,0
tpch_sf50_t64,TPCH SF50,tpch,50,64,Q12,2,Forward-only,20,0,0,1,1.6,1.61,1.61,1.621,0.01,0.00458304385,1.0068323,1.61,0.00625,0.013125,1,0,19
tpch_sf50_t64,TPCH SF50,tpch,50,64,Q12,3,THC,20,0,0,1,1.62,1.69,1.64,1.71,0.05,0.0168908103,1.01183432,1.69,0.0432098765,0.0555555556,1,0,9
tpch_sf50_t64,TPCH SF50,tpch,50,64,Q12,4,RPT+,20,0,0,1,1.62,1.63,1.63,1.63,0,0.00194004764,1,1.63,0.00617283951,0.00617283951,1,0,5
tpch_sf50_t64,TPCH SF50,tpch,50,64,Q13,1,Baseline,20,0,0,1,1.57,1.59,1.58,1.61,0.02,0.0139498127,1.01257862,1.59,0.0127388535,0.025477707,1,0,6
tpch_sf50_t64,TPCH SF50,tpch,50,64,Q13,2,Forward-only,20,0,0,1,1.57,1.59,1.579,1.61,0.02,0.00792553125,1.01257862,1.59,0.0127388535,0.025477707,1,0,7
tpch_sf50_t64,TPCH SF50,tpch,50,64,Q13,3,THC,20,0,0,1,1.79,1.825,1.8,1.854,0.0325,0.0162488975,1.01589041,1.825,0.0195530726,0.0357541899,1,0,10
tpch_sf50_t64,TPCH SF50,tpch,50,64,Q13,4,RPT+,20,0,0,1,1.57,1.59,1.58,1.6,0.0125,0.00605132274,1.00628931,1.59,0.0127388535,0.0191082803,1,0,18
tpch_sf50_t64,TPCH SF50,tpch,50,64,Q14,1,Baseline,20,0,0,1,1.79,1.79,1.79,1.801,0.01,0.00373716097,1.00614525,1.79,0,0.0061452514,1,0,1
tpch_sf50_t64,TPCH SF50,tpch,50,64,Q14,2,Forward-only,20,0,0,1,1.79,1.8,1.79,1.81,0.01,0.00403832056,1.00555556,1.8,0.00558659218,0.0111731844,1,0,0
tpch_sf50_t64,TPCH SF50,tpch,50,64,Q14,3,THC,20,0,0,1,1.8,1.81,1.809,1.81,0,0.00212244978,1,1.81,0.00555555556,0.00555555556,1,0,0
tpch_sf50_t64,TPCH SF50,tpch,50,64,Q14,4,RPT+,20,0,0,1,1.72,1.735,1.73,1.74,0.01,0.00339862385,1.00288184,1.735,0.00872093023,0.011627907,1,0,13
tpch_sf50_t64,TPCH SF50,tpch,50,64,Q15,1,Baseline,20,0,0,1,1.91,1.92,1.91,1.92,0.01,0.00239049332,1,1.92,0.00523560209,0.00523560209,1,0,2
tpch_sf50_t64,TPCH SF50,tpch,50,64,Q15,2,Forward-only,20,0,0,1,1.91,1.92,1.91,1.921,0.01,0.0031282586,1.00052083,1.92,0.00523560209,0.0057591623,1,0,0
tpch_sf50_t64,TPCH SF50,tpch,50,64,Q15,3,THC,20,0,0,1,1.93,1.94,1.93,1.95,0.01,0.00385340617,1.00515464,1.94,0.00518134715,0.0103626943,1,0,0
tpch_sf50_t64,TPCH SF50,tpch,50,64,Q15,4,RPT+,20,0,0,1,1.9,1.92,1.909,1.92,0.0025,0.00372531478,1,1.92,0.0105263158,0.0105263158,1,0,3
tpch_sf50_t64,TPCH SF50,tpch,50,64,Q16,1,Baseline,20,0,0,1,0.54,0.55,0.549,0.56,0.01,0.0129139755,1.01818182,0.55,0.0185185185,0.037037037,1,0,7
tpch_sf50_t64,TPCH SF50,tpch,50,64,Q16,2,Forward-only,20,0,0,1,0.54,0.55,0.54,0.55,0.01,0.0101787283,1,0.55,0.0185185185,0.0185185185,1,0,0
tpch_sf50_t64,TPCH SF50,tpch,50,64,Q16,3,THC,20,0,0,1,0.54,0.55,0.54,0.56,0,0.00995859195,1.01818182,0.55,0.0185185185,0.037037037,1,0,3
tpch_sf50_t64,TPCH SF50,tpch,50,64,Q16,4,RPT+,20,0,0,1,0.55,0.56,0.55,0.561,0.01,0.0159001689,1.00178571,0.56,0.0181818182,0.02,1,0,2
tpch_sf50_t64,TPCH SF50,tpch,50,64,Q17,1,Baseline,20,0,0,1,1.73,1.74,1.73,1.75,0,0.00402067777,1.00574713,1.74,0.00578034682,0.0115606936,1,0,2
tpch_sf50_t64,TPCH SF50,tpch,50,64,Q17,2,Forward-only,20,0,0,1,1.73,1.74,1.73,1.75,0.01,0.00417049642,1.00574713,1.74,0.00578034682,0.0115606936,1,0,2
tpch_sf50_t64,TPCH SF50,tpch,50,64,Q17,3,THC,20,0,0,1,1.73,1.74,1.73,1.75,0,0.00363480191,1.00574713,1.74,0.00578034682,0.0115606936,1,0,0
tpch_sf50_t64,TPCH SF50,tpch,50,64,Q17,4,RPT+,20,0,0,1,1.72,1.74,1.74,1.75,0.0025,0.0042958179,1.00574713,1.74,0.011627907,0.0174418605,1,0,2
tpch_sf50_t64,TPCH SF50,tpch,50,64,Q18,1,Baseline,20,0,0,1,3.19,3.23,3.21,3.264,0.03,0.00835860904,1.01052632,3.23,0.012539185,0.0231974922,1,0,17
tpch_sf50_t64,TPCH SF50,tpch,50,64,Q18,2,Forward-only,20,0,0,1,3.21,3.23,3.21,3.251,0.015,0.00481844331,1.00650155,3.23,0.0062305296,0.0127725857,1,0,1
tpch_sf50_t64,TPCH SF50,tpch,50,64,Q18,3,THC,20,0,0,1,4.34,4.995,4.877,5.086,0.0975,0.0328300548,1.01821822,4.995,0.150921659,0.171889401,0.05,0,3
tpch_sf50_t64,TPCH SF50,tpch,50,64,Q18,4,RPT+,20,0,0,1,3.21,3.24,3.219,3.25,0.02,0.00471086809,1.00308642,3.24,0.00934579439,0.0124610592,1,0,4
tpch_sf50_t64,TPCH SF50,tpch,50,64,Q19,1,Baseline,20,0,0,1,2.22,2.23,2.23,2.24,0,0.00268817204,1.0044843,2.23,0.0045045045,0.00900900901,1,0,5
tpch_sf50_t64,TPCH SF50,tpch,50,64,Q19,2,Forward-only,20,0,0,1,2.22,2.235,2.22,2.241,0.01,0.00386923617,1.00268456,2.235,0.00675675676,0.00945945946,1,0,2
tpch_sf50_t64,TPCH SF50,tpch,50,64,Q19,3,THC,20,0,0,1,2.19,2.21,2.2,2.22,0.0125,0.0041665428,1.00452489,2.21,0.00913242009,0.0136986301,1,0,3
tpch_sf50_t64,TPCH SF50,tpch,50,64,Q19,4,RPT+,20,0,0,1,2.3,2.31,2.31,2.32,0.01,0.00247363803,1.004329,2.31,0.00434782609,0.00869565217,1,0,1
tpch_sf50_t64,TPCH SF50,tpch,50,64,Q20,1,Baseline,20,0,0,1,2.07,2.075,2.07,2.09,0.01,0.00376035131,1.00722892,2.075,0.00241545894,0.00966183575,1,0,0
tpch_sf50_t64,TPCH SF50,tpch,50,64,Q20,2,Forward-only,20,0,0,1,2.03,2.05,2.04,2.06,0.01,0.00381546149,1.00487805,2.05,0.00985221675,0.0147783251,1,0,11
tpch_sf50_t64,TPCH SF50,tpch,50,64,Q20,3,THC,20,0,0,1,2.01,2.03,2.02,2.03,0.01,0.00330266309,1,2.03,0.00995024876,0.00995024876,1,0,10
tpch_sf50_t64,TPCH SF50,tpch,50,64,Q20,4,RPT+,20,0,0,1,2.03,2.04,2.04,2.05,0.01,0.00272528848,1.00490196,2.04,0.00492610837,0.00985221675,1,0,10
tpch_sf50_t64,TPCH SF50,tpch,50,64,Q21,1,Baseline,20,0,0,1,2.52,2.665,2.559,2.681,0.03,0.017508824,1.00600375,2.665,0.0575396825,0.0638888889,1,0,19
tpch_sf50_t64,TPCH SF50,tpch,50,64,Q21,2,Forward-only,20,0,0,1,2.51,2.66,2.52,2.67,0.0125,0.0200420234,1.0037594,2.66,0.0597609562,0.0637450199,1,0,1
tpch_sf50_t64,TPCH SF50,tpch,50,64,Q21,3,THC,20,0,0,1,3.16,3.34,3.209,3.401,0.135,0.0345696563,1.01826347,3.34,0.0569620253,0.0762658228,0.95,0,10
tpch_sf50_t64,TPCH SF50,tpch,50,64,Q21,4,RPT+,20,0,0,1,2.52,2.54,2.52,2.601,0.045,0.012408609,1.02401575,2.54,0.00793650794,0.0321428571,1,0,0
tpch_sf50_t64,TPCH SF50,tpch,50,64,Q22,1,Baseline,20,0,0,1,0.46,0.47,0.47,0.48,0.01,0.01380855,1.0212766,0.47,0.0217391304,0.0434782609,1,0,18
tpch_sf50_t64,TPCH SF50,tpch,50,64,Q22,2,Forward-only,20,0,0,1,0.46,0.475,0.47,0.48,0.01,0.0124234206,1.01052632,0.475,0.0326086957,0.0434782609,1,0,16
tpch_sf50_t64,TPCH SF50,tpch,50,64,Q22,3,THC,20,0,0,1,0.59,0.6,0.59,0.62,0.02,0.0189809671,1.03333333,0.6,0.0169491525,0.0508474576,1,0,1
tpch_sf50_t64,TPCH SF50,tpch,50,64,Q22,4,RPT+,20,0,0,1,0.46,0.47,0.47,0.48,0.0025,0.0108030074,1.0212766,0.47,0.0217391304,0.0434782609,1,0,11
tpch_sf100_t64,TPCH SF100,tpch,100,64,Q01,1,Baseline,20,0,0,1,2.37,2.38,2.37,2.38,0.01,0.00234234933,1,2.38,0.00421940928,0.00421940928,1,0,0
tpch_sf100_t64,TPCH SF100,tpch,100,64,Q01,2,Forward-only,20,0,0,1,2.37,2.37,2.37,2.38,0.01,0.00200956225,1.00421941,2.37,0,0.00421940928,1,0,0
tpch_sf100_t64,TPCH SF100,tpch,100,64,Q01,3,THC,20,0,0,1,2.37,2.38,2.37,2.39,0,0.00247633399,1.00420168,2.38,0.00421940928,0.00843881857,1,0,6
tpch_sf100_t64,TPCH SF100,tpch,100,64,Q01,4,RPT+,20,0,0,1,2.36,2.375,2.37,2.38,0.01,0.00282450692,1.00210526,2.375,0.0063559322,0.00847457627,1,0,6
tpch_sf100_t64,TPCH SF100,tpch,100,64,Q02,1,Baseline,20,0,0,1,0.77,0.82,0.789,0.831,0.03,0.0233702337,1.01341463,0.82,0.0649350649,0.0792207792,1,0,16
tpch_sf100_t64,TPCH SF100,tpch,100,64,Q02,2,Forward-only,20,0,0,1,0.71,0.73,0.719,0.741,0.0125,0.0151459466,1.01506849,0.73,0.0281690141,0.0436619718,1,0,12
tpch_sf100_t64,TPCH SF100,tpch,100,64,Q02,3,THC,20,0,0,1,0.72,0.73,0.72,0.74,0.01,0.0104639657,1.01369863,0.73,0.0138888889,0.0277777778,1,0,9
tpch_sf100_t64,TPCH SF100,tpch,100,64,Q02,4,RPT+,20,0,0,1,0.72,0.75,0.739,0.76,0,0.0128666401,1.01333333,0.75,0.0416666667,0.0555555556,1,0,16
tpch_sf100_t64,TPCH SF100,tpch,100,64,Q03,1,Baseline,20,0,0,1,3.96,3.975,3.97,3.99,0.01,0.00201207243,1.00377358,3.975,0.00378787879,0.00757575758,1,0,9
tpch_sf100_t64,TPCH SF100,tpch,100,64,Q03,2,Forward-only,20,0,0,1,3.57,3.59,3.57,3.6,0,0.0243691441,1.00278552,3.59,0.0056022409,0.00840336134,0.95,0,12
tpch_sf100_t64,TPCH SF100,tpch,100,64,Q03,3,THC,20,0,0,1,3.57,3.59,3.579,3.61,0.02,0.0255023801,1.00557103,3.59,0.0056022409,0.0112044818,0.95,0,4
tpch_sf100_t64,TPCH SF100,tpch,100,64,Q03,4,RPT+,20,0,0,1,3.57,3.63,3.617,3.64,0.01,0.00445914834,1.00275482,3.63,0.0168067227,0.0196078431,1,0,12
tpch_sf100_t64,TPCH SF100,tpch,100,64,Q04,1,Baseline,20,0,0,1,2.59,2.6,2.6,2.61,0.01,0.00254733087,1.00384615,2.6,0.00386100386,0.00772200772,1,0,14
tpch_sf100_t64,TPCH SF100,tpch,100,64,Q04,2,Forward-only,20,0,0,1,2.59,2.6,2.59,2.61,0.01,0.00268285111,1.00384615,2.6,0.00386100386,0.00772200772,1,0,0
tpch_sf100_t64,TPCH SF100,tpch,100,64,Q04,3,THC,20,0,0,1,2.61,2.64,2.629,2.66,0.01,0.0049476719,1.00757576,2.64,0.0114942529,0.0191570881,1,0,7
tpch_sf100_t64,TPCH SF100,tpch,100,64,Q04,4,RPT+,20,0,0,1,2.58,2.6,2.59,2.61,0.01,0.00349671447,1.00384615,2.6,0.00775193798,0.011627907,1,0,2
tpch_sf100_t64,TPCH SF100,tpch,100,64,Q05,1,Baseline,14,6,0,0.7,4.1,4.14,4.1,4.218,0.0775,0.0116281401,1.01884058,4.185,0.00975609756,0.0287804878,0.7,0.3,6
tpch_sf100_t64,TPCH SF100,tpch,100,64,Q05,2,Forward-only,14,6,0,0.7,4.09,4.225,4.113,4.288,0.0425,0.0156042702,1.01491124,4.24,0.033007335,0.0484107579,0.7,0.3,12
tpch_sf100_t64,TPCH SF100,tpch,100,64,Q05,3,THC,14,6,0,0.7,4.07,4.235,4.116,4.288,0.0725,0.0160113656,1.01251476,4.255,0.0405405405,0.0535626536,0.7,0.3,10
tpch_sf100_t64,TPCH SF100,tpch,100,64,Q05,4,RPT+,14,6,0,0.7,4.35,4.52,4.366,4.611,0.1925,0.0671359672,1.02013274,4.57,0.0390804598,0.06,0.65,0.3,12
tpch_sf100_t64,TPCH SF100,tpch,100,64,Q06,1,Baseline,20,0,0,1,2.38,2.39,2.38,2.39,0.01,0.0024438189,1,2.39,0.00420168067,0.00420168067,1,0,1
tpch_sf100_t64,TPCH SF100,tpch,100,64,Q06,2,Forward-only,20,0,0,1,2.37,2.385,2.38,2.4,0.0125,0.00377042313,1.00628931,2.385,0.00632911392,0.0126582278,1,0,5
tpch_sf100_t64,TPCH SF100,tpch,100,64,Q06,3,THC,20,0,0,1,2.37,2.385,2.38,2.39,0.01,0.00281266412,1.00209644,2.385,0.00632911392,0.00843881857,1,0,18
tpch_sf100_t64,TPCH SF100,tpch,100,64,Q06,4,RPT+,20,0,0,1,2.37,2.385,2.38,2.39,0.01,0.00281266412,1.00209644,2.385,0.00632911392,0.00843881857,1,0,7
tpch_sf100_t64,TPCH SF100,tpch,100,64,Q07,1,Baseline,20,0,0,1,4.84,5.6,4.899,6.601,0.94,0.102214964,1.17875,5.6,0.157024793,0.363842975,0.15,0,1
tpch_sf100_t64,TPCH SF100,tpch,100,64,Q07,2,Forward-only,20,0,0,1,4.8,4.83,4.81,4.86,0.035,0.00473026311,1.00621118,4.83,0.00625,0.0125,1,0,12
tpch_sf100_t64,TPCH SF100,tpch,100,64,Q07,3,THC,20,0,0,1,4.73,4.855,4.82,4.891,0.06,0.00853013492,1.00741504,4.855,0.0264270613,0.034038055,1,0,2
tpch_sf100_t64,TPCH SF100,tpch,100,64,Q07,4,RPT+,20,0,0,1,4.9,4.94,4.909,4.951,0.0225,0.00348035745,1.00222672,4.94,0.00816326531,0.0104081633,1,0,1
tpch_sf100_t64,TPCH SF100,tpch,100,64,Q08,1,Baseline,20,0,0,1,4.4,4.575,4.42,4.712,0.18,0.0240493049,1.02994536,4.575,0.0397727273,0.0709090909,1,0,11
tpch_sf100_t64,TPCH SF100,tpch,100,64,Q08,2,Forward-only,20,0,0,1,4.4,4.57,4.534,4.623,0.0425,0.0127479451,1.01159737,4.57,0.0386363636,0.0506818182,1,0,0
tpch_sf100_t64,TPCH SF100,tpch,100,64,Q08,3,THC,20,0,0,1,4.31,4.57,4.475,4.69,0.0875,0.0224859429,1.02625821,4.57,0.060324826,0.0881670534,1,0,7
tpch_sf100_t64,TPCH SF100,tpch,100,64,Q08,4,RPT+,20,0,0,1,4.33,4.59,4.512,4.612,0.0425,0.0172277702,1.00479303,4.59,0.0600461894,0.0651270208,1,0,8
tpch_sf100_t64,TPCH SF100,tpch,100,64,Q09,1,Baseline,20,0,0,1,6.55,6.65,6.609,8.121,1.285,0.0942113998,1.22120301,6.65,0.0152671756,0.239847328,0.55,0,5
tpch_sf100_t64,TPCH SF100,tpch,100,64,Q09,2,Forward-only,20,0,0,1,5.99,6.605,6.075,6.641,0.045,0.0319782068,1.00545042,6.605,0.102671119,0.108681135,0.3,0,3
tpch_sf100_t64,TPCH SF100,tpch,100,64,Q09,3,THC,20,0,0,1,6.05,6.64,6.132,6.692,0.06,0.0316241802,1.00783133,6.64,0.0975206612,0.106115702,0.7,0,2
tpch_sf100_t64,TPCH SF100,tpch,100,64,Q09,4,RPT+,20,0,0,1,6.07,6.12,6.099,6.74,0.1125,0.0357907987,1.10130719,6.12,0.00823723229,0.110378913,0.85,0,18
tpch_sf100_t64,TPCH SF100,tpch,100,64,Q10,1,Baseline,20,0,0,1,3.91,4.08,3.919,4.171,0.1925,0.0255231451,1.02230392,4.08,0.0434782609,0.0667519182,1,0,8
tpch_sf100_t64,TPCH SF100,tpch,100,64,Q10,2,Forward-only,20,0,0,1,3.92,4.085,4.05,4.112,0.0225,0.0102749713,1.00660955,4.085,0.0420918367,0.0489795918,1,0,0
tpch_sf100_t64,TPCH SF100,tpch,100,64,Q10,3,THC,20,0,0,1,3.96,4.085,4.059,4.121,0.0125,0.00995335262,1.00881273,4.085,0.0315656566,0.0406565657,1,0,6
tpch_sf100_t64,TPCH SF100,tpch,100,64,Q10,4,RPT+,20,0,0,1,4.01,4.05,4.019,4.17,0.1325,0.0168114294,1.02962963,4.05,0.00997506234,0.0399002494,1,0,1
tpch_sf100_t64,TPCH SF100,tpch,100,64,Q11,1,Baseline,20,0,0,1,0.55,0.58,0.55,0.601,0.03,0.0350087734,1.0362069,0.58,0.0545454545,0.0927272727,0.9,0,2
tpch_sf100_t64,TPCH SF100,tpch,100,64,Q11,2,Forward-only,20,0,0,1,0.54,0.57,0.55,0.58,0.03,0.0275980554,1.01754386,0.57,0.0555555556,0.0740740741,1,0,12
tpch_sf100_t64,TPCH SF100,tpch,100,64,Q11,3,THC,20,0,0,1,0.54,0.565,0.55,0.59,0.03,0.0287068495,1.04424779,0.565,0.0462962963,0.0925925926,1,0,6
tpch_sf100_t64,TPCH SF100,tpch,100,64,Q11,4,RPT+,20,0,0,1,0.53,0.54,0.539,0.551,0.01,0.0147782157,1.02037037,0.54,0.0188679245,0.0396226415,1,0,4
tpch_sf100_t64,TPCH SF100,tpch,100,64,Q12,1,Baseline,20,0,0,1,2.89,2.91,2.9,2.92,0.0125,0.00293256354,1.00343643,2.91,0.00692041522,0.0103806228,1,0,1
tpch_sf100_t64,TPCH SF100,tpch,100,64,Q12,2,Forward-only,20,0,0,1,2.9,2.91,2.9,2.921,0.005,0.00305331309,1.00378007,2.91,0.00344827586,0.00724137931,1,0,1
tpch_sf100_t64,TPCH SF100,tpch,100,64,Q12,3,THC,20,0,0,1,2.95,3.07,2.995,3.08,0.01,0.0131941393,1.00325733,3.07,0.0406779661,0.0440677966,1,0,2
tpch_sf100_t64,TPCH SF100,tpch,100,64,Q12,4,RPT+,20,0,0,1,2.92,2.93,2.929,2.94,0,0.00183731314,1.00341297,2.93,0.00342465753,0.00684931507,1,0,4
tpch_sf100_t64,TPCH SF100,tpch,100,64,Q13,1,Baseline,20,0,0,1,2.86,2.895,2.87,2.91,0.0225,0.00589655102,1.00518135,2.895,0.0122377622,0.0174825175,1,0,15
tpch_sf100_t64,TPCH SF100,tpch,100,64,Q13,2,Forward-only,20,0,0,1,2.86,2.895,2.879,2.911,0.0125,0.00518134715,1.00552677,2.895,0.0122377622,0.0178321678,1,0,9
tpch_sf100_t64,TPCH SF100,tpch,100,64,Q13,3,THC,20,0,0,1,3.38,3.47,3.41,3.482,0.04,0.00893002999,1.00345821,3.47,0.0266272189,0.0301775148,1,0,6
tpch_sf100_t64,TPCH SF100,tpch,100,64,Q13,4,RPT+,20,0,0,1,2.87,2.9,2.879,2.911,0.0225,0.00535870718,1.0037931,2.9,0.0104529617,0.0142857143,1,0,5
tpch_sf100_t64,TPCH SF100,tpch,100,64,Q14,1,Baseline,20,0,0,1,3.6,3.65,3.618,3.66,0.02,0.00508980159,1.00273973,3.65,0.0138888889,0.0166666667,1,0,6
tpch_sf100_t64,TPCH SF100,tpch,100,64,Q14,2,Forward-only,20,0,0,1,3.61,3.65,3.62,3.67,0.02,0.00465881063,1.00547945,3.65,0.0110803324,0.0166204986,1,0,2
tpch_sf100_t64,TPCH SF100,tpch,100,64,Q14,3,THC,20,0,0,1,3.56,3.63,3.56,3.641,0.025,0.00821543178,1.0030303,3.63,0.0196629213,0.022752809,1,0,17
tpch_sf100_t64,TPCH SF100,tpch,100,64,Q14,4,RPT+,20,0,0,1,3.48,3.52,3.499,3.53,0.01,0.00380195742,1.00284091,3.52,0.0114942529,0.0143678161,1,0,8
tpch_sf100_t64,TPCH SF100,tpch,100,64,Q15,1,Baseline,20,0,0,1,3.37,3.5,3.469,3.541,0.0275,0.0134287124,1.01171429,3.5,0.0385756677,0.0507418398,1,0,8
tpch_sf100_t64,TPCH SF100,tpch,100,64,Q15,2,Forward-only,20,0,0,1,3.48,3.51,3.489,3.561,0.0525,0.00962268953,1.01452991,3.51,0.00862068966,0.0232758621,1,0,1
tpch_sf100_t64,TPCH SF100,tpch,100,64,Q15,3,THC,20,0,0,1,3.4,3.54,3.409,3.6,0.05,0.0186590115,1.01694915,3.54,0.0411764706,0.0588235294,1,0,9
tpch_sf100_t64,TPCH SF100,tpch,100,64,Q15,4,RPT+,20,0,0,1,3.37,3.51,3.49,3.523,0.01,0.009810357,1.0037037,3.51,0.0415430267,0.0454005935,1,0,7
tpch_sf100_t64,TPCH SF100,tpch,100,64,Q16,1,Baseline,20,0,0,1,0.85,0.86,0.85,0.871,0,0.00964764676,1.0127907,0.86,0.0117647059,0.0247058824,1,0,2
tpch_sf100_t64,TPCH SF100,tpch,100,64,Q16,2,Forward-only,20,0,0,1,0.85,0.86,0.85,0.881,0.0125,0.0156998379,1.0244186,0.86,0.0117647059,0.0364705882,1,0,0
tpch_sf100_t64,TPCH SF100,tpch,100,64,Q16,3,THC,20,0,0,1,0.85,0.87,0.859,0.881,0.02,0.0142904713,1.01264368,0.87,0.0235294118,0.0364705882,1,0,5
tpch_sf100_t64,TPCH SF100,tpch,100,64,Q16,4,RPT+,20,0,0,1,0.84,0.86,0.85,0.881,0.01,0.0139169571,1.0244186,0.86,0.0238095238,0.0488095238,1,0,16
tpch_sf100_t64,TPCH SF100,tpch,100,64,Q17,1,Baseline,20,0,0,1,3.39,3.4,3.39,3.41,0.01,0.002199681,1.00294118,3.4,0.00294985251,0.00589970501,1,0,1
tpch_sf100_t64,TPCH SF100,tpch,100,64,Q17,2,Forward-only,20,0,0,1,3.39,3.41,3.4,3.421,0.0125,0.00830023235,1.00322581,3.41,0.00589970501,0.00914454277,1,0,0
tpch_sf100_t64,TPCH SF100,tpch,100,64,Q17,3,THC,20,0,0,1,3.39,3.405,3.4,3.411,0.01,0.0021727571,1.00176211,3.405,0.00442477876,0.00619469027,1,0,13
tpch_sf100_t64,TPCH SF100,tpch,100,64,Q17,4,RPT+,20,0,0,1,3.38,3.41,3.39,3.41,0.01,0.00269246516,1,3.41,0.00887573964,0.00887573964,1,0,4
tpch_sf100_t64,TPCH SF100,tpch,100,64,Q18,1,Baseline,20,0,0,1,6.24,6.28,6.259,6.321,0.04,0.00459564897,1.00652866,6.28,0.00641025641,0.0129807692,1,0,14
tpch_sf100_t64,TPCH SF100,tpch,100,64,Q18,2,Forward-only,20,0,0,1,6.25,6.28,6.259,6.332,0.0525,0.00521239843,1.00828025,6.28,0.0048,0.01312,1,0,6
tpch_sf100_t64,TPCH SF100,tpch,100,64,Q18,3,THC,20,0,0,1,8.39,9.785,9.6,9.976,0.1975,0.0358358928,1.01951967,9.785,0.166269368,0.189034565,0.05,0,9
tpch_sf100_t64,TPCH SF100,tpch,100,64,Q18,4,RPT+,20,0,0,1,6.24,6.3,6.26,6.321,0.03,0.00360386031,1.00333333,6.3,0.00961538462,0.0129807692,1,0,18
tpch_sf100_t64,TPCH SF100,tpch,100,64,Q19,1,Baseline,20,0,0,1,4.93,5.06,4.97,5.07,0.0825,0.00904119691,1.00197628,5.06,0.0263691684,0.0283975659,1,0,13
tpch_sf100_t64,TPCH SF100,tpch,100,64,Q19,2,Forward-only,20,0,0,1,4.95,5.06,4.979,5.081,0.0225,0.0295955875,1.0041502,5.06,0.0222222222,0.0264646465,0.95,0,16
tpch_sf100_t64,TPCH SF100,tpch,100,64,Q19,3,THC,20,0,0,1,4.95,5.06,4.979,5.08,0.0825,0.00864804865,1.00395257,5.06,0.0222222222,0.0262626263,1,0,4
tpch_sf100_t64,TPCH SF100,tpch,100,64,Q19,4,RPT+,20,0,0,1,5.12,5.22,5.129,5.241,0.08,0.00891206989,1.00402299,5.22,0.01953125,0.0236328125,1,0,1
tpch_sf100_t64,TPCH SF100,tpch,100,64,Q20,1,Baseline,20,0,0,1,3.56,3.72,3.678,3.761,0.02,0.0145595109,1.01102151,3.72,0.0449438202,0.0564606742,1,0,3
tpch_sf100_t64,TPCH SF100,tpch,100,64,Q20,2,Forward-only,20,0,0,1,3.47,3.71,3.672,3.741,0.0125,0.0189562648,1.0083558,3.71,0.0691642651,0.0780979827,1,0,8
tpch_sf100_t64,TPCH SF100,tpch,100,64,Q20,3,THC,20,0,0,1,3.49,3.72,3.7,3.733,0.02,0.0141745936,1.00349462,3.72,0.0659025788,0.0696275072,1,0,19
tpch_sf100_t64,TPCH SF100,tpch,100,64,Q20,4,RPT+,20,0,0,1,3.7,3.76,3.745,3.76,0.01,0.0048122255,1,3.76,0.0162162162,0.0162162162,1,0,7
tpch_sf100_t64,TPCH SF100,tpch,100,64,Q21,1,Baseline,20,0,0,1,5.19,5.345,5.218,5.391,0.0325,0.0113622718,1.00860617,5.345,0.0298651252,0.0387283237,1,0,9
tpch_sf100_t64,TPCH SF100,tpch,100,64,Q21,2,Forward-only,20,0,0,1,5.23,5.37,5.268,5.411,0.0525,0.00980033841,1.00763501,5.37,0.0267686424,0.0346080306,1,0,19
tpch_sf100_t64,TPCH SF100,tpch,100,64,Q21,3,THC,20,0,0,1,6.13,6.29,6.139,6.661,0.38,0.0313573371,1.05898251,6.29,0.0261011419,0.0866231648,1,0,1
tpch_sf100_t64,TPCH SF100,tpch,100,64,Q21,4,RPT+,20,0,0,1,5.25,5.28,5.25,5.33,0.0475,0.00572150509,1.0094697,5.28,0.00571428571,0.0152380952,1,0,0
tpch_sf100_t64,TPCH SF100,tpch,100,64,Q22,1,Baseline,20,0,0,1,0.7,0.7,0.7,0.71,0.01,0.00677995168,1.01428571,0.7,0,0.0142857143,1,0,0
tpch_sf100_t64,TPCH SF100,tpch,100,64,Q22,2,Forward-only,20,0,0,1,0.69,0.7,0.7,0.71,0.01,0.00910828483,1.01428571,0.7,0.0144927536,0.0289855072,1,0,11
tpch_sf100_t64,TPCH SF100,tpch,100,64,Q22,3,THC,20,0,0,1,0.89,0.92,0.9,0.936,0.0225,0.0283443583,1.0173913,0.92,0.0337078652,0.0516853933,0.9,0,14
tpch_sf100_t64,TPCH SF100,tpch,100,64,Q22,4,RPT+,20,0,0,1,0.69,0.7,0.7,0.701,0,0.00548261652,1.00142857,0.7,0.0144927536,0.015942029,1,0,11
tpcds_sf10_t64,TPCDS SF10,tpcds,10,64,Q01,1,Baseline,20,0,0,1,0.41,0.42,0.42,0.42,0,0.00519535035,1,0.42,0.0243902439,0.0243902439,1,0,1
tpcds_sf10_t64,TPCDS SF10,tpcds,10,64,Q01,2,Forward-only,20,0,0,1,0.41,0.42,0.42,0.42,0,0.00519535035,1,0.42,0.0243902439,0.0243902439,1,0,9
tpcds_sf10_t64,TPCDS SF10,tpcds,10,64,Q01,3,THC,20,0,0,1,0.52,0.52,0.52,0.521,0,0.00575815739,1.00192308,0.52,0,0.00192307692,1,0,0
tpcds_sf10_t64,TPCDS SF10,tpcds,10,64,Q01,4,RPT+,20,0,0,1,0.41,0.42,0.419,0.42,0,0.00715990453,1,0.42,0.0243902439,0.0243902439,1,0,3
tpcds_sf10_t64,TPCDS SF10,tpcds,10,64,Q02,1,Baseline,20,0,0,1,0.31,0.32,0.31,0.32,0.01,0.0144560747,1,0.32,0.0322580645,0.0322580645,1,0,1
tpcds_sf10_t64,TPCDS SF10,tpcds,10,64,Q02,2,Forward-only,20,0,0,1,0.31,0.32,0.31,0.32,0,0.0112110336,1,0.32,0.0322580645,0.0322580645,1,0,0
tpcds_sf10_t64,TPCDS SF10,tpcds,10,64,Q02,3,THC,20,0,0,1,0.31,0.32,0.319,0.32,0,0.00940438871,1,0.32,0.0322580645,0.0322580645,1,0,3
tpcds_sf10_t64,TPCDS SF10,tpcds,10,64,Q02,4,RPT+,20,0,0,1,0.31,0.32,0.32,0.32,0,0.0068214381,1,0.32,0.0322580645,0.0322580645,1,0,19
tpcds_sf10_t64,TPCDS SF10,tpcds,10,64,Q03,1,Baseline,20,0,0,1,0.31,0.315,0.31,0.32,0.01,0.0158730159,1.01587302,0.315,0.0161290323,0.0322580645,1,0,0
tpcds_sf10_t64,TPCDS SF10,tpcds,10,64,Q03,2,Forward-only,20,0,0,1,0.31,0.32,0.31,0.32,0,0.0112110336,1,0.32,0.0322580645,0.0322580645,1,0,2
tpcds_sf10_t64,TPCDS SF10,tpcds,10,64,Q03,3,THC,20,0,0,1,0.31,0.32,0.31,0.32,0,0.0125786164,1,0.32,0.0322580645,0.0322580645,1,0,1
tpcds_sf10_t64,TPCDS SF10,tpcds,10,64,Q03,4,RPT+,20,0,0,1,0.31,0.32,0.31,0.32,0.01,0.0144560747,1,0.32,0.0322580645,0.0322580645,1,0,0
tpcds_sf10_t64,TPCDS SF10,tpcds,10,64,Q04,1,Baseline,20,0,0,1,1.04,1.245,1.04,1.45,0.41,0.164658635,1.16465863,1.245,0.197115385,0.394230769,0.5,0,0
tpcds_sf10_t64,TPCDS SF10,tpcds,10,64,Q04,2,Forward-only,20,0,0,1,1.04,1.45,1.14,1.76,0.4425,0.164792921,1.2137931,1.45,0.394230769,0.692307692,0.2,0,2
tpcds_sf10_t64,TPCDS SF10,tpcds,10,64,Q04,3,THC,20,0,0,1,1.03,1.45,1.14,1.751,0.4575,0.165795646,1.20758621,1.45,0.40776699,0.7,0.05,0,6
tpcds_sf10_t64,TPCDS SF10,tpcds,10,64,Q04,4,RPT+,20,0,0,1,0.93,1.45,1.04,1.86,0.4875,0.230198397,1.28275862,1.45,0.559139785,1,0.05,0,17
tpcds_sf10_t64,TPCDS SF10,tpcds,10,64,Q05,1,Baseline,20,0,0,1,0.52,0.52,0.52,0.53,0.01,0.041043858,1.01923077,0.52,0,0.0192307692,0.95,0,0
tpcds_sf10_t64,TPCDS SF10,tpcds,10,64,Q05,2,Forward-only,20,0,0,1,0.52,0.52,0.52,0.52,0,0.00418722281,1,0.52,0,0,1,0,0
tpcds_sf10_t64,TPCDS SF10,tpcds,10,64,Q05,3,THC,20,0,0,1,0.52,0.62,0.52,0.62,0.09,0.0823573027,1,0.62,0.192307692,0.192307692,0.45,0,1
tpcds_sf10_t64,TPCDS SF10,tpcds,10,64,Q05,4,RPT+,20,0,0,1,0.52,0.52,0.52,0.52,0,0.0415133233,1,0.52,0,0,0.95,0,0
tpcds_sf10_t64,TPCDS SF10,tpcds,10,64,Q06,1,Baseline,20,0,0,1,0.41,0.42,0.42,0.42,0,0.00519535035,1,0.42,0.0243902439,0.0243902439,1,0,16
tpcds_sf10_t64,TPCDS SF10,tpcds,10,64,Q06,2,Forward-only,20,0,0,1,0.42,0.42,0.42,0.42,0,0,1,0.42,0,0,1,0,0
tpcds_sf10_t64,TPCDS SF10,tpcds,10,64,Q06,3,THC,20,0,0,1,0.42,0.42,0.42,0.42,0,0,1,0.42,0,0,1,0,0
tpcds_sf10_t64,TPCDS SF10,tpcds,10,64,Q06,4,RPT+,20,0,0,1,0.42,0.42,0.42,0.42,0,0,1,0.42,0,0,1,0,0
tpcds_sf10_t64,TPCDS SF10,tpcds,10,64,Q07,1,Baseline,20,0,0,1,0.52,0.52,0.52,0.62,0.01,0.0657085918,1.19230769,0.52,0,0.192307692,0.85,0,0
tpcds_sf10_t64,TPCDS SF10,tpcds,10,64,Q07,2,Forward-only,20,0,0,1,0.52,0.52,0.52,0.52,0,0,1,0.52,0,0,1,0,0
tpcds_sf10_t64,TPCDS SF10,tpcds,10,64,Q07,3,THC,20,0,0,1,0.52,0.52,0.52,0.52,0,0,1,0.52,0,0,1,0,0
tpcds_sf10_t64,TPCDS SF10,tpcds,10,64,Q07,4,RPT+,20,0,0,1,0.52,0.52,0.52,0.52,0,0,1,0.52,0,0,1,0,0
tpcds_sf10_t64,TPCDS SF10,tpcds,10,64,Q08,1,Baseline,20,0,0,1,0.93,0.93,0.93,0.93,0,0,1,0.93,0,0,1,0,0
tpcds_sf10_t64,TPCDS SF10,tpcds,10,64,Q08,2,Forward-only,20,0,0,1,0.93,0.93,0.93,0.93,0,0,1,0.93,0,0,1,0,0
tpcds_sf10_t64,TPCDS SF10,tpcds,10,64,Q08,3,THC,20,0,0,1,0.93,0.93,0.93,0.93,0,0,1,0.93,0,0,1,0,0
tpcds_sf10_t64,TPCDS SF10,tpcds,10,64,Q08,4,RPT+,20,0,0,1,0.93,0.93,0.93,0.93,0,0,1,0.93,0,0,1,0,0
tpcds_sf10_t64,TPCDS SF10,tpcds,10,64,Q09,1,Baseline,20,0,0,1,0.32,0.32,0.32,0.32,0,0,1,0.32,0,0,1,0,0
tpcds_sf10_t64,TPCDS SF10,tpcds,10,64,Q09,2,Forward-only,20,0,0,1,0.32,0.32,0.32,0.32,0,0,1,0.32,0,0,1,0,0
tpcds_sf10_t64,TPCDS SF10,tpcds,10,64,Q09,3,THC,20,0,0,1,0.32,0.32,0.32,0.32,0,0,1,0.32,0,0,1,0,0
tpcds_sf10_t64,TPCDS SF10,tpcds,10,64,Q09,4,RPT+,20,0,0,1,0.32,0.32,0.32,0.32,0,0,1,0.32,0,0,1,0,0
tpcds_sf10_t64,TPCDS SF10,tpcds,10,64,Q10,1,Baseline,20,0,0,1,0.31,0.32,0.31,0.32,0,0.0125786164,1,0.32,0.0322580645,0.0322580645,1,0,7
tpcds_sf10_t64,TPCDS SF10,tpcds,10,64,Q10,2,Forward-only,20,0,0,1,0.31,0.32,0.31,0.32,0,0.0699854771,1,0.32,0.0322580645,0.0322580645,0.95,0,4
tpcds_sf10_t64,TPCDS SF10,tpcds,10,64,Q10,3,THC,20,0,0,1,0.31,0.37,0.31,0.42,0.1,0.141617546,1.13513514,0.37,0.193548387,0.35483871,0.5,0,2
tpcds_sf10_t64,TPCDS SF10,tpcds,10,64,Q10,4,RPT+,20,0,0,1,0.31,0.32,0.31,0.32,0.0025,0.0136381953,1,0.32,0.0322580645,0.0322580645,1,0,0
tpcds_sf10_t64,TPCDS SF10,tpcds,10,64,Q11,1,Baseline,20,0,0,1,0.83,0.935,0.83,1.14,0.31,0.1444286,1.21925134,0.935,0.126506024,0.373493976,0.5,0,0
tpcds_sf10_t64,TPCDS SF10,tpcds,10,64,Q11,2,Forward-only,20,0,0,1,0.73,0.83,0.73,1.14,0.1,0.153222161,1.37349398,0.83,0.136986301,0.561643836,0.15,0,3
tpcds_sf10_t64,TPCDS SF10,tpcds,10,64,Q11,3,THC,20,0,0,1,0.73,0.83,0.82,1.14,0.31,0.16698237,1.37349398,0.83,0.136986301,0.561643836,0.1,0,4
tpcds_sf10_t64,TPCDS SF10,tpcds,10,64,Q11,4,RPT+,20,0,0,1,0.73,1.245,0.73,1.55,0.495,0.260598027,1.24497992,1.245,0.705479452,1.12328767,0.15,0.25,11
tpcds_sf10_t64,TPCDS SF10,tpcds,10,64,Q12,1,Baseline,20,0,0,1,0.31,0.32,0.31,0.32,0,0.0112110336,1,0.32,0.0322580645,0.0322580645,1,0,0
tpcds_sf10_t64,TPCDS SF10,tpcds,10,64,Q12,2,Forward-only,20,0,0,1,0.31,0.31,0.31,0.32,0.01,0.0152143413,1.03225806,0.31,0,0.0322580645,1,0,0
tpcds_sf10_t64,TPCDS SF10,tpcds,10,64,Q12,3,THC,20,0,0,1,0.31,0.32,0.31,0.32,0.01,0.0157684221,1,0.32,0.0322580645,0.0322580645,1,0,1
tpcds_sf10_t64,TPCDS SF10,tpcds,10,64,Q12,4,RPT+,20,0,0,1,0.31,0.32,0.31,0.32,0.01,0.0155030996,1,0.32,0.0322580645,0.0322580645,1,0,0
tpcds_sf10_t64,TPCDS SF10,tpcds,10,64,Q13,1,Baseline,20,0,0,1,0.52,0.52,0.52,0.521,0,0.00575815739,1.00192308,0.52,0,0.00192307692,1,0,0
tpcds_sf10_t64,TPCDS SF10,tpcds,10,64,Q13,2,Forward-only,20,0,0,1,0.52,0.52,0.52,0.539,0.01,0.0556340172,1.03653846,0.52,0,0.0365384615,0.9,0,2
tpcds_sf10_t64,TPCDS SF10,tpcds,10,64,Q13,3,THC,20,0,0,1,0.52,0.52,0.52,0.53,0.01,0.00948510426,1.01923077,0.52,0,0.0192307692,1,0,0
tpcds_sf10_t64,TPCDS SF10,tpcds,10,64,Q13,4,RPT+,20,0,0,1,0.62,0.62,0.62,0.62,0,0.0035124085,1,0.62,0,0,1,0,0
tpcds_sf10_t64,TPCDS SF10,tpcds,10,64,Q14,1,Baseline,20,0,0,1,1.14,1.15,1.14,1.15,0,0.00415297867,1,1.15,0.00877192982,0.00877192982,1,0,0
tpcds_sf10_t64,TPCDS SF10,tpcds,10,64,Q14,2,Forward-only,20,0,0,1,1.15,1.25,1.15,1.251,0.03,0.0343286081,1.0008,1.25,0.0869565217,0.087826087,1,0,7
tpcds_sf10_t64,TPCDS SF10,tpcds,10,64,Q14,3,THC,20,0,0,1,1.14,1.25,1.16,1.251,0,0.0314993635,1.0008,1.25,0.0964912281,0.0973684211,0.9,0,16
tpcds_sf10_t64,TPCDS SF10,tpcds,10,64,Q14,4,RPT+,20,0,0,1,1.25,1.26,1.25,1.36,0.11,0.0389182723,1.07936508,1.26,0.008,0.088,1,0,5
tpcds_sf10_t64,TPCDS SF10,tpcds,10,64,Q15,1,Baseline,20,0,0,1,0.21,0.21,0.21,0.21,0,0,1,0.21,0,0,1,0,0
tpcds_sf10_t64,TPCDS SF10,tpcds,10,64,Q15,2,Forward-only,20,0,0,1,0.21,0.21,0.21,0.21,0,0,1,0.21,0,0,1,0,0
tpcds_sf10_t64,TPCDS SF10,tpcds,10,64,Q15,3,THC,20,0,0,1,0.21,0.21,0.21,0.21,0,0,1,0.21,0,0,1,0,0
tpcds_sf10_t64,TPCDS SF10,tpcds,10,64,Q15,4,RPT+,20,0,0,1,0.21,0.21,0.21,0.21,0,0.111248001,1,0.21,0,0,0.95,0,0
tpcds_sf10_t64,TPCDS SF10,tpcds,10,64,Q16,1,Baseline,20,0,0,1,0.21,0.21,0.21,0.21,0,0,1,0.21,0,0,1,0,0
tpcds_sf10_t64,TPCDS SF10,tpcds,10,64,Q16,2,Forward-only,20,0,0,1,0.21,0.21,0.21,0.21,0,0,1,0.21,0,0,1,0,0
tpcds_sf10_t64,TPCDS SF10,tpcds,10,64,Q16,3,THC,20,0,0,1,0.21,0.21,0.21,0.21,0,0,1,0.21,0,0,1,0,0
tpcds_sf10_t64,TPCDS SF10,tpcds,10,64,Q16,4,RPT+,20,0,0,1,0.21,0.21,0.21,0.21,0,0,1,0.21,0,0,1,0,0
tpcds_sf10_t64,TPCDS SF10,tpcds,10,64,Q17,1,Baseline,20,0,0,1,0.42,0.57,0.42,0.63,0.21,0.16710762,1.10526316,0.57,0.357142857,0.5,0.3,0,1
tpcds_sf10_t64,TPCDS SF10,tpcds,10,64,Q17,2,Forward-only,20,0,0,1,0.42,0.42,0.42,0.52,0.1,0.101835015,1.23809524,0.42,0,0.238095238,0.7,0,0
tpcds_sf10_t64,TPCDS SF10,tpcds,10,64,Q17,3,THC,20,0,0,1,0.42,0.42,0.42,0.52,0.1,0.106499554,1.23809524,0.42,0,0.238095238,0.6,0,0
tpcds_sf10_t64,TPCDS SF10,tpcds,10,64,Q17,4,RPT+,20,0,0,1,0.52,0.52,0.52,0.52,0,0,1,0.52,0,0,1,0,0
tpcds_sf10_t64,TPCDS SF10,tpcds,10,64,Q18,1,Baseline,20,0,0,1,0.31,0.42,0.32,0.52,0.2,0.195845911,1.23809524,0.42,0.35483871,0.677419355,0.35,0,17
tpcds_sf10_t64,TPCDS SF10,tpcds,10,64,Q18,2,Forward-only,20,0,0,1,0.31,0.32,0.31,0.32,0.01,0.0150701296,1,0.32,0.0322580645,0.0322580645,1,0,0
tpcds_sf10_t64,TPCDS SF10,tpcds,10,64,Q18,3,THC,20,0,0,1,0.31,0.32,0.31,0.33,0.0025,0.0950374015,1.03125,0.32,0.0322580645,0.064516129,0.9,0,3
tpcds_sf10_t64,TPCDS SF10,tpcds,10,64,Q18,4,RPT+,20,0,0,1,0.31,0.32,0.31,0.42,0,0.110378234,1.3125,0.32,0.0322580645,0.35483871,0.85,0,6
tpcds_sf10_t64,TPCDS SF10,tpcds,10,64,Q19,1,Baseline,20,0,0,1,0.42,0.42,0.42,0.52,0,0.0820853842,1.23809524,0.42,0,0.238095238,0.85,0,0
tpcds_sf10_t64,TPCDS SF10,tpcds,10,64,Q19,2,Forward-only,20,0,0,1,0.42,0.42,0.42,0.42,0,0,1,0.42,0,0,1,0,0
tpcds_sf10_t64,TPCDS SF10,tpcds,10,64,Q19,3,THC,20,0,0,1,0.42,0.42,0.42,0.42,0,0,1,0.42,0,0,1,0,0
tpcds_sf10_t64,TPCDS SF10,tpcds,10,64,Q19,4,RPT+,20,0,0,1,0.42,0.42,0.42,0.42,0,0,1,0.42,0,0,1,0,0
tpcds_sf10_t64,TPCDS SF10,tpcds,10,64,Q20,1,Baseline,20,0,0,1,0.21,0.21,0.21,0.21,0,0,1,0.21,0,0,1,0,0
tpcds_sf10_t64,TPCDS SF10,tpcds,10,64,Q20,2,Forward-only,20,0,0,1,0.21,0.31,0.31,0.32,0,0.0731552604,1.03225806,0.31,0.476190476,0.523809524,0.05,0,15
tpcds_sf10_t64,TPCDS SF10,tpcds,10,64,Q20,3,THC,20,0,0,1,0.31,0.31,0.31,0.32,0,0.011462967,1.03225806,0.31,0,0.0322580645,1,0,0
tpcds_sf10_t64,TPCDS SF10,tpcds,10,64,Q20,4,RPT+,20,0,0,1,0.31,0.32,0.31,0.32,0,0.0112110336,1,0.32,0.0322580645,0.0322580645,1,0,7
tpcds_sf10_t64,TPCDS SF10,tpcds,10,64,Q21,1,Baseline,20,0,0,1,0.21,0.21,0.21,0.21,0,0,1,0.21,0,0,1,0,0
tpcds_sf10_t64,TPCDS SF10,tpcds,10,64,Q21,2,Forward-only,20,0,0,1,0.21,0.21,0.21,0.21,0,0,1,0.21,0,0,1,0,0
tpcds_sf10_t64,TPCDS SF10,tpcds,10,64,Q21,3,THC,20,0,0,1,0.21,0.21,0.21,0.21,0,0.0103536792,1,0.21,0,0,1,0,0
tpcds_sf10_t64,TPCDS SF10,tpcds,10,64,Q21,4,RPT+,20,0,0,1,0.21,0.21,0.21,0.21,0,0.111248001,1,0.21,0,0,0.95,0,0
tpcds_sf10_t64,TPCDS SF10,tpcds,10,64,Q22,1,Baseline,20,0,0,1,2.62,2.72,2.638,2.731,0.02,0.0133961279,1.00404412,2.72,0.0381679389,0.0423664122,1,0,2
tpcds_sf10_t64,TPCDS SF10,tpcds,10,64,Q22,2,Forward-only,20,0,0,1,2.71,2.73,2.719,2.74,0.0125,0.00371506962,1.003663,2.73,0.0073800738,0.0110701107,1,0,6
tpcds_sf10_t64,TPCDS SF10,tpcds,10,64,Q22,3,THC,20,0,0,1,2.63,2.72,2.71,2.73,0.01,0.00776980593,1.00367647,2.72,0.0342205323,0.0380228137,1,0,17
tpcds_sf10_t64,TPCDS SF10,tpcds,10,64,Q22,4,RPT+,20,0,0,1,2.64,2.73,2.719,2.74,0.02,0.00822376209,1.003663,2.73,0.0340909091,0.0378787879,1,0,9
tpcds_sf10_t64,TPCDS SF10,tpcds,10,64,Q23,1,Baseline,20,0,0,1,0.93,0.94,0.93,0.94,0.0025,0.00461880215,1,0.94,0.0107526882,0.0107526882,1,0,0
tpcds_sf10_t64,TPCDS SF10,tpcds,10,64,Q23,2,Forward-only,20,0,0,1,0.93,0.94,0.93,0.94,0.01,0.00489068911,1,0.94,0.0107526882,0.0107526882,1,0,1
tpcds_sf10_t64,TPCDS SF10,tpcds,10,64,Q23,3,THC,20,0,0,1,0.93,0.94,0.93,0.94,0.0025,0.0241656063,1,0.94,0.0107526882,0.0107526882,0.95,0,1
tpcds_sf10_t64,TPCDS SF10,tpcds,10,64,Q23,4,RPT+,20,0,0,1,0.93,0.94,0.93,0.94,0.01,0.00509310839,1,0.94,0.0107526882,0.0107526882,1,0,3
tpcds_sf10_t64,TPCDS SF10,tpcds,10,64,Q24,1,Baseline,20,0,0,1,0.52,0.575,0.52,1.381,0.11,0.549588718,2.40173913,0.575,0.105769231,1.65576923,0.5,0.15,3
tpcds_sf10_t64,TPCDS SF10,tpcds,10,64,Q24,2,Forward-only,20,0,0,1,0.42,0.52,0.52,1.491,0,0.785818027,2.86730769,0.52,0.238095238,2.55,0.05,0.15,0
tpcds_sf10_t64,TPCDS SF10,tpcds,10,64,Q24,3,THC,20,0,0,1,0.52,0.52,0.52,1.701,0,0.855296477,3.27115385,0.52,0,2.27115385,0.8,0.15,0
tpcds_sf10_t64,TPCDS SF10,tpcds,10,64,Q24,4,RPT+,20,0,0,1,0.52,0.52,0.52,1.481,0,0.570451425,2.84807692,0.52,0,1.84807692,0.8,0.15,0
tpcds_sf10_t64,TPCDS SF10,tpcds,10,64,Q25,1,Baseline,20,0,0,1,0.52,0.52,0.52,0.63,0.1025,0.089930348,1.21153846,0.52,0,0.211538462,0.7,0,1
tpcds_sf10_t64,TPCDS SF10,tpcds,10,64,Q25,2,Forward-only,20,0,0,1,0.52,0.52,0.52,0.52,0,0,1,0.52,0,0,1,0,0
tpcds_sf10_t64,TPCDS SF10,tpcds,10,64,Q25,3,THC,20,0,0,1,0.42,0.52,0.52,0.52,0,0.0427100657,1,0.52,0.238095238,0.238095238,0.05,0,1
tpcds_sf10_t64,TPCDS SF10,tpcds,10,64,Q25,4,RPT+,20,0,0,1,0.52,0.52,0.52,0.52,0,0,1,0.52,0,0,1,0,0
tpcds_sf10_t64,TPCDS SF10,tpcds,10,64,Q26,1,Baseline,20,0,0,1,0.21,0.26,0.21,0.32,0.1,0.198913194,1.23076923,0.26,0.238095238,0.523809524,0.5,0,0
tpcds_sf10_t64,TPCDS SF10,tpcds,10,64,Q26,2,Forward-only,20,0,0,1,0.21,0.21,0.21,0.22,0,0.136363636,1.04761905,0.21,0,0.0476190476,0.9,0,1
tpcds_sf10_t64,TPCDS SF10,tpcds,10,64,Q26,3,THC,20,0,0,1,0.21,0.21,0.21,0.21,0,0,1,0.21,0,0,1,0,0
tpcds_sf10_t64,TPCDS SF10,tpcds,10,64,Q26,4,RPT+,20,0,0,1,0.21,0.21,0.21,0.21,0,0,1,0.21,0,0,1,0,0
tpcds_sf10_t64,TPCDS SF10,tpcds,10,64,Q27,1,Baseline,20,0,0,1,0.52,0.62,0.52,0.84,0,0.179202206,1.35483871,0.62,0.192307692,0.615384615,0.2,0,0
tpcds_sf10_t64,TPCDS SF10,tpcds,10,64,Q27,2,Forward-only,20,0,0,1,0.52,0.52,0.52,0.52,0,0.00418722281,1,0.52,0,0,1,0,0
tpcds_sf10_t64,TPCDS SF10,tpcds,10,64,Q27,3,THC,20,0,0,1,0.52,0.52,0.52,0.521,0,0.00575815739,1.00192308,0.52,0,0.00192307692,1,0,0
tpcds_sf10_t64,TPCDS SF10,tpcds,10,64,Q27,4,RPT+,20,0,0,1,0.52,0.52,0.52,0.521,0,0.00575815739,1.00192308,0.52,0,0.00192307692,1,0,1
tpcds_sf10_t64,TPCDS SF10,tpcds,10,64,Q28,1,Baseline,20,0,0,1,0.52,0.52,0.52,0.53,0.01,0.0112391097,1.01923077,0.52,0,0.0192307692,1,0,0
tpcds_sf10_t64,TPCDS SF10,tpcds,10,64,Q28,2,Forward-only,20,0,0,1,0.52,0.52,0.52,0.53,0.01,0.00911116716,1.01923077,0.52,0,0.0192307692,1,0,0
tpcds_sf10_t64,TPCDS SF10,tpcds,10,64,Q28,3,THC,20,0,0,1,0.52,0.525,0.52,0.53,0.01,0.00952380952,1.00952381,0.525,0.00961538462,0.0192307692,1,0,0
tpcds_sf10_t64,TPCDS SF10,tpcds,10,64,Q28,4,RPT+,20,0,0,1,0.52,0.53,0.52,0.53,0.01,0.00946705459,1,0.53,0.0192307692,0.0192307692,1,0,1
tpcds_sf10_t64,TPCDS SF10,tpcds,10,64,Q29,1,Baseline,20,0,0,1,0.52,0.52,0.52,0.63,0.11,0.0911543086,1.21153846,0.52,0,0.211538462,0.7,0,1
tpcds_sf10_t64,TPCDS SF10,tpcds,10,64,Q29,2,Forward-only,20,0,0,1,0.52,0.52,0.52,0.52,0,0.00418722281,1,0.52,0,0,1,0,0
tpcds_sf10_t64,TPCDS SF10,tpcds,10,64,Q29,3,THC,20,0,0,1,0.52,0.52,0.52,0.521,0,0.00575815739,1.00192308,0.52,0,0.00192307692,1,0,0
tpcds_sf10_t64,TPCDS SF10,tpcds,10,64,Q29,4,RPT+,20,0,0,1,0.52,0.52,0.52,0.539,0,0.0563852442,1.03653846,0.52,0,0.0365384615,0.9,0,0
tpcds_sf10_t64,TPCDS SF10,tpcds,10,64,Q30,1,Baseline,20,0,0,1,0.31,0.32,0.31,0.32,0.01,0.0150701296,1,0.32,0.0322580645,0.0322580645,1,0,2
tpcds_sf10_t64,TPCDS SF10,tpcds,10,64,Q30,2,Forward-only,20,0,0,1,0.31,0.32,0.31,0.32,0.01,0.0144560747,1,0.32,0.0322580645,0.0322580645,1,0,2
tpcds_sf10_t64,TPCDS SF10,tpcds,10,64,Q30,3,THC,20,0,0,1,0.31,0.32,0.31,0.32,0.01,0.0144560747,1,0.32,0.0322580645,0.0322580645,1,0,0
tpcds_sf10_t64,TPCDS SF10,tpcds,10,64,Q30,4,RPT+,20,0,0,1,0.31,0.32,0.31,0.32,0.0025,0.0136381953,1,0.32,0.0322580645,0.0322580645,1,0,5
tpcds_sf10_t64,TPCDS SF10,tpcds,10,64,Q31,1,Baseline,20,0,0,1,0.42,0.42,0.42,0.42,0,0,1,0.42,0,0,1,0,0
tpcds_sf10_t64,TPCDS SF10,tpcds,10,64,Q31,2,Forward-only,20,0,0,1,0.42,0.42,0.42,0.42,0,0,1,0.42,0,0,1,0,0
tpcds_sf10_t64,TPCDS SF10,tpcds,10,64,Q31,3,THC,20,0,0,1,0.42,0.42,0.42,0.42,0,0,1,0.42,0,0,1,0,0
tpcds_sf10_t64,TPCDS SF10,tpcds,10,64,Q31,4,RPT+,20,0,0,1,0.52,0.52,0.52,0.52,0,0,1,0.52,0,0,1,0,0
tpcds_sf10_t64,TPCDS SF10,tpcds,10,64,Q32,1,Baseline,20,0,0,1,0.21,0.21,0.21,0.21,0,0,1,0.21,0,0,1,0,0
tpcds_sf10_t64,TPCDS SF10,tpcds,10,64,Q32,2,Forward-only,20,0,0,1,0.21,0.21,0.21,0.21,0,0,1,0.21,0,0,1,0,0
tpcds_sf10_t64,TPCDS SF10,tpcds,10,64,Q32,3,THC,20,0,0,1,0.21,0.21,0.21,0.21,0,0,1,0.21,0,0,1,0,0
tpcds_sf10_t64,TPCDS SF10,tpcds,10,64,Q32,4,RPT+,20,0,0,1,0.21,0.21,0.21,0.21,0,0,1,0.21,0,0,1,0,0
tpcds_sf10_t64,TPCDS SF10,tpcds,10,64,Q33,1,Baseline,20,0,0,1,0.41,0.42,0.42,0.42,0,0.00752923252,1,0.42,0.0243902439,0.0243902439,1,0,6
tpcds_sf10_t64,TPCDS SF10,tpcds,10,64,Q33,2,Forward-only,20,0,0,1,0.42,0.42,0.42,0.42,0,0,1,0.42,0,0,1,0,0
tpcds_sf10_t64,TPCDS SF10,tpcds,10,64,Q33,3,THC,20,0,0,1,0.42,0.42,0.42,0.421,0,0.0512074232,1.00238095,0.42,0,0.00238095238,0.95,0,0
tpcds_sf10_t64,TPCDS SF10,tpcds,10,64,Q33,4,RPT+,20,0,0,1,0.42,0.47,0.42,0.52,0.1,0.106382979,1.10638298,0.47,0.119047619,0.238095238,0.5,0,3
tpcds_sf10_t64,TPCDS SF10,tpcds,10,64,Q34,1,Baseline,20,0,0,1,0.31,0.315,0.31,0.32,0.01,0.0158730159,1.01587302,0.315,0.0161290323,0.0322580645,1,0,0
tpcds_sf10_t64,TPCDS SF10,tpcds,10,64,Q34,2,Forward-only,20,0,0,1,0.31,0.32,0.31,0.32,0.01,0.0144560747,1,0.32,0.0322580645,0.0322580645,1,0,2
tpcds_sf10_t64,TPCDS SF10,tpcds,10,64,Q34,3,THC,20,0,0,1,0.31,0.32,0.31,0.32,0,0.0112110336,1,0.32,0.0322580645,0.0322580645,1,0,5
tpcds_sf10_t64,TPCDS SF10,tpcds,10,64,Q34,4,RPT+,20,0,0,1,0.31,0.42,0.32,0.42,0.1,0.13443605,1,0.42,0.35483871,0.35483871,0.45,0,8
tpcds_sf10_t64,TPCDS SF10,tpcds,10,64,Q35,1,Baseline,20,0,0,1,0.42,0.52,0.42,0.52,0.1,0.0983442476,1,0.52,0.238095238,0.238095238,0.35,0,1
tpcds_sf10_t64,TPCDS SF10,tpcds,10,64,Q35,2,Forward-only,20,0,0,1,0.42,0.52,0.42,0.52,0.1,0.093521953,1,0.52,0.238095238,0.238095238,0.3,0,5
tpcds_sf10_t64,TPCDS SF10,tpcds,10,64,Q35,3,THC,20,0,0,1,0.52,0.52,0.52,0.52,0,0,1,0.52,0,0,1,0,0
tpcds_sf10_t64,TPCDS SF10,tpcds,10,64,Q35,4,RPT+,20,0,0,1,0.42,0.52,0.42,0.52,0,0.0707072122,1,0.52,0.238095238,0.238095238,0.15,0,4
tpcds_sf10_t64,TPCDS SF10,tpcds,10,64,Q36,1,Baseline,20,0,0,1,0.52,0.52,0.52,0.73,0.0525,0.158834354,1.40384615,0.52,0,0.403846154,0.75,0,0
tpcds_sf10_t64,TPCDS SF10,tpcds,10,64,Q36,2,Forward-only,20,0,0,1,0.42,0.52,0.52,0.73,0.05,0.1683449,1.40384615,0.52,0.238095238,0.738095238,0.05,0,11
tpcds_sf10_t64,TPCDS SF10,tpcds,10,64,Q36,3,THC,20,0,0,1,0.42,0.52,0.42,0.73,0.0525,0.189139881,1.40384615,0.52,0.238095238,0.738095238,0.15,0,8
tpcds_sf10_t64,TPCDS SF10,tpcds,10,64,Q36,4,RPT+,20,0,0,1,0.52,0.52,0.52,0.73,0.0525,0.158834354,1.40384615,0.52,0,0.403846154,0.75,0,0
tpcds_sf10_t64,TPCDS SF10,tpcds,10,64,Q37,1,Baseline,20,0,0,1,0.21,0.63,0.21,1.14,0.5625,0.531610578,1.80952381,0.63,2,4.42857143,0.25,0.6,2
tpcds_sf10_t64,TPCDS SF10,tpcds,10,64,Q37,2,Forward-only,20,0,0,1,0.21,0.21,0.21,0.42,0.21,0.377685093,2,0.21,0,1,0.65,0.05,0
tpcds_sf10_t64,TPCDS SF10,tpcds,10,64,Q37,3,THC,20,0,0,1,0.21,0.21,0.21,0.42,0.21,0.377685093,2,0.21,0,1,0.65,0.05,0
tpcds_sf10_t64,TPCDS SF10,tpcds,10,64,Q37,4,RPT+,20,0,0,1,0.21,0.21,0.21,0.21,0,0,1,0.21,0,0,1,0,0
tpcds_sf10_t64,TPCDS SF10,tpcds,10,64,Q38,1,Baseline,20,0,0,1,0.41,0.42,0.42,0.42,0,0.00519535035,1,0.42,0.0243902439,0.0243902439,1,0,17
tpcds_sf10_t64,TPCDS SF10,tpcds,10,64,Q38,2,Forward-only,20,0,0,1,0.42,0.42,0.42,0.42,0,0,1,0.42,0,0,1,0,0
tpcds_sf10_t64,TPCDS SF10,tpcds,10,64,Q38,3,THC,20,0,0,1,0.42,0.42,0.42,0.42,0,0,1,0.42,0,0,1,0,0
tpcds_sf10_t64,TPCDS SF10,tpcds,10,64,Q38,4,RPT+,20,0,0,1,0.42,0.42,0.42,0.42,0,0,1,0.42,0,0,1,0,0
tpcds_sf10_t64,TPCDS SF10,tpcds,10,64,Q39,1,Baseline,20,0,0,1,0.32,0.42,0.42,0.52,0,0.101369743,1.23809524,0.42,0.3125,0.625,0.05,0,18
tpcds_sf10_t64,TPCDS SF10,tpcds,10,64,Q39,2,Forward-only,20,0,0,1,0.32,0.42,0.32,0.42,0.025,0.127475488,1,0.42,0.3125,0.3125,0.25,0,7
tpcds_sf10_t64,TPCDS SF10,tpcds,10,64,Q39,3,THC,20,0,0,1,0.32,0.42,0.32,0.42,0,0.1,1,0.42,0.3125,0.3125,0.2,0,0
tpcds_sf10_t64,TPCDS SF10,tpcds,10,64,Q39,4,RPT+,20,0,0,1,0.42,0.42,0.42,0.52,0,0.0820853842,1.23809524,0.42,0,0.238095238,0.85,0,0
tpcds_sf10_t64,TPCDS SF10,tpcds,10,64,Q40,1,Baseline,20,0,0,1,0.21,0.21,0.21,0.21,0,0,1,0.21,0,0,1,0,0
tpcds_sf10_t64,TPCDS SF10,tpcds,10,64,Q40,2,Forward-only,20,0,0,1,0.21,0.21,0.21,0.21,0,0,1,0.21,0,0,1,0,0
tpcds_sf10_t64,TPCDS SF10,tpcds,10,64,Q40,3,THC,20,0,0,1,0.21,0.21,0.21,0.21,0,0,1,0.21,0,0,1,0,0
tpcds_sf10_t64,TPCDS SF10,tpcds,10,64,Q40,4,RPT+,20,0,0,1,0.21,0.21,0.21,0.21,0,0,1,0.21,0,0,1,0,0
tpcds_sf10_t64,TPCDS SF10,tpcds,10,64,Q41,1,Baseline,20,0,0,1,0.21,0.21,0.21,0.21,0,0,1,0.21,0,0,1,0,0
tpcds_sf10_t64,TPCDS SF10,tpcds,10,64,Q41,2,Forward-only,20,0,0,1,0.21,0.21,0.21,0.21,0,0,1,0.21,0,0,1,0,0
tpcds_sf10_t64,TPCDS SF10,tpcds,10,64,Q41,3,THC,20,0,0,1,0.21,0.21,0.21,0.21,0,0,1,0.21,0,0,1,0,0
tpcds_sf10_t64,TPCDS SF10,tpcds,10,64,Q41,4,RPT+,20,0,0,1,0.21,0.21,0.21,0.21,0,0,1,0.21,0,0,1,0,0
tpcds_sf10_t64,TPCDS SF10,tpcds,10,64,Q42,1,Baseline,20,0,0,1,0.31,0.32,0.31,0.32,0,0.0112110336,1,0.32,0.0322580645,0.0322580645,1,0,7
tpcds_sf10_t64,TPCDS SF10,tpcds,10,64,Q42,2,Forward-only,20,0,0,1,0.31,0.32,0.31,0.32,0.01,0.0144560747,1,0.32,0.0322580645,0.0322580645,1,0,3
tpcds_sf10_t64,TPCDS SF10,tpcds,10,64,Q42,3,THC,20,0,0,1,0.31,0.32,0.31,0.32,0,0.0112110336,1,0.32,0.0322580645,0.0322580645,1,0,5
tpcds_sf10_t64,TPCDS SF10,tpcds,10,64,Q42,4,RPT+,20,0,0,1,0.31,0.32,0.31,0.32,0,0.0112110336,1,0.32,0.0322580645,0.0322580645,1,0,5
tpcds_sf10_t64,TPCDS SF10,tpcds,10,64,Q43,1,Baseline,20,0,0,1,0.31,0.32,0.31,0.32,0.01,0.0144560747,1,0.32,0.0322580645,0.0322580645,1,0,3
tpcds_sf10_t64,TPCDS SF10,tpcds,10,64,Q43,2,Forward-only,20,0,0,1,0.31,0.32,0.31,0.32,0.0025,0.0136381953,1,0.32,0.0322580645,0.0322580645,1,0,4
tpcds_sf10_t64,TPCDS SF10,tpcds,10,64,Q43,3,THC,20,0,0,1,0.31,0.32,0.31,0.32,0.0025,0.0136381953,1,0.32,0.0322580645,0.0322580645,1,0,3
tpcds_sf10_t64,TPCDS SF10,tpcds,10,64,Q43,4,RPT+,20,0,0,1,0.31,0.42,0.42,0.42,0,0.0578382248,1,0.42,0.35483871,0.35483871,0.05,0,6
tpcds_sf10_t64,TPCDS SF10,tpcds,10,64,Q44,1,Baseline,20,0,0,1,90.65,92.635,91.018,93.735,1.235,0.0134150073,1.01187456,92.635,0.0218974076,0.0340319912,1,0,9
tpcds_sf10_t64,TPCDS SF10,tpcds,10,64,Q44,2,Forward-only,20,0,0,1,91.17,92.57,91.664,93.735,0.995,0.00956124755,1.01258507,92.57,0.0153559285,0.0281342547,1,0,19
tpcds_sf10_t64,TPCDS SF10,tpcds,10,64,Q44,3,THC,20,0,0,1,90.51,92.975,91.196,95.286,2.1975,0.0162836402,1.02485614,92.975,0.0272345597,0.05276765,1,0,19
tpcds_sf10_t64,TPCDS SF10,tpcds,10,64,Q44,4,RPT+,20,0,0,1,83.8,85.675,84.793,87.237,1.5675,0.0116825475,1.01823169,85.675,0.0223747017,0.0410143198,1,0,2
tpcds_sf10_t64,TPCDS SF10,tpcds,10,64,Q45,1,Baseline,20,0,0,1,0.31,0.31,0.31,0.32,0.01,0.0158185602,1.03225806,0.31,0,0.0322580645,1,0,0
tpcds_sf10_t64,TPCDS SF10,tpcds,10,64,Q45,2,Forward-only,20,0,0,1,0.31,0.315,0.31,0.32,0.01,0.0158730159,1.01587302,0.315,0.0161290323,0.0322580645,1,0,0
tpcds_sf10_t64,TPCDS SF10,tpcds,10,64,Q45,3,THC,20,0,0,1,0.31,0.32,0.31,0.32,0.01,0.0144560747,1,0.32,0.0322580645,0.0322580645,1,0,3
tpcds_sf10_t64,TPCDS SF10,tpcds,10,64,Q45,4,RPT+,20,0,0,1,0.31,0.32,0.31,0.32,0.0025,0.0136381953,1,0.32,0.0322580645,0.0322580645,1,0,0
tpcds_sf10_t64,TPCDS SF10,tpcds,10,64,Q46,1,Baseline,20,0,0,1,0.52,0.52,0.52,0.52,0,0,1,0.52,0,0,1,0,0
tpcds_sf10_t64,TPCDS SF10,tpcds,10,64,Q46,2,Forward-only,20,0,0,1,0.52,0.52,0.52,0.52,0,0,1,0.52,0,0,1,0,0
tpcds_sf10_t64,TPCDS SF10,tpcds,10,64,Q46,3,THC,20,0,0,1,0.52,0.52,0.52,0.52,0,0,1,0.52,0,0,1,0,0
tpcds_sf10_t64,TPCDS SF10,tpcds,10,64,Q46,4,RPT+,20,0,0,1,0.52,0.52,0.52,0.52,0,0,1,0.52,0,0,1,0,0
tpcds_sf10_t64,TPCDS SF10,tpcds,10,64,Q47,1,Baseline,20,0,0,1,0.73,0.73,0.73,0.73,0,0,1,0.73,0,0,1,0,0
tpcds_sf10_t64,TPCDS SF10,tpcds,10,64,Q47,2,Forward-only,20,0,0,1,0.73,0.73,0.73,0.73,0,0,1,0.73,0,0,1,0,0
tpcds_sf10_t64,TPCDS SF10,tpcds,10,64,Q47,3,THC,20,0,0,1,0.73,0.73,0.73,0.73,0,0,1,0.73,0,0,1,0,0
tpcds_sf10_t64,TPCDS SF10,tpcds,10,64,Q47,4,RPT+,20,0,0,1,0.73,0.73,0.73,0.73,0,0,1,0.73,0,0,1,0,0
tpcds_sf10_t64,TPCDS SF10,tpcds,10,64,Q48,1,Baseline,20,0,0,1,0.42,0.52,0.42,0.52,0.1,0.0983442476,1,0.52,0.238095238,0.238095238,0.35,0,1
tpcds_sf10_t64,TPCDS SF10,tpcds,10,64,Q48,2,Forward-only,20,0,0,1,0.42,0.52,0.51,0.52,0,0.0588235294,1,0.52,0.238095238,0.238095238,0.1,0,5
tpcds_sf10_t64,TPCDS SF10,tpcds,10,64,Q48,3,THC,20,0,0,1,0.52,0.52,0.52,0.52,0,0.00418722281,1,0.52,0,0,1,0,0
tpcds_sf10_t64,TPCDS SF10,tpcds,10,64,Q48,4,RPT+,20,0,0,1,0.52,0.52,0.52,0.62,0.0025,0.0660669075,1.19230769,0.52,0,0.192307692,0.85,0,1
tpcds_sf10_t64,TPCDS SF10,tpcds,10,64,Q49,1,Baseline,20,0,0,1,0.52,0.52,0.52,0.52,0,0,1,0.52,0,0,1,0,0
tpcds_sf10_t64,TPCDS SF10,tpcds,10,64,Q49,2,Forward-only,20,0,0,1,0.52,0.52,0.52,0.52,0,0,1,0.52,0,0,1,0,0
tpcds_sf10_t64,TPCDS SF10,tpcds,10,64,Q49,3,THC,20,0,0,1,0.52,0.52,0.52,0.52,0,0,1,0.52,0,0,1,0,0
tpcds_sf10_t64,TPCDS SF10,tpcds,10,64,Q49,4,RPT+,20,0,0,1,0.52,0.52,0.52,0.52,0,0,1,0.52,0,0,1,0,0
tpcds_sf10_t64,TPCDS SF10,tpcds,10,64,Q50,1,Baseline,20,0,0,1,0.42,0.47,0.42,0.52,0.1,0.106382979,1.10638298,0.47,0.119047619,0.238095238,0.5,0,2
tpcds_sf10_t64,TPCDS SF10,tpcds,10,64,Q50,2,Forward-only,20,0,0,1,0.42,0.42,0.42,0.42,0,0,1,0.42,0,0,1,0,0
tpcds_sf10_t64,TPCDS SF10,tpcds,10,64,Q50,3,THC,20,0,0,1,0.42,0.42,0.42,0.42,0,0,1,0.42,0,0,1,0,0
tpcds_sf10_t64,TPCDS SF10,tpcds,10,64,Q50,4,RPT+,20,0,0,1,0.42,0.42,0.42,0.42,0,0,1,0.42,0,0,1,0,0
tpcds_sf10_t64,TPCDS SF10,tpcds,10,64,Q51,1,Baseline,20,0,0,1,0.93,1.04,0.939,1.04,0.1,0.0543212598,1,1.04,0.11827957,0.11827957,0.3,0,2
tpcds_sf10_t64,TPCDS SF10,tpcds,10,64,Q51,2,Forward-only,20,0,0,1,0.93,1.04,0.939,1.05,0.1,0.062636862,1.00961538,1.04,0.11827957,0.129032258,0.35,0,12
tpcds_sf10_t64,TPCDS SF10,tpcds,10,64,Q51,3,THC,20,0,0,1,0.93,1.04,0.939,1.04,0.1,0.0589764984,1,1.04,0.11827957,0.11827957,0.45,0,11
tpcds_sf10_t64,TPCDS SF10,tpcds,10,64,Q51,4,RPT+,20,0,0,1,0.94,1.04,1.03,1.14,0.1,0.0584502329,1.09615385,1.04,0.106382979,0.212765957,0.1,0,3
tpcds_sf10_t64,TPCDS SF10,tpcds,10,64,Q52,1,Baseline,20,0,0,1,0.31,0.32,0.31,0.32,0,0.0125786164,1,0.32,0.0322580645,0.0322580645,1,0,5
tpcds_sf10_t64,TPCDS SF10,tpcds,10,64,Q52,2,Forward-only,20,0,0,1,0.31,0.32,0.31,0.32,0.01,0.0157684221,1,0.32,0.0322580645,0.0322580645,1,0,4
tpcds_sf10_t64,TPCDS SF10,tpcds,10,64,Q52,3,THC,20,0,0,1,0.31,0.32,0.31,0.32,0.01,0.0144560747,1,0.32,0.0322580645,0.0322580645,1,0,0
tpcds_sf10_t64,TPCDS SF10,tpcds,10,64,Q52,4,RPT+,20,0,0,1,0.31,0.32,0.31,0.32,0.01,0.0144560747,1,0.32,0.0322580645,0.0322580645,1,0,5
tpcds_sf10_t64,TPCDS SF10,tpcds,10,64,Q53,1,Baseline,20,0,0,1,0.42,0.42,0.42,0.42,0,0,1,0.42,0,0,1,0,0
tpcds_sf10_t64,TPCDS SF10,tpcds,10,64,Q53,2,Forward-only,20,0,0,1,0.42,0.42,0.42,0.42,0,0,1,0.42,0,0,1,0,0
tpcds_sf10_t64,TPCDS SF10,tpcds,10,64,Q53,3,THC,20,0,0,1,0.42,0.42,0.42,0.42,0,0,1,0.42,0,0,1,0,0
tpcds_sf10_t64,TPCDS SF10,tpcds,10,64,Q53,4,RPT+,20,0,0,1,0.42,0.42,0.42,0.42,0,0,1,0.42,0,0,1,0,0
tpcds_sf10_t64,TPCDS SF10,tpcds,10,64,Q54,1,Baseline,0,20,0,0,,,,,,,,300,,,,,
tpcds_sf10_t64,TPCDS SF10,tpcds,10,64,Q54,2,Forward-only,0,20,0,0,,,,,,,,300,,,,,
tpcds_sf10_t64,TPCDS SF10,tpcds,10,64,Q54,3,THC,0,20,0,0,,,,,,,,300,,,,,
tpcds_sf10_t64,TPCDS SF10,tpcds,10,64,Q54,4,RPT+,0,20,0,0,,,,,,,,300,,,,,
tpcds_sf10_t64,TPCDS SF10,tpcds,10,64,Q55,1,Baseline,20,0,0,1,0.31,0.32,0.31,0.32,0.01,0.0144560747,1,0.32,0.0322580645,0.0322580645,1,0,0
tpcds_sf10_t64,TPCDS SF10,tpcds,10,64,Q55,2,Forward-only,20,0,0,1,0.31,0.32,0.31,0.32,0.0025,0.0136381953,1,0.32,0.0322580645,0.0322580645,1,0,1
tpcds_sf10_t64,TPCDS SF10,tpcds,10,64,Q55,3,THC,20,0,0,1,0.31,0.32,0.31,0.32,0,0.0125786164,1,0.32,0.0322580645,0.0322580645,1,0,2
tpcds_sf10_t64,TPCDS SF10,tpcds,10,64,Q55,4,RPT+,20,0,0,1,0.31,0.32,0.31,0.32,0,0.0125786164,1,0.32,0.0322580645,0.0322580645,1,0,0
tpcds_sf10_t64,TPCDS SF10,tpcds,10,64,Q56,1,Baseline,20,0,0,1,0.42,0.42,0.42,0.52,0.1,0.104828484,1.23809524,0.42,0,0.238095238,0.65,0,1
tpcds_sf10_t64,TPCDS SF10,tpcds,10,64,Q56,2,Forward-only,20,0,0,1,0.42,0.47,0.42,0.52,0.1,0.106382979,1.10638298,0.47,0.119047619,0.238095238,0.5,0,0
tpcds_sf10_t64,TPCDS SF10,tpcds,10,64,Q56,3,THC,20,0,0,1,0.42,0.42,0.42,0.52,0.1,0.104828484,1.23809524,0.42,0,0.238095238,0.65,0,0
tpcds_sf10_t64,TPCDS SF10,tpcds,10,64,Q56,4,RPT+,20,0,0,1,0.42,0.42,0.42,0.52,0.1,0.106987896,1.23809524,0.42,0,0.238095238,0.55,0,0
tpcds_sf10_t64,TPCDS SF10,tpcds,10,64,Q57,1,Baseline,20,0,0,1,0.42,0.42,0.42,0.42,0,0,1,0.42,0,0,1,0,0
tpcds_sf10_t64,TPCDS SF10,tpcds,10,64,Q57,2,Forward-only,20,0,0,1,0.42,0.42,0.42,0.42,0,0,1,0.42,0,0,1,0,0
tpcds_sf10_t64,TPCDS SF10,tpcds,10,64,Q57,3,THC,20,0,0,1,0.42,0.42,0.42,0.42,0,0,1,0.42,0,0,1,0,0
tpcds_sf10_t64,TPCDS SF10,tpcds,10,64,Q57,4,RPT+,20,0,0,1,0.52,0.52,0.52,0.53,0,0.00684700712,1.01923077,0.52,0,0.0192307692,1,0,0
tpcds_sf10_t64,TPCDS SF10,tpcds,10,64,Q58,1,Baseline,20,0,0,1,0.52,0.52,0.52,0.52,0,0,1,0.52,0,0,1,0,0
tpcds_sf10_t64,TPCDS SF10,tpcds,10,64,Q58,2,Forward-only,20,0,0,1,0.52,0.52,0.52,0.52,0,0,1,0.52,0,0,1,0,0
tpcds_sf10_t64,TPCDS SF10,tpcds,10,64,Q58,3,THC,20,0,0,1,0.52,0.52,0.52,0.52,0,0,1,0.52,0,0,1,0,0
tpcds_sf10_t64,TPCDS SF10,tpcds,10,64,Q58,4,RPT+,20,0,0,1,0.52,0.52,0.52,0.52,0,0,1,0.52,0,0,1,0,0
tpcds_sf10_t64,TPCDS SF10,tpcds,10,64,Q59,1,Baseline,20,0,0,1,0.52,0.52,0.52,0.52,0,0,1,0.52,0,0,1,0,0
tpcds_sf10_t64,TPCDS SF10,tpcds,10,64,Q59,2,Forward-only,20,0,0,1,0.52,0.52,0.52,0.52,0,0,1,0.52,0,0,1,0,0
tpcds_sf10_t64,TPCDS SF10,tpcds,10,64,Q59,3,THC,20,0,0,1,0.52,0.52,0.52,0.52,0,0,1,0.52,0,0,1,0,0
tpcds_sf10_t64,TPCDS SF10,tpcds,10,64,Q59,4,RPT+,20,0,0,1,0.52,0.52,0.52,0.52,0,0,1,0.52,0,0,1,0,0
tpcds_sf10_t64,TPCDS SF10,tpcds,10,64,Q60,1,Baseline,20,0,0,1,0.42,0.52,0.42,0.52,0,0.0707072122,1,0.52,0.238095238,0.238095238,0.15,0,7
tpcds_sf10_t64,TPCDS SF10,tpcds,10,64,Q60,2,Forward-only,20,0,0,1,0.42,0.52,0.42,0.52,0.1,0.093521953,1,0.52,0.238095238,0.238095238,0.3,0,2
tpcds_sf10_t64,TPCDS SF10,tpcds,10,64,Q60,3,THC,20,0,0,1,0.42,0.52,0.51,0.52,0,0.0588235294,1,0.52,0.238095238,0.238095238,0.1,0,2
tpcds_sf10_t64,TPCDS SF10,tpcds,10,64,Q60,4,RPT+,20,0,0,1,0.52,0.52,0.52,0.52,0,0,1,0.52,0,0,1,0,0
tpcds_sf10_t64,TPCDS SF10,tpcds,10,64,Q61,1,Baseline,20,0,0,1,0.42,0.52,0.42,0.52,0.1,0.093521953,1,0.52,0.238095238,0.238095238,0.3,0,0
tpcds_sf10_t64,TPCDS SF10,tpcds,10,64,Q61,2,Forward-only,20,0,0,1,0.42,0.42,0.42,0.52,0.025,0.0973062251,1.23809524,0.42,0,0.238095238,0.75,0,0
tpcds_sf10_t64,TPCDS SF10,tpcds,10,64,Q61,3,THC,20,0,0,1,0.42,0.42,0.42,0.52,0,0.0909090909,1.23809524,0.42,0,0.238095238,0.8,0,0
tpcds_sf10_t64,TPCDS SF10,tpcds,10,64,Q61,4,RPT+,20,0,0,1,0.42,0.42,0.42,0.42,0,0,1,0.42,0,0,1,0,0
tpcds_sf10_t64,TPCDS SF10,tpcds,10,64,Q62,1,Baseline,20,0,0,1,0.21,0.21,0.21,0.21,0,0,1,0.21,0,0,1,0,0
tpcds_sf10_t64,TPCDS SF10,tpcds,10,64,Q62,2,Forward-only,20,0,0,1,0.21,0.21,0.21,0.21,0,0,1,0.21,0,0,1,0,0
tpcds_sf10_t64,TPCDS SF10,tpcds,10,64,Q62,3,THC,20,0,0,1,0.21,0.21,0.21,0.21,0,0,1,0.21,0,0,1,0,0
tpcds_sf10_t64,TPCDS SF10,tpcds,10,64,Q62,4,RPT+,20,0,0,1,0.21,0.32,0.319,0.32,0,0.0763003092,1,0.32,0.523809524,0.523809524,0.05,0,9
tpcds_sf10_t64,TPCDS SF10,tpcds,10,64,Q63,1,Baseline,20,0,0,1,0.42,0.42,0.42,0.42,0,0,1,0.42,0,0,1,0,0
tpcds_sf10_t64,TPCDS SF10,tpcds,10,64,Q63,2,Forward-only,20,0,0,1,0.41,0.42,0.42,0.42,0,0.00519535035,1,0.42,0.0243902439,0.0243902439,1,0,2
tpcds_sf10_t64,TPCDS SF10,tpcds,10,64,Q63,3,THC,20,0,0,1,0.32,0.42,0.42,0.42,0,0.0525168547,1,0.42,0.3125,0.3125,0.05,0,8
tpcds_sf10_t64,TPCDS SF10,tpcds,10,64,Q63,4,RPT+,20,0,0,1,0.42,0.42,0.42,0.42,0,0,1,0.42,0,0,1,0,0
tpcds_sf10_t64,TPCDS SF10,tpcds,10,64,Q64,1,Baseline,20,0,0,1,0.73,0.83,0.82,1.04,0.1025,0.103362654,1.25301205,0.83,0.136986301,0.424657534,0.1,0,6
tpcds_sf10_t64,TPCDS SF10,tpcds,10,64,Q64,2,Forward-only,20,0,0,1,0.73,0.73,0.73,0.73,0,0.0296523738,1,0.73,0,0,0.95,0,0
tpcds_sf10_t64,TPCDS SF10,tpcds,10,64,Q64,3,THC,20,0,0,1,0.73,0.73,0.73,0.83,0.1,0.0632561968,1.1369863,0.73,0,0.136986301,0.65,0,0
tpcds_sf10_t64,TPCDS SF10,tpcds,10,64,Q64,4,RPT+,20,0,0,1,0.73,0.73,0.73,0.73,0,0,1,0.73,0,0,1,0,0
tpcds_sf10_t64,TPCDS SF10,tpcds,10,64,Q65,1,Baseline,20,0,0,1,1.85,1.855,1.85,1.86,0.01,0.00269541779,1.00269542,1.855,0.0027027027,0.00540540541,1,0,0
tpcds_sf10_t64,TPCDS SF10,tpcds,10,64,Q65,2,Forward-only,20,0,0,1,1.75,1.855,1.75,1.86,0.01,0.0232806642,1.00269542,1.855,0.06,0.0628571429,1,0,0
tpcds_sf10_t64,TPCDS SF10,tpcds,10,64,Q65,3,THC,20,0,0,1,1.75,1.86,1.75,1.86,0.0025,0.021151231,1,1.86,0.0628571429,0.0628571429,1,0,0
tpcds_sf10_t64,TPCDS SF10,tpcds,10,64,Q65,4,RPT+,20,0,0,1,1.34,1.34,1.34,1.34,0,0.00162584817,1,1.34,0,0,1,0,0
tpcds_sf10_t64,TPCDS SF10,tpcds,10,64,Q66,1,Baseline,20,0,0,1,0.31,0.32,0.31,0.32,0.01,0.0150701296,1,0.32,0.0322580645,0.0322580645,1,0,0
tpcds_sf10_t64,TPCDS SF10,tpcds,10,64,Q66,2,Forward-only,20,0,0,1,0.31,0.32,0.31,0.32,0.01,0.0144560747,1,0.32,0.0322580645,0.0322580645,1,0,0
tpcds_sf10_t64,TPCDS SF10,tpcds,10,64,Q66,3,THC,20,0,0,1,0.31,0.32,0.31,0.32,0.01,0.0144560747,1,0.32,0.0322580645,0.0322580645,1,0,2
tpcds_sf10_t64,TPCDS SF10,tpcds,10,64,Q66,4,RPT+,20,0,0,1,0.31,0.32,0.31,0.32,0,0.0112110336,1,0.32,0.0322580645,0.0322580645,1,0,12
tpcds_sf10_t64,TPCDS SF10,tpcds,10,64,Q67,1,Baseline,20,0,0,1,1.97,1.99,1.98,2.081,0.09,0.0232458041,1.04572864,1.99,0.0101522843,0.0563451777,1,0,19
tpcds_sf10_t64,TPCDS SF10,tpcds,10,64,Q67,2,Forward-only,20,0,0,1,1.98,1.99,1.98,2.08,0.02,0.0186659877,1.04522613,1.99,0.00505050505,0.0505050505,1,0,2
tpcds_sf10_t64,TPCDS SF10,tpcds,10,64,Q67,3,THC,20,0,0,1,1.78,1.99,1.88,2.09,0.1025,0.0428322856,1.05025126,1.99,0.117977528,0.174157303,0.2,0,9
tpcds_sf10_t64,TPCDS SF10,tpcds,10,64,Q67,4,RPT+,20,0,0,1,2.07,2.095,2.09,2.101,0.01,0.00531275225,1.00286396,2.095,0.0120772947,0.0149758454,1,0,13
tpcds_sf10_t64,TPCDS SF10,tpcds,10,64,Q68,1,Baseline,20,0,0,1,0.52,0.52,0.52,0.52,0,0,1,0.52,0,0,1,0,0
tpcds_sf10_t64,TPCDS SF10,tpcds,10,64,Q68,2,Forward-only,20,0,0,1,0.52,0.52,0.52,0.52,0,0,1,0.52,0,0,1,0,0
tpcds_sf10_t64,TPCDS SF10,tpcds,10,64,Q68,3,THC,20,0,0,1,0.52,0.52,0.52,0.52,0,0,1,0.52,0,0,1,0,0
tpcds_sf10_t64,TPCDS SF10,tpcds,10,64,Q68,4,RPT+,20,0,0,1,0.52,0.52,0.52,0.52,0,0,1,0.52,0,0,1,0,0
tpcds_sf10_t64,TPCDS SF10,tpcds,10,64,Q69,1,Baseline,20,0,0,1,0.31,0.32,0.31,0.42,0.025,0.128975064,1.3125,0.32,0.0322580645,0.35483871,0.75,0,1
tpcds_sf10_t64,TPCDS SF10,tpcds,10,64,Q69,2,Forward-only,20,0,0,1,0.31,0.32,0.31,0.32,0.01,0.0144560747,1,0.32,0.0322580645,0.0322580645,1,0,0
tpcds_sf10_t64,TPCDS SF10,tpcds,10,64,Q69,3,THC,20,0,0,1,0.31,0.32,0.31,0.32,0.01,0.0155030996,1,0.32,0.0322580645,0.0322580645,1,0,1
tpcds_sf10_t64,TPCDS SF10,tpcds,10,64,Q69,4,RPT+,20,0,0,1,0.31,0.32,0.31,0.32,0.01,0.0144560747,1,0.32,0.0322580645,0.0322580645,1,0,2
tpcds_sf10_t64,TPCDS SF10,tpcds,10,64,Q70,1,Baseline,20,0,0,1,0.42,0.42,0.42,0.42,0,0,1,0.42,0,0,1,0,0
tpcds_sf10_t64,TPCDS SF10,tpcds,10,64,Q70,2,Forward-only,20,0,0,1,0.42,0.42,0.42,0.42,0,0,1,0.42,0,0,1,0,0
tpcds_sf10_t64,TPCDS SF10,tpcds,10,64,Q70,3,THC,20,0,0,1,0.42,0.42,0.42,0.42,0,0,1,0.42,0,0,1,0,0
tpcds_sf10_t64,TPCDS SF10,tpcds,10,64,Q70,4,RPT+,20,0,0,1,0.52,0.52,0.52,0.52,0,0,1,0.52,0,0,1,0,0
tpcds_sf10_t64,TPCDS SF10,tpcds,10,64,Q71,1,Baseline,20,0,0,1,0.42,0.42,0.42,0.42,0,0,1,0.42,0,0,1,0,0
tpcds_sf10_t64,TPCDS SF10,tpcds,10,64,Q71,2,Forward-only,20,0,0,1,0.42,0.42,0.42,0.42,0,0,1,0.42,0,0,1,0,0
tpcds_sf10_t64,TPCDS SF10,tpcds,10,64,Q71,3,THC,20,0,0,1,0.42,0.42,0.42,0.42,0,0,1,0.42,0,0,1,0,0
tpcds_sf10_t64,TPCDS SF10,tpcds,10,64,Q71,4,RPT+,20,0,0,1,0.42,0.42,0.42,0.42,0,0,1,0.42,0,0,1,0,0
tpcds_sf10_t64,TPCDS SF10,tpcds,10,64,Q72,1,Baseline,20,0,0,1,0.73,4.75,0.83,6.069,2.125,0.487179127,1.27768421,4.75,5.50684932,7.31369863,0.05,0.75,5
tpcds_sf10_t64,TPCDS SF10,tpcds,10,64,Q72,2,Forward-only,20,0,0,1,0.42,0.52,0.51,0.63,0,0.100013121,1.21153846,0.52,0.238095238,0.5,0.1,0,0
tpcds_sf10_t64,TPCDS SF10,tpcds,10,64,Q72,3,THC,20,0,0,1,0.42,0.52,0.52,0.521,0,0.09830938,1.00192308,0.52,0.238095238,0.24047619,0.05,0,1
tpcds_sf10_t64,TPCDS SF10,tpcds,10,64,Q72,4,RPT+,20,0,0,1,0.52,0.62,0.52,0.62,0.09,0.0743243243,1,0.62,0.192307692,0.192307692,0.3,0,0
tpcds_sf10_t64,TPCDS SF10,tpcds,10,64,Q73,1,Baseline,20,0,0,1,0.31,0.32,0.31,0.32,0,0.0699854771,1,0.32,0.0322580645,0.0322580645,0.95,0,3
tpcds_sf10_t64,TPCDS SF10,tpcds,10,64,Q73,2,Forward-only,20,0,0,1,0.31,0.32,0.31,0.32,0.01,0.0144560747,1,0.32,0.0322580645,0.0322580645,1,0,4
tpcds_sf10_t64,TPCDS SF10,tpcds,10,64,Q73,3,THC,20,0,0,1,0.31,0.32,0.31,0.32,0,0.0112110336,1,0.32,0.0322580645,0.0322580645,1,0,7
tpcds_sf10_t64,TPCDS SF10,tpcds,10,64,Q73,4,RPT+,20,0,0,1,0.31,0.32,0.31,0.32,0,0.0125786164,1,0.32,0.0322580645,0.0322580645,1,0,2
tpcds_sf10_t64,TPCDS SF10,tpcds,10,64,Q74,1,Baseline,20,0,0,1,0.62,0.73,0.62,0.83,0.21,0.144687119,1.1369863,0.73,0.177419355,0.338709677,0.5,0,0
tpcds_sf10_t64,TPCDS SF10,tpcds,10,64,Q74,2,Forward-only,20,0,0,1,0.52,0.63,0.61,0.83,0.21,0.156492509,1.31746032,0.63,0.211538462,0.596153846,0.1,0,14
tpcds_sf10_t64,TPCDS SF10,tpcds,10,64,Q74,3,THC,20,0,0,1,0.52,0.68,0.62,0.83,0.2,0.157990765,1.22058824,0.68,0.307692308,0.596153846,0.05,0,0
tpcds_sf10_t64,TPCDS SF10,tpcds,10,64,Q74,4,RPT+,20,0,0,1,0.52,0.83,0.62,1.14,0.31,0.241112129,1.37349398,0.83,0.596153846,1.19230769,0.05,0.15,15
tpcds_sf10_t64,TPCDS SF10,tpcds,10,64,Q75,1,Baseline,20,0,0,1,0.62,0.62,0.62,0.62,0,0,1,0.62,0,0,1,0,0
tpcds_sf10_t64,TPCDS SF10,tpcds,10,64,Q75,2,Forward-only,20,0,0,1,0.62,0.62,0.62,0.62,0,0,1,0.62,0,0,1,0,0
tpcds_sf10_t64,TPCDS SF10,tpcds,10,64,Q75,3,THC,20,0,0,1,0.62,0.62,0.62,0.621,0,0.00483091787,1.0016129,0.62,0,0.00161290323,1,0,0
tpcds_sf10_t64,TPCDS SF10,tpcds,10,64,Q75,4,RPT+,20,0,0,1,0.62,0.62,0.62,0.63,0.01,0.00764987331,1.01612903,0.62,0,0.0161290323,1,0,1
tpcds_sf10_t64,TPCDS SF10,tpcds,10,64,Q76,1,Baseline,20,0,0,1,0.52,0.52,0.52,0.52,0,0,1,0.52,0,0,1,0,0
tpcds_sf10_t64,TPCDS SF10,tpcds,10,64,Q76,2,Forward-only,20,0,0,1,0.52,0.52,0.52,0.52,0,0,1,0.52,0,0,1,0,0
tpcds_sf10_t64,TPCDS SF10,tpcds,10,64,Q76,3,THC,20,0,0,1,0.52,0.52,0.52,0.52,0,0,1,0.52,0,0,1,0,0
tpcds_sf10_t64,TPCDS SF10,tpcds,10,64,Q76,4,RPT+,20,0,0,1,0.52,0.52,0.52,0.62,0.0325,0.0784344802,1.19230769,0.52,0,0.192307692,0.75,0,0
tpcds_sf10_t64,TPCDS SF10,tpcds,10,64,Q77,1,Baseline,20,0,0,1,0.52,0.52,0.52,0.52,0,0,1,0.52,0,0,1,0,0
tpcds_sf10_t64,TPCDS SF10,tpcds,10,64,Q77,2,Forward-only,20,0,0,1,0.52,0.52,0.52,0.52,0,0,1,0.52,0,0,1,0,0
tpcds_sf10_t64,TPCDS SF10,tpcds,10,64,Q77,3,THC,20,0,0,1,0.52,0.52,0.52,0.52,0,0,1,0.52,0,0,1,0,0
tpcds_sf10_t64,TPCDS SF10,tpcds,10,64,Q77,4,RPT+,20,0,0,1,0.52,0.52,0.52,0.52,0,0,1,0.52,0,0,1,0,0
tpcds_sf10_t64,TPCDS SF10,tpcds,10,64,Q78,1,Baseline,20,0,0,1,0.83,0.83,0.83,0.83,0,0,1,0.83,0,0,1,0,0
tpcds_sf10_t64,TPCDS SF10,tpcds,10,64,Q78,2,Forward-only,20,0,0,1,0.83,0.83,0.83,0.83,0,0,1,0.83,0,0,1,0,0
tpcds_sf10_t64,TPCDS SF10,tpcds,10,64,Q78,3,THC,20,0,0,1,0.83,0.83,0.83,0.93,0.025,0.0506447605,1.12048193,0.83,0,0.120481928,0.75,0,0
tpcds_sf10_t64,TPCDS SF10,tpcds,10,64,Q78,4,RPT+,20,0,0,1,0.93,0.93,0.93,0.95,0.01,0.0345418822,1.02150538,0.93,0,0.0215053763,0.9,0,1
tpcds_sf10_t64,TPCDS SF10,tpcds,10,64,Q79,1,Baseline,20,0,0,1,0.42,0.42,0.42,0.42,0,0,1,0.42,0,0,1,0,0
tpcds_sf10_t64,TPCDS SF10,tpcds,10,64,Q79,2,Forward-only,20,0,0,1,0.42,0.42,0.42,0.42,0,0,1,0.42,0,0,1,0,0
tpcds_sf10_t64,TPCDS SF10,tpcds,10,64,Q79,3,THC,20,0,0,1,0.42,0.42,0.42,0.42,0,0,1,0.42,0,0,1,0,0
tpcds_sf10_t64,TPCDS SF10,tpcds,10,64,Q79,4,RPT+,20,0,0,1,0.52,0.52,0.52,0.52,0,0,1,0.52,0,0,1,0,0
tpcds_sf10_t64,TPCDS SF10,tpcds,10,64,Q80,1,Baseline,20,0,0,1,0.62,0.62,0.62,0.62,0,0.0035124085,1,0.62,0,0,1,0,0
tpcds_sf10_t64,TPCDS SF10,tpcds,10,64,Q80,2,Forward-only,20,0,0,1,0.62,0.62,0.62,0.62,0,0,1,0.62,0,0,1,0,0
tpcds_sf10_t64,TPCDS SF10,tpcds,10,64,Q80,3,THC,20,0,0,1,0.62,0.62,0.62,0.62,0,0.0035124085,1,0.62,0,0,1,0,0
tpcds_sf10_t64,TPCDS SF10,tpcds,10,64,Q80,4,RPT+,20,0,0,1,0.62,0.62,0.62,0.62,0,0.0035124085,1,0.62,0,0,1,0,0
tpcds_sf10_t64,TPCDS SF10,tpcds,10,64,Q81,1,Baseline,20,0,0,1,0.31,0.315,0.31,0.32,0.01,0.0158730159,1.01587302,0.315,0.0161290323,0.0322580645,1,0,4
tpcds_sf10_t64,TPCDS SF10,tpcds,10,64,Q81,2,Forward-only,20,0,0,1,0.31,0.32,0.31,0.32,0.01,0.0155030996,1,0.32,0.0322580645,0.0322580645,1,0,0
tpcds_sf10_t64,TPCDS SF10,tpcds,10,64,Q81,3,THC,20,0,0,1,0.31,0.32,0.31,0.32,0.01,0.0150701296,1,0.32,0.0322580645,0.0322580645,1,0,0
tpcds_sf10_t64,TPCDS SF10,tpcds,10,64,Q81,4,RPT+,20,0,0,1,0.31,0.32,0.31,0.32,0.01,0.0155030996,1,0.32,0.0322580645,0.0322580645,1,0,2
tpcds_sf10_t64,TPCDS SF10,tpcds,10,64,Q82,1,Baseline,20,0,0,1,0.31,0.68,0.31,1.96,1.415,0.719899206,2.88235294,0.68,1.19354839,5.32258065,0.3,0.5,0
tpcds_sf10_t64,TPCDS SF10,tpcds,10,64,Q82,2,Forward-only,20,0,0,1,0.31,0.32,0.31,0.73,0.32,0.414212697,2.28125,0.32,0.0322580645,1.35483871,0.7,0.3,0
tpcds_sf10_t64,TPCDS SF10,tpcds,10,64,Q82,3,THC,20,0,0,1,0.31,0.32,0.31,0.73,0.345,0.421605686,2.28125,0.32,0.0322580645,1.35483871,0.7,0.3,0
tpcds_sf10_t64,TPCDS SF10,tpcds,10,64,Q82,4,RPT+,20,0,0,1,0.21,0.32,0.21,0.32,0.01,0.127361239,1,0.32,0.523809524,0.523809524,0.15,0,9
tpcds_sf10_t64,TPCDS SF10,tpcds,10,64,Q83,1,Baseline,20,0,0,1,0.21,0.21,0.21,0.21,0,0,1,0.21,0,0,1,0,0
tpcds_sf10_t64,TPCDS SF10,tpcds,10,64,Q83,2,Forward-only,20,0,0,1,0.21,0.21,0.21,0.21,0,0,1,0.21,0,0,1,0,0
tpcds_sf10_t64,TPCDS SF10,tpcds,10,64,Q83,3,THC,20,0,0,1,0.21,0.21,0.21,0.21,0,0,1,0.21,0,0,1,0,0
tpcds_sf10_t64,TPCDS SF10,tpcds,10,64,Q83,4,RPT+,20,0,0,1,0.21,0.21,0.21,0.21,0,0,1,0.21,0,0,1,0,0
tpcds_sf10_t64,TPCDS SF10,tpcds,10,64,Q84,1,Baseline,20,0,0,1,0.21,0.21,0.21,0.32,0.1,0.204509504,1.52380952,0.21,0,0.523809524,0.6,0,0
tpcds_sf10_t64,TPCDS SF10,tpcds,10,64,Q84,2,Forward-only,20,0,0,1,0.21,0.21,0.21,0.21,0,0.0103536792,1,0.21,0,0,1,0,0
tpcds_sf10_t64,TPCDS SF10,tpcds,10,64,Q84,3,THC,20,0,0,1,0.21,0.21,0.21,0.21,0,0,1,0.21,0,0,1,0,0
tpcds_sf10_t64,TPCDS SF10,tpcds,10,64,Q84,4,RPT+,20,0,0,1,0.21,0.21,0.21,0.21,0,0,1,0.21,0,0,1,0,0
tpcds_sf10_t64,TPCDS SF10,tpcds,10,64,Q85,1,Baseline,20,0,0,1,0.31,0.32,0.319,0.42,0.025,0.127840892,1.3125,0.32,0.0322580645,0.35483871,0.75,0,13
tpcds_sf10_t64,TPCDS SF10,tpcds,10,64,Q85,2,Forward-only,20,0,0,1,0.31,0.32,0.319,0.42,0.1,0.138969022,1.3125,0.32,0.0322580645,0.35483871,0.6,0,1
tpcds_sf10_t64,TPCDS SF10,tpcds,10,64,Q85,3,THC,20,0,0,1,0.31,0.37,0.31,0.42,0.1,0.140032133,1.13513514,0.37,0.193548387,0.35483871,0.5,0,3
tpcds_sf10_t64,TPCDS SF10,tpcds,10,64,Q85,4,RPT+,20,0,0,1,0.31,0.42,0.32,0.42,0.1,0.130820154,1,0.42,0.35483871,0.35483871,0.4,0,19
tpcds_sf10_t64,TPCDS SF10,tpcds,10,64,Q86,1,Baseline,20,0,0,1,0.31,0.31,0.31,0.32,0.01,0.0152143413,1.03225806,0.31,0,0.0322580645,1,0,0
tpcds_sf10_t64,TPCDS SF10,tpcds,10,64,Q86,2,Forward-only,20,0,0,1,0.31,0.32,0.31,0.32,0.01,0.0157684221,1,0.32,0.0322580645,0.0322580645,1,0,0
tpcds_sf10_t64,TPCDS SF10,tpcds,10,64,Q86,3,THC,20,0,0,1,0.31,0.32,0.31,0.32,0.01,0.0155030996,1,0.32,0.0322580645,0.0322580645,1,0,1
tpcds_sf10_t64,TPCDS SF10,tpcds,10,64,Q86,4,RPT+,20,0,0,1,0.31,0.32,0.31,0.32,0,0.0112110336,1,0.32,0.0322580645,0.0322580645,1,0,4
tpcds_sf10_t64,TPCDS SF10,tpcds,10,64,Q87,1,Baseline,20,0,0,1,0.42,0.42,0.42,0.42,0,0,1,0.42,0,0,1,0,0
tpcds_sf10_t64,TPCDS SF10,tpcds,10,64,Q87,2,Forward-only,20,0,0,1,0.41,0.42,0.42,0.42,0,0.00519535035,1,0.42,0.0243902439,0.0243902439,1,0,0
tpcds_sf10_t64,TPCDS SF10,tpcds,10,64,Q87,3,THC,20,0,0,1,0.42,0.42,0.42,0.42,0,0,1,0.42,0,0,1,0,0
tpcds_sf10_t64,TPCDS SF10,tpcds,10,64,Q87,4,RPT+,20,0,0,1,0.42,0.42,0.42,0.42,0,0,1,0.42,0,0,1,0,0
tpcds_sf10_t64,TPCDS SF10,tpcds,10,64,Q88,1,Baseline,20,0,0,1,0.42,0.42,0.42,0.42,0,0.00518299518,1,0.42,0,0,1,0,0
tpcds_sf10_t64,TPCDS SF10,tpcds,10,64,Q88,2,Forward-only,20,0,0,1,0.32,0.32,0.32,0.32,0,0,1,0.32,0,0,1,0,0
tpcds_sf10_t64,TPCDS SF10,tpcds,10,64,Q88,3,THC,20,0,0,1,0.31,0.32,0.32,0.32,0,0.0068214381,1,0.32,0.0322580645,0.0322580645,1,0,5
tpcds_sf10_t64,TPCDS SF10,tpcds,10,64,Q88,4,RPT+,20,0,0,1,0.42,0.42,0.42,0.42,0,0,1,0.42,0,0,1,0,0
tpcds_sf10_t64,TPCDS SF10,tpcds,10,64,Q89,1,Baseline,20,0,0,1,0.42,0.42,0.42,0.42,0,0,1,0.42,0,0,1,0,0
tpcds_sf10_t64,TPCDS SF10,tpcds,10,64,Q89,2,Forward-only,20,0,0,1,0.42,0.42,0.42,0.42,0,0,1,0.42,0,0,1,0,0
tpcds_sf10_t64,TPCDS SF10,tpcds,10,64,Q89,3,THC,20,0,0,1,0.42,0.42,0.42,0.42,0,0,1,0.42,0,0,1,0,0
tpcds_sf10_t64,TPCDS SF10,tpcds,10,64,Q89,4,RPT+,20,0,0,1,0.42,0.42,0.42,0.42,0,0,1,0.42,0,0,1,0,0
tpcds_sf10_t64,TPCDS SF10,tpcds,10,64,Q90,1,Baseline,20,0,0,1,0.21,0.21,0.21,0.21,0,0,1,0.21,0,0,1,0,0
tpcds_sf10_t64,TPCDS SF10,tpcds,10,64,Q90,2,Forward-only,20,0,0,1,0.21,0.21,0.21,0.21,0,0,1,0.21,0,0,1,0,0
tpcds_sf10_t64,TPCDS SF10,tpcds,10,64,Q90,3,THC,20,0,0,1,0.21,0.21,0.21,0.21,0,0,1,0.21,0,0,1,0,0
tpcds_sf10_t64,TPCDS SF10,tpcds,10,64,Q90,4,RPT+,20,0,0,1,0.21,0.21,0.21,0.21,0,0,1,0.21,0,0,1,0,0
tpcds_sf10_t64,TPCDS SF10,tpcds,10,64,Q91,1,Baseline,20,0,0,1,0.21,0.21,0.21,0.21,0,0,1,0.21,0,0,1,0,0
tpcds_sf10_t64,TPCDS SF10,tpcds,10,64,Q91,2,Forward-only,20,0,0,1,0.21,0.21,0.21,0.21,0,0,1,0.21,0,0,1,0,0
tpcds_sf10_t64,TPCDS SF10,tpcds,10,64,Q91,3,THC,20,0,0,1,0.21,0.21,0.21,0.21,0,0,1,0.21,0,0,1,0,0
tpcds_sf10_t64,TPCDS SF10,tpcds,10,64,Q91,4,RPT+,20,0,0,1,0.21,0.21,0.21,0.21,0,0,1,0.21,0,0,1,0,0
tpcds_sf10_t64,TPCDS SF10,tpcds,10,64,Q92,1,Baseline,20,0,0,1,0.21,0.21,0.21,0.21,0,0,1,0.21,0,0,1,0,0
tpcds_sf10_t64,TPCDS SF10,tpcds,10,64,Q92,2,Forward-only,20,0,0,1,0.21,0.21,0.21,0.21,0,0.0103536792,1,0.21,0,0,1,0,0
tpcds_sf10_t64,TPCDS SF10,tpcds,10,64,Q92,3,THC,20,0,0,1,0.21,0.21,0.21,0.21,0,0,1,0.21,0,0,1,0,0
tpcds_sf10_t64,TPCDS SF10,tpcds,10,64,Q92,4,RPT+,20,0,0,1,0.21,0.21,0.21,0.21,0,0,1,0.21,0,0,1,0,0
tpcds_sf10_t64,TPCDS SF10,tpcds,10,64,Q93,1,Baseline,20,0,0,1,0.41,0.42,0.419,0.42,0,0.00715990453,1,0.42,0.0243902439,0.0243902439,1,0,0
tpcds_sf10_t64,TPCDS SF10,tpcds,10,64,Q93,2,Forward-only,20,0,0,1,0.41,0.42,0.42,0.42,0,0.00519535035,1,0.42,0.0243902439,0.0243902439,1,0,19
tpcds_sf10_t64,TPCDS SF10,tpcds,10,64,Q93,3,THC,20,0,0,1,0.42,0.42,0.42,0.42,0,0,1,0.42,0,0,1,0,0
tpcds_sf10_t64,TPCDS SF10,tpcds,10,64,Q93,4,RPT+,20,0,0,1,0.42,0.42,0.42,0.42,0,0,1,0.42,0,0,1,0,0
tpcds_sf10_t64,TPCDS SF10,tpcds,10,64,Q94,1,Baseline,20,0,0,1,0.31,0.32,0.32,0.32,0,0.0068214381,1,0.32,0.0322580645,0.0322580645,1,0,6
tpcds_sf10_t64,TPCDS SF10,tpcds,10,64,Q94,2,Forward-only,20,0,0,1,0.31,0.32,0.31,0.32,0.01,0.0150701296,1,0.32,0.0322580645,0.0322580645,1,0,2
tpcds_sf10_t64,TPCDS SF10,tpcds,10,64,Q94,3,THC,20,0,0,1,0.31,0.32,0.31,0.32,0.01,0.0144560747,1,0.32,0.0322580645,0.0322580645,1,0,1
tpcds_sf10_t64,TPCDS SF10,tpcds,10,64,Q94,4,RPT+,20,0,0,1,0.31,0.32,0.31,0.32,0,0.0125786164,1,0.32,0.0322580645,0.0322580645,1,0,0
tpcds_sf10_t64,TPCDS SF10,tpcds,10,64,Q95,1,Baseline,20,0,0,1,0.62,0.62,0.62,0.63,0.01,0.00735565922,1.01612903,0.62,0,0.0161290323,1,0,1
tpcds_sf10_t64,TPCDS SF10,tpcds,10,64,Q95,2,Forward-only,20,0,0,1,0.62,0.62,0.62,0.621,0,0.00483091787,1.0016129,0.62,0,0.00161290323,1,0,0
tpcds_sf10_t64,TPCDS SF10,tpcds,10,64,Q95,3,THC,20,0,0,1,0.73,0.83,0.73,0.83,0.1,0.0620123986,1,0.83,0.136986301,0.136986301,0.4,0,0
tpcds_sf10_t64,TPCDS SF10,tpcds,10,64,Q95,4,RPT+,20,0,0,1,0.31,0.32,0.31,0.32,0,0.0112110336,1,0.32,0.0322580645,0.0322580645,1,0,3
tpcds_sf10_t64,TPCDS SF10,tpcds,10,64,Q96,1,Baseline,20,0,0,1,0.21,0.32,0.31,0.32,0.01,0.0758554957,1,0.32,0.523809524,0.523809524,0.05,0,1
tpcds_sf10_t64,TPCDS SF10,tpcds,10,64,Q96,2,Forward-only,20,0,0,1,0.21,0.32,0.31,0.32,0.0025,0.0763151361,1,0.32,0.523809524,0.523809524,0.05,0,5
tpcds_sf10_t64,TPCDS SF10,tpcds,10,64,Q96,3,THC,20,0,0,1,0.21,0.315,0.21,0.32,0.1025,0.169967658,1.01587302,0.315,0.5,0.523809524,0.3,0,3
tpcds_sf10_t64,TPCDS SF10,tpcds,10,64,Q96,4,RPT+,20,0,0,1,0.31,0.32,0.31,0.32,0.0025,0.0136381953,1,0.32,0.0322580645,0.0322580645,1,0,1
tpcds_sf10_t64,TPCDS SF10,tpcds,10,64,Q97,1,Baseline,20,0,0,1,0.42,0.42,0.42,0.42,0,0,1,0.42,0,0,1,0,0
tpcds_sf10_t64,TPCDS SF10,tpcds,10,64,Q97,2,Forward-only,20,0,0,1,0.41,0.42,0.42,0.42,0,0.00519535035,1,0.42,0.0243902439,0.0243902439,1,0,4
tpcds_sf10_t64,TPCDS SF10,tpcds,10,64,Q97,3,THC,20,0,0,1,0.42,0.42,0.42,0.42,0,0,1,0.42,0,0,1,0,0
tpcds_sf10_t64,TPCDS SF10,tpcds,10,64,Q97,4,RPT+,20,0,0,1,0.41,0.42,0.42,0.42,0,0.00519535035,1,0.42,0.0243902439,0.0243902439,1,0,13
tpcds_sf10_t64,TPCDS SF10,tpcds,10,64,Q98,1,Baseline,20,0,0,1,0.42,0.42,0.42,0.42,0,0,1,0.42,0,0,1,0,0
tpcds_sf10_t64,TPCDS SF10,tpcds,10,64,Q98,2,Forward-only,20,0,0,1,0.41,0.42,0.42,0.42,0,0.00519535035,1,0.42,0.0243902439,0.0243902439,1,0,10
tpcds_sf10_t64,TPCDS SF10,tpcds,10,64,Q98,3,THC,20,0,0,1,0.42,0.42,0.42,0.42,0,0,1,0.42,0,0,1,0,0
tpcds_sf10_t64,TPCDS SF10,tpcds,10,64,Q98,4,RPT+,20,0,0,1,0.42,0.42,0.42,0.42,0,0,1,0.42,0,0,1,0,0
tpcds_sf10_t64,TPCDS SF10,tpcds,10,64,Q99,1,Baseline,20,0,0,1,0.21,0.21,0.21,0.21,0,0,1,0.21,0,0,1,0,0
tpcds_sf10_t64,TPCDS SF10,tpcds,10,64,Q99,2,Forward-only,20,0,0,1,0.21,0.21,0.21,0.21,0,0,1,0.21,0,0,1,0,0
tpcds_sf10_t64,TPCDS SF10,tpcds,10,64,Q99,3,THC,20,0,0,1,0.21,0.21,0.21,0.21,0,0,1,0.21,0,0,1,0,0
tpcds_sf10_t64,TPCDS SF10,tpcds,10,64,Q99,4,RPT+,20,0,0,1,0.31,0.32,0.31,0.32,0,0.0125786164,1,0.32,0.0322580645,0.0322580645,1,0,0
tpcds_sf20_t64,TPCDS SF20,tpcds,20,64,Q01,1,Baseline,20,0,0,1,0.72,0.73,0.72,0.73,0.01,0.00630340536,1,0.73,0.0138888889,0.0138888889,1,0,0
tpcds_sf20_t64,TPCDS SF20,tpcds,20,64,Q01,2,Forward-only,20,0,0,1,0.72,0.73,0.72,0.73,0,0.00490146083,1,0.73,0.0138888889,0.0138888889,1,0,2
tpcds_sf20_t64,TPCDS SF20,tpcds,20,64,Q01,3,THC,20,0,0,1,0.93,1.03,1.03,1.03,0,0.021469565,1,1.03,0.107526882,0.107526882,0.05,0,5
tpcds_sf20_t64,TPCDS SF20,tpcds,20,64,Q01,4,RPT+,20,0,0,1,0.72,0.73,0.72,0.73,0,0.00549450549,1,0.73,0.0138888889,0.0138888889,1,0,2
tpcds_sf20_t64,TPCDS SF20,tpcds,20,64,Q02,1,Baseline,20,0,0,1,0.42,0.42,0.42,0.42,0,0,1,0.42,0,0,1,0,0
tpcds_sf20_t64,TPCDS SF20,tpcds,20,64,Q02,2,Forward-only,20,0,0,1,0.42,0.42,0.42,0.52,0.025,0.0973062251,1.23809524,0.42,0,0.238095238,0.75,0,0
tpcds_sf20_t64,TPCDS SF20,tpcds,20,64,Q02,3,THC,20,0,0,1,0.42,0.52,0.42,0.52,0.1,0.10473552,1,0.52,0.238095238,0.238095238,0.45,0,2
tpcds_sf20_t64,TPCDS SF20,tpcds,20,64,Q02,4,RPT+,20,0,0,1,0.42,0.52,0.42,0.52,0.1,0.102062073,1,0.52,0.238095238,0.238095238,0.4,0,3
tpcds_sf20_t64,TPCDS SF20,tpcds,20,64,Q03,1,Baseline,20,0,0,1,0.42,0.42,0.42,0.42,0,0,1,0.42,0,0,1,0,0
tpcds_sf20_t64,TPCDS SF20,tpcds,20,64,Q03,2,Forward-only,20,0,0,1,0.42,0.42,0.42,0.52,0.025,0.0973062251,1.23809524,0.42,0,0.238095238,0.75,0,0
tpcds_sf20_t64,TPCDS SF20,tpcds,20,64,Q03,3,THC,20,0,0,1,0.42,0.52,0.42,0.52,0.1,0.10473552,1,0.52,0.238095238,0.238095238,0.45,0,2
tpcds_sf20_t64,TPCDS SF20,tpcds,20,64,Q03,4,RPT+,20,0,0,1,0.42,0.52,0.42,0.52,0.1,0.102062073,1,0.52,0.238095238,0.238095238,0.4,0,3
tpcds_sf20_t64,TPCDS SF20,tpcds,20,64,Q04,1,Baseline,20,0,0,1,1.45,2.225,1.45,3.09,1.5725,0.354300986,1.38876404,2.225,0.534482759,1.13103448,0.5,0.5,0
tpcds_sf20_t64,TPCDS SF20,tpcds,20,64,Q04,2,Forward-only,20,0,0,1,2.38,3.2,2.38,4.021,1.365,0.223595,1.2565625,3.2,0.344537815,0.689495798,0.45,0,0
tpcds_sf20_t64,TPCDS SF20,tpcds,20,64,Q04,3,THC,20,0,0,1,2.38,3.25,2.47,4.12,1.425,0.220780654,1.26769231,3.25,0.365546218,0.731092437,0.35,0,2
tpcds_sf20_t64,TPCDS SF20,tpcds,20,64,Q04,4,RPT+,20,0,0,1,2.48,3.405,2.57,4.24,1.4575,0.22621891,1.24522761,3.405,0.372983871,0.709677419,0.4,0,6
tpcds_sf20_t64,TPCDS SF20,tpcds,20,64,Q05,1,Baseline,20,0,0,1,0.83,0.83,0.83,0.83,0,0,1,0.83,0,0,1,0,0
tpcds_sf20_t64,TPCDS SF20,tpcds,20,64,Q05,2,Forward-only,20,0,0,1,0.83,0.83,0.83,1.04,0.05,0.102141548,1.25301205,0.83,0,0.253012048,0.75,0,0
tpcds_sf20_t64,TPCDS SF20,tpcds,20,64,Q05,3,THC,20,0,0,1,0.83,1.03,0.83,1.14,0.235,0.126752391,1.10679612,1.03,0.240963855,0.373493976,0.35,0,2
tpcds_sf20_t64,TPCDS SF20,tpcds,20,64,Q05,4,RPT+,20,0,0,1,0.83,1.03,0.83,1.04,0.21,0.105460369,1.00970874,1.03,0.240963855,0.253012048,0.4,0,3
tpcds_sf20_t64,TPCDS SF20,tpcds,20,64,Q06,1,Baseline,20,0,0,1,0.42,0.52,0.52,0.52,0,0.0423194072,1,0.52,0.238095238,0.238095238,0.05,0,3
tpcds_sf20_t64,TPCDS SF20,tpcds,20,64,Q06,2,Forward-only,20,0,0,1,0.52,0.52,0.52,0.52,0,0,1,0.52,0,0,1,0,0
tpcds_sf20_t64,TPCDS SF20,tpcds,20,64,Q06,3,THC,20,0,0,1,0.52,0.52,0.52,0.52,0,0,1,0.52,0,0,1,0,0
tpcds_sf20_t64,TPCDS SF20,tpcds,20,64,Q06,4,RPT+,20,0,0,1,0.52,0.52,0.52,0.53,0,0.00684700712,1.01923077,0.52,0,0.0192307692,1,0,1
tpcds_sf20_t64,TPCDS SF20,tpcds,20,64,Q07,1,Baseline,20,0,0,1,0.73,0.73,0.73,0.93,0.1,0.0950794678,1.2739726,0.73,0,0.273972603,0.65,0,0
tpcds_sf20_t64,TPCDS SF20,tpcds,20,64,Q07,2,Forward-only,20,0,0,1,0.73,0.73,0.73,0.93,0.05,0.111028898,1.2739726,0.73,0,0.273972603,0.75,0,0
tpcds_sf20_t64,TPCDS SF20,tpcds,20,64,Q07,3,THC,20,0,0,1,0.73,0.93,0.73,0.93,0.2,0.118450885,1,0.93,0.273972603,0.273972603,0.45,0,2
tpcds_sf20_t64,TPCDS SF20,tpcds,20,64,Q07,4,RPT+,20,0,0,1,0.73,0.93,0.73,0.93,0.125,0.0986053301,1,0.93,0.273972603,0.273972603,0.25,0,3
tpcds_sf20_t64,TPCDS SF20,tpcds,20,64,Q08,1,Baseline,20,0,0,1,1.03,1.03,1.03,1.03,0,0,1,1.03,0,0,1,0,0
tpcds_sf20_t64,TPCDS SF20,tpcds,20,64,Q08,2,Forward-only,20,0,0,1,1.03,1.03,1.03,1.14,0.025,0.0435065408,1.10679612,1.03,0,0.106796117,0.85,0,0
tpcds_sf20_t64,TPCDS SF20,tpcds,20,64,Q08,3,THC,20,0,0,1,1.03,1.13,1.03,1.14,0.11,0.0483389478,1.00884956,1.13,0.0970873786,0.106796117,0.7,0,2
tpcds_sf20_t64,TPCDS SF20,tpcds,20,64,Q08,4,RPT+,20,0,0,1,1.03,1.13,1.03,1.14,0.11,0.0475427338,1.00884956,1.13,0.0970873786,0.106796117,0.65,0,3
tpcds_sf20_t64,TPCDS SF20,tpcds,20,64,Q09,1,Baseline,20,0,0,1,0.42,0.52,0.42,0.53,0.1,0.107477002,1.01923077,0.52,0.238095238,0.261904762,0.45,0,3
tpcds_sf20_t64,TPCDS SF20,tpcds,20,64,Q09,2,Forward-only,20,0,0,1,0.42,0.52,0.42,0.53,0.01,0.0892400385,1.01923077,0.52,0.238095238,0.261904762,0.15,0,7
tpcds_sf20_t64,TPCDS SF20,tpcds,20,64,Q09,3,THC,20,0,0,1,0.42,0.525,0.52,0.63,0.1,0.101400114,1.2,0.525,0.25,0.5,0.05,0,6
tpcds_sf20_t64,TPCDS SF20,tpcds,20,64,Q09,4,RPT+,20,0,0,1,0.42,0.53,0.52,0.63,0.0025,0.0901230608,1.18867925,0.53,0.261904762,0.5,0.05,0,4
tpcds_sf20_t64,TPCDS SF20,tpcds,20,64,Q10,1,Baseline,20,0,0,1,0.42,0.42,0.42,0.42,0,0,1,0.42,0,0,1,0,0
tpcds_sf20_t64,TPCDS SF20,tpcds,20,64,Q10,2,Forward-only,20,0,0,1,0.42,0.42,0.42,0.52,0.025,0.0973062251,1.23809524,0.42,0,0.238095238,0.75,0,0
tpcds_sf20_t64,TPCDS SF20,tpcds,20,64,Q10,3,THC,20,0,0,1,0.41,0.52,0.42,0.52,0.1,0.1061039,1,0.52,0.268292683,0.268292683,0.45,0,8
tpcds_sf20_t64,TPCDS SF20,tpcds,20,64,Q10,4,RPT+,20,0,0,1,0.42,0.52,0.42,0.52,0.1,0.102062073,1,0.52,0.238095238,0.238095238,0.4,0,3
tpcds_sf20_t64,TPCDS SF20,tpcds,20,64,Q11,1,Baseline,20,0,0,1,1.04,1.755,1.14,2.37,1.23,0.354493027,1.35042735,1.755,0.6875,1.27884615,0.5,0.5,0
tpcds_sf20_t64,TPCDS SF20,tpcds,20,64,Q11,2,Forward-only,20,0,0,1,1.24,1.92,1.24,2.58,1.2325,0.332566429,1.34375,1.92,0.548387097,1.08064516,0.5,0.15,0
tpcds_sf20_t64,TPCDS SF20,tpcds,20,64,Q11,3,THC,20,0,0,1,1.24,1.915,1.24,2.68,1.2575,0.333053652,1.39947781,1.915,0.544354839,1.16129032,0.5,0.3,2
tpcds_sf20_t64,TPCDS SF20,tpcds,20,64,Q11,4,RPT+,20,0,0,1,1.76,2.475,1.76,3.191,1.13,0.246656622,1.28929293,2.475,0.40625,0.813068182,0.2,0,4
tpcds_sf20_t64,TPCDS SF20,tpcds,20,64,Q12,1,Baseline,20,0,0,1,0.31,0.31,0.31,0.32,0.01,0.0152143413,1.03225806,0.31,0,0.0322580645,1,0,2
tpcds_sf20_t64,TPCDS SF20,tpcds,20,64,Q12,2,Forward-only,20,0,0,1,0.31,0.31,0.31,0.32,0.01,0.0146408169,1.03225806,0.31,0,0.0322580645,1,0,0
tpcds_sf20_t64,TPCDS SF20,tpcds,20,64,Q12,3,THC,20,0,0,1,0.31,0.315,0.31,0.32,0.01,0.0158730159,1.01587302,0.315,0.0161290323,0.0322580645,1,0,2
tpcds_sf20_t64,TPCDS SF20,tpcds,20,64,Q12,4,RPT+,20,0,0,1,0.31,0.32,0.31,0.32,0.01,0.0155030996,1,0.32,0.0322580645,0.0322580645,1,0,4
tpcds_sf20_t64,TPCDS SF20,tpcds,20,64,Q13,1,Baseline,20,0,0,1,0.83,0.83,0.83,0.83,0,0,1,0.83,0,0,1,0,0
tpcds_sf20_t64,TPCDS SF20,tpcds,20,64,Q13,2,Forward-only,20,0,0,1,0.83,0.83,0.83,1.04,0.0525,0.10303985,1.25301205,0.83,0,0.253012048,0.75,0,0
tpcds_sf20_t64,TPCDS SF20,tpcds,20,64,Q13,3,THC,20,0,0,1,0.83,1.04,0.83,1.04,0.21,0.110495696,1,1.04,0.253012048,0.253012048,0.45,0,2
tpcds_sf20_t64,TPCDS SF20,tpcds,20,64,Q13,4,RPT+,20,0,0,1,1.04,1.24,1.04,1.24,0.2,0.0865206467,1,1.24,0.192307692,0.192307692,0.45,0,3
tpcds_sf20_t64,TPCDS SF20,tpcds,20,64,Q14,1,Baseline,20,0,0,1,1.87,1.885,1.88,1.98,0.01,0.0200618129,1.05039788,1.885,0.00802139037,0.0588235294,1,0,9
tpcds_sf20_t64,TPCDS SF20,tpcds,20,64,Q14,2,Forward-only,20,0,0,1,2.49,2.52,2.49,2.71,0.1325,0.0337519975,1.07539683,2.52,0.0120481928,0.0883534137,1,0,0
tpcds_sf20_t64,TPCDS SF20,tpcds,20,64,Q14,3,THC,20,0,0,1,2.49,2.65,2.499,2.71,0.1925,0.0347612747,1.02264151,2.65,0.0642570281,0.0883534137,1,0,4
tpcds_sf20_t64,TPCDS SF20,tpcds,20,64,Q14,4,RPT+,20,0,0,1,3.11,3.21,3.11,3.221,0.1025,0.0184974103,1.00342679,3.21,0.0321543408,0.0356913183,1,0,4
tpcds_sf20_t64,TPCDS SF20,tpcds,20,64,Q15,1,Baseline,20,0,0,1,0.21,0.21,0.21,0.21,0,0,1,0.21,0,0,1,0,0
tpcds_sf20_t64,TPCDS SF20,tpcds,20,64,Q15,2,Forward-only,20,0,0,1,0.21,0.21,0.21,0.211,0,0.101107928,1.0047619,0.21,0,0.00476190476,0.95,0,0
tpcds_sf20_t64,TPCDS SF20,tpcds,20,64,Q15,3,THC,20,0,0,1,0.21,0.21,0.21,0.31,0.1,0.197240809,1.47619048,0.21,0,0.476190476,0.65,0,0
tpcds_sf20_t64,TPCDS SF20,tpcds,20,64,Q15,4,RPT+,20,0,0,1,0.31,0.315,0.31,0.32,0.01,0.0158730159,1.01587302,0.315,0.0161290323,0.0322580645,1,0,0
tpcds_sf20_t64,TPCDS SF20,tpcds,20,64,Q16,1,Baseline,20,0,0,1,0.21,0.31,0.21,0.32,0.1,0.166726336,1.03225806,0.31,0.476190476,0.523809524,0.3,0,1
tpcds_sf20_t64,TPCDS SF20,tpcds,20,64,Q16,2,Forward-only,20,0,0,1,0.21,0.31,0.21,0.32,0.11,0.192243098,1.03225806,0.31,0.476190476,0.523809524,0.4,0,0
tpcds_sf20_t64,TPCDS SF20,tpcds,20,64,Q16,3,THC,20,0,0,1,0.21,0.31,0.21,0.32,0.01,0.126471098,1.03225806,0.31,0.476190476,0.523809524,0.15,0,6
tpcds_sf20_t64,TPCDS SF20,tpcds,20,64,Q16,4,RPT+,20,0,0,1,0.31,0.32,0.31,0.32,0.01,0.0150701296,1,0.32,0.0322580645,0.0322580645,1,0,0
tpcds_sf20_t64,TPCDS SF20,tpcds,20,64,Q17,1,Baseline,20,0,0,1,0.62,0.775,0.62,0.94,0.32,0.204636441,1.21290323,0.775,0.25,0.516129032,0.5,0,1
tpcds_sf20_t64,TPCDS SF20,tpcds,20,64,Q17,2,Forward-only,20,0,0,1,0.62,0.62,0.62,0.83,0.11,0.115580702,1.33870968,0.62,0,0.338709677,0.6,0,0
tpcds_sf20_t64,TPCDS SF20,tpcds,20,64,Q17,3,THC,20,0,0,1,0.62,0.73,0.62,0.83,0.21,0.120080246,1.1369863,0.73,0.177419355,0.338709677,0.35,0,2
tpcds_sf20_t64,TPCDS SF20,tpcds,20,64,Q17,4,RPT+,20,0,0,1,0.62,0.83,0.73,0.83,0.1,0.0775555207,1,0.83,0.338709677,0.338709677,0.05,0,3
tpcds_sf20_t64,TPCDS SF20,tpcds,20,64,Q18,1,Baseline,20,0,0,1,0.42,0.42,0.42,0.53,0.1,0.145006861,1.26190476,0.42,0,0.261904762,0.6,0,3
tpcds_sf20_t64,TPCDS SF20,tpcds,20,64,Q18,2,Forward-only,20,0,0,1,0.31,0.42,0.319,0.42,0,0.0943845345,1,0.42,0.35483871,0.35483871,0.15,0,1
tpcds_sf20_t64,TPCDS SF20,tpcds,20,64,Q18,3,THC,20,0,0,1,0.42,0.42,0.42,0.42,0,0,1,0.42,0,0,1,0,0
tpcds_sf20_t64,TPCDS SF20,tpcds,20,64,Q18,4,RPT+,20,0,0,1,0.31,0.42,0.41,0.52,0.025,0.134095473,1.23809524,0.42,0.35483871,0.677419355,0.1,0,4
tpcds_sf20_t64,TPCDS SF20,tpcds,20,64,Q19,1,Baseline,20,0,0,1,0.62,0.62,0.62,0.62,0,0,1,0.62,0,0,1,0,0
tpcds_sf20_t64,TPCDS SF20,tpcds,20,64,Q19,2,Forward-only,20,0,0,1,0.62,0.62,0.62,0.73,0,0.0685358255,1.17741935,0.62,0,0.177419355,0.8,0,0
tpcds_sf20_t64,TPCDS SF20,tpcds,20,64,Q19,3,THC,20,0,0,1,0.62,0.73,0.62,0.73,0.11,0.0804177943,1,0.73,0.177419355,0.177419355,0.45,0,2
tpcds_sf20_t64,TPCDS SF20,tpcds,20,64,Q19,4,RPT+,20,0,0,1,0.62,0.73,0.62,0.73,0.11,0.0785550646,1,0.73,0.177419355,0.177419355,0.4,0,3
tpcds_sf20_t64,TPCDS SF20,tpcds,20,64,Q20,1,Baseline,20,0,0,1,0.21,0.21,0.21,0.21,0,0.0103536792,1,0.21,0,0,1,0,0
tpcds_sf20_t64,TPCDS SF20,tpcds,20,64,Q20,2,Forward-only,20,0,0,1,0.21,0.21,0.21,0.21,0,0.0103536792,1,0.21,0,0,1,0,0
tpcds_sf20_t64,TPCDS SF20,tpcds,20,64,Q20,3,THC,20,0,0,1,0.21,0.21,0.21,0.21,0,0,1,0.21,0,0,1,0,0
tpcds_sf20_t64,TPCDS SF20,tpcds,20,64,Q20,4,RPT+,20,0,0,1,0.21,0.21,0.21,0.21,0,0,1,0.21,0,0,1,0,0
tpcds_sf20_t64,TPCDS SF20,tpcds,20,64,Q21,1,Baseline,20,0,0,1,0.21,0.21,0.21,0.21,0,0,1,0.21,0,0,1,0,0
tpcds_sf20_t64,TPCDS SF20,tpcds,20,64,Q21,2,Forward-only,20,0,0,1,0.21,0.21,0.21,0.21,0,0,1,0.21,0,0,1,0,0
tpcds_sf20_t64,TPCDS SF20,tpcds,20,64,Q21,3,THC,20,0,0,1,0.21,0.21,0.21,0.21,0,0,1,0.21,0,0,1,0,0
tpcds_sf20_t64,TPCDS SF20,tpcds,20,64,Q21,4,RPT+,20,0,0,1,0.21,0.21,0.21,0.21,0,0,1,0.21,0,0,1,0,0
tpcds_sf20_t64,TPCDS SF20,tpcds,20,64,Q22,1,Baseline,20,0,0,1,0.31,0.32,0.31,0.32,0,0.0125786164,1,0.32,0.0322580645,0.0322580645,1,0,4
tpcds_sf20_t64,TPCDS SF20,tpcds,20,64,Q22,2,Forward-only,20,0,0,1,0.31,0.32,0.32,0.42,0,0.118728094,1.3125,0.32,0.0322580645,0.35483871,0.8,0,1
tpcds_sf20_t64,TPCDS SF20,tpcds,20,64,Q22,3,THC,20,0,0,1,0.32,0.42,0.32,0.42,0.1,0.132664992,1,0.42,0.3125,0.3125,0.45,0,2
tpcds_sf20_t64,TPCDS SF20,tpcds,20,64,Q22,4,RPT+,20,0,0,1,0.32,0.42,0.42,0.43,0.01,0.0548676791,1.02380952,0.42,0.3125,0.34375,0.05,0,10
tpcds_sf20_t64,TPCDS SF20,tpcds,20,64,Q23,1,Baseline,20,0,0,1,1.56,1.57,1.56,1.571,0.01,0.00695265272,1.00063694,1.57,0.00641025641,0.00705128205,1,0,0
tpcds_sf20_t64,TPCDS SF20,tpcds,20,64,Q23,2,Forward-only,20,0,0,1,1.56,1.57,1.56,1.67,0,0.0259335772,1.06369427,1.57,0.00641025641,0.0705128205,1,0,0
tpcds_sf20_t64,TPCDS SF20,tpcds,20,64,Q23,3,THC,20,0,0,1,1.47,1.66,1.56,1.68,0.1,0.0459634754,1.01204819,1.66,0.129251701,0.142857143,0.45,0,2
tpcds_sf20_t64,TPCDS SF20,tpcds,20,64,Q23,4,RPT+,20,0,0,1,1.56,1.67,1.57,1.77,0.125,0.046661149,1.05988024,1.67,0.0705128205,0.134615385,0.6,0,8
tpcds_sf20_t64,TPCDS SF20,tpcds,20,64,Q24,1,Baseline,20,0,0,1,0.73,0.73,0.73,1.601,0.025,0.421081922,2.19315068,0.73,0,1.19315068,0.75,0.15,0
tpcds_sf20_t64,TPCDS SF20,tpcds,20,64,Q24,2,Forward-only,20,0,0,1,0.62,0.73,0.73,1.683,0.1,0.451782292,2.30547945,0.73,0.177419355,1.71451613,0.05,0.15,0
tpcds_sf20_t64,TPCDS SF20,tpcds,20,64,Q24,3,THC,20,0,0,1,0.73,0.83,0.73,2.011,0.1,0.496382878,2.42289157,0.83,0.136986301,1.75479452,0.35,0.15,2
tpcds_sf20_t64,TPCDS SF20,tpcds,20,64,Q24,4,RPT+,20,0,0,1,0.73,0.93,0.83,1.902,0.1,0.382870885,2.04516129,0.93,0.273972603,1.60547945,0.05,0.15,5
tpcds_sf20_t64,TPCDS SF20,tpcds,20,64,Q25,1,Baseline,20,0,0,1,0.73,0.73,0.73,1.04,0.3025,0.172654968,1.42465753,0.73,0,0.424657534,0.7,0,1
tpcds_sf20_t64,TPCDS SF20,tpcds,20,64,Q25,2,Forward-only,20,0,0,1,0.73,0.73,0.73,0.83,0,0.0533333333,1.1369863,0.73,0,0.136986301,0.8,0,0
tpcds_sf20_t64,TPCDS SF20,tpcds,20,64,Q25,3,THC,20,0,0,1,0.73,0.83,0.73,0.84,0.1,0.0822433763,1.01204819,0.83,0.136986301,0.150684932,0.45,0,2
tpcds_sf20_t64,TPCDS SF20,tpcds,20,64,Q25,4,RPT+,20,0,0,1,0.73,0.93,0.73,0.93,0.2,0.108940536,1,0.93,0.273972603,0.273972603,0.35,0,3
tpcds_sf20_t64,TPCDS SF20,tpcds,20,64,Q26,1,Baseline,20,0,0,1,0.31,0.315,0.31,0.42,0.01,0.115390502,1.33333333,0.315,0.0161290323,0.35483871,0.85,0,2
tpcds_sf20_t64,TPCDS SF20,tpcds,20,64,Q26,2,Forward-only,20,0,0,1,0.31,0.315,0.31,0.32,0.01,0.0158730159,1.01587302,0.315,0.0161290323,0.0322580645,1,0,0
tpcds_sf20_t64,TPCDS SF20,tpcds,20,64,Q26,3,THC,20,0,0,1,0.31,0.32,0.31,0.32,0.01,0.0150701296,1,0.32,0.0322580645,0.0322580645,1,0,1
tpcds_sf20_t64,TPCDS SF20,tpcds,20,64,Q26,4,RPT+,20,0,0,1,0.31,0.32,0.31,0.32,0,0.0112110336,1,0.32,0.0322580645,0.0322580645,1,0,2
tpcds_sf20_t64,TPCDS SF20,tpcds,20,64,Q27,1,Baseline,20,0,0,1,0.83,1.04,0.83,1.05,0.11,0.0983924375,1.00961538,1.04,0.253012048,0.265060241,0.2,0,0
tpcds_sf20_t64,TPCDS SF20,tpcds,20,64,Q27,2,Forward-only,20,0,0,1,0.83,0.83,0.83,0.94,0.01,0.0494699757,1.13253012,0.83,0,0.13253012,0.8,0,0
tpcds_sf20_t64,TPCDS SF20,tpcds,20,64,Q27,3,THC,20,0,0,1,0.83,0.93,0.83,0.949,0.11,0.0741835917,1.02043011,0.93,0.120481928,0.143373494,0.45,0,2
tpcds_sf20_t64,TPCDS SF20,tpcds,20,64,Q27,4,RPT+,20,0,0,1,0.83,1.03,0.83,1.04,0.135,0.091006942,1.00970874,1.03,0.240963855,0.253012048,0.25,0,3
tpcds_sf20_t64,TPCDS SF20,tpcds,20,64,Q28,1,Baseline,20,0,0,1,0.73,0.83,0.73,0.84,0.11,0.0639582567,1.01204819,0.83,0.136986301,0.150684932,0.35,0,0
tpcds_sf20_t64,TPCDS SF20,tpcds,20,64,Q28,2,Forward-only,20,0,0,1,0.73,0.835,0.73,0.84,0.11,0.0673606412,1.00598802,0.835,0.143835616,0.150684932,0.45,0,0
tpcds_sf20_t64,TPCDS SF20,tpcds,20,64,Q28,3,THC,20,0,0,1,0.73,0.84,0.821,0.941,0.05,0.0708793721,1.1202381,0.84,0.150684932,0.289041096,0.1,0,4
tpcds_sf20_t64,TPCDS SF20,tpcds,20,64,Q28,4,RPT+,20,0,0,1,0.73,0.84,0.739,0.941,0.11,0.0849649415,1.1202381,0.84,0.150684932,0.289041096,0.15,0,4
tpcds_sf20_t64,TPCDS SF20,tpcds,20,64,Q29,1,Baseline,20,0,0,1,0.73,0.73,0.73,0.94,0.2,0.119623427,1.28767123,0.73,0,0.287671233,0.7,0,1
tpcds_sf20_t64,TPCDS SF20,tpcds,20,64,Q29,2,Forward-only,20,0,0,1,0.73,0.73,0.73,0.83,0.1,0.075726648,1.1369863,0.73,0,0.136986301,0.65,0,0
tpcds_sf20_t64,TPCDS SF20,tpcds,20,64,Q29,3,THC,20,0,0,1,0.73,0.83,0.73,0.94,0.1,0.0868980016,1.13253012,0.83,0.136986301,0.287671233,0.35,0,3
tpcds_sf20_t64,TPCDS SF20,tpcds,20,64,Q29,4,RPT+,20,0,0,1,0.73,0.83,0.73,0.94,0.2,0.102597764,1.13253012,0.83,0.136986301,0.287671233,0.3,0,3
tpcds_sf20_t64,TPCDS SF20,tpcds,20,64,Q30,1,Baseline,20,0,0,1,0.31,0.32,0.31,0.42,0.01,0.123813923,1.3125,0.32,0.0322580645,0.35483871,0.8,0,2
tpcds_sf20_t64,TPCDS SF20,tpcds,20,64,Q30,2,Forward-only,20,0,0,1,0.31,0.32,0.31,0.42,0.01,0.126623992,1.3125,0.32,0.0322580645,0.35483871,0.8,0,0
tpcds_sf20_t64,TPCDS SF20,tpcds,20,64,Q30,3,THC,20,0,0,1,0.31,0.32,0.319,0.42,0.1,0.137056604,1.3125,0.32,0.0322580645,0.35483871,0.65,0,4
tpcds_sf20_t64,TPCDS SF20,tpcds,20,64,Q30,4,RPT+,20,0,0,1,0.31,0.42,0.31,0.42,0.1,0.136339669,1,0.42,0.35483871,0.35483871,0.4,0,2
tpcds_sf20_t64,TPCDS SF20,tpcds,20,64,Q31,1,Baseline,20,0,0,1,0.62,0.62,0.62,0.62,0,0,1,0.62,0,0,1,0,0
tpcds_sf20_t64,TPCDS SF20,tpcds,20,64,Q31,2,Forward-only,20,0,0,1,0.62,0.62,0.62,0.73,0,0.0685358255,1.17741935,0.62,0,0.177419355,0.8,0,0
tpcds_sf20_t64,TPCDS SF20,tpcds,20,64,Q31,3,THC,20,0,0,1,0.62,0.73,0.62,0.73,0.11,0.0804177943,1,0.73,0.177419355,0.177419355,0.45,0,2
tpcds_sf20_t64,TPCDS SF20,tpcds,20,64,Q31,4,RPT+,20,0,0,1,0.73,0.83,0.73,0.83,0.1,0.0620123986,1,0.83,0.136986301,0.136986301,0.4,0,3
tpcds_sf20_t64,TPCDS SF20,tpcds,20,64,Q32,1,Baseline,20,0,0,1,0.21,0.21,0.21,0.21,0,0,1,0.21,0,0,1,0,0
tpcds_sf20_t64,TPCDS SF20,tpcds,20,64,Q32,2,Forward-only,20,0,0,1,0.21,0.21,0.21,0.21,0,0,1,0.21,0,0,1,0,0
tpcds_sf20_t64,TPCDS SF20,tpcds,20,64,Q32,3,THC,20,0,0,1,0.21,0.21,0.21,0.21,0,0,1,0.21,0,0,1,0,0
tpcds_sf20_t64,TPCDS SF20,tpcds,20,64,Q32,4,RPT+,20,0,0,1,0.21,0.21,0.21,0.21,0,0,1,0.21,0,0,1,0,0
tpcds_sf20_t64,TPCDS SF20,tpcds,20,64,Q33,1,Baseline,20,0,0,1,0.62,0.62,0.62,0.62,0,0,1,0.62,0,0,1,0,0
tpcds_sf20_t64,TPCDS SF20,tpcds,20,64,Q33,2,Forward-only,20,0,0,1,0.62,0.62,0.62,0.83,0.11,0.126265182,1.33870968,0.62,0,0.338709677,0.7,0,0
tpcds_sf20_t64,TPCDS SF20,tpcds,20,64,Q33,3,THC,20,0,0,1,0.62,0.83,0.62,0.83,0.21,0.142044434,1,0.83,0.338709677,0.338709677,0.45,0,2
tpcds_sf20_t64,TPCDS SF20,tpcds,20,64,Q33,4,RPT+,20,0,0,1,0.73,0.83,0.73,0.83,0.1,0.0620123986,1,0.83,0.136986301,0.136986301,0.4,0,3
tpcds_sf20_t64,TPCDS SF20,tpcds,20,64,Q34,1,Baseline,20,0,0,1,0.52,0.52,0.52,0.52,0,0,1,0.52,0,0,1,0,0
tpcds_sf20_t64,TPCDS SF20,tpcds,20,64,Q34,2,Forward-only,20,0,0,1,0.52,0.52,0.52,0.52,0,0,1,0.52,0,0,1,0,0
tpcds_sf20_t64,TPCDS SF20,tpcds,20,64,Q34,3,THC,20,0,0,1,0.42,0.52,0.52,0.52,0,0.0423194072,1,0.52,0.238095238,0.238095238,0.05,0,5
tpcds_sf20_t64,TPCDS SF20,tpcds,20,64,Q34,4,RPT+,20,0,0,1,0.52,0.62,0.52,0.62,0.1,0.0844651635,1,0.62,0.192307692,0.192307692,0.4,0,3
tpcds_sf20_t64,TPCDS SF20,tpcds,20,64,Q35,1,Baseline,20,0,0,1,0.52,0.52,0.52,0.53,0,0.00684700712,1.01923077,0.52,0,0.0192307692,1,0,0
tpcds_sf20_t64,TPCDS SF20,tpcds,20,64,Q35,2,Forward-only,20,0,0,1,0.52,0.52,0.52,0.621,0.01,0.0759542933,1.19423077,0.52,0,0.194230769,0.8,0,0
tpcds_sf20_t64,TPCDS SF20,tpcds,20,64,Q35,3,THC,20,0,0,1,0.52,0.62,0.52,0.621,0.1,0.0871239979,1.0016129,0.62,0.192307692,0.194230769,0.45,0,2
tpcds_sf20_t64,TPCDS SF20,tpcds,20,64,Q35,4,RPT+,20,0,0,1,0.52,0.62,0.52,0.63,0.11,0.0880476721,1.01612903,0.62,0.192307692,0.211538462,0.4,0,3
tpcds_sf20_t64,TPCDS SF20,tpcds,20,64,Q36,1,Baseline,20,0,0,1,0.62,0.62,0.62,0.62,0,0,1,0.62,0,0,1,0,0
tpcds_sf20_t64,TPCDS SF20,tpcds,20,64,Q36,2,Forward-only,20,0,0,1,0.62,0.62,0.62,0.83,0.11,0.125749205,1.33870968,0.62,0,0.338709677,0.7,0,1
tpcds_sf20_t64,TPCDS SF20,tpcds,20,64,Q36,3,THC,20,0,0,1,0.62,0.83,0.62,0.83,0.21,0.14122594,1,0.83,0.338709677,0.338709677,0.45,0,2
tpcds_sf20_t64,TPCDS SF20,tpcds,20,64,Q36,4,RPT+,20,0,0,1,0.83,0.93,0.83,0.93,0.1,0.0536964028,1,0.93,0.120481928,0.120481928,0.4,0,4
tpcds_sf20_t64,TPCDS SF20,tpcds,20,64,Q37,1,Baseline,20,0,0,1,0.21,0.52,0.21,9.558,8.9125,1.23603706,18.3807692,0.52,1.47619048,44.5142857,0.4,0.6,0
tpcds_sf20_t64,TPCDS SF20,tpcds,20,64,Q37,2,Forward-only,20,0,0,1,0.21,0.21,0.21,0.32,0,0.185933402,1.52380952,0.21,0,0.523809524,0.8,0,0
tpcds_sf20_t64,TPCDS SF20,tpcds,20,64,Q37,3,THC,20,0,0,1,0.21,0.31,0.21,0.311,0.1,0.190731592,1.00322581,0.31,0.476190476,0.480952381,0.45,0,2
tpcds_sf20_t64,TPCDS SF20,tpcds,20,64,Q37,4,RPT+,20,0,0,1,0.21,0.31,0.21,0.32,0.1,0.185364399,1.03225806,0.31,0.476190476,0.523809524,0.4,0,3
tpcds_sf20_t64,TPCDS SF20,tpcds,20,64,Q38,1,Baseline,20,0,0,1,0.52,0.52,0.52,0.52,0,0,1,0.52,0,0,1,0,0
tpcds_sf20_t64,TPCDS SF20,tpcds,20,64,Q38,2,Forward-only,20,0,0,1,0.52,0.52,0.52,0.52,0,0,1,0.52,0,0,1,0,0
tpcds_sf20_t64,TPCDS SF20,tpcds,20,64,Q38,3,THC,20,0,0,1,0.52,0.52,0.52,0.52,0,0.0415133233,1,0.52,0,0,0.95,0,0
tpcds_sf20_t64,TPCDS SF20,tpcds,20,64,Q38,4,RPT+,20,0,0,1,0.62,0.625,0.62,0.73,0.01,0.0594982274,1.168,0.625,0.00806451613,0.177419355,0.85,0,0
tpcds_sf20_t64,TPCDS SF20,tpcds,20,64,Q39,1,Baseline,20,0,0,1,0.31,0.31,0.31,0.32,0.01,0.0156018455,1.03225806,0.31,0,0.0322580645,1,0,0
tpcds_sf20_t64,TPCDS SF20,tpcds,20,64,Q39,2,Forward-only,20,0,0,1,0.21,0.31,0.31,0.32,0.01,0.0748180803,1.03225806,0.31,0.476190476,0.523809524,0.05,0,18
tpcds_sf20_t64,TPCDS SF20,tpcds,20,64,Q39,3,THC,20,0,0,1,0.31,0.32,0.31,0.32,0.0025,0.0136381953,1,0.32,0.0322580645,0.0322580645,1,0,3
tpcds_sf20_t64,TPCDS SF20,tpcds,20,64,Q39,4,RPT+,20,0,0,1,0.21,0.32,0.31,0.32,0.01,0.0758554957,1,0.32,0.523809524,0.523809524,0.05,0,3
tpcds_sf20_t64,TPCDS SF20,tpcds,20,64,Q40,1,Baseline,20,0,0,1,0.21,0.32,0.21,0.32,0.035,0.161146036,1,0.32,0.523809524,0.523809524,0.25,0,5
tpcds_sf20_t64,TPCDS SF20,tpcds,20,64,Q40,2,Forward-only,20,0,0,1,0.21,0.21,0.21,0.311,0,0.182075678,1.48095238,0.21,0,0.480952381,0.8,0,0
tpcds_sf20_t64,TPCDS SF20,tpcds,20,64,Q40,3,THC,20,0,0,1,0.21,0.31,0.21,0.32,0.11,0.196241698,1.03225806,0.31,0.476190476,0.523809524,0.45,0,2
tpcds_sf20_t64,TPCDS SF20,tpcds,20,64,Q40,4,RPT+,20,0,0,1,0.21,0.21,0.21,0.21,0,0,1,0.21,0,0,1,0,0
tpcds_sf20_t64,TPCDS SF20,tpcds,20,64,Q41,1,Baseline,20,0,0,1,0.21,0.21,0.21,0.21,0,0,1,0.21,0,0,1,0,0
tpcds_sf20_t64,TPCDS SF20,tpcds,20,64,Q41,2,Forward-only,20,0,0,1,0.21,0.21,0.21,0.21,0,0,1,0.21,0,0,1,0,0
tpcds_sf20_t64,TPCDS SF20,tpcds,20,64,Q41,3,THC,20,0,0,1,0.21,0.21,0.21,0.21,0,0,1,0.21,0,0,1,0,0
tpcds_sf20_t64,TPCDS SF20,tpcds,20,64,Q41,4,RPT+,20,0,0,1,0.21,0.21,0.21,0.21,0,0,1,0.21,0,0,1,0,0
tpcds_sf20_t64,TPCDS SF20,tpcds,20,64,Q42,1,Baseline,20,0,0,1,0.42,0.42,0.42,0.42,0,0,1,0.42,0,0,1,0,0
tpcds_sf20_t64,TPCDS SF20,tpcds,20,64,Q42,2,Forward-only,20,0,0,1,0.41,0.42,0.42,0.52,0,0.0917137378,1.23809524,0.42,0.0243902439,0.268292683,0.8,0,0
tpcds_sf20_t64,TPCDS SF20,tpcds,20,64,Q42,3,THC,20,0,0,1,0.42,0.52,0.42,0.52,0.1,0.105671694,1,0.52,0.238095238,0.238095238,0.45,0,2
tpcds_sf20_t64,TPCDS SF20,tpcds,20,64,Q42,4,RPT+,20,0,0,1,0.41,0.52,0.42,0.53,0.11,0.108264122,1.01923077,0.52,0.268292683,0.292682927,0.4,0,9
tpcds_sf20_t64,TPCDS SF20,tpcds,20,64,Q43,1,Baseline,20,0,0,1,0.52,0.52,0.52,0.52,0,0,1,0.52,0,0,1,0,0
tpcds_sf20_t64,TPCDS SF20,tpcds,20,64,Q43,2,Forward-only,20,0,0,1,0.52,0.52,0.52,0.62,0,0.0740740741,1.19230769,0.52,0,0.192307692,0.8,0,0
tpcds_sf20_t64,TPCDS SF20,tpcds,20,64,Q43,3,THC,20,0,0,1,0.52,0.62,0.52,0.62,0.1,0.0865206467,1,0.62,0.192307692,0.192307692,0.45,0,2
tpcds_sf20_t64,TPCDS SF20,tpcds,20,64,Q43,4,RPT+,20,0,0,1,0.62,0.73,0.62,0.73,0.11,0.0780792989,1,0.73,0.177419355,0.177419355,0.4,0,3
tpcds_sf20_t64,TPCDS SF20,tpcds,20,64,Q44,1,Baseline,20,0,0,1,8.28,8.39,8.29,8.5,0.125,0.0113735996,1.01311085,8.39,0.0132850242,0.0265700483,1,0,6
tpcds_sf20_t64,TPCDS SF20,tpcds,20,64,Q44,2,Forward-only,20,0,0,1,8.19,8.39,8.289,8.6,0.3025,0.0176937518,1.0250298,8.39,0.0244200244,0.0500610501,1,0,13
tpcds_sf20_t64,TPCDS SF20,tpcds,20,64,Q44,3,THC,20,0,0,1,8.29,8.395,8.29,8.61,0.21,0.0150921524,1.02561048,8.395,0.0126658625,0.0386007238,1,0,2
tpcds_sf20_t64,TPCDS SF20,tpcds,20,64,Q44,4,RPT+,20,0,0,1,8.29,8.4,8.39,8.6,0.11,0.0118151735,1.02380952,8.4,0.0132689988,0.0373944511,1,0,6
tpcds_sf20_t64,TPCDS SF20,tpcds,20,64,Q45,1,Baseline,20,0,0,1,0.31,0.42,0.32,0.42,0.0325,0.111617429,1,0.42,0.35483871,0.35483871,0.25,0,3
tpcds_sf20_t64,TPCDS SF20,tpcds,20,64,Q45,2,Forward-only,20,0,0,1,0.31,0.42,0.31,0.43,0.025,0.147511784,1.02380952,0.42,0.35483871,0.387096774,0.25,0,3
tpcds_sf20_t64,TPCDS SF20,tpcds,20,64,Q45,3,THC,20,0,0,1,0.31,0.42,0.31,0.52,0.125,0.181756567,1.23809524,0.42,0.35483871,0.677419355,0.25,0,2
tpcds_sf20_t64,TPCDS SF20,tpcds,20,64,Q45,4,RPT+,20,0,0,1,0.31,0.42,0.41,0.52,0.1,0.146190506,1.23809524,0.42,0.35483871,0.677419355,0.1,0,3
tpcds_sf20_t64,TPCDS SF20,tpcds,20,64,Q46,1,Baseline,20,0,0,1,0.73,0.73,0.73,0.93,0.2,0.1192424,1.2739726,0.73,0,0.273972603,0.65,0,2
tpcds_sf20_t64,TPCDS SF20,tpcds,20,64,Q46,2,Forward-only,20,0,0,1,0.73,0.78,0.73,0.93,0.2,0.122574178,1.19230769,0.78,0.0684931507,0.273972603,0.5,0,2
tpcds_sf20_t64,TPCDS SF20,tpcds,20,64,Q46,3,THC,20,0,0,1,0.73,0.83,0.73,1.03,0.225,0.138577126,1.24096386,0.83,0.136986301,0.410958904,0.35,0,2
tpcds_sf20_t64,TPCDS SF20,tpcds,20,64,Q46,4,RPT+,20,0,0,1,0.73,0.93,0.73,1.14,0.2525,0.164286662,1.22580645,0.93,0.273972603,0.561643836,0.3,0,3
tpcds_sf20_t64,TPCDS SF20,tpcds,20,64,Q47,1,Baseline,20,0,0,1,1.14,1.14,1.14,1.14,0,0,1,1.14,0,0,1,0,0
tpcds_sf20_t64,TPCDS SF20,tpcds,20,64,Q47,2,Forward-only,20,0,0,1,1.14,1.14,1.14,1.24,0,0.0344827586,1.0877193,1.14,0,0.0877192982,1,0,0
tpcds_sf20_t64,TPCDS SF20,tpcds,20,64,Q47,3,THC,20,0,0,1,1.13,1.24,1.14,1.24,0.1,0.0421484309,1,1.24,0.0973451327,0.0973451327,1,0,8
tpcds_sf20_t64,TPCDS SF20,tpcds,20,64,Q47,4,RPT+,20,0,0,1,1.14,1.24,1.14,1.24,0.1,0.0411865166,1,1.24,0.0877192982,0.0877192982,1,0,3
tpcds_sf20_t64,TPCDS SF20,tpcds,20,64,Q48,1,Baseline,20,0,0,1,0.73,0.73,0.73,0.83,0,0.0479290499,1.1369863,0.73,0,0.136986301,0.85,0,0
tpcds_sf20_t64,TPCDS SF20,tpcds,20,64,Q48,2,Forward-only,20,0,0,1,0.73,0.73,0.73,0.83,0.1,0.0623489674,1.1369863,0.73,0,0.136986301,0.65,0,0
tpcds_sf20_t64,TPCDS SF20,tpcds,20,64,Q48,3,THC,20,0,0,1,0.73,0.83,0.73,0.849,0.1,0.0796363467,1.02289157,0.83,0.136986301,0.163013699,0.4,0,2
tpcds_sf20_t64,TPCDS SF20,tpcds,20,64,Q48,4,RPT+,20,0,0,1,0.83,0.93,0.83,1.04,0.2,0.0896748919,1.11827957,0.93,0.120481928,0.253012048,0.35,0,3
tpcds_sf20_t64,TPCDS SF20,tpcds,20,64,Q49,1,Baseline,20,0,0,1,0.73,0.73,0.73,0.83,0,0.0533333333,1.1369863,0.73,0,0.136986301,0.8,0,0
tpcds_sf20_t64,TPCDS SF20,tpcds,20,64,Q49,2,Forward-only,20,0,0,1,0.73,0.73,0.73,0.93,0,0.103896104,1.2739726,0.73,0,0.273972603,0.8,0,0
tpcds_sf20_t64,TPCDS SF20,tpcds,20,64,Q49,3,THC,20,0,0,1,0.73,0.93,0.73,0.93,0.2,0.118450885,1,0.93,0.273972603,0.273972603,0.45,0,2
tpcds_sf20_t64,TPCDS SF20,tpcds,20,64,Q49,4,RPT+,20,0,0,1,0.73,0.93,0.82,0.93,0.1,0.0762295901,1,0.93,0.273972603,0.273972603,0.1,0,6
tpcds_sf20_t64,TPCDS SF20,tpcds,20,64,Q50,1,Baseline,20,0,0,1,0.62,0.62,0.62,0.621,0,0.00483091787,1.0016129,0.62,0,0.00161290323,1,0,0
tpcds_sf20_t64,TPCDS SF20,tpcds,20,64,Q50,2,Forward-only,20,0,0,1,0.52,0.52,0.52,0.62,0.1,0.0841330453,1.19230769,0.52,0,0.192307692,0.7,0,0
tpcds_sf20_t64,TPCDS SF20,tpcds,20,64,Q50,3,THC,20,0,0,1,0.52,0.62,0.52,0.73,0.1325,0.140037652,1.17741935,0.62,0.192307692,0.403846154,0.45,0,2
tpcds_sf20_t64,TPCDS SF20,tpcds,20,64,Q50,4,RPT+,20,0,0,1,0.63,0.83,0.73,0.83,0.1,0.0750944339,1,0.83,0.317460317,0.317460317,0.05,0,8
tpcds_sf20_t64,TPCDS SF20,tpcds,20,64,Q51,1,Baseline,20,0,0,1,1.14,1.24,1.23,1.25,0.01,0.0258040833,1.00806452,1.24,0.0877192982,0.0964912281,1,0,7
tpcds_sf20_t64,TPCDS SF20,tpcds,20,64,Q51,2,Forward-only,20,0,0,1,1.14,1.245,1.15,1.35,0.0125,0.0482262873,1.08433735,1.245,0.0921052632,0.184210526,0.75,0,12
tpcds_sf20_t64,TPCDS SF20,tpcds,20,64,Q51,3,THC,20,0,0,1,1.14,1.3,1.24,1.35,0.1025,0.047811246,1.03846154,1.3,0.140350877,0.184210526,0.5,0,10
tpcds_sf20_t64,TPCDS SF20,tpcds,20,64,Q51,4,RPT+,20,0,0,1,1.25,1.355,1.35,1.451,0.1,0.0417359932,1.07084871,1.355,0.084,0.1608,0.6,0,8
tpcds_sf20_t64,TPCDS SF20,tpcds,20,64,Q52,1,Baseline,20,0,0,1,0.42,0.42,0.42,0.42,0,0,1,0.42,0,0,1,0,0
tpcds_sf20_t64,TPCDS SF20,tpcds,20,64,Q52,2,Forward-only,20,0,0,1,0.42,0.42,0.42,0.52,0,0.0909090909,1.23809524,0.42,0,0.238095238,0.8,0,0
tpcds_sf20_t64,TPCDS SF20,tpcds,20,64,Q52,3,THC,20,0,0,1,0.42,0.52,0.42,0.52,0.1,0.10473552,1,0.52,0.238095238,0.238095238,0.45,0,2
tpcds_sf20_t64,TPCDS SF20,tpcds,20,64,Q52,4,RPT+,20,0,0,1,0.42,0.52,0.42,0.52,0.1,0.102062073,1,0.52,0.238095238,0.238095238,0.4,0,3
tpcds_sf20_t64,TPCDS SF20,tpcds,20,64,Q53,1,Baseline,20,0,0,1,0.52,0.52,0.52,0.52,0,0,1,0.52,0,0,1,0,0
tpcds_sf20_t64,TPCDS SF20,tpcds,20,64,Q53,2,Forward-only,20,0,0,1,0.52,0.52,0.52,0.62,0,0.0740740741,1.19230769,0.52,0,0.192307692,0.8,0,0
tpcds_sf20_t64,TPCDS SF20,tpcds,20,64,Q53,3,THC,20,0,0,1,0.52,0.62,0.52,0.62,0.1,0.0865206467,1,0.62,0.192307692,0.192307692,0.45,0,2
tpcds_sf20_t64,TPCDS SF20,tpcds,20,64,Q53,4,RPT+,20,0,0,1,0.52,0.73,0.52,0.73,0.21,0.152058216,1,0.73,0.403846154,0.403846154,0.35,0,4
tpcds_sf20_t64,TPCDS SF20,tpcds,20,64,Q54,1,Baseline,0,20,0,0,,,,,,,,300,,,,,
tpcds_sf20_t64,TPCDS SF20,tpcds,20,64,Q54,2,Forward-only,0,20,0,0,,,,,,,,300,,,,,
tpcds_sf20_t64,TPCDS SF20,tpcds,20,64,Q54,3,THC,0,20,0,0,,,,,,,,300,,,,,
tpcds_sf20_t64,TPCDS SF20,tpcds,20,64,Q54,4,RPT+,0,20,0,0,,,,,,,,300,,,,,
tpcds_sf20_t64,TPCDS SF20,tpcds,20,64,Q55,1,Baseline,20,0,0,1,0.42,0.42,0.42,0.52,0,0.0820853842,1.23809524,0.42,0,0.238095238,0.85,0,0
tpcds_sf20_t64,TPCDS SF20,tpcds,20,64,Q55,2,Forward-only,20,0,0,1,0.42,0.42,0.42,0.52,0.1,0.101835015,1.23809524,0.42,0,0.238095238,0.7,0,0
tpcds_sf20_t64,TPCDS SF20,tpcds,20,64,Q55,3,THC,20,0,0,1,0.42,0.52,0.42,0.52,0.1,0.102062073,1,0.52,0.238095238,0.238095238,0.4,0,2
tpcds_sf20_t64,TPCDS SF20,tpcds,20,64,Q55,4,RPT+,20,0,0,1,0.42,0.52,0.42,0.52,0.1,0.102062073,1,0.52,0.238095238,0.238095238,0.4,0,2
tpcds_sf20_t64,TPCDS SF20,tpcds,20,64,Q56,1,Baseline,20,0,0,1,0.73,0.73,0.73,0.83,0,0.0479290499,1.1369863,0.73,0,0.136986301,0.85,0,0
tpcds_sf20_t64,TPCDS SF20,tpcds,20,64,Q56,2,Forward-only,20,0,0,1,0.62,0.73,0.729,0.83,0.1,0.0730527287,1.1369863,0.73,0.177419355,0.338709677,0.05,0,8
tpcds_sf20_t64,TPCDS SF20,tpcds,20,64,Q56,3,THC,20,0,0,1,0.62,0.83,0.729,0.83,0.1,0.0775233235,1,0.83,0.338709677,0.338709677,0.05,0,9
tpcds_sf20_t64,TPCDS SF20,tpcds,20,64,Q56,4,RPT+,20,0,0,1,0.72,0.83,0.73,0.83,0.1,0.0628831521,1,0.83,0.152777778,0.152777778,0.4,0,7
tpcds_sf20_t64,TPCDS SF20,tpcds,20,64,Q57,1,Baseline,20,0,0,1,0.42,0.42,0.42,0.52,0,0.0820853842,1.23809524,0.42,0,0.238095238,0.85,0,0
tpcds_sf20_t64,TPCDS SF20,tpcds,20,64,Q57,2,Forward-only,20,0,0,1,0.41,0.42,0.42,0.52,0.025,0.0981854706,1.23809524,0.42,0.0243902439,0.268292683,0.75,0,1
tpcds_sf20_t64,TPCDS SF20,tpcds,20,64,Q57,3,THC,20,0,0,1,0.42,0.52,0.42,0.52,0.1,0.102062073,1,0.52,0.238095238,0.238095238,0.4,0,2
tpcds_sf20_t64,TPCDS SF20,tpcds,20,64,Q57,4,RPT+,20,0,0,1,0.42,0.52,0.42,0.52,0.1,0.102062073,1,0.52,0.238095238,0.238095238,0.4,0,2
tpcds_sf20_t64,TPCDS SF20,tpcds,20,64,Q58,1,Baseline,20,0,0,1,0.73,0.73,0.73,0.84,0,0.0824496662,1.15068493,0.73,0,0.150684932,0.85,0,0
tpcds_sf20_t64,TPCDS SF20,tpcds,20,64,Q58,2,Forward-only,20,0,0,1,0.73,0.73,0.73,0.83,0.1,0.0748073408,1.1369863,0.73,0,0.136986301,0.7,0,0
tpcds_sf20_t64,TPCDS SF20,tpcds,20,64,Q58,3,THC,20,0,0,1,0.73,0.83,0.73,0.93,0.2,0.101300291,1.12048193,0.83,0.136986301,0.273972603,0.4,0,2
tpcds_sf20_t64,TPCDS SF20,tpcds,20,64,Q58,4,RPT+,20,0,0,1,0.73,0.83,0.73,0.93,0.2,0.110251213,1.12048193,0.83,0.136986301,0.273972603,0.4,0,2
tpcds_sf20_t64,TPCDS SF20,tpcds,20,64,Q59,1,Baseline,20,0,0,1,0.52,0.52,0.52,0.62,0,0.0667423218,1.19230769,0.52,0,0.192307692,0.85,0,0
tpcds_sf20_t64,TPCDS SF20,tpcds,20,64,Q59,2,Forward-only,20,0,0,1,0.52,0.52,0.52,0.62,0.1,0.0847124703,1.19230769,0.52,0,0.192307692,0.7,0,0
tpcds_sf20_t64,TPCDS SF20,tpcds,20,64,Q59,3,THC,20,0,0,1,0.52,0.62,0.52,0.63,0.1025,0.0878518862,1.01612903,0.62,0.192307692,0.211538462,0.4,0,2
tpcds_sf20_t64,TPCDS SF20,tpcds,20,64,Q59,4,RPT+,20,0,0,1,0.52,0.62,0.52,0.62,0.1,0.0851755611,1,0.62,0.192307692,0.192307692,0.4,0,2
tpcds_sf20_t64,TPCDS SF20,tpcds,20,64,Q60,1,Baseline,20,0,0,1,0.72,0.73,0.73,0.83,0,0.0483312756,1.1369863,0.73,0.0138888889,0.152777778,0.85,0,5
tpcds_sf20_t64,TPCDS SF20,tpcds,20,64,Q60,2,Forward-only,20,0,0,1,0.73,0.73,0.73,0.83,0.1,0.0602970486,1.1369863,0.73,0,0.136986301,0.7,0,0
tpcds_sf20_t64,TPCDS SF20,tpcds,20,64,Q60,3,THC,20,0,0,1,0.73,0.83,0.73,0.83,0.1,0.0620123986,1,0.83,0.136986301,0.136986301,0.4,0,2
tpcds_sf20_t64,TPCDS SF20,tpcds,20,64,Q60,4,RPT+,20,0,0,1,0.73,0.83,0.73,0.83,0.1,0.0620123986,1,0.83,0.136986301,0.136986301,0.4,0,2
tpcds_sf20_t64,TPCDS SF20,tpcds,20,64,Q61,1,Baseline,20,0,0,1,0.62,0.73,0.62,0.83,0.135,0.125222368,1.1369863,0.73,0.177419355,0.338709677,0.35,0,0
tpcds_sf20_t64,TPCDS SF20,tpcds,20,64,Q61,2,Forward-only,20,0,0,1,0.62,0.73,0.62,0.83,0.135,0.10787331,1.1369863,0.73,0.177419355,0.338709677,0.3,0,0
tpcds_sf20_t64,TPCDS SF20,tpcds,20,64,Q61,3,THC,20,0,0,1,0.62,0.73,0.62,0.83,0.1275,0.113125084,1.1369863,0.73,0.177419355,0.338709677,0.25,0,2
tpcds_sf20_t64,TPCDS SF20,tpcds,20,64,Q61,4,RPT+,20,0,0,1,0.73,0.83,0.73,0.83,0.1,0.0620123986,1,0.83,0.136986301,0.136986301,0.4,0,2
tpcds_sf20_t64,TPCDS SF20,tpcds,20,64,Q62,1,Baseline,20,0,0,1,0.31,0.32,0.31,0.32,0,0.0125786164,1,0.32,0.0322580645,0.0322580645,1,0,4
tpcds_sf20_t64,TPCDS SF20,tpcds,20,64,Q62,2,Forward-only,20,0,0,1,0.32,0.32,0.32,0.32,0,0,1,0.32,0,0,1,0,0
tpcds_sf20_t64,TPCDS SF20,tpcds,20,64,Q62,3,THC,20,0,0,1,0.31,0.32,0.31,0.32,0.01,0.0150701296,1,0.32,0.0322580645,0.0322580645,1,0,8
tpcds_sf20_t64,TPCDS SF20,tpcds,20,64,Q62,4,RPT+,20,0,0,1,0.31,0.37,0.31,0.42,0.1,0.140032133,1.13513514,0.37,0.193548387,0.35483871,0.5,0,3
tpcds_sf20_t64,TPCDS SF20,tpcds,20,64,Q63,1,Baseline,20,0,0,1,0.52,0.52,0.52,0.62,0,0.0667423218,1.19230769,0.52,0,0.192307692,0.85,0,0
tpcds_sf20_t64,TPCDS SF20,tpcds,20,64,Q63,2,Forward-only,20,0,0,1,0.52,0.52,0.52,0.62,0.1,0.0833195581,1.19230769,0.52,0,0.192307692,0.7,0,0
tpcds_sf20_t64,TPCDS SF20,tpcds,20,64,Q63,3,THC,20,0,0,1,0.52,0.62,0.52,0.62,0.1,0.0844651635,1,0.62,0.192307692,0.192307692,0.4,0,2
tpcds_sf20_t64,TPCDS SF20,tpcds,20,64,Q63,4,RPT+,20,0,0,1,0.52,0.62,0.52,0.63,0.11,0.0890967941,1.01612903,0.62,0.192307692,0.211538462,0.4,0,2
tpcds_sf20_t64,TPCDS SF20,tpcds,20,64,Q64,1,Baseline,20,0,0,1,1.04,1.195,1.14,1.341,0.1325,0.075562217,1.12217573,1.195,0.149038462,0.289423077,0.45,0,6
tpcds_sf20_t64,TPCDS SF20,tpcds,20,64,Q64,2,Forward-only,20,0,0,1,1.03,1.14,1.039,1.34,0.2,0.0955432244,1.1754386,1.14,0.106796117,0.300970874,0.2,0,0
tpcds_sf20_t64,TPCDS SF20,tpcds,20,64,Q64,3,THC,20,0,0,1,1.14,1.295,1.14,1.35,0.2,0.0738268176,1.04247104,1.295,0.135964912,0.184210526,0.5,0,3
tpcds_sf20_t64,TPCDS SF20,tpcds,20,64,Q64,4,RPT+,20,0,0,1,1.14,1.34,1.14,1.341,0.2,0.0783808499,1.00074627,1.34,0.175438596,0.176315789,0.4,0,2
tpcds_sf20_t64,TPCDS SF20,tpcds,20,64,Q65,1,Baseline,20,0,0,1,0.93,0.93,0.93,1.03,0,0.0377853356,1.10752688,0.93,0,0.107526882,0.85,0,0
tpcds_sf20_t64,TPCDS SF20,tpcds,20,64,Q65,2,Forward-only,20,0,0,1,0.93,1.04,0.93,1.14,0.0275,0.067274629,1.09615385,1.04,0.11827957,0.225806452,0.2,0,0
tpcds_sf20_t64,TPCDS SF20,tpcds,20,64,Q65,3,THC,20,0,0,1,0.93,1.04,1.021,1.14,0.1,0.0621399393,1.09615385,1.04,0.11827957,0.225806452,0.1,0,7
tpcds_sf20_t64,TPCDS SF20,tpcds,20,64,Q65,4,RPT+,20,0,0,1,1.03,1.14,1.03,1.14,0.1,0.0473263353,1,1.14,0.106796117,0.106796117,0.4,0,2
tpcds_sf20_t64,TPCDS SF20,tpcds,20,64,Q66,1,Baseline,20,0,0,1,0.42,0.42,0.42,0.52,0,0.0820853842,1.23809524,0.42,0,0.238095238,0.85,0,0
tpcds_sf20_t64,TPCDS SF20,tpcds,20,64,Q66,2,Forward-only,20,0,0,1,0.42,0.42,0.42,0.52,0.1,0.101835015,1.23809524,0.42,0,0.238095238,0.7,0,0
tpcds_sf20_t64,TPCDS SF20,tpcds,20,64,Q66,3,THC,20,0,0,1,0.42,0.52,0.42,0.52,0.1,0.102062073,1,0.52,0.238095238,0.238095238,0.4,0,2
tpcds_sf20_t64,TPCDS SF20,tpcds,20,64,Q66,4,RPT+,20,0,0,1,0.42,0.52,0.42,0.52,0.1,0.102062073,1,0.52,0.238095238,0.238095238,0.4,0,2
tpcds_sf20_t64,TPCDS SF20,tpcds,20,64,Q67,1,Baseline,20,0,0,1,2.29,2.31,2.3,2.41,0.1,0.0208568313,1.04329004,2.31,0.00873362445,0.0524017467,1,0,11
tpcds_sf20_t64,TPCDS SF20,tpcds,20,64,Q67,2,Forward-only,20,0,0,1,2.3,2.39,2.3,2.41,0.09,0.0202765616,1.0083682,2.39,0.0391304348,0.047826087,1,0,3
tpcds_sf20_t64,TPCDS SF20,tpcds,20,64,Q67,3,THC,20,0,0,1,2.3,2.4,2.3,2.41,0.03,0.0178164858,1.00416667,2.4,0.0434782609,0.047826087,1,0,2
tpcds_sf20_t64,TPCDS SF20,tpcds,20,64,Q67,4,RPT+,20,0,0,1,2.41,2.51,2.41,2.61,0.04,0.0249532505,1.03984064,2.51,0.0414937759,0.0829875519,1,0,2
tpcds_sf20_t64,TPCDS SF20,tpcds,20,64,Q68,1,Baseline,20,0,0,1,0.73,0.83,0.73,0.93,0.1,0.0812911228,1.12048193,0.83,0.136986301,0.273972603,0.3,0,0
tpcds_sf20_t64,TPCDS SF20,tpcds,20,64,Q68,2,Forward-only,20,0,0,1,0.73,0.83,0.73,0.93,0.2,0.104654737,1.12048193,0.83,0.136986301,0.273972603,0.45,0,0
tpcds_sf20_t64,TPCDS SF20,tpcds,20,64,Q68,3,THC,20,0,0,1,0.73,0.93,0.73,0.93,0.2,0.110183881,1,0.93,0.273972603,0.273972603,0.35,0,2
tpcds_sf20_t64,TPCDS SF20,tpcds,20,64,Q68,4,RPT+,20,0,0,1,0.83,0.93,0.83,1.04,0.125,0.0888616442,1.11827957,0.93,0.120481928,0.253012048,0.4,0,2
tpcds_sf20_t64,TPCDS SF20,tpcds,20,64,Q69,1,Baseline,20,0,0,1,0.42,0.42,0.42,0.52,0,0.0820853842,1.23809524,0.42,0,0.238095238,0.85,0,0
tpcds_sf20_t64,TPCDS SF20,tpcds,20,64,Q69,2,Forward-only,20,0,0,1,0.41,0.42,0.42,0.52,0.1,0.102788331,1.23809524,0.42,0.0243902439,0.268292683,0.7,0,7
tpcds_sf20_t64,TPCDS SF20,tpcds,20,64,Q69,3,THC,20,0,0,1,0.42,0.52,0.42,0.52,0.1,0.102062073,1,0.52,0.238095238,0.238095238,0.4,0,2
tpcds_sf20_t64,TPCDS SF20,tpcds,20,64,Q69,4,RPT+,20,0,0,1,0.42,0.52,0.42,0.52,0.1,0.102062073,1,0.52,0.238095238,0.238095238,0.4,0,2
tpcds_sf20_t64,TPCDS SF20,tpcds,20,64,Q70,1,Baseline,20,0,0,1,0.52,0.63,0.62,0.63,0.01,0.0382488015,1,0.63,0.211538462,0.211538462,0.05,0,12
tpcds_sf20_t64,TPCDS SF20,tpcds,20,64,Q70,2,Forward-only,20,0,0,1,0.63,0.73,0.63,0.73,0.1,0.0718333342,1,0.73,0.158730159,0.158730159,0.45,0,0
tpcds_sf20_t64,TPCDS SF20,tpcds,20,64,Q70,3,THC,20,0,0,1,0.63,0.73,0.63,0.74,0.0025,0.0581863998,1.01369863,0.73,0.158730159,0.174603175,0.2,0,2
tpcds_sf20_t64,TPCDS SF20,tpcds,20,64,Q70,4,RPT+,20,0,0,1,0.73,0.83,0.73,0.84,0.11,0.0650502919,1.01204819,0.83,0.136986301,0.150684932,0.4,0,2
tpcds_sf20_t64,TPCDS SF20,tpcds,20,64,Q71,1,Baseline,20,0,0,1,0.62,0.62,0.62,0.631,0,0.0522979398,1.01774194,0.62,0,0.0177419355,0.9,0,0
tpcds_sf20_t64,TPCDS SF20,tpcds,20,64,Q71,2,Forward-only,20,0,0,1,0.62,0.62,0.62,0.73,0.1025,0.0761479192,1.17741935,0.62,0,0.177419355,0.7,0,0
tpcds_sf20_t64,TPCDS SF20,tpcds,20,64,Q71,3,THC,20,0,0,1,0.62,0.73,0.62,0.73,0.11,0.0776656162,1,0.73,0.177419355,0.177419355,0.4,0,2
tpcds_sf20_t64,TPCDS SF20,tpcds,20,64,Q71,4,RPT+,20,0,0,1,0.62,0.73,0.62,0.73,0.11,0.0785550646,1,0.73,0.177419355,0.177419355,0.4,0,2
tpcds_sf20_t64,TPCDS SF20,tpcds,20,64,Q72,1,Baseline,20,0,0,1,0.42,1.355,0.52,3.055,0.9625,0.711544351,2.25461255,1.355,2.22619048,6.27380952,0.05,0.65,15
tpcds_sf20_t64,TPCDS SF20,tpcds,20,64,Q72,2,Forward-only,20,0,0,1,0.42,0.42,0.42,0.43,0,0.0697674419,1.02380952,0.42,0,0.0238095238,0.9,0,1
tpcds_sf20_t64,TPCDS SF20,tpcds,20,64,Q72,3,THC,20,0,0,1,0.31,0.42,0.42,0.621,0.0575,0.202491435,1.47857143,0.42,0.35483871,1.00322581,0.05,0.1,3
tpcds_sf20_t64,TPCDS SF20,tpcds,20,64,Q72,4,RPT+,20,0,0,1,0.42,0.42,0.42,0.62,0.025,0.188931101,1.47619048,0.42,0,0.476190476,0.75,0,1
tpcds_sf20_t64,TPCDS SF20,tpcds,20,64,Q73,1,Baseline,20,0,0,1,0.42,0.52,0.42,0.52,0.1,0.093521953,1,0.52,0.238095238,0.238095238,0.3,0,1
tpcds_sf20_t64,TPCDS SF20,tpcds,20,64,Q73,2,Forward-only,20,0,0,1,0.42,0.42,0.42,0.521,0.1,0.107746653,1.24047619,0.42,0,0.24047619,0.65,0,0
tpcds_sf20_t64,TPCDS SF20,tpcds,20,64,Q73,3,THC,20,0,0,1,0.42,0.52,0.42,0.521,0.1,0.103721162,1.00192308,0.52,0.238095238,0.24047619,0.4,0,2
tpcds_sf20_t64,TPCDS SF20,tpcds,20,64,Q73,4,RPT+,20,0,0,1,0.52,0.62,0.52,0.62,0.1,0.0851755611,1,0.62,0.192307692,0.192307692,0.4,0,2
tpcds_sf20_t64,TPCDS SF20,tpcds,20,64,Q74,1,Baseline,20,0,0,1,0.73,1.295,0.83,1.65,0.8125,0.324959648,1.27413127,1.295,0.773972603,1.26027397,0.05,0.5,8
tpcds_sf20_t64,TPCDS SF20,tpcds,20,64,Q74,2,Forward-only,20,0,0,1,0.83,1.34,0.83,1.77,0.83,0.321133476,1.32089552,1.34,0.614457831,1.13253012,0.2,0.45,0
tpcds_sf20_t64,TPCDS SF20,tpcds,20,64,Q74,3,THC,20,0,0,1,0.83,1.35,0.83,1.86,0.8625,0.32013963,1.37777778,1.35,0.626506024,1.24096386,0.15,0.4,2
tpcds_sf20_t64,TPCDS SF20,tpcds,20,64,Q74,4,RPT+,20,0,0,1,1.35,1.755,1.35,2.27,0.72,0.214721402,1.29344729,1.755,0.3,0.681481481,0.5,0,2
tpcds_sf20_t64,TPCDS SF20,tpcds,20,64,Q75,1,Baseline,20,0,0,1,1.03,1.04,1.03,1.15,0.01,0.0605603174,1.10576923,1.04,0.00970873786,0.116504854,0.85,0,0
tpcds_sf20_t64,TPCDS SF20,tpcds,20,64,Q75,2,Forward-only,20,0,0,1,1.03,1.04,1.039,1.24,0.2,0.0840332896,1.19230769,1.04,0.00970873786,0.203883495,0.7,0,5
tpcds_sf20_t64,TPCDS SF20,tpcds,20,64,Q75,3,THC,20,0,0,1,1.03,1.24,1.039,1.24,0.2,0.0856273755,1,1.24,0.203883495,0.203883495,0.4,0,7
tpcds_sf20_t64,TPCDS SF20,tpcds,20,64,Q75,4,RPT+,20,0,0,1,1.14,1.24,1.14,1.34,0.1,0.0574660084,1.08064516,1.24,0.0877192982,0.175438596,0.85,0,2
tpcds_sf20_t64,TPCDS SF20,tpcds,20,64,Q76,1,Baseline,20,0,0,1,0.83,0.83,0.83,0.851,0,0.0740305523,1.0253012,0.83,0,0.0253012048,0.9,0,0
tpcds_sf20_t64,TPCDS SF20,tpcds,20,64,Q76,2,Forward-only,20,0,0,1,0.83,0.83,0.83,1.04,0.2025,0.106594944,1.25301205,0.83,0,0.253012048,0.7,0,0
tpcds_sf20_t64,TPCDS SF20,tpcds,20,64,Q76,3,THC,20,0,0,1,0.83,1.03,0.83,1.04,0.2,0.104705343,1.00970874,1.03,0.240963855,0.253012048,0.4,0,2
tpcds_sf20_t64,TPCDS SF20,tpcds,20,64,Q76,4,RPT+,20,0,0,1,0.83,1.03,0.83,1.04,0.21,0.102834729,1.00970874,1.03,0.240963855,0.253012048,0.3,0,2
tpcds_sf20_t64,TPCDS SF20,tpcds,20,64,Q77,1,Baseline,20,0,0,1,0.72,0.73,0.73,0.84,0,0.0828204093,1.15068493,0.73,0.0138888889,0.166666667,0.85,0,7
tpcds_sf20_t64,TPCDS SF20,tpcds,20,64,Q77,2,Forward-only,20,0,0,1,0.73,0.73,0.73,0.93,0.2,0.116014575,1.2739726,0.73,0,0.273972603,0.7,0,0
tpcds_sf20_t64,TPCDS SF20,tpcds,20,64,Q77,3,THC,20,0,0,1,0.73,0.93,0.73,0.93,0.2,0.115270106,1,0.93,0.273972603,0.273972603,0.4,0,2
tpcds_sf20_t64,TPCDS SF20,tpcds,20,64,Q77,4,RPT+,20,0,0,1,0.83,0.93,0.83,0.93,0.1,0.0550447133,1,0.93,0.120481928,0.120481928,0.4,0,2
tpcds_sf20_t64,TPCDS SF20,tpcds,20,64,Q78,1,Baseline,20,0,0,1,1.34,1.34,1.34,1.35,0.01,0.0190299742,1.00746269,1.34,0,0.00746268657,1,0,0
tpcds_sf20_t64,TPCDS SF20,tpcds,20,64,Q78,2,Forward-only,20,0,0,1,1.34,1.35,1.34,1.469,0.1125,0.0509351188,1.08814815,1.35,0.00746268657,0.0962686567,0.9,0,0
tpcds_sf20_t64,TPCDS SF20,tpcds,20,64,Q78,3,THC,20,0,0,1,1.34,1.56,1.35,1.56,0.21,0.0694960725,1,1.56,0.164179104,0.164179104,0.4,0,7
tpcds_sf20_t64,TPCDS SF20,tpcds,20,64,Q78,4,RPT+,20,0,0,1,1.35,1.66,1.45,1.77,0.22,0.0797092072,1.06626506,1.66,0.22962963,0.311111111,0.35,0,2
tpcds_sf20_t64,TPCDS SF20,tpcds,20,64,Q79,1,Baseline,20,0,0,1,0.62,0.62,0.62,0.62,0,0.0725907041,1,0.62,0,0,0.95,0,0
tpcds_sf20_t64,TPCDS SF20,tpcds,20,64,Q79,2,Forward-only,20,0,0,1,0.62,0.62,0.62,0.83,0.21,0.140352545,1.33870968,0.62,0,0.338709677,0.7,0,0
tpcds_sf20_t64,TPCDS SF20,tpcds,20,64,Q79,3,THC,20,0,0,1,0.62,0.83,0.62,0.83,0.21,0.137906929,1,0.83,0.338709677,0.338709677,0.4,0,2
tpcds_sf20_t64,TPCDS SF20,tpcds,20,64,Q79,4,RPT+,20,0,0,1,0.73,0.83,0.73,0.83,0.1,0.0620123986,1,0.83,0.136986301,0.136986301,0.4,0,2
tpcds_sf20_t64,TPCDS SF20,tpcds,20,64,Q80,1,Baseline,20,0,0,1,1.03,1.03,1.03,1.04,0.01,0.0433051899,1.00970874,1.03,0,0.00970873786,0.95,0,0
tpcds_sf20_t64,TPCDS SF20,tpcds,20,64,Q80,2,Forward-only,20,0,0,1,1.03,1.04,1.03,1.24,0.135,0.0813420543,1.19230769,1.04,0.00970873786,0.203883495,0.7,0,1
tpcds_sf20_t64,TPCDS SF20,tpcds,20,64,Q80,3,THC,20,0,0,1,1.03,1.24,1.04,1.24,0.2,0.0850488547,1,1.24,0.203883495,0.203883495,0.4,0,7
tpcds_sf20_t64,TPCDS SF20,tpcds,20,64,Q80,4,RPT+,20,0,0,1,0.93,1.14,0.93,1.14,0.21,0.0974228875,1,1.14,0.225806452,0.225806452,0.4,0,2
tpcds_sf20_t64,TPCDS SF20,tpcds,20,64,Q81,1,Baseline,20,0,0,1,0.31,0.42,0.31,0.42,0.1025,0.141258827,1,0.42,0.35483871,0.35483871,0.45,0,2
tpcds_sf20_t64,TPCDS SF20,tpcds,20,64,Q81,2,Forward-only,20,0,0,1,0.31,0.42,0.31,0.42,0.11,0.135671817,1,0.42,0.35483871,0.35483871,0.35,0,0
tpcds_sf20_t64,TPCDS SF20,tpcds,20,64,Q81,3,THC,20,0,0,1,0.31,0.42,0.31,0.42,0,0.108014009,1,0.42,0.35483871,0.35483871,0.2,0,4
tpcds_sf20_t64,TPCDS SF20,tpcds,20,64,Q81,4,RPT+,20,0,0,1,0.31,0.42,0.319,0.52,0.025,0.161586728,1.23809524,0.42,0.35483871,0.677419355,0.2,0,4
tpcds_sf20_t64,TPCDS SF20,tpcds,20,64,Q82,1,Baseline,20,0,0,1,0.31,0.58,0.31,20.05,18.365,1.41530713,34.5689655,0.58,0.870967742,63.6774194,0.5,0.5,0
tpcds_sf20_t64,TPCDS SF20,tpcds,20,64,Q82,2,Forward-only,20,0,0,1,0.31,0.32,0.31,0.32,0.01,0.0155030996,1,0.32,0.0322580645,0.0322580645,1,0,0
tpcds_sf20_t64,TPCDS SF20,tpcds,20,64,Q82,3,THC,20,0,0,1,0.31,0.32,0.31,0.32,0,0.0125786164,1,0.32,0.0322580645,0.0322580645,1,0,1
tpcds_sf20_t64,TPCDS SF20,tpcds,20,64,Q82,4,RPT+,20,0,0,1,0.21,0.32,0.31,0.32,0,0.0763437901,1,0.32,0.523809524,0.523809524,0.05,0,4
tpcds_sf20_t64,TPCDS SF20,tpcds,20,64,Q83,1,Baseline,20,0,0,1,0.21,0.31,0.21,0.32,0.025,0.154635024,1.03225806,0.31,0.476190476,0.523809524,0.25,0,0
tpcds_sf20_t64,TPCDS SF20,tpcds,20,64,Q83,2,Forward-only,20,0,0,1,0.31,0.31,0.31,0.32,0.01,0.0158185602,1.03225806,0.31,0,0.0322580645,1,0,0
tpcds_sf20_t64,TPCDS SF20,tpcds,20,64,Q83,3,THC,20,0,0,1,0.31,0.32,0.31,0.32,0.01,0.0150701296,1,0.32,0.0322580645,0.0322580645,1,0,2
tpcds_sf20_t64,TPCDS SF20,tpcds,20,64,Q83,4,RPT+,20,0,0,1,0.31,0.32,0.31,0.32,0,0.0125786164,1,0.32,0.0322580645,0.0322580645,1,0,0
tpcds_sf20_t64,TPCDS SF20,tpcds,20,64,Q84,1,Baseline,20,0,0,1,0.21,0.21,0.21,0.32,0.1,0.202268401,1.52380952,0.21,0,0.523809524,0.7,0,0
tpcds_sf20_t64,TPCDS SF20,tpcds,20,64,Q84,2,Forward-only,20,0,0,1,0.21,0.21,0.21,0.21,0,0.111248001,1,0.21,0,0,0.95,0,0
tpcds_sf20_t64,TPCDS SF20,tpcds,20,64,Q84,3,THC,20,0,0,1,0.21,0.21,0.21,0.32,0.025,0.194353744,1.52380952,0.21,0,0.523809524,0.75,0,0
tpcds_sf20_t64,TPCDS SF20,tpcds,20,64,Q84,4,RPT+,20,0,0,1,0.21,0.21,0.21,0.22,0,0.143036996,1.04761905,0.21,0,0.0476190476,0.9,0,0
tpcds_sf20_t64,TPCDS SF20,tpcds,20,64,Q85,1,Baseline,20,0,0,1,0.42,0.42,0.42,0.42,0,0.051281164,1,0.42,0,0,0.95,0,0
tpcds_sf20_t64,TPCDS SF20,tpcds,20,64,Q85,2,Forward-only,20,0,0,1,0.42,0.47,0.42,0.52,0.1,0.106382979,1.10638298,0.47,0.119047619,0.238095238,0.5,0,0
tpcds_sf20_t64,TPCDS SF20,tpcds,20,64,Q85,3,THC,20,0,0,1,0.42,0.52,0.42,0.521,0.1,0.0948523912,1.00192308,0.52,0.238095238,0.24047619,0.3,0,2
tpcds_sf20_t64,TPCDS SF20,tpcds,20,64,Q85,4,RPT+,20,0,0,1,0.42,0.52,0.42,0.62,0,0.105331261,1.19230769,0.52,0.238095238,0.476190476,0.15,0,2
tpcds_sf20_t64,TPCDS SF20,tpcds,20,64,Q86,1,Baseline,20,0,0,1,0.31,0.32,0.31,0.32,0.01,0.0157684221,1,0.32,0.0322580645,0.0322580645,1,0,0
tpcds_sf20_t64,TPCDS SF20,tpcds,20,64,Q86,2,Forward-only,20,0,0,1,0.31,0.32,0.31,0.32,0.0025,0.0136381953,1,0.32,0.0322580645,0.0322580645,1,0,8
tpcds_sf20_t64,TPCDS SF20,tpcds,20,64,Q86,3,THC,20,0,0,1,0.31,0.32,0.31,0.32,0.01,0.0155030996,1,0.32,0.0322580645,0.0322580645,1,0,1
tpcds_sf20_t64,TPCDS SF20,tpcds,20,64,Q86,4,RPT+,20,0,0,1,0.31,0.32,0.32,0.42,0.1,0.135717486,1.3125,0.32,0.0322580645,0.35483871,0.65,0,9
tpcds_sf20_t64,TPCDS SF20,tpcds,20,64,Q87,1,Baseline,20,0,0,1,0.52,0.52,0.52,0.521,0,0.00575815739,1.00192308,0.52,0,0.00192307692,1,0,0
tpcds_sf20_t64,TPCDS SF20,tpcds,20,64,Q87,2,Forward-only,20,0,0,1,0.52,0.52,0.52,0.62,0.1,0.0815503047,1.19230769,0.52,0,0.192307692,0.7,0,0
tpcds_sf20_t64,TPCDS SF20,tpcds,20,64,Q87,3,THC,20,0,0,1,0.52,0.62,0.52,0.62,0.1,0.0844651635,1,0.62,0.192307692,0.192307692,0.4,0,2
tpcds_sf20_t64,TPCDS SF20,tpcds,20,64,Q87,4,RPT+,20,0,0,1,0.62,0.73,0.62,0.73,0.11,0.0771906839,1,0.73,0.177419355,0.177419355,0.4,0,2
tpcds_sf20_t64,TPCDS SF20,tpcds,20,64,Q88,1,Baseline,20,0,0,1,0.52,0.52,0.52,0.53,0.01,0.00911116716,1.01923077,0.52,0,0.0192307692,1,0,0
tpcds_sf20_t64,TPCDS SF20,tpcds,20,64,Q88,2,Forward-only,20,0,0,1,0.42,0.52,0.42,0.53,0.11,0.110026726,1.01923077,0.52,0.238095238,0.261904762,0.45,0,1
tpcds_sf20_t64,TPCDS SF20,tpcds,20,64,Q88,3,THC,20,0,0,1,0.42,0.52,0.42,0.53,0.0025,0.0825031042,1.01923077,0.52,0.238095238,0.261904762,0.2,0,2
tpcds_sf20_t64,TPCDS SF20,tpcds,20,64,Q88,4,RPT+,20,0,0,1,0.52,0.62,0.529,0.63,0.0925,0.0812799139,1.01612903,0.62,0.192307692,0.211538462,0.4,0,5
tpcds_sf20_t64,TPCDS SF20,tpcds,20,64,Q89,1,Baseline,20,0,0,1,0.52,0.52,0.52,0.52,0,0,1,0.52,0,0,1,0,0
tpcds_sf20_t64,TPCDS SF20,tpcds,20,64,Q89,2,Forward-only,20,0,0,1,0.52,0.52,0.52,0.62,0.1,0.0833195581,1.19230769,0.52,0,0.192307692,0.7,0,0
tpcds_sf20_t64,TPCDS SF20,tpcds,20,64,Q89,3,THC,20,0,0,1,0.52,0.62,0.52,0.63,0.1,0.0865458889,1.01612903,0.62,0.192307692,0.211538462,0.4,0,2
tpcds_sf20_t64,TPCDS SF20,tpcds,20,64,Q89,4,RPT+,20,0,0,1,0.62,0.73,0.62,0.73,0.11,0.0771906839,1,0.73,0.177419355,0.177419355,0.4,0,2
tpcds_sf20_t64,TPCDS SF20,tpcds,20,64,Q90,1,Baseline,20,0,0,1,0.21,0.21,0.21,0.21,0,0,1,0.21,0,0,1,0,0
tpcds_sf20_t64,TPCDS SF20,tpcds,20,64,Q90,2,Forward-only,20,0,0,1,0.21,0.21,0.21,0.31,0.1,0.190940654,1.47619048,0.21,0,0.476190476,0.7,0,0
tpcds_sf20_t64,TPCDS SF20,tpcds,20,64,Q90,3,THC,20,0,0,1,0.21,0.31,0.21,0.32,0.1,0.185364399,1.03225806,0.31,0.476190476,0.523809524,0.4,0,2
tpcds_sf20_t64,TPCDS SF20,tpcds,20,64,Q90,4,RPT+,20,0,0,1,0.21,0.31,0.21,0.32,0.1,0.185364399,1.03225806,0.31,0.476190476,0.523809524,0.4,0,2
tpcds_sf20_t64,TPCDS SF20,tpcds,20,64,Q91,1,Baseline,20,0,0,1,0.21,0.21,0.21,0.21,0,0,1,0.21,0,0,1,0,0
tpcds_sf20_t64,TPCDS SF20,tpcds,20,64,Q91,2,Forward-only,20,0,0,1,0.21,0.21,0.21,0.21,0,0,1,0.21,0,0,1,0,0
tpcds_sf20_t64,TPCDS SF20,tpcds,20,64,Q91,3,THC,20,0,0,1,0.21,0.21,0.21,0.21,0,0,1,0.21,0,0,1,0,0
tpcds_sf20_t64,TPCDS SF20,tpcds,20,64,Q91,4,RPT+,20,0,0,1,0.21,0.21,0.21,0.21,0,0,1,0.21,0,0,1,0,0
tpcds_sf20_t64,TPCDS SF20,tpcds,20,64,Q92,1,Baseline,20,0,0,1,0.31,0.32,0.32,0.32,0,0.0068214381,1,0.32,0.0322580645,0.0322580645,1,0,10
tpcds_sf20_t64,TPCDS SF20,tpcds,20,64,Q92,2,Forward-only,20,0,0,1,0.31,0.32,0.31,0.32,0.0025,0.0136381953,1,0.32,0.0322580645,0.0322580645,1,0,3
tpcds_sf20_t64,TPCDS SF20,tpcds,20,64,Q92,3,THC,20,0,0,1,0.31,0.32,0.31,0.32,0,0.0125786164,1,0.32,0.0322580645,0.0322580645,1,0,14
tpcds_sf20_t64,TPCDS SF20,tpcds,20,64,Q92,4,RPT+,20,0,0,1,0.31,0.32,0.319,0.32,0,0.00940438871,1,0.32,0.0322580645,0.0322580645,1,0,7
tpcds_sf20_t64,TPCDS SF20,tpcds,20,64,Q93,1,Baseline,20,0,0,1,0.62,0.62,0.62,0.62,0,0.0035124085,1,0.62,0,0,1,0,0
tpcds_sf20_t64,TPCDS SF20,tpcds,20,64,Q93,2,Forward-only,20,0,0,1,0.52,0.52,0.52,0.62,0.1,0.0833195581,1.19230769,0.52,0,0.192307692,0.7,0,0
tpcds_sf20_t64,TPCDS SF20,tpcds,20,64,Q93,3,THC,20,0,0,1,0.52,0.62,0.52,0.62,0.1,0.0844651635,1,0.62,0.192307692,0.192307692,0.4,0,2
tpcds_sf20_t64,TPCDS SF20,tpcds,20,64,Q93,4,RPT+,20,0,0,1,0.52,0.62,0.52,0.63,0.11,0.0884817865,1.01612903,0.62,0.192307692,0.211538462,0.4,0,2
tpcds_sf20_t64,TPCDS SF20,tpcds,20,64,Q94,1,Baseline,20,0,0,1,0.41,0.42,0.42,0.42,0,0.00519535035,1,0.42,0.0243902439,0.0243902439,1,0,6
tpcds_sf20_t64,TPCDS SF20,tpcds,20,64,Q94,2,Forward-only,20,0,0,1,0.42,0.42,0.42,0.42,0,0,1,0.42,0,0,1,0,0
tpcds_sf20_t64,TPCDS SF20,tpcds,20,64,Q94,3,THC,20,0,0,1,0.42,0.42,0.42,0.42,0,0,1,0.42,0,0,1,0,0
tpcds_sf20_t64,TPCDS SF20,tpcds,20,64,Q94,4,RPT+,20,0,0,1,0.32,0.42,0.32,0.42,0.1,0.128920513,1,0.42,0.3125,0.3125,0.4,0,2
tpcds_sf20_t64,TPCDS SF20,tpcds,20,64,Q95,1,Baseline,20,0,0,1,0.83,0.84,0.83,0.94,0,0.0479982757,1.11904762,0.84,0.0120481928,0.13253012,0.8,0,0
tpcds_sf20_t64,TPCDS SF20,tpcds,20,64,Q95,2,Forward-only,20,0,0,1,0.83,0.84,0.83,0.94,0.1,0.0561166043,1.11904762,0.84,0.0120481928,0.13253012,0.65,0,1
tpcds_sf20_t64,TPCDS SF20,tpcds,20,64,Q95,3,THC,20,0,0,1,1.14,1.25,1.15,1.261,0.11,0.0405607699,1.0088,1.25,0.0964912281,0.106140351,0.7,0,7
tpcds_sf20_t64,TPCDS SF20,tpcds,20,64,Q95,4,RPT+,20,0,0,1,0.42,0.52,0.42,0.52,0.1,0.102062073,1,0.52,0.238095238,0.238095238,0.4,0,2
tpcds_sf20_t64,TPCDS SF20,tpcds,20,64,Q96,1,Baseline,20,0,0,1,0.31,0.32,0.31,0.32,0,0.0125786164,1,0.32,0.0322580645,0.0322580645,1,0,3
tpcds_sf20_t64,TPCDS SF20,tpcds,20,64,Q96,2,Forward-only,20,0,0,1,0.31,0.32,0.31,0.42,0.1,0.134672779,1.3125,0.32,0.0322580645,0.35483871,0.7,0,8
tpcds_sf20_t64,TPCDS SF20,tpcds,20,64,Q96,3,THC,20,0,0,1,0.32,0.42,0.32,0.42,0.1,0.128920513,1,0.42,0.3125,0.3125,0.4,0,2
tpcds_sf20_t64,TPCDS SF20,tpcds,20,64,Q96,4,RPT+,20,0,0,1,0.31,0.42,0.32,0.42,0.1,0.130820154,1,0.42,0.35483871,0.35483871,0.4,0,6
tpcds_sf20_t64,TPCDS SF20,tpcds,20,64,Q97,1,Baseline,20,0,0,1,0.62,0.63,0.62,0.63,0.01,0.00782584582,1,0.63,0.0161290323,0.0161290323,1,0,0
tpcds_sf20_t64,TPCDS SF20,tpcds,20,64,Q97,2,Forward-only,20,0,0,1,0.62,0.63,0.62,0.73,0.11,0.073569765,1.15873016,0.63,0.0161290323,0.177419355,0.7,0,0
tpcds_sf20_t64,TPCDS SF20,tpcds,20,64,Q97,3,THC,20,0,0,1,0.62,0.73,0.62,0.73,0.1,0.0734838643,1,0.73,0.177419355,0.177419355,0.4,0,2
tpcds_sf20_t64,TPCDS SF20,tpcds,20,64,Q97,4,RPT+,20,0,0,1,0.63,0.73,0.63,0.73,0.1,0.0709997027,1,0.73,0.158730159,0.158730159,0.4,0,2
tpcds_sf20_t64,TPCDS SF20,tpcds,20,64,Q98,1,Baseline,20,0,0,1,0.52,0.52,0.52,0.52,0,0,1,0.52,0,0,1,0,0
tpcds_sf20_t64,TPCDS SF20,tpcds,20,64,Q98,2,Forward-only,20,0,0,1,0.52,0.52,0.52,0.62,0.025,0.0794518719,1.19230769,0.52,0,0.192307692,0.75,0,0
tpcds_sf20_t64,TPCDS SF20,tpcds,20,64,Q98,3,THC,20,0,0,1,0.52,0.62,0.52,0.62,0.1,0.0865206467,1,0.62,0.192307692,0.192307692,0.45,0,1
tpcds_sf20_t64,TPCDS SF20,tpcds,20,64,Q98,4,RPT+,20,0,0,1,0.52,0.62,0.52,0.62,0.1,0.0851755611,1,0.62,0.192307692,0.192307692,0.4,0,2
tpcds_sf20_t64,TPCDS SF20,tpcds,20,64,Q99,1,Baseline,20,0,0,1,0.21,0.31,0.3,0.32,0.01,0.104614584,1.03225806,0.31,0.476190476,0.523809524,0.1,0,13
tpcds_sf20_t64,TPCDS SF20,tpcds,20,64,Q99,2,Forward-only,20,0,0,1,0.21,0.31,0.301,0.32,0.01,0.0997174185,1.03225806,0.31,0.476190476,0.523809524,0.1,0,5
tpcds_sf20_t64,TPCDS SF20,tpcds,20,64,Q99,3,THC,20,0,0,1,0.31,0.32,0.31,0.32,0.01,0.0157684221,1,0.32,0.0322580645,0.0322580645,1,0,0
tpcds_sf20_t64,TPCDS SF20,tpcds,20,64,Q99,4,RPT+,20,0,0,1,0.31,0.42,0.31,0.42,0.1,0.139590521,1,0.42,0.35483871,0.35483871,0.45,0,11
tpcds_sf50_t64,TPCDS SF50,tpcds,50,64,Q01,1,Baseline,20,0,0,1,0.83,0.83,0.83,0.83,0,0,1,0.83,0,0,1,0,0
tpcds_sf50_t64,TPCDS SF50,tpcds,50,64,Q01,2,Forward-only,20,0,0,1,0.83,0.83,0.83,0.83,0,0,1,0.83,0,0,1,0,0
tpcds_sf50_t64,TPCDS SF50,tpcds,50,64,Q01,3,THC,20,0,0,1,1.03,1.03,1.03,1.04,0.0025,0.00419382762,1.00970874,1.03,0,0.00970873786,1,0,1
tpcds_sf50_t64,TPCDS SF50,tpcds,50,64,Q01,4,RPT+,20,0,0,1,0.83,0.83,0.83,0.83,0,0,1,0.83,0,0,1,0,0
tpcds_sf50_t64,TPCDS SF50,tpcds,50,64,Q02,1,Baseline,20,0,0,1,0.83,0.83,0.83,0.83,0,0,1,0.83,0,0,1,0,0
tpcds_sf50_t64,TPCDS SF50,tpcds,50,64,Q02,2,Forward-only,20,0,0,1,0.83,0.83,0.83,0.83,0,0,1,0.83,0,0,1,0,0
tpcds_sf50_t64,TPCDS SF50,tpcds,50,64,Q02,3,THC,20,0,0,1,0.83,0.83,0.83,0.83,0,0,1,0.83,0,0,1,0,0
tpcds_sf50_t64,TPCDS SF50,tpcds,50,64,Q02,4,RPT+,20,0,0,1,0.83,0.83,0.83,0.83,0,0,1,0.83,0,0,1,0,0
tpcds_sf50_t64,TPCDS SF50,tpcds,50,64,Q03,1,Baseline,20,0,0,1,1.03,1.03,1.03,1.04,0.01,0.00461509048,1.00970874,1.03,0,0.00970873786,1,0,0
tpcds_sf50_t64,TPCDS SF50,tpcds,50,64,Q03,2,Forward-only,20,0,0,1,1.03,1.03,1.03,1.04,0.01,0.0048090258,1.00970874,1.03,0,0.00970873786,1,0,0
tpcds_sf50_t64,TPCDS SF50,tpcds,50,64,Q03,3,THC,20,0,0,1,1.03,1.035,1.03,1.04,0.01,0.00483091787,1.00483092,1.035,0.00485436893,0.00970873786,1,0,1
tpcds_sf50_t64,TPCDS SF50,tpcds,50,64,Q03,4,RPT+,20,0,0,1,1.03,1.04,1.03,1.04,0.01,0.00480438164,1,1.04,0.00970873786,0.00970873786,1,0,1
tpcds_sf50_t64,TPCDS SF50,tpcds,50,64,Q04,1,Baseline,20,0,0,1,3.72,4.44,3.72,5.161,1.44,0.162785355,1.16238739,4.44,0.193548387,0.387365591,0.5,0,0
tpcds_sf50_t64,TPCDS SF50,tpcds,50,64,Q04,2,Forward-only,20,0,0,1,6.61,7.27,6.71,7.83,0.84,0.062446386,1.07702889,7.27,0.0998487141,0.184568835,0.5,0,16
tpcds_sf50_t64,TPCDS SF50,tpcds,50,64,Q04,3,THC,20,0,0,1,6.71,7.015,6.71,7.74,0.8225,0.0608145866,1.10334996,7.015,0.0454545455,0.153502235,0.55,0,2
tpcds_sf50_t64,TPCDS SF50,tpcds,50,64,Q04,4,RPT+,20,0,0,1,7.11,7.685,7.119,8.35,1.14,0.0730615498,1.08653221,7.685,0.0808720113,0.17440225,0.5,0,6
tpcds_sf50_t64,TPCDS SF50,tpcds,50,64,Q05,1,Baseline,20,0,0,1,2.06,2.16,2.06,2.17,0.11,0.0246625251,1.00462963,2.16,0.0485436893,0.0533980583,1,0,1
tpcds_sf50_t64,TPCDS SF50,tpcds,50,64,Q05,2,Forward-only,20,0,0,1,2.16,2.17,2.16,2.17,0.01,0.00220156751,1,2.17,0.00462962963,0.00462962963,1,0,0
tpcds_sf50_t64,TPCDS SF50,tpcds,50,64,Q05,3,THC,20,0,0,1,2.16,2.17,2.17,2.27,0.025,0.0202976487,1.04608295,2.17,0.00462962963,0.0509259259,1,0,5
tpcds_sf50_t64,TPCDS SF50,tpcds,50,64,Q05,4,RPT+,20,0,0,1,2.06,2.17,2.06,2.17,0.0025,0.0203974569,1,2.17,0.0533980583,0.0533980583,1,0,3
tpcds_sf50_t64,TPCDS SF50,tpcds,50,64,Q06,1,Baseline,20,0,0,1,0.93,0.93,0.93,0.93,0,0,1,0.93,0,0,1,0,0
tpcds_sf50_t64,TPCDS SF50,tpcds,50,64,Q06,2,Forward-only,20,0,0,1,0.93,0.93,0.93,0.93,0,0,1,0.93,0,0,1,0,0
tpcds_sf50_t64,TPCDS SF50,tpcds,50,64,Q06,3,THC,20,0,0,1,0.93,0.93,0.93,0.93,0,0,1,0.93,0,0,1,0,0
tpcds_sf50_t64,TPCDS SF50,tpcds,50,64,Q06,4,RPT+,20,0,0,1,0.93,0.93,0.93,0.93,0,0,1,0.93,0,0,1,0,0
tpcds_sf50_t64,TPCDS SF50,tpcds,50,64,Q07,1,Baseline,20,0,0,1,1.86,1.96,1.95,1.96,0,0.0153846154,1,1.96,0.0537634409,0.0537634409,1,0,15
tpcds_sf50_t64,TPCDS SF50,tpcds,50,64,Q07,2,Forward-only,20,0,0,1,1.85,1.91,1.86,1.96,0.1,0.0264700366,1.02617801,1.91,0.0324324324,0.0594594595,1,0,9
tpcds_sf50_t64,TPCDS SF50,tpcds,50,64,Q07,3,THC,20,0,0,1,1.86,1.91,1.86,1.96,0.1,0.0261780105,1.02617801,1.91,0.0268817204,0.0537634409,1,0,3
tpcds_sf50_t64,TPCDS SF50,tpcds,50,64,Q07,4,RPT+,20,0,0,1,1.96,1.96,1.96,2.06,0,0.0180795656,1.05102041,1.96,0,0.0510204082,1,0,0
tpcds_sf50_t64,TPCDS SF50,tpcds,50,64,Q08,1,Baseline,20,0,0,1,1.65,1.65,1.65,1.65,0,0,1,1.65,0,0,1,0,0
tpcds_sf50_t64,TPCDS SF50,tpcds,50,64,Q08,2,Forward-only,20,0,0,1,1.65,1.65,1.65,1.65,0,0,1,1.65,0,0,1,0,0
tpcds_sf50_t64,TPCDS SF50,tpcds,50,64,Q08,3,THC,20,0,0,1,1.65,1.65,1.65,1.65,0,0,1,1.65,0,0,1,0,0
tpcds_sf50_t64,TPCDS SF50,tpcds,50,64,Q08,4,RPT+,20,0,0,1,1.65,1.65,1.65,1.65,0,0,1,1.65,0,0,1,0,0
tpcds_sf50_t64,TPCDS SF50,tpcds,50,64,Q09,1,Baseline,20,0,0,1,1.45,1.46,1.46,1.47,0.01,0.00380571727,1.00684932,1.46,0.00689655172,0.0137931034,1,0,14
tpcds_sf50_t64,TPCDS SF50,tpcds,50,64,Q09,2,Forward-only,20,0,0,1,1.45,1.46,1.459,1.47,0.01,0.00410396717,1.00684932,1.46,0.00689655172,0.0137931034,1,0,3
tpcds_sf50_t64,TPCDS SF50,tpcds,50,64,Q09,3,THC,20,0,0,1,1.46,1.46,1.46,1.47,0.01,0.00334629746,1.00684932,1.46,0,0.00684931507,1,0,1
tpcds_sf50_t64,TPCDS SF50,tpcds,50,64,Q09,4,RPT+,20,0,0,1,1.46,1.46,1.46,1.47,0.0025,0.00296077061,1.00684932,1.46,0,0.00684931507,1,0,0
tpcds_sf50_t64,TPCDS SF50,tpcds,50,64,Q10,1,Baseline,20,0,0,1,0.93,0.93,0.93,0.94,0,0.00383329492,1.01075269,0.93,0,0.0107526882,1,0,0
tpcds_sf50_t64,TPCDS SF50,tpcds,50,64,Q10,2,Forward-only,20,0,0,1,0.93,0.93,0.93,0.94,0.01,0.00510947617,1.01075269,0.93,0,0.0107526882,1,0,1
tpcds_sf50_t64,TPCDS SF50,tpcds,50,64,Q10,3,THC,20,0,0,1,0.93,0.93,0.93,1.04,0.1,0.0491580493,1.11827957,0.93,0,0.11827957,0.7,0,1
tpcds_sf50_t64,TPCDS SF50,tpcds,50,64,Q10,4,RPT+,20,0,0,1,0.93,0.93,0.93,0.93,0,0,1,0.93,0,0,1,0,0
tpcds_sf50_t64,TPCDS SF50,tpcds,50,64,Q11,1,Baseline,20,0,0,1,2.79,3.46,2.79,4.23,1.44,0.20385464,1.22254335,3.46,0.240143369,0.516129032,0.5,0,0
tpcds_sf50_t64,TPCDS SF50,tpcds,50,64,Q11,2,Forward-only,20,0,0,1,3,3.93,3.319,4.54,1.13,0.15129589,1.15521628,3.93,0.31,0.513333333,0.05,0,8
tpcds_sf50_t64,TPCDS SF50,tpcds,50,64,Q11,3,THC,20,0,0,1,3,3.925,3.391,4.54,1.055,0.145719344,1.1566879,3.925,0.308333333,0.513333333,0.05,0,8
tpcds_sf50_t64,TPCDS SF50,tpcds,50,64,Q11,4,RPT+,20,0,0,1,4.85,5.415,4.95,5.981,1.015,0.0918410781,1.10452447,5.415,0.116494845,0.233195876,0.5,0,6
tpcds_sf50_t64,TPCDS SF50,tpcds,50,64,Q12,1,Baseline,20,0,0,1,0.52,0.52,0.52,0.52,0,0,1,0.52,0,0,1,0,0
tpcds_sf50_t64,TPCDS SF50,tpcds,50,64,Q12,2,Forward-only,20,0,0,1,0.52,0.52,0.52,0.52,0,0,1,0.52,0,0,1,0,0
tpcds_sf50_t64,TPCDS SF50,tpcds,50,64,Q12,3,THC,20,0,0,1,0.52,0.52,0.52,0.52,0,0,1,0.52,0,0,1,0,0
tpcds_sf50_t64,TPCDS SF50,tpcds,50,64,Q12,4,RPT+,20,0,0,1,0.52,0.52,0.52,0.52,0,0,1,0.52,0,0,1,0,0
tpcds_sf50_t64,TPCDS SF50,tpcds,50,64,Q13,1,Baseline,20,0,0,1,2.16,2.17,2.16,2.17,0.01,0.00220156751,1,2.17,0.00462962963,0.00462962963,1,0,0
tpcds_sf50_t64,TPCDS SF50,tpcds,50,64,Q13,2,Forward-only,20,0,0,1,2.16,2.17,2.169,2.17,0,0.00138312586,1,2.17,0.00462962963,0.00462962963,1,0,2
tpcds_sf50_t64,TPCDS SF50,tpcds,50,64,Q13,3,THC,20,0,0,1,2.16,2.17,2.17,2.17,0,0.00100458607,1,2.17,0.00462962963,0.00462962963,1,0,7
tpcds_sf50_t64,TPCDS SF50,tpcds,50,64,Q13,4,RPT+,20,0,0,1,2.27,2.58,2.58,2.59,0.01,0.0267965726,1.00387597,2.58,0.136563877,0.140969163,0.05,0,3
tpcds_sf50_t64,TPCDS SF50,tpcds,50,64,Q14,1,Baseline,20,0,0,1,4.86,4.95,4.91,5.041,0.11,0.0116804228,1.01838384,4.95,0.0185185185,0.0372427984,1,0,10
tpcds_sf50_t64,TPCDS SF50,tpcds,50,64,Q14,2,Forward-only,20,0,0,1,6.55,6.68,6.559,6.78,0.1325,0.0135140377,1.01497006,6.68,0.0198473282,0.0351145038,1,0,11
tpcds_sf50_t64,TPCDS SF50,tpcds,50,64,Q14,3,THC,20,0,0,1,6.57,6.76,6.659,6.86,0.03,0.01044221,1.0147929,6.76,0.0289193303,0.0441400304,1,0,1
tpcds_sf50_t64,TPCDS SF50,tpcds,50,64,Q14,4,RPT+,20,0,0,1,7.58,7.69,7.598,8.009,0.125,0.0193017124,1.04148244,7.69,0.0145118734,0.0565963061,1,0,0
tpcds_sf50_t64,TPCDS SF50,tpcds,50,64,Q15,1,Baseline,20,0,0,1,0.31,0.31,0.31,0.31,0,0.00701916094,1,0.31,0,0,1,0,0
tpcds_sf50_t64,TPCDS SF50,tpcds,50,64,Q15,2,Forward-only,20,0,0,1,0.31,0.31,0.31,0.31,0,0.00701916094,1,0.31,0,0,1,0,1
tpcds_sf50_t64,TPCDS SF50,tpcds,50,64,Q15,3,THC,20,0,0,1,0.31,0.31,0.31,0.31,0,0.00701916094,1,0.31,0,0,1,0,0
tpcds_sf50_t64,TPCDS SF50,tpcds,50,64,Q15,4,RPT+,20,0,0,1,0.31,0.31,0.31,0.32,0.01,0.0146408169,1.03225806,0.31,0,0.0322580645,1,0,0
tpcds_sf50_t64,TPCDS SF50,tpcds,50,64,Q16,1,Baseline,20,0,0,1,0.32,0.42,0.42,0.42,0,0.0525168547,1,0.42,0.3125,0.3125,0.05,0,1
tpcds_sf50_t64,TPCDS SF50,tpcds,50,64,Q16,2,Forward-only,20,0,0,1,0.41,0.42,0.42,0.42,0,0.00519535035,1,0.42,0.0243902439,0.0243902439,1,0,18
tpcds_sf50_t64,TPCDS SF50,tpcds,50,64,Q16,3,THC,20,0,0,1,0.42,0.42,0.42,0.42,0,0,1,0.42,0,0,1,0,0
tpcds_sf50_t64,TPCDS SF50,tpcds,50,64,Q16,4,RPT+,20,0,0,1,0.42,0.42,0.42,0.42,0,0,1,0.42,0,0,1,0,0
tpcds_sf50_t64,TPCDS SF50,tpcds,50,64,Q17,1,Baseline,20,0,0,1,1.34,2.015,1.449,2.49,1.04,0.25880387,1.23573201,2.015,0.503731343,0.858208955,0.35,0,11
tpcds_sf50_t64,TPCDS SF50,tpcds,50,64,Q17,2,Forward-only,20,0,0,1,1.45,1.45,1.45,1.55,0,0.0243734759,1.06896552,1.45,0,0.0689655172,1,0,0
tpcds_sf50_t64,TPCDS SF50,tpcds,50,64,Q17,3,THC,20,0,0,1,1.45,1.45,1.45,1.46,0,0.0205479452,1.00689655,1.45,0,0.00689655172,1,0,0
tpcds_sf50_t64,TPCDS SF50,tpcds,50,64,Q17,4,RPT+,20,0,0,1,1.45,1.505,1.45,1.56,0.1,0.0340524949,1.03654485,1.505,0.0379310345,0.075862069,1,0,0
tpcds_sf50_t64,TPCDS SF50,tpcds,50,64,Q18,1,Baseline,20,0,0,1,0.62,0.73,0.62,1.181,0.21,0.362753025,1.61780822,0.73,0.177419355,0.90483871,0.4,0.1,3
tpcds_sf50_t64,TPCDS SF50,tpcds,50,64,Q18,2,Forward-only,20,0,0,1,0.62,0.62,0.62,0.721,0.0025,0.065262443,1.16290323,0.62,0,0.162903226,0.8,0,1
tpcds_sf50_t64,TPCDS SF50,tpcds,50,64,Q18,3,THC,20,0,0,1,0.62,0.62,0.62,0.73,0,0.067098336,1.17741935,0.62,0,0.177419355,0.8,0,1
tpcds_sf50_t64,TPCDS SF50,tpcds,50,64,Q18,4,RPT+,20,0,0,1,0.62,0.67,0.62,0.83,0.11,0.118690099,1.23880597,0.67,0.0806451613,0.338709677,0.5,0,1
tpcds_sf50_t64,TPCDS SF50,tpcds,50,64,Q19,1,Baseline,20,0,0,1,1.34,1.445,1.44,1.45,0.01,0.0162861658,1.00346021,1.445,0.078358209,0.0820895522,1,0,16
tpcds_sf50_t64,TPCDS SF50,tpcds,50,64,Q19,2,Forward-only,20,0,0,1,1.34,1.45,1.44,1.45,0,0.0165792836,1,1.45,0.0820895522,0.0820895522,1,0,2
tpcds_sf50_t64,TPCDS SF50,tpcds,50,64,Q19,3,THC,20,0,0,1,1.34,1.45,1.44,1.45,0,0.0165596717,1,1.45,0.0820895522,0.0820895522,1,0,16
tpcds_sf50_t64,TPCDS SF50,tpcds,50,64,Q19,4,RPT+,20,0,0,1,1.44,1.45,1.45,1.45,0,0.00150358708,1,1.45,0.00694444444,0.00694444444,1,0,12
tpcds_sf50_t64,TPCDS SF50,tpcds,50,64,Q20,1,Baseline,20,0,0,1,0.31,0.31,0.31,0.32,0.01,0.0146408169,1.03225806,0.31,0,0.0322580645,1,0,0
tpcds_sf50_t64,TPCDS SF50,tpcds,50,64,Q20,2,Forward-only,20,0,0,1,0.31,0.31,0.31,0.32,0,0.0128205128,1.03225806,0.31,0,0.0322580645,1,0,0
tpcds_sf50_t64,TPCDS SF50,tpcds,50,64,Q20,3,THC,20,0,0,1,0.31,0.31,0.31,0.32,0.0025,0.0138564065,1.03225806,0.31,0,0.0322580645,1,0,0
tpcds_sf50_t64,TPCDS SF50,tpcds,50,64,Q20,4,RPT+,20,0,0,1,0.31,0.31,0.31,0.32,0.01,0.0146408169,1.03225806,0.31,0,0.0322580645,1,0,0
tpcds_sf50_t64,TPCDS SF50,tpcds,50,64,Q21,1,Baseline,20,0,0,1,0.21,0.21,0.21,0.21,0,0,1,0.21,0,0,1,0,0
tpcds_sf50_t64,TPCDS SF50,tpcds,50,64,Q21,2,Forward-only,20,0,0,1,0.21,0.21,0.21,0.21,0,0,1,0.21,0,0,1,0,0
tpcds_sf50_t64,TPCDS SF50,tpcds,50,64,Q21,3,THC,20,0,0,1,0.21,0.21,0.21,0.21,0,0,1,0.21,0,0,1,0,0
tpcds_sf50_t64,TPCDS SF50,tpcds,50,64,Q21,4,RPT+,20,0,0,1,0.21,0.21,0.21,0.21,0,0,1,0.21,0,0,1,0,0
tpcds_sf50_t64,TPCDS SF50,tpcds,50,64,Q22,1,Baseline,20,0,0,1,1.25,1.26,1.259,1.36,0.1,0.0389069046,1.07936508,1.26,0.008,0.088,1,0,6
tpcds_sf50_t64,TPCDS SF50,tpcds,50,64,Q22,2,Forward-only,20,0,0,1,1.25,1.36,1.25,1.36,0.1,0.0365459276,1,1.36,0.088,0.088,1,0,6
tpcds_sf50_t64,TPCDS SF50,tpcds,50,64,Q22,3,THC,20,0,0,1,1.26,1.36,1.26,1.36,0.025,0.0326794771,1,1.36,0.0793650794,0.0793650794,1,0,6
tpcds_sf50_t64,TPCDS SF50,tpcds,50,64,Q22,4,RPT+,20,0,0,1,1.26,1.36,1.26,1.37,0.0925,0.0346319508,1.00735294,1.36,0.0793650794,0.0873015873,1,0,0
tpcds_sf50_t64,TPCDS SF50,tpcds,50,64,Q23,1,Baseline,20,0,0,1,3.76,3.78,3.77,3.971,0.125,0.024814637,1.0505291,3.78,0.00531914894,0.0561170213,1,0,1
tpcds_sf50_t64,TPCDS SF50,tpcds,50,64,Q23,2,Forward-only,20,0,0,1,3.76,3.83,3.76,3.98,0.1325,0.0222432577,1.03916449,3.83,0.0186170213,0.0585106383,1,0,5
tpcds_sf50_t64,TPCDS SF50,tpcds,50,64,Q23,3,THC,20,0,0,1,3.76,3.825,3.769,3.981,0.2,0.0254364582,1.04078431,3.825,0.017287234,0.0587765957,1,0,2
tpcds_sf50_t64,TPCDS SF50,tpcds,50,64,Q23,4,RPT+,20,0,0,1,3.89,4.19,3.989,4.3,0.1925,0.0294024513,1.02625298,4.19,0.0771208226,0.105398458,0.65,0,2
tpcds_sf50_t64,TPCDS SF50,tpcds,50,64,Q24,1,Baseline,20,0,0,1,1.65,1.76,1.65,8.444,0.0025,0.969740385,4.79772727,1.76,0.0666666667,4.11757576,0.8,0.15,0
tpcds_sf50_t64,TPCDS SF50,tpcds,50,64,Q24,2,Forward-only,20,0,0,1,1.65,1.76,1.65,9.695,0.0025,1.06535007,5.50852273,1.76,0.0666666667,4.87575758,0.8,0.15,0
tpcds_sf50_t64,TPCDS SF50,tpcds,50,64,Q24,3,THC,20,0,0,1,1.65,1.76,1.65,12.692,0,1.25064608,7.21136364,1.76,0.0666666667,6.69212121,0.8,0.15,0
tpcds_sf50_t64,TPCDS SF50,tpcds,50,64,Q24,4,RPT+,20,0,0,1,1.65,1.96,1.85,10.223,0.1025,1.01872471,5.21581633,1.96,0.187878788,5.19575758,0.1,0.15,0
tpcds_sf50_t64,TPCDS SF50,tpcds,50,64,Q25,1,Baseline,20,0,0,1,1.65,1.75,1.74,2.69,0.94,0.214924001,1.53714286,1.75,0.0606060606,0.63030303,0.65,0,1
tpcds_sf50_t64,TPCDS SF50,tpcds,50,64,Q25,2,Forward-only,20,0,0,1,1.65,1.75,1.65,1.76,0.1,0.0272631214,1.00571429,1.75,0.0606060606,0.0666666667,1,0,1
tpcds_sf50_t64,TPCDS SF50,tpcds,50,64,Q25,3,THC,20,0,0,1,1.65,1.75,1.65,1.76,0.025,0.025660547,1.00571429,1.75,0.0606060606,0.0666666667,1,0,1
tpcds_sf50_t64,TPCDS SF50,tpcds,50,64,Q25,4,RPT+,20,0,0,1,1.65,1.75,1.75,1.86,0.01,0.0263100295,1.06285714,1.75,0.0606060606,0.127272727,0.85,0,1
tpcds_sf50_t64,TPCDS SF50,tpcds,50,64,Q26,1,Baseline,20,0,0,1,0.42,0.52,0.42,0.62,0.2,0.156247349,1.19230769,0.52,0.238095238,0.476190476,0.35,0,3
tpcds_sf50_t64,TPCDS SF50,tpcds,50,64,Q26,2,Forward-only,20,0,0,1,0.42,0.47,0.42,0.52,0.1,0.106382979,1.10638298,0.47,0.119047619,0.238095238,0.5,0,3
tpcds_sf50_t64,TPCDS SF50,tpcds,50,64,Q26,3,THC,20,0,0,1,0.42,0.52,0.42,0.52,0.1,0.10473552,1,0.52,0.238095238,0.238095238,0.45,0,3
tpcds_sf50_t64,TPCDS SF50,tpcds,50,64,Q26,4,RPT+,20,0,0,1,0.52,0.52,0.52,0.52,0,0,1,0.52,0,0,1,0,0
tpcds_sf50_t64,TPCDS SF50,tpcds,50,64,Q27,1,Baseline,20,0,0,1,2.06,2.17,2.07,2.189,0.1,0.030907993,1.00875576,2.17,0.0533980583,0.0626213592,0.9,0,5
tpcds_sf50_t64,TPCDS SF50,tpcds,50,64,Q27,2,Forward-only,20,0,0,1,1.96,2.06,1.96,2.07,0.0925,0.0236789097,1.00485437,2.06,0.0510204082,0.056122449,1,0,2
tpcds_sf50_t64,TPCDS SF50,tpcds,50,64,Q27,3,THC,20,0,0,1,1.96,2.06,1.96,2.07,0.1,0.0248759107,1.00485437,2.06,0.0510204082,0.056122449,1,0,6
tpcds_sf50_t64,TPCDS SF50,tpcds,50,64,Q27,4,RPT+,20,0,0,1,2.06,2.06,2.06,2.07,0.01,0.00237353657,1.00485437,2.06,0,0.00485436893,1,0,0
tpcds_sf50_t64,TPCDS SF50,tpcds,50,64,Q28,1,Baseline,20,0,0,1,1.98,1.99,1.98,2.021,0.01,0.00865300927,1.01557789,1.99,0.00505050505,0.0207070707,1,0,6
tpcds_sf50_t64,TPCDS SF50,tpcds,50,64,Q28,2,Forward-only,20,0,0,1,1.97,2,1.98,2.003,0.01,0.0118852059,1.0015,2,0.0152284264,0.016751269,1,0,9
tpcds_sf50_t64,TPCDS SF50,tpcds,50,64,Q28,3,THC,20,0,0,1,1.89,1.99,1.989,2.02,0.01,0.0165808101,1.01507538,1.99,0.0529100529,0.0687830688,0.95,0,12
tpcds_sf50_t64,TPCDS SF50,tpcds,50,64,Q28,4,RPT+,20,0,0,1,1.89,1.995,1.989,2.001,0.01,0.0121485077,1.00300752,1.995,0.0555555556,0.0587301587,1,0,14
tpcds_sf50_t64,TPCDS SF50,tpcds,50,64,Q29,1,Baseline,20,0,0,1,1.65,1.7,1.65,2.49,0.83,0.193961941,1.46470588,1.7,0.0303030303,0.509090909,0.7,0,1
tpcds_sf50_t64,TPCDS SF50,tpcds,50,64,Q29,2,Forward-only,20,0,0,1,1.65,1.7,1.65,1.961,0.21,0.0708136264,1.15352941,1.7,0.0303030303,0.188484848,0.7,0,1
tpcds_sf50_t64,TPCDS SF50,tpcds,50,64,Q29,3,THC,20,0,0,1,1.65,1.755,1.65,1.97,0.21,0.0679845764,1.12250712,1.755,0.0636363636,0.193939394,0.7,0,1
tpcds_sf50_t64,TPCDS SF50,tpcds,50,64,Q29,4,RPT+,20,0,0,1,1.65,1.75,1.65,1.86,0.21,0.0500215161,1.06285714,1.75,0.0606060606,0.127272727,0.7,0,1
tpcds_sf50_t64,TPCDS SF50,tpcds,50,64,Q30,1,Baseline,20,0,0,1,0.42,0.47,0.42,0.52,0.1,0.106382979,1.10638298,0.47,0.119047619,0.238095238,0.5,0,0
tpcds_sf50_t64,TPCDS SF50,tpcds,50,64,Q30,2,Forward-only,20,0,0,1,0.42,0.47,0.42,0.52,0.1,0.106382979,1.10638298,0.47,0.119047619,0.238095238,0.5,0,0
tpcds_sf50_t64,TPCDS SF50,tpcds,50,64,Q30,3,THC,20,0,0,1,0.41,0.47,0.42,0.52,0.1,0.107656091,1.10638298,0.47,0.146341463,0.268292683,0.5,0,18
tpcds_sf50_t64,TPCDS SF50,tpcds,50,64,Q30,4,RPT+,20,0,0,1,0.52,0.52,0.52,0.52,0,0,1,0.52,0,0,1,0,0
tpcds_sf50_t64,TPCDS SF50,tpcds,50,64,Q31,1,Baseline,20,0,0,1,1.55,1.55,1.55,1.55,0,0,1,1.55,0,0,1,0,0
tpcds_sf50_t64,TPCDS SF50,tpcds,50,64,Q31,2,Forward-only,20,0,0,1,1.55,1.55,1.55,1.55,0,0,1,1.55,0,0,1,0,0
tpcds_sf50_t64,TPCDS SF50,tpcds,50,64,Q31,3,THC,20,0,0,1,1.55,1.55,1.55,1.55,0,0,1,1.55,0,0,1,0,0
tpcds_sf50_t64,TPCDS SF50,tpcds,50,64,Q31,4,RPT+,20,0,0,1,1.65,1.75,1.65,1.76,0.11,0.0297736527,1.00571429,1.75,0.0606060606,0.0666666667,1,0,4
tpcds_sf50_t64,TPCDS SF50,tpcds,50,64,Q32,1,Baseline,20,0,0,1,0.21,0.21,0.21,0.21,0,0,1,0.21,0,0,1,0,0
tpcds_sf50_t64,TPCDS SF50,tpcds,50,64,Q32,2,Forward-only,20,0,0,1,0.21,0.21,0.21,0.21,0,0,1,0.21,0,0,1,0,0
tpcds_sf50_t64,TPCDS SF50,tpcds,50,64,Q32,3,THC,20,0,0,1,0.21,0.21,0.21,0.21,0,0,1,0.21,0,0,1,0,0
tpcds_sf50_t64,TPCDS SF50,tpcds,50,64,Q32,4,RPT+,20,0,0,1,0.21,0.21,0.21,0.21,0,0,1,0.21,0,0,1,0,0
tpcds_sf50_t64,TPCDS SF50,tpcds,50,64,Q33,1,Baseline,20,0,0,1,1.75,1.75,1.75,1.75,0,0.00124504397,1,1.75,0,0,1,0,0
tpcds_sf50_t64,TPCDS SF50,tpcds,50,64,Q33,2,Forward-only,20,0,0,1,1.75,1.75,1.75,1.76,0.0025,0.00247082854,1.00571429,1.75,0,0.00571428571,1,0,1
tpcds_sf50_t64,TPCDS SF50,tpcds,50,64,Q33,3,THC,20,0,0,1,1.75,1.755,1.75,1.76,0.01,0.00284900285,1.002849,1.755,0.00285714286,0.00571428571,1,0,2
tpcds_sf50_t64,TPCDS SF50,tpcds,50,64,Q33,4,RPT+,20,0,0,1,1.75,1.76,1.75,1.76,0.01,0.00278985164,1,1.76,0.00571428571,0.00571428571,1,0,2
tpcds_sf50_t64,TPCDS SF50,tpcds,50,64,Q34,1,Baseline,20,0,0,1,1.03,1.03,1.03,1.03,0,0.00211494369,1,1.03,0,0,1,0,0
tpcds_sf50_t64,TPCDS SF50,tpcds,50,64,Q34,2,Forward-only,20,0,0,1,1.03,1.03,1.03,1.04,0.0025,0.00419382762,1.00970874,1.03,0,0.00970873786,1,0,0
tpcds_sf50_t64,TPCDS SF50,tpcds,50,64,Q34,3,THC,20,0,0,1,1.03,1.03,1.03,1.04,0.0025,0.00419382762,1.00970874,1.03,0,0.00970873786,1,0,0
tpcds_sf50_t64,TPCDS SF50,tpcds,50,64,Q34,4,RPT+,20,0,0,1,1.13,1.14,1.14,1.14,0,0.00191263666,1,1.14,0.00884955752,0.00884955752,1,0,18
tpcds_sf50_t64,TPCDS SF50,tpcds,50,64,Q35,1,Baseline,20,0,0,1,1.14,1.24,1.14,1.24,0.025,0.0356389055,1,1.24,0.0877192982,0.0877192982,1,0,5
tpcds_sf50_t64,TPCDS SF50,tpcds,50,64,Q35,2,Forward-only,20,0,0,1,1.14,1.24,1.14,1.24,0.025,0.0356389055,1,1.24,0.0877192982,0.0877192982,1,0,0
tpcds_sf50_t64,TPCDS SF50,tpcds,50,64,Q35,3,THC,20,0,0,1,1.24,1.24,1.24,1.25,0,0.00287612905,1.00806452,1.24,0,0.00806451613,1,0,0
tpcds_sf50_t64,TPCDS SF50,tpcds,50,64,Q35,4,RPT+,20,0,0,1,1.14,1.24,1.23,1.24,0,0.0243902439,1,1.24,0.0877192982,0.0877192982,1,0,4
tpcds_sf50_t64,TPCDS SF50,tpcds,50,64,Q36,1,Baseline,20,0,0,1,1.55,1.55,1.55,1.56,0,0.0192307692,1.00645161,1.55,0,0.0064516129,1,0,0
tpcds_sf50_t64,TPCDS SF50,tpcds,50,64,Q36,2,Forward-only,20,0,0,1,1.55,1.55,1.55,1.56,0,0.0192307692,1.00645161,1.55,0,0.0064516129,1,0,0
tpcds_sf50_t64,TPCDS SF50,tpcds,50,64,Q36,3,THC,20,0,0,1,1.55,1.55,1.55,1.55,0,0,1,1.55,0,0,1,0,0
tpcds_sf50_t64,TPCDS SF50,tpcds,50,64,Q36,4,RPT+,20,0,0,1,1.75,1.75,1.75,1.76,0.01,0.00272010037,1.00571429,1.75,0,0.00571428571,1,0,1
tpcds_sf50_t64,TPCDS SF50,tpcds,50,64,Q37,1,Baseline,20,0,0,1,0.31,1.26,0.31,37.379,35.8875,1.29244228,29.665873,1.26,3.06451613,119.577419,0.25,0.6,2
tpcds_sf50_t64,TPCDS SF50,tpcds,50,64,Q37,2,Forward-only,20,0,0,1,0.31,0.31,0.31,0.32,0.01,0.0146408169,1.03225806,0.31,0,0.0322580645,1,0,0
tpcds_sf50_t64,TPCDS SF50,tpcds,50,64,Q37,3,THC,20,0,0,1,0.31,0.31,0.31,0.32,0.01,0.0146408169,1.03225806,0.31,0,0.0322580645,1,0,1
tpcds_sf50_t64,TPCDS SF50,tpcds,50,64,Q37,4,RPT+,20,0,0,1,0.31,0.31,0.31,0.32,0.01,0.0146408169,1.03225806,0.31,0,0.0322580645,1,0,1
tpcds_sf50_t64,TPCDS SF50,tpcds,50,64,Q38,1,Baseline,20,0,0,1,1.14,1.14,1.14,1.14,0,0,1,1.14,0,0,1,0,0
tpcds_sf50_t64,TPCDS SF50,tpcds,50,64,Q38,2,Forward-only,20,0,0,1,1.14,1.14,1.14,1.14,0,0,1,1.14,0,0,1,0,0
tpcds_sf50_t64,TPCDS SF50,tpcds,50,64,Q38,3,THC,20,0,0,1,1.14,1.14,1.14,1.14,0,0,1,1.14,0,0,1,0,0
tpcds_sf50_t64,TPCDS SF50,tpcds,50,64,Q38,4,RPT+,20,0,0,1,1.44,1.45,1.45,1.45,0,0.00150358708,1,1.45,0.00694444444,0.00694444444,1,0,8
tpcds_sf50_t64,TPCDS SF50,tpcds,50,64,Q39,1,Baseline,20,0,0,1,0.31,0.32,0.31,0.42,0.035,0.134354383,1.3125,0.32,0.0322580645,0.35483871,0.75,0,3
tpcds_sf50_t64,TPCDS SF50,tpcds,50,64,Q39,2,Forward-only,20,0,0,1,0.31,0.31,0.31,0.33,0.01,0.0997252742,1.06451613,0.31,0,0.064516129,0.9,0,0
tpcds_sf50_t64,TPCDS SF50,tpcds,50,64,Q39,3,THC,20,0,0,1,0.31,0.315,0.31,0.33,0.01,0.0985096037,1.04761905,0.315,0.0161290323,0.064516129,0.9,0,0
tpcds_sf50_t64,TPCDS SF50,tpcds,50,64,Q39,4,RPT+,20,0,0,1,0.42,0.42,0.42,0.42,0,0,1,0.42,0,0,1,0,0
tpcds_sf50_t64,TPCDS SF50,tpcds,50,64,Q40,1,Baseline,20,0,0,1,0.42,0.42,0.42,0.42,0,0,1,0.42,0,0,1,0,0
tpcds_sf50_t64,TPCDS SF50,tpcds,50,64,Q40,2,Forward-only,20,0,0,1,0.31,0.32,0.31,0.32,0,0.0699854771,1,0.32,0.0322580645,0.0322580645,0.95,0,0
tpcds_sf50_t64,TPCDS SF50,tpcds,50,64,Q40,3,THC,20,0,0,1,0.31,0.32,0.31,0.32,0.01,0.0144560747,1,0.32,0.0322580645,0.0322580645,1,0,2
tpcds_sf50_t64,TPCDS SF50,tpcds,50,64,Q40,4,RPT+,20,0,0,1,0.31,0.32,0.31,0.32,0,0.0125786164,1,0.32,0.0322580645,0.0322580645,1,0,1
tpcds_sf50_t64,TPCDS SF50,tpcds,50,64,Q41,1,Baseline,20,0,0,1,0.21,0.21,0.21,0.21,0,0,1,0.21,0,0,1,0,0
tpcds_sf50_t64,TPCDS SF50,tpcds,50,64,Q41,2,Forward-only,20,0,0,1,0.21,0.21,0.21,0.21,0,0,1,0.21,0,0,1,0,0
tpcds_sf50_t64,TPCDS SF50,tpcds,50,64,Q41,3,THC,20,0,0,1,0.21,0.21,0.21,0.21,0,0,1,0.21,0,0,1,0,0
tpcds_sf50_t64,TPCDS SF50,tpcds,50,64,Q41,4,RPT+,20,0,0,1,0.21,0.21,0.21,0.21,0,0,1,0.21,0,0,1,0,0
tpcds_sf50_t64,TPCDS SF50,tpcds,50,64,Q42,1,Baseline,20,0,0,1,1.03,1.03,1.03,1.04,0.01,0.0044361817,1.00970874,1.03,0,0.00970873786,1,0,0
tpcds_sf50_t64,TPCDS SF50,tpcds,50,64,Q42,2,Forward-only,20,0,0,1,1.03,1.04,1.03,1.04,0.01,0.00480438164,1,1.04,0.00970873786,0.00970873786,1,0,0
tpcds_sf50_t64,TPCDS SF50,tpcds,50,64,Q42,3,THC,20,0,0,1,1.03,1.04,1.03,1.04,0.0025,0.0041736164,1,1.04,0.00970873786,0.00970873786,1,0,0
tpcds_sf50_t64,TPCDS SF50,tpcds,50,64,Q42,4,RPT+,20,0,0,1,1.03,1.04,1.03,1.04,0.01,0.0044190701,1,1.04,0.00970873786,0.00970873786,1,0,1
tpcds_sf50_t64,TPCDS SF50,tpcds,50,64,Q43,1,Baseline,20,0,0,1,1.14,1.14,1.14,1.14,0,0,1,1.14,0,0,1,0,0
tpcds_sf50_t64,TPCDS SF50,tpcds,50,64,Q43,2,Forward-only,20,0,0,1,1.13,1.14,1.14,1.14,0,0.00191263666,1,1.14,0.00884955752,0.00884955752,1,0,0
tpcds_sf50_t64,TPCDS SF50,tpcds,50,64,Q43,3,THC,20,0,0,1,1.14,1.14,1.14,1.14,0,0,1,1.14,0,0,1,0,0
tpcds_sf50_t64,TPCDS SF50,tpcds,50,64,Q43,4,RPT+,20,0,0,1,1.24,1.24,1.24,1.24,0,0,1,1.24,0,0,1,0,0
tpcds_sf50_t64,TPCDS SF50,tpcds,50,64,Q44,1,Baseline,20,0,0,1,38.13,38.95,38.429,39.461,0.66,0.0107892142,1.01311938,38.95,0.0215053763,0.0349068975,1,0,7
tpcds_sf50_t64,TPCDS SF50,tpcds,50,64,Q44,2,Forward-only,20,0,0,1,37.93,38.75,38.348,39.58,0.5525,0.0129795424,1.02141935,38.75,0.0216187714,0.0435011864,1,0,16
tpcds_sf50_t64,TPCDS SF50,tpcds,50,64,Q44,3,THC,20,0,0,1,37.83,38.805,38.258,39.103,0.51,0.0111677449,1.00767942,38.805,0.0257731959,0.0336505419,1,0,4
tpcds_sf50_t64,TPCDS SF50,tpcds,50,64,Q44,4,RPT+,20,0,0,1,37.95,38.64,38.431,39.489,0.255,0.011452971,1.02197205,38.64,0.0181818182,0.0405533597,1,0,3
tpcds_sf50_t64,TPCDS SF50,tpcds,50,64,Q45,1,Baseline,20,0,0,1,0.62,0.73,0.62,0.83,0.135,0.113914412,1.1369863,0.73,0.177419355,0.338709677,0.25,0,0
tpcds_sf50_t64,TPCDS SF50,tpcds,50,64,Q45,2,Forward-only,20,0,0,1,0.62,0.73,0.62,0.74,0.035,0.0855012992,1.01369863,0.73,0.177419355,0.193548387,0.25,0,0
tpcds_sf50_t64,TPCDS SF50,tpcds,50,64,Q45,3,THC,20,0,0,1,0.62,0.73,0.62,0.73,0.035,0.0774842768,1,0.73,0.177419355,0.177419355,0.25,0,0
tpcds_sf50_t64,TPCDS SF50,tpcds,50,64,Q45,4,RPT+,20,0,0,1,0.72,0.83,0.73,0.83,0.025,0.0549565628,1,0.83,0.152777778,0.152777778,0.25,0,2
tpcds_sf50_t64,TPCDS SF50,tpcds,50,64,Q46,1,Baseline,20,0,0,1,1.65,1.65,1.65,1.75,0.1,0.0283068012,1.06060606,1.65,0,0.0606060606,1,0,2
tpcds_sf50_t64,TPCDS SF50,tpcds,50,64,Q46,2,Forward-only,20,0,0,1,1.65,1.65,1.65,1.75,0.1,0.0283068012,1.06060606,1.65,0,0.0606060606,1,0,2
tpcds_sf50_t64,TPCDS SF50,tpcds,50,64,Q46,3,THC,20,0,0,1,1.65,1.65,1.65,1.76,0.1,0.0295447385,1.06666667,1.65,0,0.0666666667,1,0,2
tpcds_sf50_t64,TPCDS SF50,tpcds,50,64,Q46,4,RPT+,20,0,0,1,1.65,1.65,1.65,1.76,0.1,0.0299391969,1.06666667,1.65,0,0.0666666667,1,0,2
tpcds_sf50_t64,TPCDS SF50,tpcds,50,64,Q47,1,Baseline,20,0,0,1,2.27,2.27,2.27,2.28,0.01,0.00218726629,1.00440529,2.27,0,0.00440528634,1,0,2
tpcds_sf50_t64,TPCDS SF50,tpcds,50,64,Q47,2,Forward-only,20,0,0,1,2.27,2.27,2.27,2.28,0.0025,0.00190544643,1.00440529,2.27,0,0.00440528634,1,0,1
tpcds_sf50_t64,TPCDS SF50,tpcds,50,64,Q47,3,THC,20,0,0,1,2.27,2.27,2.27,2.28,0,0.00176056338,1.00440529,2.27,0,0.00440528634,1,0,0
tpcds_sf50_t64,TPCDS SF50,tpcds,50,64,Q47,4,RPT+,20,0,0,1,2.27,2.275,2.27,2.28,0.01,0.0102859995,1.0021978,2.275,0.00220264317,0.00440528634,1,0,1
tpcds_sf50_t64,TPCDS SF50,tpcds,50,64,Q48,1,Baseline,20,0,0,1,1.65,1.65,1.65,1.86,0,0.0526444425,1.12727273,1.65,0,0.127272727,0.85,0,0
tpcds_sf50_t64,TPCDS SF50,tpcds,50,64,Q48,2,Forward-only,20,0,0,1,1.65,1.65,1.65,1.87,0,0.0601734959,1.13333333,1.65,0,0.133333333,0.85,0,0
tpcds_sf50_t64,TPCDS SF50,tpcds,50,64,Q48,3,THC,20,0,0,1,1.65,1.65,1.65,1.879,0.0025,0.0604792222,1.13878788,1.65,0,0.138787879,0.85,0,0
tpcds_sf50_t64,TPCDS SF50,tpcds,50,64,Q48,4,RPT+,20,0,0,1,1.96,1.96,1.96,2.27,0,0.0550589903,1.15816327,1.96,0,0.158163265,0.85,0,0
tpcds_sf50_t64,TPCDS SF50,tpcds,50,64,Q49,1,Baseline,20,0,0,1,1.96,1.96,1.96,1.96,0,0,1,1.96,0,0,1,0,0
tpcds_sf50_t64,TPCDS SF50,tpcds,50,64,Q49,2,Forward-only,20,0,0,1,1.96,1.96,1.96,1.96,0,0,1,1.96,0,0,1,0,0
tpcds_sf50_t64,TPCDS SF50,tpcds,50,64,Q49,3,THC,20,0,0,1,1.96,1.96,1.96,1.96,0,0,1,1.96,0,0,1,0,0
tpcds_sf50_t64,TPCDS SF50,tpcds,50,64,Q49,4,RPT+,20,0,0,1,1.96,1.96,1.96,1.96,0,0,1,1.96,0,0,1,0,0
tpcds_sf50_t64,TPCDS SF50,tpcds,50,64,Q50,1,Baseline,20,0,0,1,1.34,1.35,1.34,1.35,0.0025,0.0168399881,1,1.35,0.00746268657,0.00746268657,1,0,0
tpcds_sf50_t64,TPCDS SF50,tpcds,50,64,Q50,2,Forward-only,20,0,0,1,1.24,1.34,1.24,1.34,0.025,0.0331763145,1,1.34,0.0806451613,0.0806451613,1,0,2
tpcds_sf50_t64,TPCDS SF50,tpcds,50,64,Q50,3,THC,20,0,0,1,1.24,1.34,1.24,1.34,0.025,0.0331763145,1,1.34,0.0806451613,0.0806451613,1,0,2
tpcds_sf50_t64,TPCDS SF50,tpcds,50,64,Q50,4,RPT+,20,0,0,1,1.55,1.55,1.55,1.55,0,0.001405643,1,1.55,0,0,1,0,1
tpcds_sf50_t64,TPCDS SF50,tpcds,50,64,Q51,1,Baseline,20,0,0,1,2.6,2.71,2.7,2.81,0.1025,0.0242333965,1.03690037,2.71,0.0423076923,0.0807692308,0.95,0,2
tpcds_sf50_t64,TPCDS SF50,tpcds,50,64,Q51,2,Forward-only,20,0,0,1,2.7,2.805,2.71,2.91,0.1225,0.0286056474,1.03743316,2.805,0.0388888889,0.0777777778,1,0,7
tpcds_sf50_t64,TPCDS SF50,tpcds,50,64,Q51,3,THC,20,0,0,1,2.7,2.8,2.71,2.819,0.03,0.0199542661,1.00678571,2.8,0.037037037,0.0440740741,1,0,2
tpcds_sf50_t64,TPCDS SF50,tpcds,50,64,Q51,4,RPT+,20,0,0,1,2.81,2.91,2.819,2.921,0.0125,0.0142120964,1.00378007,2.91,0.0355871886,0.0395017794,1,0,4
tpcds_sf50_t64,TPCDS SF50,tpcds,50,64,Q52,1,Baseline,20,0,0,1,1.03,1.03,1.03,1.04,0,0.00346167156,1.00970874,1.03,0,0.00970873786,1,0,0
tpcds_sf50_t64,TPCDS SF50,tpcds,50,64,Q52,2,Forward-only,20,0,0,1,1.03,1.03,1.03,1.04,0.01,0.0044361817,1.00970874,1.03,0,0.00970873786,1,0,0
tpcds_sf50_t64,TPCDS SF50,tpcds,50,64,Q52,3,THC,20,0,0,1,1.03,1.03,1.03,1.04,0.01,0.00461509048,1.00970874,1.03,0,0.00970873786,1,0,0
tpcds_sf50_t64,TPCDS SF50,tpcds,50,64,Q52,4,RPT+,20,0,0,1,1.03,1.035,1.03,1.04,0.01,0.00483091787,1.00483092,1.035,0.00485436893,0.00970873786,1,0,0
tpcds_sf50_t64,TPCDS SF50,tpcds,50,64,Q53,1,Baseline,20,0,0,1,1.24,1.24,1.24,1.25,0,0.024,1.00806452,1.24,0,0.00806451613,1,0,0
tpcds_sf50_t64,TPCDS SF50,tpcds,50,64,Q53,2,Forward-only,20,0,0,1,1.24,1.24,1.24,1.24,0,0,1,1.24,0,0,1,0,0
tpcds_sf50_t64,TPCDS SF50,tpcds,50,64,Q53,3,THC,20,0,0,1,1.24,1.24,1.24,1.24,0,0,1,1.24,0,0,1,0,0
tpcds_sf50_t64,TPCDS SF50,tpcds,50,64,Q53,4,RPT+,20,0,0,1,1.34,1.34,1.34,1.34,0,0,1,1.34,0,0,1,0,0
tpcds_sf50_t64,TPCDS SF50,tpcds,50,64,Q54,1,Baseline,0,20,0,0,,,,,,,,300,,,,,
tpcds_sf50_t64,TPCDS SF50,tpcds,50,64,Q54,2,Forward-only,0,20,0,0,,,,,,,,300,,,,,
tpcds_sf50_t64,TPCDS SF50,tpcds,50,64,Q54,3,THC,0,20,0,0,,,,,,,,300,,,,,
tpcds_sf50_t64,TPCDS SF50,tpcds,50,64,Q54,4,RPT+,0,20,0,0,,,,,,,,300,,,,,
tpcds_sf50_t64,TPCDS SF50,tpcds,50,64,Q55,1,Baseline,20,0,0,1,1.03,1.03,1.03,1.04,0.01,0.0044361817,1.00970874,1.03,0,0.00970873786,1,0,0
tpcds_sf50_t64,TPCDS SF50,tpcds,50,64,Q55,2,Forward-only,20,0,0,1,1.03,1.04,1.03,1.04,0.01,0.022431408,1,1.04,0.00970873786,0.00970873786,0.95,0,0
tpcds_sf50_t64,TPCDS SF50,tpcds,50,64,Q55,3,THC,20,0,0,1,1.03,1.03,1.03,1.04,0.01,0.0227557082,1.00970874,1.03,0,0.00970873786,0.95,0,1
tpcds_sf50_t64,TPCDS SF50,tpcds,50,64,Q55,4,RPT+,20,0,0,1,1.03,1.04,1.03,1.04,0.01,0.0044190701,1,1.04,0.00970873786,0.00970873786,1,0,3
tpcds_sf50_t64,TPCDS SF50,tpcds,50,64,Q56,1,Baseline,20,0,0,1,1.75,1.75,1.75,1.75,0,0.00124504397,1,1.75,0,0,1,0,0
tpcds_sf50_t64,TPCDS SF50,tpcds,50,64,Q56,2,Forward-only,20,0,0,1,1.75,1.75,1.75,1.751,0,0.00171330668,1.00057143,1.75,0,0.000571428571,1,0,0
tpcds_sf50_t64,TPCDS SF50,tpcds,50,64,Q56,3,THC,20,0,0,1,1.75,1.75,1.75,1.76,0.01,0.00272010037,1.00571429,1.75,0,0.00571428571,1,0,0
tpcds_sf50_t64,TPCDS SF50,tpcds,50,64,Q56,4,RPT+,20,0,0,1,1.75,1.75,1.75,1.76,0.01,0.00283552989,1.00571429,1.75,0,0.00571428571,1,0,1
tpcds_sf50_t64,TPCDS SF50,tpcds,50,64,Q57,1,Baseline,20,0,0,1,0.73,0.73,0.73,0.73,0,0,1,0.73,0,0,1,0,0
tpcds_sf50_t64,TPCDS SF50,tpcds,50,64,Q57,2,Forward-only,20,0,0,1,0.73,0.73,0.73,0.73,0,0,1,0.73,0,0,1,0,0
tpcds_sf50_t64,TPCDS SF50,tpcds,50,64,Q57,3,THC,20,0,0,1,0.73,0.73,0.73,0.83,0,0.0479290499,1.1369863,0.73,0,0.136986301,0.85,0,0
tpcds_sf50_t64,TPCDS SF50,tpcds,50,64,Q57,4,RPT+,20,0,0,1,0.73,0.83,0.82,0.83,0,0.0368614677,1,0.83,0.136986301,0.136986301,0.1,0,12
tpcds_sf50_t64,TPCDS SF50,tpcds,50,64,Q58,1,Baseline,20,0,0,1,1.75,1.86,1.841,1.86,0,0.0170083128,1,1.86,0.0628571429,0.0628571429,1,0,10
tpcds_sf50_t64,TPCDS SF50,tpcds,50,64,Q58,2,Forward-only,20,0,0,1,1.75,1.86,1.76,1.86,0.0325,0.0239788805,1,1.86,0.0628571429,0.0628571429,1,0,5
tpcds_sf50_t64,TPCDS SF50,tpcds,50,64,Q58,3,THC,20,0,0,1,1.76,1.86,1.841,1.86,0,0.016125529,1,1.86,0.0568181818,0.0568181818,1,0,9
tpcds_sf50_t64,TPCDS SF50,tpcds,50,64,Q58,4,RPT+,20,0,0,1,1.76,1.86,1.76,1.86,0,0.0235616159,1,1.86,0.0568181818,0.0568181818,0.95,0,0
tpcds_sf50_t64,TPCDS SF50,tpcds,50,64,Q59,1,Baseline,20,0,0,1,1.24,1.24,1.24,1.24,0,0,1,1.24,0,0,1,0,0
tpcds_sf50_t64,TPCDS SF50,tpcds,50,64,Q59,2,Forward-only,20,0,0,1,1.24,1.24,1.24,1.24,0,0,1,1.24,0,0,1,0,0
tpcds_sf50_t64,TPCDS SF50,tpcds,50,64,Q59,3,THC,20,0,0,1,1.24,1.24,1.24,1.24,0,0.0175056182,1,1.24,0,0,1,0,0
tpcds_sf50_t64,TPCDS SF50,tpcds,50,64,Q59,4,RPT+,20,0,0,1,1.24,1.24,1.24,1.24,0,0,1,1.24,0,0,1,0,0
tpcds_sf50_t64,TPCDS SF50,tpcds,50,64,Q60,1,Baseline,20,0,0,1,1.75,1.86,1.75,1.86,0.11,0.0284449144,1,1.86,0.0628571429,0.0628571429,1,0,7
tpcds_sf50_t64,TPCDS SF50,tpcds,50,64,Q60,2,Forward-only,20,0,0,1,1.75,1.75,1.75,1.76,0.01,0.00279303277,1.00571429,1.75,0,0.00571428571,1,0,0
tpcds_sf50_t64,TPCDS SF50,tpcds,50,64,Q60,3,THC,20,0,0,1,1.75,1.75,1.75,1.76,0.01,0.00272010037,1.00571429,1.75,0,0.00571428571,1,0,0
tpcds_sf50_t64,TPCDS SF50,tpcds,50,64,Q60,4,RPT+,20,0,0,1,1.75,1.76,1.75,1.86,0.0275,0.0252064527,1.05681818,1.76,0.00571428571,0.0628571429,1,0,0
tpcds_sf50_t64,TPCDS SF50,tpcds,50,64,Q61,1,Baseline,20,0,0,1,1.55,1.55,1.55,1.55,0,0.0140157522,1,1.55,0,0,1,0,0
tpcds_sf50_t64,TPCDS SF50,tpcds,50,64,Q61,2,Forward-only,20,0,0,1,1.55,1.55,1.55,1.55,0,0,1,1.55,0,0,1,0,0
tpcds_sf50_t64,TPCDS SF50,tpcds,50,64,Q61,3,THC,20,0,0,1,1.55,1.55,1.55,1.55,0,0,1,1.55,0,0,1,0,0
tpcds_sf50_t64,TPCDS SF50,tpcds,50,64,Q61,4,RPT+,20,0,0,1,1.55,1.55,1.55,1.56,0,0.0192307692,1.00645161,1.55,0,0.0064516129,1,0,0
tpcds_sf50_t64,TPCDS SF50,tpcds,50,64,Q62,1,Baseline,20,0,0,1,0.52,0.52,0.52,0.52,0,0,1,0.52,0,0,1,0,0
tpcds_sf50_t64,TPCDS SF50,tpcds,50,64,Q62,2,Forward-only,20,0,0,1,0.52,0.52,0.52,0.52,0,0,1,0.52,0,0,1,0,0
tpcds_sf50_t64,TPCDS SF50,tpcds,50,64,Q62,3,THC,20,0,0,1,0.52,0.52,0.52,0.52,0,0,1,0.52,0,0,1,0,0
tpcds_sf50_t64,TPCDS SF50,tpcds,50,64,Q62,4,RPT+,20,0,0,1,0.52,0.52,0.52,0.52,0,0,1,0.52,0,0,1,0,0
tpcds_sf50_t64,TPCDS SF50,tpcds,50,64,Q63,1,Baseline,20,0,0,1,1.24,1.24,1.24,1.24,0,0,1,1.24,0,0,1,0,0
tpcds_sf50_t64,TPCDS SF50,tpcds,50,64,Q63,2,Forward-only,20,0,0,1,1.24,1.24,1.24,1.24,0,0,1,1.24,0,0,1,0,0
tpcds_sf50_t64,TPCDS SF50,tpcds,50,64,Q63,3,THC,20,0,0,1,1.24,1.24,1.24,1.24,0,0,1,1.24,0,0,1,0,0
tpcds_sf50_t64,TPCDS SF50,tpcds,50,64,Q63,4,RPT+,20,0,0,1,1.34,1.34,1.34,1.34,0,0,1,1.34,0,0,1,0,0
tpcds_sf50_t64,TPCDS SF50,tpcds,50,64,Q64,1,Baseline,20,0,0,1,2.68,2.79,2.68,2.891,0.11,0.0293388423,1.03620072,2.79,0.0410447761,0.0787313433,0.95,0,2
tpcds_sf50_t64,TPCDS SF50,tpcds,50,64,Q64,2,Forward-only,20,0,0,1,2.58,2.68,2.58,2.69,0.01,0.0141634007,1.00373134,2.68,0.0387596899,0.0426356589,1,0,0
tpcds_sf50_t64,TPCDS SF50,tpcds,50,64,Q64,3,THC,20,0,0,1,2.58,2.68,2.67,2.79,0.11,0.0246432588,1.04104478,2.68,0.0387596899,0.0813953488,1,0,0
tpcds_sf50_t64,TPCDS SF50,tpcds,50,64,Q64,4,RPT+,20,0,0,1,2.78,2.78,2.78,2.78,0,0.000783833653,1,2.78,0,0,1,0,0
tpcds_sf50_t64,TPCDS SF50,tpcds,50,64,Q65,1,Baseline,20,0,0,1,2.79,2.9,2.79,2.9,0.01,0.0135643479,1,2.9,0.0394265233,0.0394265233,1,0,4
tpcds_sf50_t64,TPCDS SF50,tpcds,50,64,Q65,2,Forward-only,20,0,0,1,2.89,3.11,2.9,3.11,0.0575,0.0296777425,1,3.11,0.0761245675,0.0761245675,1,0,19
tpcds_sf50_t64,TPCDS SF50,tpcds,50,64,Q65,3,THC,20,0,0,1,2.89,3.11,2.899,3.12,0.06,0.0304782088,1.00321543,3.11,0.0761245675,0.0795847751,1,0,0
tpcds_sf50_t64,TPCDS SF50,tpcds,50,64,Q65,4,RPT+,20,0,0,1,2.79,2.89,2.8,2.9,0.1,0.016787468,1.00346021,2.89,0.0358422939,0.0394265233,1,0,7
tpcds_sf50_t64,TPCDS SF50,tpcds,50,64,Q66,1,Baseline,20,0,0,1,0.93,0.93,0.93,0.94,0,0.0319148936,1.01075269,0.93,0,0.0107526882,0.9,0,0
tpcds_sf50_t64,TPCDS SF50,tpcds,50,64,Q66,2,Forward-only,20,0,0,1,0.93,0.93,0.93,0.93,0,0,1,0.93,0,0,1,0,0
tpcds_sf50_t64,TPCDS SF50,tpcds,50,64,Q66,3,THC,20,0,0,1,0.93,0.93,0.93,0.93,0,0,1,0.93,0,0,1,0,0
tpcds_sf50_t64,TPCDS SF50,tpcds,50,64,Q66,4,RPT+,20,0,0,1,1.03,1.03,1.03,1.04,0.01,0.00461509048,1.00970874,1.03,0,0.00970873786,1,0,0
tpcds_sf50_t64,TPCDS SF50,tpcds,50,64,Q67,1,Baseline,20,0,0,1,6.26,6.345,6.3,6.437,0.11,0.013071661,1.01449961,6.345,0.0135782748,0.0282747604,1,0,17
tpcds_sf50_t64,TPCDS SF50,tpcds,50,64,Q67,2,Forward-only,20,0,0,1,6.22,6.405,6.3,6.549,0.19,0.0183405371,1.02248244,6.405,0.0297427653,0.0528938907,1,0,18
tpcds_sf50_t64,TPCDS SF50,tpcds,50,64,Q67,3,THC,20,0,0,1,6.22,6.405,6.309,6.541,0.11,0.0184184243,1.02123341,6.405,0.0297427653,0.051607717,1,0,11
tpcds_sf50_t64,TPCDS SF50,tpcds,50,64,Q67,4,RPT+,20,0,0,1,6.34,6.47,6.35,6.561,0.115,0.0122703109,1.01406491,6.47,0.0205047319,0.0348580442,1,0,0
tpcds_sf50_t64,TPCDS SF50,tpcds,50,64,Q68,1,Baseline,20,0,0,1,1.96,2.06,1.96,2.06,0.1,0.0242523737,1,2.06,0.0510204082,0.0510204082,1,0,3
tpcds_sf50_t64,TPCDS SF50,tpcds,50,64,Q68,2,Forward-only,20,0,0,1,1.96,2.06,1.96,2.06,0.1,0.0246895146,1,2.06,0.0510204082,0.0510204082,1,0,0
tpcds_sf50_t64,TPCDS SF50,tpcds,50,64,Q68,3,THC,20,0,0,1,1.96,1.96,1.96,2.06,0.1,0.0244948974,1.05102041,1.96,0,0.0510204082,1,0,2
tpcds_sf50_t64,TPCDS SF50,tpcds,50,64,Q68,4,RPT+,20,0,0,1,1.96,2.06,2.06,2.06,0,0.0106055935,1,2.06,0.0510204082,0.0510204082,1,0,16
tpcds_sf50_t64,TPCDS SF50,tpcds,50,64,Q69,1,Baseline,20,0,0,1,0.93,0.93,0.93,0.93,0,0,1,0.93,0,0,1,0,0
tpcds_sf50_t64,TPCDS SF50,tpcds,50,64,Q69,2,Forward-only,20,0,0,1,0.93,0.93,0.93,0.93,0,0,1,0.93,0,0,1,0,0
tpcds_sf50_t64,TPCDS SF50,tpcds,50,64,Q69,3,THC,20,0,0,1,0.93,0.93,0.93,0.93,0,0.00234223479,1,0.93,0,0,1,0,0
tpcds_sf50_t64,TPCDS SF50,tpcds,50,64,Q69,4,RPT+,20,0,0,1,0.93,0.93,0.93,0.93,0,0,1,0.93,0,0,1,0,0
tpcds_sf50_t64,TPCDS SF50,tpcds,50,64,Q70,1,Baseline,20,0,0,1,1.35,1.35,1.35,1.36,0.01,0.00361815324,1.00740741,1.35,0,0.00740740741,1,0,0
tpcds_sf50_t64,TPCDS SF50,tpcds,50,64,Q70,2,Forward-only,20,0,0,1,1.46,1.56,1.56,1.561,0,0.014548014,1.00064103,1.56,0.0684931507,0.0691780822,1,0,8
tpcds_sf50_t64,TPCDS SF50,tpcds,50,64,Q70,3,THC,20,0,0,1,1.45,1.56,1.487,1.56,0.0025,0.0218056706,1,1.56,0.075862069,0.075862069,1,0,2
tpcds_sf50_t64,TPCDS SF50,tpcds,50,64,Q70,4,RPT+,20,0,0,1,1.56,1.66,1.56,1.67,0,0.0221723952,1.0060241,1.66,0.0641025641,0.0705128205,1,0,2
tpcds_sf50_t64,TPCDS SF50,tpcds,50,64,Q71,1,Baseline,20,0,0,1,1.44,1.45,1.44,1.45,0,0.00276243094,1,1.45,0.00694444444,0.00694444444,1,0,5
tpcds_sf50_t64,TPCDS SF50,tpcds,50,64,Q71,2,Forward-only,20,0,0,1,1.44,1.45,1.45,1.45,0,0.00150358708,1,1.45,0.00694444444,0.00694444444,1,0,5
tpcds_sf50_t64,TPCDS SF50,tpcds,50,64,Q71,3,THC,20,0,0,1,1.44,1.45,1.449,1.45,0,0.00207039337,1,1.45,0.00694444444,0.00694444444,1,0,14
tpcds_sf50_t64,TPCDS SF50,tpcds,50,64,Q71,4,RPT+,20,0,0,1,1.34,1.45,1.449,1.45,0,0.0165916185,1,1.45,0.0820895522,0.0820895522,1,0,18
tpcds_sf50_t64,TPCDS SF50,tpcds,50,64,Q72,1,Baseline,20,0,0,1,0.62,3.905,0.82,11.299,3.2225,0.966151943,2.89346991,3.905,5.2983871,17.2241935,0.05,0.65,0
tpcds_sf50_t64,TPCDS SF50,tpcds,50,64,Q72,2,Forward-only,20,0,0,1,0.62,0.73,0.63,1.05,0.01,0.218788173,1.43835616,0.73,0.177419355,0.693548387,0.15,0.05,15
tpcds_sf50_t64,TPCDS SF50,tpcds,50,64,Q72,3,THC,20,0,0,1,0.53,0.73,0.62,0.861,0.0275,0.183590319,1.17945205,0.73,0.377358491,0.624528302,0.05,0.05,0
tpcds_sf50_t64,TPCDS SF50,tpcds,50,64,Q72,4,RPT+,20,0,0,1,0.62,0.73,0.71,0.831,0,0.163159479,1.13835616,0.73,0.177419355,0.340322581,0.1,0.05,0
tpcds_sf50_t64,TPCDS SF50,tpcds,50,64,Q73,1,Baseline,20,0,0,1,1.03,1.03,1.03,1.04,0.0025,0.00419382762,1.00970874,1.03,0,0.00970873786,1,0,0
tpcds_sf50_t64,TPCDS SF50,tpcds,50,64,Q73,2,Forward-only,20,0,0,1,1.03,1.04,1.03,1.04,0.01,0.00480438164,1,1.04,0.00970873786,0.00970873786,1,0,1
tpcds_sf50_t64,TPCDS SF50,tpcds,50,64,Q73,3,THC,20,0,0,1,1.03,1.04,1.03,1.04,0.01,0.00472874468,1,1.04,0.00970873786,0.00970873786,1,0,2
tpcds_sf50_t64,TPCDS SF50,tpcds,50,64,Q73,4,RPT+,20,0,0,1,1.03,1.04,1.03,1.04,0,0.00343833819,1,1.04,0.00970873786,0.00970873786,1,0,4
tpcds_sf50_t64,TPCDS SF50,tpcds,50,64,Q74,1,Baseline,20,0,0,1,1.97,2.48,1.97,2.927,0.82,0.179856017,1.18024194,2.48,0.258883249,0.485786802,0.5,0,4
tpcds_sf50_t64,TPCDS SF50,tpcds,50,64,Q74,2,Forward-only,20,0,0,1,2.18,2.745,2.38,3.21,0.82,0.150957197,1.16939891,2.745,0.259174312,0.472477064,0.5,0,8
tpcds_sf50_t64,TPCDS SF50,tpcds,50,64,Q74,3,THC,20,0,0,1,2.18,2.805,2.38,3.21,0.8225,0.151838384,1.14438503,2.805,0.286697248,0.472477064,0.45,0,8
tpcds_sf50_t64,TPCDS SF50,tpcds,50,64,Q74,4,RPT+,20,0,0,1,3.31,3.82,3.41,4.23,0.72,0.0990400371,1.10732984,3.82,0.15407855,0.277945619,0.5,0,4
tpcds_sf50_t64,TPCDS SF50,tpcds,50,64,Q75,1,Baseline,20,0,0,1,2.47,2.47,2.47,2.48,0.01,0.00192831858,1.00404858,2.47,0,0.004048583,1,0,0
tpcds_sf50_t64,TPCDS SF50,tpcds,50,64,Q75,2,Forward-only,20,0,0,1,2.47,2.48,2.47,2.48,0.01,0.00197858622,1,2.48,0.004048583,0.004048583,1,0,0
tpcds_sf50_t64,TPCDS SF50,tpcds,50,64,Q75,3,THC,20,0,0,1,2.47,2.48,2.47,2.48,0.0025,0.00174778084,1,2.48,0.004048583,0.004048583,1,0,1
tpcds_sf50_t64,TPCDS SF50,tpcds,50,64,Q75,4,RPT+,20,0,0,1,2.58,2.58,2.58,2.58,0,0,1,2.58,0,0,1,0,0
tpcds_sf50_t64,TPCDS SF50,tpcds,50,64,Q76,1,Baseline,20,0,0,1,2.16,2.16,2.16,2.17,0.01,0.00226385374,1.00462963,2.16,0,0.00462962963,1,0,0
tpcds_sf50_t64,TPCDS SF50,tpcds,50,64,Q76,2,Forward-only,20,0,0,1,2.16,2.17,2.16,2.17,0,0.00184501845,1,2.17,0.00462962963,0.00462962963,1,0,0
tpcds_sf50_t64,TPCDS SF50,tpcds,50,64,Q76,3,THC,20,0,0,1,2.16,2.17,2.16,2.17,0,0.00184501845,1,2.17,0.00462962963,0.00462962963,1,0,9
tpcds_sf50_t64,TPCDS SF50,tpcds,50,64,Q76,4,RPT+,20,0,0,1,2.27,2.27,2.27,2.28,0,0.0131578947,1.00440529,2.27,0,0.00440528634,1,0,0
tpcds_sf50_t64,TPCDS SF50,tpcds,50,64,Q77,1,Baseline,20,0,0,1,2.06,2.06,2.06,2.06,0,0,1,2.06,0,0,1,0,0
tpcds_sf50_t64,TPCDS SF50,tpcds,50,64,Q77,2,Forward-only,20,0,0,1,2.06,2.06,2.06,2.06,0,0,1,2.06,0,0,1,0,0
tpcds_sf50_t64,TPCDS SF50,tpcds,50,64,Q77,3,THC,20,0,0,1,2.06,2.06,2.06,2.06,0,0,1,2.06,0,0,1,0,0
tpcds_sf50_t64,TPCDS SF50,tpcds,50,64,Q77,4,RPT+,20,0,0,1,2.06,2.06,2.06,2.06,0,0,1,2.06,0,0,1,0,0
tpcds_sf50_t64,TPCDS SF50,tpcds,50,64,Q78,1,Baseline,20,0,0,1,3.13,3.23,3.22,3.24,0.01,0.0095563334,1.00309598,3.23,0.0319488818,0.03514377,1,0,9
tpcds_sf50_t64,TPCDS SF50,tpcds,50,64,Q78,2,Forward-only,20,0,0,1,3.12,3.23,3.201,3.24,0.0125,0.0104737722,1.00309598,3.23,0.0352564103,0.0384615385,1,0,1
tpcds_sf50_t64,TPCDS SF50,tpcds,50,64,Q78,3,THC,20,0,0,1,3.22,3.24,3.229,3.32,0.08,0.0122477435,1.02469136,3.24,0.00621118012,0.0310559006,1,0,3
tpcds_sf50_t64,TPCDS SF50,tpcds,50,64,Q78,4,RPT+,20,0,0,1,3.23,3.64,3.509,3.75,0.01,0.0345059179,1.03021978,3.64,0.126934985,0.160990712,0.2,0,10
tpcds_sf50_t64,TPCDS SF50,tpcds,50,64,Q79,1,Baseline,20,0,0,1,1.65,1.65,1.65,1.65,0,0,1,1.65,0,0,1,0,0
tpcds_sf50_t64,TPCDS SF50,tpcds,50,64,Q79,2,Forward-only,20,0,0,1,1.65,1.65,1.65,1.65,0,0,1,1.65,0,0,1,0,0
tpcds_sf50_t64,TPCDS SF50,tpcds,50,64,Q79,3,THC,20,0,0,1,1.65,1.65,1.65,1.65,0,0,1,1.65,0,0,1,0,0
tpcds_sf50_t64,TPCDS SF50,tpcds,50,64,Q79,4,RPT+,20,0,0,1,1.65,1.75,1.75,1.75,0,0.0126136,1,1.75,0.0606060606,0.0606060606,1,0,12
tpcds_sf50_t64,TPCDS SF50,tpcds,50,64,Q80,1,Baseline,20,0,0,1,2.47,2.475,2.47,2.58,0.035,0.018547237,1.04242424,2.475,0.0020242915,0.044534413,1,0,2
tpcds_sf50_t64,TPCDS SF50,tpcds,50,64,Q80,2,Forward-only,20,0,0,1,2.47,2.48,2.47,2.58,0.11,0.0203683036,1.04032258,2.48,0.004048583,0.044534413,1,0,2
tpcds_sf50_t64,TPCDS SF50,tpcds,50,64,Q80,3,THC,20,0,0,1,2.47,2.48,2.47,2.58,0.11,0.0191339209,1.04032258,2.48,0.004048583,0.044534413,1,0,4
tpcds_sf50_t64,TPCDS SF50,tpcds,50,64,Q80,4,RPT+,20,0,0,1,2.37,2.37,2.37,2.37,0,0,1,2.37,0,0,1,0,0
tpcds_sf50_t64,TPCDS SF50,tpcds,50,64,Q81,1,Baseline,20,0,0,1,0.52,0.52,0.52,0.52,0,0,1,0.52,0,0,1,0,0
tpcds_sf50_t64,TPCDS SF50,tpcds,50,64,Q81,2,Forward-only,20,0,0,1,0.52,0.52,0.52,0.52,0,0,1,0.52,0,0,1,0,0
tpcds_sf50_t64,TPCDS SF50,tpcds,50,64,Q81,3,THC,20,0,0,1,0.52,0.52,0.52,0.52,0,0,1,0.52,0,0,1,0,0
tpcds_sf50_t64,TPCDS SF50,tpcds,50,64,Q81,4,RPT+,20,0,0,1,0.52,0.52,0.52,0.52,0,0,1,0.52,0,0,1,0,0
tpcds_sf50_t64,TPCDS SF50,tpcds,50,64,Q82,1,Baseline,20,0,0,1,0.52,1.415,0.52,76.462,71.965,1.46091685,54.0367491,1.415,1.72115385,146.042308,0.5,0.5,0
tpcds_sf50_t64,TPCDS SF50,tpcds,50,64,Q82,2,Forward-only,20,0,0,1,0.42,0.52,0.42,0.52,0.1,0.093521953,1,0.52,0.238095238,0.238095238,0.3,0,2
tpcds_sf50_t64,TPCDS SF50,tpcds,50,64,Q82,3,THC,20,0,0,1,0.42,0.47,0.42,0.52,0.1,0.106382979,1.10638298,0.47,0.119047619,0.238095238,0.5,0,0
tpcds_sf50_t64,TPCDS SF50,tpcds,50,64,Q82,4,RPT+,20,0,0,1,0.42,0.42,0.42,0.52,0,0.0909090909,1.23809524,0.42,0,0.238095238,0.8,0,0
tpcds_sf50_t64,TPCDS SF50,tpcds,50,64,Q83,1,Baseline,20,0,0,1,0.42,0.42,0.42,0.42,0,0,1,0.42,0,0,1,0,0
tpcds_sf50_t64,TPCDS SF50,tpcds,50,64,Q83,2,Forward-only,20,0,0,1,0.42,0.42,0.42,0.42,0,0,1,0.42,0,0,1,0,0
tpcds_sf50_t64,TPCDS SF50,tpcds,50,64,Q83,3,THC,20,0,0,1,0.42,0.42,0.42,0.42,0,0,1,0.42,0,0,1,0,0
tpcds_sf50_t64,TPCDS SF50,tpcds,50,64,Q83,4,RPT+,20,0,0,1,0.42,0.42,0.42,0.42,0,0,1,0.42,0,0,1,0,0
tpcds_sf50_t64,TPCDS SF50,tpcds,50,64,Q84,1,Baseline,20,0,0,1,0.31,0.37,0.31,0.42,0.11,0.14624295,1.13513514,0.37,0.193548387,0.35483871,0.5,0,1
tpcds_sf50_t64,TPCDS SF50,tpcds,50,64,Q84,2,Forward-only,20,0,0,1,0.31,0.32,0.31,0.32,0.01,0.0144560747,1,0.32,0.0322580645,0.0322580645,1,0,0
tpcds_sf50_t64,TPCDS SF50,tpcds,50,64,Q84,3,THC,20,0,0,1,0.31,0.32,0.31,0.32,0.0025,0.0136381953,1,0.32,0.0322580645,0.0322580645,1,0,1
tpcds_sf50_t64,TPCDS SF50,tpcds,50,64,Q84,4,RPT+,20,0,0,1,0.31,0.32,0.31,0.32,0,0.0125786164,1,0.32,0.0322580645,0.0322580645,1,0,1
tpcds_sf50_t64,TPCDS SF50,tpcds,50,64,Q85,1,Baseline,20,0,0,1,0.83,0.83,0.83,0.93,0,0.0436931081,1.12048193,0.83,0,0.120481928,0.85,0,0
tpcds_sf50_t64,TPCDS SF50,tpcds,50,64,Q85,2,Forward-only,20,0,0,1,0.83,0.83,0.83,0.93,0,0.0434949633,1.12048193,0.83,0,0.120481928,0.85,0,0
tpcds_sf50_t64,TPCDS SF50,tpcds,50,64,Q85,3,THC,20,0,0,1,0.83,0.83,0.83,0.93,0,0.0470588235,1.12048193,0.83,0,0.120481928,0.8,0,0
tpcds_sf50_t64,TPCDS SF50,tpcds,50,64,Q85,4,RPT+,20,0,0,1,0.83,0.83,0.83,0.93,0.1,0.054194323,1.12048193,0.83,0,0.120481928,0.7,0,0
tpcds_sf50_t64,TPCDS SF50,tpcds,50,64,Q86,1,Baseline,20,0,0,1,0.52,0.52,0.52,0.52,0,0,1,0.52,0,0,1,0,0
tpcds_sf50_t64,TPCDS SF50,tpcds,50,64,Q86,2,Forward-only,20,0,0,1,0.52,0.52,0.52,0.52,0,0,1,0.52,0,0,1,0,0
tpcds_sf50_t64,TPCDS SF50,tpcds,50,64,Q86,3,THC,20,0,0,1,0.52,0.52,0.52,0.52,0,0,1,0.52,0,0,1,0,0
tpcds_sf50_t64,TPCDS SF50,tpcds,50,64,Q86,4,RPT+,20,0,0,1,0.52,0.52,0.52,0.52,0,0,1,0.52,0,0,1,0,0
tpcds_sf50_t64,TPCDS SF50,tpcds,50,64,Q87,1,Baseline,20,0,0,1,1.24,1.24,1.24,1.24,0,0,1,1.24,0,0,1,0,0
tpcds_sf50_t64,TPCDS SF50,tpcds,50,64,Q87,2,Forward-only,20,0,0,1,1.24,1.24,1.24,1.24,0,0,1,1.24,0,0,1,0,0
tpcds_sf50_t64,TPCDS SF50,tpcds,50,64,Q87,3,THC,20,0,0,1,1.24,1.24,1.24,1.24,0,0,1,1.24,0,0,1,0,0
tpcds_sf50_t64,TPCDS SF50,tpcds,50,64,Q87,4,RPT+,20,0,0,1,1.34,1.55,1.439,1.55,0,0.0426963215,1,1.55,0.156716418,0.156716418,0.15,0,13
tpcds_sf50_t64,TPCDS SF50,tpcds,50,64,Q88,1,Baseline,20,0,0,1,1.14,1.15,1.14,1.25,0.0125,0.0473943815,1.08695652,1.15,0.00877192982,0.0964912281,0.95,0,0
tpcds_sf50_t64,TPCDS SF50,tpcds,50,64,Q88,2,Forward-only,20,0,0,1,0.94,0.94,0.94,0.95,0,0.0315789474,1.0106383,0.94,0,0.0106382979,0.9,0,0
tpcds_sf50_t64,TPCDS SF50,tpcds,50,64,Q88,3,THC,20,0,0,1,0.93,0.94,0.94,0.941,0,0.0233044609,1.00106383,0.94,0.0107526882,0.011827957,0.95,0,5
tpcds_sf50_t64,TPCDS SF50,tpcds,50,64,Q88,4,RPT+,20,0,0,1,1.04,1.04,1.04,1.14,0.025,0.0406584697,1.09615385,1.04,0,0.0961538462,1,0,2
tpcds_sf50_t64,TPCDS SF50,tpcds,50,64,Q89,1,Baseline,20,0,0,1,1.24,1.29,1.24,1.34,0.1,0.0387596899,1.03875969,1.29,0.0403225806,0.0806451613,1,0,0
tpcds_sf50_t64,TPCDS SF50,tpcds,50,64,Q89,2,Forward-only,20,0,0,1,1.24,1.24,1.24,1.34,0.1,0.0374093804,1.08064516,1.24,0,0.0806451613,1,0,1
tpcds_sf50_t64,TPCDS SF50,tpcds,50,64,Q89,3,THC,20,0,0,1,1.24,1.24,1.24,1.34,0.0025,0.0315818474,1.08064516,1.24,0,0.0806451613,1,0,1
tpcds_sf50_t64,TPCDS SF50,tpcds,50,64,Q89,4,RPT+,20,0,0,1,1.34,1.34,1.34,1.34,0,0.00162584817,1,1.34,0,0,1,0,0
tpcds_sf50_t64,TPCDS SF50,tpcds,50,64,Q90,1,Baseline,20,0,0,1,0.52,0.52,0.52,0.52,0,0,1,0.52,0,0,1,0,0
tpcds_sf50_t64,TPCDS SF50,tpcds,50,64,Q90,2,Forward-only,20,0,0,1,0.41,0.52,0.51,0.52,0,0.0619031552,1,0.52,0.268292683,0.268292683,0.1,0,3
tpcds_sf50_t64,TPCDS SF50,tpcds,50,64,Q90,3,THC,20,0,0,1,0.42,0.52,0.51,0.52,0,0.0588235294,1,0.52,0.238095238,0.238095238,0.1,0,13
tpcds_sf50_t64,TPCDS SF50,tpcds,50,64,Q90,4,RPT+,20,0,0,1,0.52,0.52,0.52,0.52,0,0,1,0.52,0,0,1,0,0
tpcds_sf50_t64,TPCDS SF50,tpcds,50,64,Q91,1,Baseline,20,0,0,1,0.31,0.31,0.31,0.32,0.01,0.0156018455,1.03225806,0.31,0,0.0322580645,1,0,0
tpcds_sf50_t64,TPCDS SF50,tpcds,50,64,Q91,2,Forward-only,20,0,0,1,0.21,0.31,0.3,0.32,0,0.102381621,1.03225806,0.31,0.476190476,0.523809524,0.1,0,2
tpcds_sf50_t64,TPCDS SF50,tpcds,50,64,Q91,3,THC,20,0,0,1,0.21,0.31,0.3,0.32,0.01,0.104614584,1.03225806,0.31,0.476190476,0.523809524,0.1,0,5
tpcds_sf50_t64,TPCDS SF50,tpcds,50,64,Q91,4,RPT+,20,0,0,1,0.21,0.21,0.21,0.31,0,0.178072478,1.47619048,0.21,0,0.476190476,0.8,0,0
tpcds_sf50_t64,TPCDS SF50,tpcds,50,64,Q92,1,Baseline,20,0,0,1,0.52,0.53,0.52,0.53,0.01,0.00869558955,1,0.53,0.0192307692,0.0192307692,1,0,1
tpcds_sf50_t64,TPCDS SF50,tpcds,50,64,Q92,2,Forward-only,20,0,0,1,0.52,0.52,0.52,0.53,0.01,0.00934919749,1.01923077,0.52,0,0.0192307692,1,0,0
tpcds_sf50_t64,TPCDS SF50,tpcds,50,64,Q92,3,THC,20,0,0,1,0.52,0.52,0.52,0.53,0.0025,0.00828732444,1.01923077,0.52,0,0.0192307692,1,0,1
tpcds_sf50_t64,TPCDS SF50,tpcds,50,64,Q92,4,RPT+,20,0,0,1,0.52,0.52,0.52,0.521,0,0.00575815739,1.00192308,0.52,0,0.00192307692,1,0,0
tpcds_sf50_t64,TPCDS SF50,tpcds,50,64,Q93,1,Baseline,20,0,0,1,1.35,1.35,1.35,1.35,0,0,1,1.35,0,0,1,0,0
tpcds_sf50_t64,TPCDS SF50,tpcds,50,64,Q93,2,Forward-only,20,0,0,1,1.24,1.34,1.33,1.34,0,0.022556391,1,1.34,0.0806451613,0.0806451613,1,0,2
tpcds_sf50_t64,TPCDS SF50,tpcds,50,64,Q93,3,THC,20,0,0,1,1.34,1.34,1.34,1.341,0,0.00223713647,1.00074627,1.34,0,0.000746268657,1,0,0
tpcds_sf50_t64,TPCDS SF50,tpcds,50,64,Q93,4,RPT+,20,0,0,1,1.34,1.34,1.34,1.34,0,0,1,1.34,0,0,1,0,0
tpcds_sf50_t64,TPCDS SF50,tpcds,50,64,Q94,1,Baseline,20,0,0,1,0.72,0.73,0.729,0.73,0,0.00411522634,1,0.73,0.0138888889,0.0138888889,1,0,6
tpcds_sf50_t64,TPCDS SF50,tpcds,50,64,Q94,2,Forward-only,20,0,0,1,0.72,0.73,0.73,0.73,0,0.00298759352,1,0.73,0.0138888889,0.0138888889,1,0,0
tpcds_sf50_t64,TPCDS SF50,tpcds,50,64,Q94,3,THC,20,0,0,1,0.72,0.73,0.729,0.73,0,0.00411522634,1,0.73,0.0138888889,0.0138888889,1,0,3
tpcds_sf50_t64,TPCDS SF50,tpcds,50,64,Q94,4,RPT+,20,0,0,1,0.73,0.73,0.73,0.73,0,0,1,0.73,0,0,1,0,0
tpcds_sf50_t64,TPCDS SF50,tpcds,50,64,Q95,1,Baseline,20,0,0,1,2.08,2.09,2.08,2.1,0,0.0118373239,1.00478469,2.09,0.00480769231,0.00961538462,1,0,0
tpcds_sf50_t64,TPCDS SF50,tpcds,50,64,Q95,2,Forward-only,20,0,0,1,2.08,2.09,2.089,2.1,0,0.00237978339,1.00478469,2.09,0.00480769231,0.00961538462,1,0,4
tpcds_sf50_t64,TPCDS SF50,tpcds,50,64,Q95,3,THC,20,0,0,1,2.92,2.935,2.92,3.03,0.1025,0.0170358392,1.03236797,2.935,0.0051369863,0.0376712329,1,0,1
tpcds_sf50_t64,TPCDS SF50,tpcds,50,64,Q95,4,RPT+,20,0,0,1,0.93,0.94,0.93,1.04,0.035,0.0470194714,1.10638298,0.94,0.0107526882,0.11827957,0.75,0,1
tpcds_sf50_t64,TPCDS SF50,tpcds,50,64,Q96,1,Baseline,20,0,0,1,0.72,0.73,0.73,0.73,0,0.0299755464,1,0.73,0.0138888889,0.0138888889,0.95,0,4
tpcds_sf50_t64,TPCDS SF50,tpcds,50,64,Q96,2,Forward-only,20,0,0,1,0.72,0.73,0.73,0.73,0,0.00298759352,1,0.73,0.0138888889,0.0138888889,1,0,10
tpcds_sf50_t64,TPCDS SF50,tpcds,50,64,Q96,3,THC,20,0,0,1,0.73,0.73,0.73,0.73,0,0,1,0.73,0,0,1,0,0
tpcds_sf50_t64,TPCDS SF50,tpcds,50,64,Q96,4,RPT+,20,0,0,1,0.73,0.73,0.73,0.73,0,0,1,0.73,0,0,1,0,0
tpcds_sf50_t64,TPCDS SF50,tpcds,50,64,Q97,1,Baseline,20,0,0,1,1.44,1.45,1.45,1.45,0,0.0151371873,1,1.45,0.00694444444,0.00694444444,1,0,7
tpcds_sf50_t64,TPCDS SF50,tpcds,50,64,Q97,2,Forward-only,20,0,0,1,1.44,1.45,1.45,1.45,0,0.00150358708,1,1.45,0.00694444444,0.00694444444,1,0,13
tpcds_sf50_t64,TPCDS SF50,tpcds,50,64,Q97,3,THC,20,0,0,1,1.44,1.45,1.45,1.45,0,0.00150358708,1,1.45,0.00694444444,0.00694444444,1,0,8
tpcds_sf50_t64,TPCDS SF50,tpcds,50,64,Q97,4,RPT+,20,0,0,1,1.45,1.45,1.45,1.45,0,0,1,1.45,0,0,1,0,0
tpcds_sf50_t64,TPCDS SF50,tpcds,50,64,Q98,1,Baseline,20,0,0,1,1.13,1.14,1.14,1.14,0,0.0192372554,1,1.14,0.00884955752,0.00884955752,1,0,11
tpcds_sf50_t64,TPCDS SF50,tpcds,50,64,Q98,2,Forward-only,20,0,0,1,1.14,1.14,1.14,1.14,0,0,1,1.14,0,0,1,0,0
tpcds_sf50_t64,TPCDS SF50,tpcds,50,64,Q98,3,THC,20,0,0,1,1.03,1.04,1.03,1.14,0.1025,0.0477202612,1.09615385,1.04,0.00970873786,0.106796117,0.6,0,0
tpcds_sf50_t64,TPCDS SF50,tpcds,50,64,Q98,4,RPT+,20,0,0,1,1.14,1.14,1.14,1.14,0,0,1,1.14,0,0,1,0,0
tpcds_sf50_t64,TPCDS SF50,tpcds,50,64,Q99,1,Baseline,20,0,0,1,0.42,0.42,0.42,0.42,0,0,1,0.42,0,0,1,0,0
tpcds_sf50_t64,TPCDS SF50,tpcds,50,64,Q99,2,Forward-only,20,0,0,1,0.42,0.42,0.42,0.42,0,0,1,0.42,0,0,1,0,0
tpcds_sf50_t64,TPCDS SF50,tpcds,50,64,Q99,3,THC,20,0,0,1,0.42,0.42,0.42,0.42,0,0,1,0.42,0,0,1,0,0
tpcds_sf50_t64,TPCDS SF50,tpcds,50,64,Q99,4,RPT+,20,0,0,1,0.42,0.63,0.42,0.63,0.21,0.179988529,1,0.63,0.5,0.5,0.35,0,7
tpcds_sf100_t64,TPCDS SF100,tpcds,100,64,Q01,1,Baseline,20,0,0,1,0.93,1.03,0.93,1.031,0,0.0401660544,1.00097087,1.03,0.107526882,0.108602151,0.2,0,1
tpcds_sf100_t64,TPCDS SF100,tpcds,100,64,Q01,2,Forward-only,20,0,0,1,0.93,1.03,1.03,1.04,0.01,0.0226710831,1.00970874,1.03,0.107526882,0.11827957,0.05,0,12
tpcds_sf100_t64,TPCDS SF100,tpcds,100,64,Q01,3,THC,20,0,0,1,1.14,1.14,1.14,1.24,0.025,0.0371684723,1.0877193,1.14,0,0.0877192982,1,0,0
tpcds_sf100_t64,TPCDS SF100,tpcds,100,64,Q01,4,RPT+,20,0,0,1,0.93,1.04,0.93,1.04,0,0.0382482845,1,1.04,0.11827957,0.11827957,0.15,0,11
tpcds_sf100_t64,TPCDS SF100,tpcds,100,64,Q02,1,Baseline,20,0,0,1,1.55,1.55,1.55,1.55,0,0,1,1.55,0,0,1,0,0
tpcds_sf100_t64,TPCDS SF100,tpcds,100,64,Q02,2,Forward-only,20,0,0,1,1.55,1.55,1.55,1.55,0,0,1,1.55,0,0,1,0,0
tpcds_sf100_t64,TPCDS SF100,tpcds,100,64,Q02,3,THC,20,0,0,1,1.55,1.55,1.55,1.55,0,0,1,1.55,0,0,1,0,0
tpcds_sf100_t64,TPCDS SF100,tpcds,100,64,Q02,4,RPT+,20,0,0,1,1.55,1.55,1.55,1.55,0,0,1,1.55,0,0,1,0,0
tpcds_sf100_t64,TPCDS SF100,tpcds,100,64,Q03,1,Baseline,20,0,0,1,1.85,1.86,1.859,1.86,0,0.00161377084,1,1.86,0.00540540541,0.00540540541,1,0,8
tpcds_sf100_t64,TPCDS SF100,tpcds,100,64,Q03,2,Forward-only,20,0,0,1,1.85,1.86,1.86,1.86,0,0.0011720621,1,1.86,0.00540540541,0.00540540541,1,0,10
tpcds_sf100_t64,TPCDS SF100,tpcds,100,64,Q03,3,THC,20,0,0,1,1.86,1.86,1.86,1.86,0,0,1,1.86,0,0,1,0,0
tpcds_sf100_t64,TPCDS SF100,tpcds,100,64,Q03,4,RPT+,20,0,0,1,1.85,1.86,1.859,1.86,0,0.00161377084,1,1.86,0.00540540541,0.00540540541,1,0,1
tpcds_sf100_t64,TPCDS SF100,tpcds,100,64,Q04,1,Baseline,20,0,0,1,6.61,7.09,6.62,7.64,0.9275,0.0654456812,1.07757405,7.09,0.0726172466,0.155824508,0.5,0,6
tpcds_sf100_t64,TPCDS SF100,tpcds,100,64,Q04,2,Forward-only,20,0,0,1,11.97,13.355,12.489,14.53,1.87,0.072063118,1.08798203,13.355,0.115705931,0.213868003,0.5,0,0
tpcds_sf100_t64,TPCDS SF100,tpcds,100,64,Q04,3,THC,20,0,0,1,12.94,14.095,13.029,15.05,1.8325,0.0632651699,1.06775452,14.095,0.0892581144,0.163060278,0.5,0,16
tpcds_sf100_t64,TPCDS SF100,tpcds,100,64,Q04,4,RPT+,20,0,0,1,12.69,14.13,13.029,15.242,1.9425,0.0709875544,1.07869781,14.13,0.113475177,0.201103231,0.5,0,6
tpcds_sf100_t64,TPCDS SF100,tpcds,100,64,Q05,1,Baseline,20,0,0,1,4.22,4.22,4.22,4.22,0,0,1,4.22,0,0,1,0,0
tpcds_sf100_t64,TPCDS SF100,tpcds,100,64,Q05,2,Forward-only,20,0,0,1,4.22,4.22,4.22,4.22,0,0.00515846029,1,4.22,0,0,1,0,0
tpcds_sf100_t64,TPCDS SF100,tpcds,100,64,Q05,3,THC,20,0,0,1,4.22,4.33,4.31,4.43,0,0.0120189377,1.02309469,4.33,0.0260663507,0.0497630332,1,0,4
tpcds_sf100_t64,TPCDS SF100,tpcds,100,64,Q05,4,RPT+,20,0,0,1,4.22,4.22,4.22,4.22,0,0.000516396036,1,4.22,0,0,1,0,0
tpcds_sf100_t64,TPCDS SF100,tpcds,100,64,Q06,1,Baseline,20,0,0,1,1.55,1.55,1.55,1.651,0.0325,0.0282946246,1.06516129,1.55,0,0.0651612903,1,0,1
tpcds_sf100_t64,TPCDS SF100,tpcds,100,64,Q06,2,Forward-only,20,0,0,1,1.55,1.55,1.55,1.66,0.01,0.0268335712,1.07096774,1.55,0,0.0709677419,1,0,1
tpcds_sf100_t64,TPCDS SF100,tpcds,100,64,Q06,3,THC,20,0,0,1,2.38,2.49,2.38,2.581,0.0125,0.0244610947,1.03654618,2.49,0.0462184874,0.0844537815,1,0,5
tpcds_sf100_t64,TPCDS SF100,tpcds,100,64,Q06,4,RPT+,20,0,0,1,1.55,1.56,1.55,1.651,0.01,0.025594469,1.05833333,1.56,0.0064516129,0.0651612903,1,0,1
tpcds_sf100_t64,TPCDS SF100,tpcds,100,64,Q07,1,Baseline,20,0,0,1,3.5,3.6,3.6,3.61,0,0.0110062737,1.00277778,3.6,0.0285714286,0.0314285714,1,0,17
tpcds_sf100_t64,TPCDS SF100,tpcds,100,64,Q07,2,Forward-only,20,0,0,1,3.6,3.6,3.6,3.71,0.0325,0.0126976192,1.03055556,3.6,0,0.0305555556,1,0,2
tpcds_sf100_t64,TPCDS SF100,tpcds,100,64,Q07,3,THC,20,0,0,1,3.6,3.6,3.6,3.71,0.01,0.0118500629,1.03055556,3.6,0,0.0305555556,1,0,0
tpcds_sf100_t64,TPCDS SF100,tpcds,100,64,Q07,4,RPT+,20,0,0,1,3.6,3.71,3.609,3.71,0.01,0.0102007577,1,3.71,0.0305555556,0.0305555556,1,0,4
tpcds_sf100_t64,TPCDS SF100,tpcds,100,64,Q08,1,Baseline,20,0,0,1,2.47,2.57,2.57,2.57,0,0.00849687903,1,2.57,0.04048583,0.04048583,1,0,11
tpcds_sf100_t64,TPCDS SF100,tpcds,100,64,Q08,2,Forward-only,20,0,0,1,2.47,2.57,2.47,2.58,0.1,0.0186020306,1.00389105,2.57,0.04048583,0.044534413,1,0,2
tpcds_sf100_t64,TPCDS SF100,tpcds,100,64,Q08,3,THC,20,0,0,1,2.57,2.57,2.57,2.58,0,0.00138857251,1.00389105,2.57,0,0.00389105058,1,0,0
tpcds_sf100_t64,TPCDS SF100,tpcds,100,64,Q08,4,RPT+,20,0,0,1,2.47,2.47,2.47,2.571,0.1,0.0200275443,1.04089069,2.47,0,0.0408906883,1,0,1
tpcds_sf100_t64,TPCDS SF100,tpcds,100,64,Q09,1,Baseline,20,0,0,1,2.6,2.71,2.709,2.72,0.01,0.00968948302,1.00369004,2.71,0.0423076923,0.0461538462,1,0,17
tpcds_sf100_t64,TPCDS SF100,tpcds,100,64,Q09,2,Forward-only,20,0,0,1,2.7,2.71,2.7,2.72,0.01,0.00388339615,1.00369004,2.71,0.0037037037,0.00740740741,1,0,7
tpcds_sf100_t64,TPCDS SF100,tpcds,100,64,Q09,3,THC,20,0,0,1,2.65,2.72,2.71,2.74,0.02,0.00710198072,1.00735294,2.72,0.0264150943,0.0339622642,1,0,4
tpcds_sf100_t64,TPCDS SF100,tpcds,100,64,Q09,4,RPT+,20,0,0,1,2.62,2.72,2.7,2.72,0.01,0.00815689575,1,2.72,0.0381679389,0.0381679389,1,0,16
tpcds_sf100_t64,TPCDS SF100,tpcds,100,64,Q10,1,Baseline,20,0,0,1,1.44,1.55,1.45,1.55,0,0.0268360289,1,1.55,0.0763888889,0.0763888889,1,0,0
tpcds_sf100_t64,TPCDS SF100,tpcds,100,64,Q10,2,Forward-only,20,0,0,1,1.45,1.55,1.45,1.55,0,0.0261437908,1,1.55,0.0689655172,0.0689655172,1,0,2
tpcds_sf100_t64,TPCDS SF100,tpcds,100,64,Q10,3,THC,20,0,0,1,1.45,1.55,1.45,1.55,0,0.0261437908,1,1.55,0.0689655172,0.0689655172,1,0,4
tpcds_sf100_t64,TPCDS SF100,tpcds,100,64,Q10,4,RPT+,20,0,0,1,1.44,1.55,1.45,1.55,0.1,0.0328892008,1,1.55,0.0763888889,0.0763888889,1,0,14
tpcds_sf100_t64,TPCDS SF100,tpcds,100,64,Q11,1,Baseline,20,0,0,1,4.75,5.275,4.76,5.8,1.0225,0.0983253069,1.09952607,5.275,0.110526316,0.221052632,0.5,0,10
tpcds_sf100_t64,TPCDS SF100,tpcds,100,64,Q11,2,Forward-only,20,0,0,1,5.29,6.15,5.7,6.52,0.735,0.0654635109,1.0601626,6.15,0.162570888,0.232514178,0.45,0,8
tpcds_sf100_t64,TPCDS SF100,tpcds,100,64,Q11,3,THC,20,0,0,1,5.92,6.39,6.038,6.75,0.57,0.0469318024,1.05633803,6.39,0.0793918919,0.140202703,0.5,0,8
tpcds_sf100_t64,TPCDS SF100,tpcds,100,64,Q11,4,RPT+,20,0,0,1,8.88,9.855,8.99,10.82,1.5325,0.0814123956,1.09791984,9.855,0.109797297,0.218468468,0.5,0,18
tpcds_sf100_t64,TPCDS SF100,tpcds,100,64,Q12,1,Baseline,20,0,0,1,0.93,0.93,0.93,0.93,0,0,1,0.93,0,0,1,0,0
tpcds_sf100_t64,TPCDS SF100,tpcds,100,64,Q12,2,Forward-only,20,0,0,1,0.93,0.93,0.93,0.94,0,0.00383329492,1.01075269,0.93,0,0.0107526882,1,0,0
tpcds_sf100_t64,TPCDS SF100,tpcds,100,64,Q12,3,THC,20,0,0,1,0.93,0.93,0.93,0.93,0,0.00234223479,1,0.93,0,0,1,0,0
tpcds_sf100_t64,TPCDS SF100,tpcds,100,64,Q12,4,RPT+,20,0,0,1,0.93,0.93,0.93,0.93,0,0,1,0.93,0,0,1,0,0
tpcds_sf100_t64,TPCDS SF100,tpcds,100,64,Q13,1,Baseline,20,0,0,1,4.01,4.12,4.01,4.12,0.0025,0.00949936458,1,4.12,0.0274314214,0.0274314214,1,0,2
tpcds_sf100_t64,TPCDS SF100,tpcds,100,64,Q13,2,Forward-only,20,0,0,1,4.12,4.12,4.12,4.12,0,0,1,4.12,0,0,1,0,0
tpcds_sf100_t64,TPCDS SF100,tpcds,100,64,Q13,3,THC,20,0,0,1,4.12,4.12,4.12,4.12,0,0,1,4.12,0,0,1,0,0
tpcds_sf100_t64,TPCDS SF100,tpcds,100,64,Q13,4,RPT+,20,0,0,1,4.12,4.84,4.74,4.85,0.1,0.0331821589,1.00206612,4.84,0.174757282,0.177184466,0.05,0,13
tpcds_sf100_t64,TPCDS SF100,tpcds,100,64,Q14,1,Baseline,20,0,0,1,10.9,11.03,10.909,11.131,0.0675,0.00636278528,1.00915684,11.03,0.0119266055,0.0211926606,1,0,0
tpcds_sf100_t64,TPCDS SF100,tpcds,100,64,Q14,2,Forward-only,20,0,0,1,14.23,14.435,14.325,14.656,0.16,0.00928282523,1.01531001,14.435,0.0144061841,0.0299367533,1,0,14
tpcds_sf100_t64,TPCDS SF100,tpcds,100,64,Q14,3,THC,20,0,0,1,14.28,14.51,14.408,14.626,0.1325,0.00708288198,1.00799449,14.51,0.0161064426,0.0242296919,1,0,15
tpcds_sf100_t64,TPCDS SF100,tpcds,100,64,Q14,4,RPT+,20,0,0,1,15.36,15.98,15.741,16.282,0.3,0.0155201874,1.01889862,15.98,0.0403645833,0.0600260417,1,0,11
tpcds_sf100_t64,TPCDS SF100,tpcds,100,64,Q15,1,Baseline,20,0,0,1,0.41,0.42,0.42,0.42,0,0.00519535035,1,0.42,0.0243902439,0.0243902439,1,0,1
tpcds_sf100_t64,TPCDS SF100,tpcds,100,64,Q15,2,Forward-only,20,0,0,1,0.41,0.42,0.42,0.42,0,0.00519535035,1,0.42,0.0243902439,0.0243902439,1,0,16
tpcds_sf100_t64,TPCDS SF100,tpcds,100,64,Q15,3,THC,20,0,0,1,0.41,0.42,0.42,0.42,0,0.00519535035,1,0.42,0.0243902439,0.0243902439,1,0,11
tpcds_sf100_t64,TPCDS SF100,tpcds,100,64,Q15,4,RPT+,20,0,0,1,0.42,0.42,0.42,0.42,0,0,1,0.42,0,0,1,0,0
tpcds_sf100_t64,TPCDS SF100,tpcds,100,64,Q16,1,Baseline,20,0,0,1,0.52,0.52,0.52,0.52,0,0,1,0.52,0,0,1,0,0
tpcds_sf100_t64,TPCDS SF100,tpcds,100,64,Q16,2,Forward-only,20,0,0,1,0.52,0.52,0.52,0.52,0,0.0415133233,1,0.52,0,0,0.95,0,0
tpcds_sf100_t64,TPCDS SF100,tpcds,100,64,Q16,3,THC,20,0,0,1,0.52,0.52,0.52,0.52,0,0.0415133233,1,0.52,0,0,0.95,0,0
tpcds_sf100_t64,TPCDS SF100,tpcds,100,64,Q16,4,RPT+,20,0,0,1,0.52,0.52,0.52,0.53,0,0.0566037736,1.01923077,0.52,0,0.0192307692,0.9,0,0
tpcds_sf100_t64,TPCDS SF100,tpcds,100,64,Q17,1,Baseline,20,0,0,1,2.58,3.925,2.68,4.97,2.1825,0.281260132,1.26624204,3.925,0.521317829,0.926356589,0.4,0,11
tpcds_sf100_t64,TPCDS SF100,tpcds,100,64,Q17,2,Forward-only,20,0,0,1,2.58,2.68,2.67,2.8,0.1,0.0302840864,1.04477612,2.68,0.0387596899,0.0852713178,0.9,0,1
tpcds_sf100_t64,TPCDS SF100,tpcds,100,64,Q17,3,THC,20,0,0,1,2.58,2.68,2.67,2.791,0.1,0.030147182,1.04141791,2.68,0.0387596899,0.0817829457,0.9,0,1
tpcds_sf100_t64,TPCDS SF100,tpcds,100,64,Q17,4,RPT+,20,0,0,1,2.68,2.79,2.68,2.9,0.01,0.0307748566,1.03942652,2.79,0.0410447761,0.0820895522,0.9,0,1
tpcds_sf100_t64,TPCDS SF100,tpcds,100,64,Q18,1,Baseline,20,0,0,1,1.03,1.08,1.03,1.302,0.21,0.205692662,1.20555556,1.08,0.0485436893,0.26407767,0.55,0,3
tpcds_sf100_t64,TPCDS SF100,tpcds,100,64,Q18,2,Forward-only,20,0,0,1,1.03,1.035,1.03,1.14,0.035,0.0437434835,1.10144928,1.035,0.00485436893,0.106796117,0.75,0,1
tpcds_sf100_t64,TPCDS SF100,tpcds,100,64,Q18,3,THC,20,0,0,1,1.03,1.04,1.03,1.14,0.01,0.0388603874,1.09615385,1.04,0.00970873786,0.106796117,0.85,0,1
tpcds_sf100_t64,TPCDS SF100,tpcds,100,64,Q18,4,RPT+,20,0,0,1,1.03,1.04,1.03,1.14,0.11,0.0459279051,1.09615385,1.04,0.00970873786,0.106796117,0.7,0,1
tpcds_sf100_t64,TPCDS SF100,tpcds,100,64,Q19,1,Baseline,20,0,0,1,2.48,2.58,2.57,2.58,0.01,0.00833305534,1,2.58,0.0403225806,0.0403225806,1,0,18
tpcds_sf100_t64,TPCDS SF100,tpcds,100,64,Q19,2,Forward-only,20,0,0,1,2.57,2.58,2.58,2.58,0,0.0008449116,1,2.58,0.00389105058,0.00389105058,1,0,18
tpcds_sf100_t64,TPCDS SF100,tpcds,100,64,Q19,3,THC,20,0,0,1,2.47,2.58,2.58,2.58,0,0.00931207776,1,2.58,0.044534413,0.044534413,1,0,17
tpcds_sf100_t64,TPCDS SF100,tpcds,100,64,Q19,4,RPT+,20,0,0,1,2.58,2.58,2.58,2.58,0,0,1,2.58,0,0,1,0,0
tpcds_sf100_t64,TPCDS SF100,tpcds,100,64,Q20,1,Baseline,20,0,0,1,0.31,0.31,0.31,0.32,0,0.011462967,1.03225806,0.31,0,0.0322580645,1,0,0
tpcds_sf100_t64,TPCDS SF100,tpcds,100,64,Q20,2,Forward-only,20,0,0,1,0.31,0.31,0.31,0.33,0,0.101870928,1.06451613,0.31,0,0.064516129,0.9,0,0
tpcds_sf100_t64,TPCDS SF100,tpcds,100,64,Q20,3,THC,20,0,0,1,0.31,0.31,0.31,0.32,0.0025,0.0751133229,1.03225806,0.31,0,0.0322580645,0.95,0,1
tpcds_sf100_t64,TPCDS SF100,tpcds,100,64,Q20,4,RPT+,20,0,0,1,0.42,0.42,0.42,0.42,0,0,1,0.42,0,0,1,0,0
tpcds_sf100_t64,TPCDS SF100,tpcds,100,64,Q21,1,Baseline,20,0,0,1,0.31,0.32,0.31,0.32,0.01,0.0150701296,1,0.32,0.0322580645,0.0322580645,1,0,0
tpcds_sf100_t64,TPCDS SF100,tpcds,100,64,Q21,2,Forward-only,20,0,0,1,0.31,0.32,0.31,0.32,0.01,0.0150701296,1,0.32,0.0322580645,0.0322580645,1,0,2
tpcds_sf100_t64,TPCDS SF100,tpcds,100,64,Q21,3,THC,20,0,0,1,0.31,0.32,0.31,0.32,0,0.0125786164,1,0.32,0.0322580645,0.0322580645,1,0,0
tpcds_sf100_t64,TPCDS SF100,tpcds,100,64,Q21,4,RPT+,20,0,0,1,0.42,0.42,0.42,0.42,0,0,1,0.42,0,0,1,0,0
tpcds_sf100_t64,TPCDS SF100,tpcds,100,64,Q22,1,Baseline,20,0,0,1,7.05,7.24,7.119,7.36,0.125,0.0132438236,1.01657459,7.24,0.0269503546,0.0439716312,1,0,9
tpcds_sf100_t64,TPCDS SF100,tpcds,100,64,Q22,2,Forward-only,20,0,0,1,7.14,7.23,7.15,7.332,0.12,0.0101171943,1.01410788,7.23,0.012605042,0.0268907563,1,0,18
tpcds_sf100_t64,TPCDS SF100,tpcds,100,64,Q22,3,THC,20,0,0,1,7.13,7.255,7.159,7.351,0.0375,0.00881986957,1.01323225,7.255,0.0175315568,0.0309957924,1,0,13
tpcds_sf100_t64,TPCDS SF100,tpcds,100,64,Q22,4,RPT+,20,0,0,1,7.15,7.26,7.159,7.35,0.17,0.0115110147,1.01239669,7.26,0.0153846154,0.027972028,1,0,0
tpcds_sf100_t64,TPCDS SF100,tpcds,100,64,Q23,1,Baseline,20,0,0,1,6.41,6.515,6.42,6.91,0.27,0.029993798,1.06062932,6.515,0.0163806552,0.0780031201,0.95,0,8
tpcds_sf100_t64,TPCDS SF100,tpcds,100,64,Q23,2,Forward-only,20,0,0,1,6.41,6.67,6.503,6.88,0.28,0.0340572748,1.03148426,6.67,0.0405616225,0.0733229329,0.9,0,5
tpcds_sf100_t64,TPCDS SF100,tpcds,100,64,Q23,3,THC,20,0,0,1,7.32,7.7,7.425,8.26,0.275,0.0395000024,1.07272727,7.7,0.0519125683,0.128415301,0.85,0,5
tpcds_sf100_t64,TPCDS SF100,tpcds,100,64,Q23,4,RPT+,20,0,0,1,6.73,6.94,6.748,7.75,0.8225,0.057483299,1.1167147,6.94,0.0312035661,0.151560178,0.7,0,2
tpcds_sf100_t64,TPCDS SF100,tpcds,100,64,Q24,1,Baseline,20,0,0,1,3.2,3.36,3.2,33.961,0.505,1.56058068,10.1074405,3.36,0.05,9.6128125,0.7,0.15,0
tpcds_sf100_t64,TPCDS SF100,tpcds,100,64,Q24,2,Forward-only,20,0,0,1,3.09,3.3,3.18,41.176,0.11,1.93678369,12.4775758,3.3,0.067961165,12.3255663,0.8,0.15,0
tpcds_sf100_t64,TPCDS SF100,tpcds,100,64,Q24,3,THC,20,0,0,1,2.99,3.2,3.09,60.442,0.01,2.08062754,18.888125,3.2,0.0702341137,19.2147157,0.8,0.2,0
tpcds_sf100_t64,TPCDS SF100,tpcds,100,64,Q24,4,RPT+,20,0,0,1,3.2,3.565,3.39,40.428,0.1425,1.92282298,11.3402525,3.565,0.1140625,11.63375,0.5,0.2,0
tpcds_sf100_t64,TPCDS SF100,tpcds,100,64,Q25,1,Baseline,20,0,0,1,3.19,3.355,3.19,5.49,2.1325,0.253522811,1.63636364,3.355,0.0517241379,0.721003135,0.7,0,1
tpcds_sf100_t64,TPCDS SF100,tpcds,100,64,Q25,2,Forward-only,20,0,0,1,3.19,3.19,3.19,3.3,0.11,0.0163115334,1.03448276,3.19,0,0.0344827586,1,0,1
tpcds_sf100_t64,TPCDS SF100,tpcds,100,64,Q25,3,THC,20,0,0,1,3.19,3.19,3.19,3.3,0.11,0.0153653074,1.03448276,3.19,0,0.0344827586,1,0,1
tpcds_sf100_t64,TPCDS SF100,tpcds,100,64,Q25,4,RPT+,20,0,0,1,3.19,3.19,3.19,3.3,0.1,0.0154460358,1.03448276,3.19,0,0.0344827586,1,0,1
tpcds_sf100_t64,TPCDS SF100,tpcds,100,64,Q26,1,Baseline,20,0,0,1,0.72,0.73,0.73,0.83,0.1,0.0642552479,1.1369863,0.73,0.0138888889,0.152777778,0.6,0,5
tpcds_sf100_t64,TPCDS SF100,tpcds,100,64,Q26,2,Forward-only,20,0,0,1,0.72,0.73,0.73,0.83,0.1,0.0642552479,1.1369863,0.73,0.0138888889,0.152777778,0.6,0,2
tpcds_sf100_t64,TPCDS SF100,tpcds,100,64,Q26,3,THC,20,0,0,1,0.72,0.73,0.729,0.83,0.1,0.0655485834,1.1369863,0.73,0.0138888889,0.152777778,0.55,0,15
tpcds_sf100_t64,TPCDS SF100,tpcds,100,64,Q26,4,RPT+,20,0,0,1,0.83,0.83,0.83,0.83,0,0,1,0.83,0,0,1,0,0
tpcds_sf100_t64,TPCDS SF100,tpcds,100,64,Q27,1,Baseline,20,0,0,1,3.82,4.02,3.82,4.03,0.11,0.0209433207,1.00248756,4.02,0.0523560209,0.054973822,1,0,7
tpcds_sf100_t64,TPCDS SF100,tpcds,100,64,Q27,2,Forward-only,20,0,0,1,3.71,3.815,3.71,3.82,0.035,0.0122343252,1.00131062,3.815,0.0283018868,0.0296495957,1,0,7
tpcds_sf100_t64,TPCDS SF100,tpcds,100,64,Q27,3,THC,20,0,0,1,3.71,3.81,3.71,3.82,0.11,0.0140495796,1.00262467,3.81,0.0269541779,0.0296495957,1,0,1
tpcds_sf100_t64,TPCDS SF100,tpcds,100,64,Q27,4,RPT+,20,0,0,1,3.71,3.71,3.71,3.82,0.11,0.0145805559,1.0296496,3.71,0,0.0296495957,1,0,1
tpcds_sf100_t64,TPCDS SF100,tpcds,100,64,Q28,1,Baseline,20,0,0,1,3.56,3.675,3.642,3.78,0.11,0.018101359,1.02857143,3.675,0.0323033708,0.0617977528,1,0,4
tpcds_sf100_t64,TPCDS SF100,tpcds,100,64,Q28,2,Forward-only,20,0,0,1,3.57,3.68,3.588,3.781,0.0225,0.0169341053,1.02744565,3.68,0.0308123249,0.0591036415,1,0,0
tpcds_sf100_t64,TPCDS SF100,tpcds,100,64,Q28,3,THC,20,0,0,1,3.57,3.675,3.588,3.716,0.025,0.0145951568,1.01115646,3.675,0.0294117647,0.0408963585,1,0,9
tpcds_sf100_t64,TPCDS SF100,tpcds,100,64,Q28,4,RPT+,20,0,0,1,3.56,3.68,3.57,3.7,0.02,0.0147117075,1.00543478,3.68,0.0337078652,0.0393258427,1,0,7
tpcds_sf100_t64,TPCDS SF100,tpcds,100,64,Q29,1,Baseline,20,0,0,1,3.19,3.3,3.19,4.97,1.5625,0.198600234,1.50606061,3.3,0.0344827586,0.55799373,0.65,0,4
tpcds_sf100_t64,TPCDS SF100,tpcds,100,64,Q29,2,Forward-only,20,0,0,1,3.09,3.19,3.09,3.82,0.4125,0.0819414969,1.19749216,3.19,0.0323624595,0.236245955,0.7,0,1
tpcds_sf100_t64,TPCDS SF100,tpcds,100,64,Q29,3,THC,20,0,0,1,3.09,3.19,3.09,3.82,0.345,0.0813014242,1.19749216,3.19,0.0323624595,0.236245955,0.7,0,1
tpcds_sf100_t64,TPCDS SF100,tpcds,100,64,Q29,4,RPT+,20,0,0,1,3.09,3.3,3.19,3.52,0.3125,0.0476559378,1.06666667,3.3,0.067961165,0.139158576,0.6,0,3
tpcds_sf100_t64,TPCDS SF100,tpcds,100,64,Q30,1,Baseline,20,0,0,1,0.52,0.52,0.52,0.52,0,0,1,0.52,0,0,1,0,0
tpcds_sf100_t64,TPCDS SF100,tpcds,100,64,Q30,2,Forward-only,20,0,0,1,0.52,0.52,0.52,0.52,0,0,1,0.52,0,0,1,0,0
tpcds_sf100_t64,TPCDS SF100,tpcds,100,64,Q30,3,THC,20,0,0,1,0.52,0.52,0.52,0.52,0,0,1,0.52,0,0,1,0,0
tpcds_sf100_t64,TPCDS SF100,tpcds,100,64,Q30,4,RPT+,20,0,0,1,0.52,0.52,0.52,0.52,0,0,1,0.52,0,0,1,0,0
tpcds_sf100_t64,TPCDS SF100,tpcds,100,64,Q31,1,Baseline,20,0,0,1,2.78,2.78,2.78,2.79,0,0.0113025112,1.00359712,2.78,0,0.0035971223,1,0,0
tpcds_sf100_t64,TPCDS SF100,tpcds,100,64,Q31,2,Forward-only,20,0,0,1,2.78,2.78,2.78,2.8,0,0.0117876291,1.00719424,2.78,0,0.0071942446,1,0,1
tpcds_sf100_t64,TPCDS SF100,tpcds,100,64,Q31,3,THC,20,0,0,1,2.78,2.78,2.78,2.799,0,0.0106829463,1.00683453,2.78,0,0.00683453237,1,0,0
tpcds_sf100_t64,TPCDS SF100,tpcds,100,64,Q31,4,RPT+,20,0,0,1,3.09,3.1,3.09,3.1,0,0.00129115558,1,3.1,0.00323624595,0.00323624595,1,0,2
tpcds_sf100_t64,TPCDS SF100,tpcds,100,64,Q32,1,Baseline,20,0,0,1,0.31,0.31,0.31,0.31,0,0.00701916094,1,0.31,0,0,1,0,0
tpcds_sf100_t64,TPCDS SF100,tpcds,100,64,Q32,2,Forward-only,20,0,0,1,0.31,0.31,0.31,0.311,0,0.00964630225,1.00322581,0.31,0,0.00322580645,1,0,0
tpcds_sf100_t64,TPCDS SF100,tpcds,100,64,Q32,3,THC,20,0,0,1,0.31,0.31,0.31,0.311,0,0.00964630225,1.00322581,0.31,0,0.00322580645,1,0,0
tpcds_sf100_t64,TPCDS SF100,tpcds,100,64,Q32,4,RPT+,20,0,0,1,0.31,0.31,0.31,0.32,0,0.0128205128,1.03225806,0.31,0,0.0322580645,1,0,0
tpcds_sf100_t64,TPCDS SF100,tpcds,100,64,Q33,1,Baseline,20,0,0,1,3.19,3.29,3.19,3.3,0.11,0.0152775567,1.00303951,3.29,0.0313479624,0.0344827586,1,0,5
tpcds_sf100_t64,TPCDS SF100,tpcds,100,64,Q33,2,Forward-only,20,0,0,1,3.19,3.3,3.19,3.3,0.035,0.0143361346,1,3.3,0.0344827586,0.0344827586,1,0,7
tpcds_sf100_t64,TPCDS SF100,tpcds,100,64,Q33,3,THC,20,0,0,1,3.19,3.3,3.19,3.3,0.11,0.0158916035,1,3.3,0.0344827586,0.0344827586,1,0,3
tpcds_sf100_t64,TPCDS SF100,tpcds,100,64,Q33,4,RPT+,20,0,0,1,3.3,3.3,3.3,3.3,0,0.00659440082,1,3.3,0,0,1,0,0
tpcds_sf100_t64,TPCDS SF100,tpcds,100,64,Q34,1,Baseline,20,0,0,1,1.75,1.86,1.75,1.86,0.035,0.0257417689,1,1.86,0.0628571429,0.0628571429,1,0,3
tpcds_sf100_t64,TPCDS SF100,tpcds,100,64,Q34,2,Forward-only,20,0,0,1,1.75,1.755,1.75,1.86,0.11,0.0284104145,1.05982906,1.755,0.00285714286,0.0628571429,1,0,1
tpcds_sf100_t64,TPCDS SF100,tpcds,100,64,Q34,3,THC,20,0,0,1,1.75,1.755,1.75,1.86,0.01,0.0240676162,1.05982906,1.755,0.00285714286,0.0628571429,1,0,0
tpcds_sf100_t64,TPCDS SF100,tpcds,100,64,Q34,4,RPT+,20,0,0,1,1.85,1.86,1.859,1.86,0,0.00161377084,1,1.86,0.00540540541,0.00540540541,1,0,10
tpcds_sf100_t64,TPCDS SF100,tpcds,100,64,Q35,1,Baseline,20,0,0,1,1.85,1.86,1.86,1.86,0,0.0011720621,1,1.86,0.00540540541,0.00540540541,1,0,15
tpcds_sf100_t64,TPCDS SF100,tpcds,100,64,Q35,2,Forward-only,20,0,0,1,1.86,1.86,1.86,1.86,0,0,1,1.86,0,0,1,0,0
tpcds_sf100_t64,TPCDS SF100,tpcds,100,64,Q35,3,THC,20,0,0,1,2.07,2.185,2.16,2.29,0.1,0.0350470863,1.04805492,2.185,0.0555555556,0.106280193,0.55,0,2
tpcds_sf100_t64,TPCDS SF100,tpcds,100,64,Q35,4,RPT+,20,0,0,1,1.85,1.86,1.86,1.86,0,0.0011720621,1,1.86,0.00540540541,0.00540540541,1,0,6
tpcds_sf100_t64,TPCDS SF100,tpcds,100,64,Q36,1,Baseline,20,0,0,1,2.88,2.88,2.88,3.4,0.135,0.074217986,1.18055556,2.88,0,0.180555556,0.75,0,0
tpcds_sf100_t64,TPCDS SF100,tpcds,100,64,Q36,2,Forward-only,20,0,0,1,2.88,2.89,2.88,3.4,0.1375,0.074170206,1.17647059,2.89,0.00347222222,0.180555556,0.75,0,1
tpcds_sf100_t64,TPCDS SF100,tpcds,100,64,Q36,3,THC,20,0,0,1,2.88,2.89,2.88,3.4,0.1375,0.0738460647,1.17647059,2.89,0.00347222222,0.180555556,0.75,0,0
tpcds_sf100_t64,TPCDS SF100,tpcds,100,64,Q36,4,RPT+,20,0,0,1,2.99,2.99,2.99,3.5,0.1275,0.0708376834,1.17056856,2.99,0,0.170568562,0.75,0,0
tpcds_sf100_t64,TPCDS SF100,tpcds,100,64,Q37,1,Baseline,20,0,0,1,0.83,5.105,0.83,170.839,162.745,1.30546485,33.4650343,5.105,5.15060241,204.83012,0.2,0.6,3
tpcds_sf100_t64,TPCDS SF100,tpcds,100,64,Q37,2,Forward-only,20,0,0,1,0.83,0.83,0.83,0.83,0,0.0261011913,1,0.83,0,0,0.95,0,0
tpcds_sf100_t64,TPCDS SF100,tpcds,100,64,Q37,3,THC,20,0,0,1,0.83,0.83,0.83,0.83,0,0.0261011913,1,0.83,0,0,0.95,0,0
tpcds_sf100_t64,TPCDS SF100,tpcds,100,64,Q37,4,RPT+,20,0,0,1,0.83,0.83,0.83,0.93,0.1,0.0532857639,1.12048193,0.83,0,0.120481928,0.7,0,0
tpcds_sf100_t64,TPCDS SF100,tpcds,100,64,Q38,1,Baseline,20,0,0,1,1.75,1.76,1.75,1.86,0.11,0.028706111,1.05681818,1.76,0.00571428571,0.0628571429,1,0,0
tpcds_sf100_t64,TPCDS SF100,tpcds,100,64,Q38,2,Forward-only,20,0,0,1,1.75,1.86,1.759,1.86,0.1,0.0280768061,1,1.86,0.0628571429,0.0628571429,1,0,17
tpcds_sf100_t64,TPCDS SF100,tpcds,100,64,Q38,3,THC,20,0,0,1,2.07,2.18,2.07,2.281,0.11,0.0322400341,1.04633028,2.18,0.0531400966,0.101932367,0.85,0,5
tpcds_sf100_t64,TPCDS SF100,tpcds,100,64,Q38,4,RPT+,20,0,0,1,2.28,2.38,2.28,2.38,0.1,0.0196568198,1,2.38,0.0438596491,0.0438596491,1,0,2
tpcds_sf100_t64,TPCDS SF100,tpcds,100,64,Q39,1,Baseline,20,0,0,1,0.52,0.62,0.52,0.73,0.1325,0.130311846,1.17741935,0.62,0.192307692,0.403846154,0.35,0,3
tpcds_sf100_t64,TPCDS SF100,tpcds,100,64,Q39,2,Forward-only,20,0,0,1,0.52,0.52,0.52,0.73,0.1275,0.156982375,1.40384615,0.52,0,0.403846154,0.7,0,0
tpcds_sf100_t64,TPCDS SF100,tpcds,100,64,Q39,3,THC,20,0,0,1,0.52,0.52,0.52,0.73,0.125,0.153450952,1.40384615,0.52,0,0.403846154,0.65,0,0
tpcds_sf100_t64,TPCDS SF100,tpcds,100,64,Q39,4,RPT+,20,0,0,1,0.52,0.62,0.61,0.73,0.025,0.0945962003,1.17741935,0.62,0.192307692,0.403846154,0.1,0,1
tpcds_sf100_t64,TPCDS SF100,tpcds,100,64,Q40,1,Baseline,20,0,0,1,0.52,0.52,0.52,0.52,0,0,1,0.52,0,0,1,0,0
tpcds_sf100_t64,TPCDS SF100,tpcds,100,64,Q40,2,Forward-only,20,0,0,1,0.52,0.52,0.52,0.52,0,0,1,0.52,0,0,1,0,0
tpcds_sf100_t64,TPCDS SF100,tpcds,100,64,Q40,3,THC,20,0,0,1,0.52,0.52,0.52,0.52,0,0,1,0.52,0,0,1,0,0
tpcds_sf100_t64,TPCDS SF100,tpcds,100,64,Q40,4,RPT+,20,0,0,1,0.31,0.32,0.31,0.32,0.01,0.0144560747,1,0.32,0.0322580645,0.0322580645,1,0,0
tpcds_sf100_t64,TPCDS SF100,tpcds,100,64,Q41,1,Baseline,20,0,0,1,0.21,0.21,0.21,0.21,0,0,1,0.21,0,0,1,0,0
tpcds_sf100_t64,TPCDS SF100,tpcds,100,64,Q41,2,Forward-only,20,0,0,1,0.21,0.21,0.21,0.21,0,0,1,0.21,0,0,1,0,0
tpcds_sf100_t64,TPCDS SF100,tpcds,100,64,Q41,3,THC,20,0,0,1,0.21,0.21,0.21,0.21,0,0,1,0.21,0,0,1,0,0
tpcds_sf100_t64,TPCDS SF100,tpcds,100,64,Q41,4,RPT+,20,0,0,1,0.21,0.21,0.21,0.21,0,0.101369743,1,0.21,0,0,0.95,0,0
tpcds_sf100_t64,TPCDS SF100,tpcds,100,64,Q42,1,Baseline,20,0,0,1,1.86,1.86,1.86,1.86,0,0.0116860561,1,1.86,0,0,1,0,0
tpcds_sf100_t64,TPCDS SF100,tpcds,100,64,Q42,2,Forward-only,20,0,0,1,1.86,1.86,1.86,1.86,0,0,1,1.86,0,0,1,0,0
tpcds_sf100_t64,TPCDS SF100,tpcds,100,64,Q42,3,THC,20,0,0,1,1.86,1.86,1.86,1.86,0,0,1,1.86,0,0,1,0,0
tpcds_sf100_t64,TPCDS SF100,tpcds,100,64,Q42,4,RPT+,20,0,0,1,1.86,1.86,1.86,1.86,0,0,1,1.86,0,0,1,0,0
tpcds_sf100_t64,TPCDS SF100,tpcds,100,64,Q43,1,Baseline,20,0,0,1,1.95,1.96,1.96,1.96,0,0.00111224775,1,1.96,0.00512820513,0.00512820513,1,0,2
tpcds_sf100_t64,TPCDS SF100,tpcds,100,64,Q43,2,Forward-only,20,0,0,1,1.96,1.96,1.96,1.96,0,0,1,1.96,0,0,1,0,0
tpcds_sf100_t64,TPCDS SF100,tpcds,100,64,Q43,3,THC,20,0,0,1,1.96,1.96,1.96,1.96,0,0,1,1.96,0,0,1,0,0
tpcds_sf100_t64,TPCDS SF100,tpcds,100,64,Q43,4,RPT+,20,0,0,1,2.16,2.17,2.16,2.27,0,0.0167194178,1.04608295,2.17,0.00462962963,0.0509259259,1,0,0
tpcds_sf100_t64,TPCDS SF100,tpcds,100,64,Q44,1,Baseline,20,0,0,1,234.53,241.25,237.902,245.132,3.06,0.0130928125,1.01609119,241.25,0.0286530508,0.0452053042,1,0,2
tpcds_sf100_t64,TPCDS SF100,tpcds,100,64,Q44,2,Forward-only,20,0,0,1,237.19,242.045,237.85,247.294,4.25,0.0165612195,1.02168605,242.045,0.0204688225,0.0425987605,1,0,15
tpcds_sf100_t64,TPCDS SF100,tpcds,100,64,Q44,3,THC,20,0,0,1,237.66,241.63,238.641,245.814,3.5625,0.0116162717,1.01731573,241.63,0.0167045359,0.0343095178,1,0,10
tpcds_sf100_t64,TPCDS SF100,tpcds,100,64,Q44,4,RPT+,20,0,0,1,226.35,229.57,228.193,231.958,2.0925,0.00932900906,1.01040206,229.57,0.0142257566,0.0247757897,1,0,3
tpcds_sf100_t64,TPCDS SF100,tpcds,100,64,Q45,1,Baseline,20,0,0,1,0.93,1.03,0.93,1.04,0.1025,0.0475126157,1.00970874,1.03,0.107526882,0.11827957,0.3,0,0
tpcds_sf100_t64,TPCDS SF100,tpcds,100,64,Q45,2,Forward-only,20,0,0,1,0.93,1.03,0.93,1.04,0.1,0.0519136253,1.00970874,1.03,0.107526882,0.11827957,0.45,0,0
tpcds_sf100_t64,TPCDS SF100,tpcds,100,64,Q45,3,THC,20,0,0,1,0.93,1.03,0.93,1.04,0.1,0.0507578764,1.00970874,1.03,0.107526882,0.11827957,0.4,0,0
tpcds_sf100_t64,TPCDS SF100,tpcds,100,64,Q45,4,RPT+,20,0,0,1,0.93,1.03,0.93,1.031,0.1,0.0465259981,1.00097087,1.03,0.107526882,0.108602151,0.3,0,0
tpcds_sf100_t64,TPCDS SF100,tpcds,100,64,Q46,1,Baseline,20,0,0,1,2.99,3.09,3.09,3.09,0,0.00706466603,1,3.09,0.0334448161,0.0334448161,1,0,6
tpcds_sf100_t64,TPCDS SF100,tpcds,100,64,Q46,2,Forward-only,20,0,0,1,2.98,3.09,2.99,3.09,0.025,0.0144273307,1,3.09,0.0369127517,0.0369127517,1,0,17
tpcds_sf100_t64,TPCDS SF100,tpcds,100,64,Q46,3,THC,20,0,0,1,2.99,3.09,2.99,3.09,0.1,0.0156127529,1,3.09,0.0334448161,0.0334448161,1,0,2
tpcds_sf100_t64,TPCDS SF100,tpcds,100,64,Q46,4,RPT+,20,0,0,1,2.99,2.99,2.99,3.09,0.1,0.0157675901,1.03344482,2.99,0,0.0334448161,1,0,2
tpcds_sf100_t64,TPCDS SF100,tpcds,100,64,Q47,1,Baseline,20,0,0,1,3.51,3.61,3.61,3.62,0,0.00626706657,1.00277008,3.61,0.0284900285,0.0313390313,1,0,19
tpcds_sf100_t64,TPCDS SF100,tpcds,100,64,Q47,2,Forward-only,20,0,0,1,3.51,3.61,3.61,3.62,0.0025,0.00631353678,1.00277008,3.61,0.0284900285,0.0313390313,1,0,2
tpcds_sf100_t64,TPCDS SF100,tpcds,100,64,Q47,3,THC,20,0,0,1,3.51,3.61,3.61,3.62,0.01,0.00646623633,1.00277008,3.61,0.0284900285,0.0313390313,1,0,17
tpcds_sf100_t64,TPCDS SF100,tpcds,100,64,Q47,4,RPT+,20,0,0,1,3.61,3.61,3.61,3.62,0.01,0.00135555603,1.00277008,3.61,0,0.0027700831,1,0,0
tpcds_sf100_t64,TPCDS SF100,tpcds,100,64,Q48,1,Baseline,20,0,0,1,2.99,2.99,2.99,3.5,0.1,0.0565594624,1.17056856,2.99,0,0.170568562,0.85,0,0
tpcds_sf100_t64,TPCDS SF100,tpcds,100,64,Q48,2,Forward-only,20,0,0,1,2.99,3.04,2.99,3.501,0.1,0.056648495,1.15164474,3.04,0.016722408,0.17090301,0.85,0,0
tpcds_sf100_t64,TPCDS SF100,tpcds,100,64,Q48,3,THC,20,0,0,1,2.99,3.09,2.99,3.501,0.1,0.0544258151,1.13300971,3.09,0.0334448161,0.17090301,0.85,0,0
tpcds_sf100_t64,TPCDS SF100,tpcds,100,64,Q48,4,RPT+,20,0,0,1,3.61,3.61,3.61,3.931,0.0325,0.0343036859,1.08891967,3.61,0,0.0889196676,0.95,0,0
tpcds_sf100_t64,TPCDS SF100,tpcds,100,64,Q49,1,Baseline,20,0,0,1,3.6,3.71,3.6,3.71,0.1025,0.013436627,1,3.71,0.0305555556,0.0305555556,1,0,4
tpcds_sf100_t64,TPCDS SF100,tpcds,100,64,Q49,2,Forward-only,20,0,0,1,3.7,3.71,3.7,3.81,0.025,0.0118663277,1.02695418,3.71,0.0027027027,0.0297297297,1,0,3
tpcds_sf100_t64,TPCDS SF100,tpcds,100,64,Q49,3,THC,20,0,0,1,3.7,3.71,3.7,3.71,0,0.000962845952,1,3.71,0.0027027027,0.0027027027,1,0,0
tpcds_sf100_t64,TPCDS SF100,tpcds,100,64,Q49,4,RPT+,20,0,0,1,3.71,3.81,3.71,3.81,0,0.00940899661,1,3.81,0.0269541779,0.0269541779,1,0,0
tpcds_sf100_t64,TPCDS SF100,tpcds,100,64,Q50,1,Baseline,20,0,0,1,2.48,2.48,2.48,2.6,0.11,0.0278907925,1.0483871,2.48,0,0.0483870968,1,0,2
tpcds_sf100_t64,TPCDS SF100,tpcds,100,64,Q50,2,Forward-only,20,0,0,1,2.37,2.37,2.37,2.37,0,0,1,2.37,0,0,1,0,0
tpcds_sf100_t64,TPCDS SF100,tpcds,100,64,Q50,3,THC,20,0,0,1,2.37,2.37,2.37,2.37,0,0,1,2.37,0,0,1,0,0
tpcds_sf100_t64,TPCDS SF100,tpcds,100,64,Q50,4,RPT+,20,0,0,1,2.68,2.735,2.68,2.79,0.1,0.0189057441,1.02010969,2.735,0.0205223881,0.0410447761,1,0,2
tpcds_sf100_t64,TPCDS SF100,tpcds,100,64,Q51,1,Baseline,20,0,0,1,5.42,5.62,5.429,5.932,0.2025,0.0290163046,1.05551601,5.62,0.036900369,0.0944649446,1,0,0
tpcds_sf100_t64,TPCDS SF100,tpcds,100,64,Q51,2,Forward-only,20,0,0,1,5.41,5.62,5.439,5.73,0.2025,0.0208526671,1.01957295,5.62,0.0388170055,0.0591497227,1,0,0
tpcds_sf100_t64,TPCDS SF100,tpcds,100,64,Q51,3,THC,20,0,0,1,5.3,5.685,5.42,5.831,0.2375,0.0287585856,1.02568162,5.685,0.0726415094,0.100188679,0.9,0,8
tpcds_sf100_t64,TPCDS SF100,tpcds,100,64,Q51,4,RPT+,20,0,0,1,5.83,5.95,5.858,6.087,0.02,0.0135999222,1.02302521,5.95,0.0205831904,0.0440823328,1,0,19
tpcds_sf100_t64,TPCDS SF100,tpcds,100,64,Q52,1,Baseline,20,0,0,1,1.86,1.86,1.86,1.87,0,0.0160427807,1.00537634,1.86,0,0.00537634409,1,0,0
tpcds_sf100_t64,TPCDS SF100,tpcds,100,64,Q52,2,Forward-only,20,0,0,1,1.85,1.86,1.86,1.86,0,0.0118085486,1,1.86,0.00540540541,0.00540540541,1,0,1
tpcds_sf100_t64,TPCDS SF100,tpcds,100,64,Q52,3,THC,20,0,0,1,1.85,1.86,1.859,1.86,0,0.00161377084,1,1.86,0.00540540541,0.00540540541,1,0,8
tpcds_sf100_t64,TPCDS SF100,tpcds,100,64,Q52,4,RPT+,20,0,0,1,1.86,1.86,1.86,1.86,0,0,1,1.86,0,0,1,0,0
tpcds_sf100_t64,TPCDS SF100,tpcds,100,64,Q53,1,Baseline,20,0,0,1,2.27,2.37,2.36,2.37,0,0.0127118644,1,2.37,0.0440528634,0.0440528634,1,0,0
tpcds_sf100_t64,TPCDS SF100,tpcds,100,64,Q53,2,Forward-only,20,0,0,1,2.27,2.37,2.37,2.37,0,0.00921543117,1,2.37,0.0440528634,0.0440528634,1,0,8
tpcds_sf100_t64,TPCDS SF100,tpcds,100,64,Q53,3,THC,20,0,0,1,2.27,2.37,2.27,2.37,0,0.0170212766,1,2.37,0.0440528634,0.0440528634,1,0,10
tpcds_sf100_t64,TPCDS SF100,tpcds,100,64,Q53,4,RPT+,20,0,0,1,2.37,2.37,2.37,2.37,0,0,1,2.37,0,0,1,0,0
tpcds_sf100_t64,TPCDS SF100,tpcds,100,64,Q54,1,Baseline,0,20,0,0,,,,,,,,300,,,,,
tpcds_sf100_t64,TPCDS SF100,tpcds,100,64,Q54,2,Forward-only,0,20,0,0,,,,,,,,300,,,,,
tpcds_sf100_t64,TPCDS SF100,tpcds,100,64,Q54,3,THC,0,20,0,0,,,,,,,,300,,,,,
tpcds_sf100_t64,TPCDS SF100,tpcds,100,64,Q54,4,RPT+,0,20,0,0,,,,,,,,300,,,,,
tpcds_sf100_t64,TPCDS SF100,tpcds,100,64,Q55,1,Baseline,20,0,0,1,1.85,1.86,1.85,1.86,0,0.0120322443,1,1.86,0.00540540541,0.00540540541,1,0,3
tpcds_sf100_t64,TPCDS SF100,tpcds,100,64,Q55,2,Forward-only,20,0,0,1,1.86,1.86,1.86,1.86,0,0,1,1.86,0,0,1,0,0
tpcds_sf100_t64,TPCDS SF100,tpcds,100,64,Q55,3,THC,20,0,0,1,1.86,1.86,1.86,1.86,0,0,1,1.86,0,0,1,0,0
tpcds_sf100_t64,TPCDS SF100,tpcds,100,64,Q55,4,RPT+,20,0,0,1,1.86,1.86,1.86,1.86,0,0,1,1.86,0,0,1,0,0
tpcds_sf100_t64,TPCDS SF100,tpcds,100,64,Q56,1,Baseline,20,0,0,1,3.19,3.29,3.19,3.3,0.035,0.0140984892,1.00303951,3.29,0.0313479624,0.0344827586,1,0,5
tpcds_sf100_t64,TPCDS SF100,tpcds,100,64,Q56,2,Forward-only,20,0,0,1,3.29,3.3,3.29,3.3,0.01,0.00148634086,1,3.3,0.00303951368,0.00303951368,1,0,1
tpcds_sf100_t64,TPCDS SF100,tpcds,100,64,Q56,3,THC,20,0,0,1,3.19,3.3,3.19,3.3,0.01,0.011721356,1,3.3,0.0344827586,0.0344827586,1,0,9
tpcds_sf100_t64,TPCDS SF100,tpcds,100,64,Q56,4,RPT+,20,0,0,1,3.19,3.2,3.19,3.3,0.11,0.0157176898,1.03125,3.2,0.00313479624,0.0344827586,1,0,4
tpcds_sf100_t64,TPCDS SF100,tpcds,100,64,Q57,1,Baseline,20,0,0,1,1.45,1.55,1.54,1.56,0,0.0259452259,1.00645161,1.55,0.0689655172,0.075862069,0.95,0,3
tpcds_sf100_t64,TPCDS SF100,tpcds,100,64,Q57,2,Forward-only,20,0,0,1,1.45,1.55,1.45,1.56,0,0.0239140871,1.00645161,1.55,0.0689655172,0.075862069,1,0,6
tpcds_sf100_t64,TPCDS SF100,tpcds,100,64,Q57,3,THC,20,0,0,1,1.45,1.55,1.45,1.56,0,0.0285933427,1.00645161,1.55,0.0689655172,0.075862069,0.95,0,3
tpcds_sf100_t64,TPCDS SF100,tpcds,100,64,Q57,4,RPT+,20,0,0,1,1.55,1.55,1.55,1.65,0.025,0.02749287,1.06451613,1.55,0,0.064516129,1,0,1
tpcds_sf100_t64,TPCDS SF100,tpcds,100,64,Q58,1,Baseline,20,0,0,1,3.71,3.81,3.71,3.81,0.025,0.0114402299,1,3.81,0.0269541779,0.0269541779,1,0,0
tpcds_sf100_t64,TPCDS SF100,tpcds,100,64,Q58,2,Forward-only,20,0,0,1,3.71,3.76,3.71,3.81,0.1,0.0132978723,1.01329787,3.76,0.0134770889,0.0269541779,1,0,0
tpcds_sf100_t64,TPCDS SF100,tpcds,100,64,Q58,3,THC,20,0,0,1,3.71,3.71,3.71,3.81,0.1,0.013248834,1.02695418,3.71,0,0.0269541779,1,0,0
tpcds_sf100_t64,TPCDS SF100,tpcds,100,64,Q58,4,RPT+,20,0,0,1,3.71,3.81,3.71,3.81,0.1,0.0151596333,1,3.81,0.0269541779,0.0269541779,1,0,1
tpcds_sf100_t64,TPCDS SF100,tpcds,100,64,Q59,1,Baseline,20,0,0,1,2.58,2.58,2.58,2.599,0,0.0115469492,1.00736434,2.58,0,0.00736434109,1,0,0
tpcds_sf100_t64,TPCDS SF100,tpcds,100,64,Q59,2,Forward-only,20,0,0,1,2.58,2.58,2.58,2.68,0.025,0.0169689329,1.03875969,2.58,0,0.0387596899,1,0,2
tpcds_sf100_t64,TPCDS SF100,tpcds,100,64,Q59,3,THC,20,0,0,1,2.58,2.58,2.58,2.68,0.01,0.0152289906,1.03875969,2.58,0,0.0387596899,1,0,0
tpcds_sf100_t64,TPCDS SF100,tpcds,100,64,Q59,4,RPT+,20,0,0,1,2.58,2.58,2.58,2.68,0.01,0.0135769919,1.03875969,2.58,0,0.0387596899,1,0,0
tpcds_sf100_t64,TPCDS SF100,tpcds,100,64,Q60,1,Baseline,20,0,0,1,3.29,3.4,3.29,3.4,0.1,0.0153473481,1,3.4,0.0334346505,0.0334346505,1,0,7
tpcds_sf100_t64,TPCDS SF100,tpcds,100,64,Q60,2,Forward-only,20,0,0,1,3.29,3.3,3.3,3.4,0.1,0.0144285047,1.03030303,3.3,0.00303951368,0.0334346505,1,0,17
tpcds_sf100_t64,TPCDS SF100,tpcds,100,64,Q60,3,THC,20,0,0,1,3.29,3.3,3.29,3.4,0,0.0110944618,1.03030303,3.3,0.00303951368,0.0334346505,1,0,5
tpcds_sf100_t64,TPCDS SF100,tpcds,100,64,Q60,4,RPT+,20,0,0,1,3.3,3.4,3.3,3.41,0,0.0121769724,1.00294118,3.4,0.0303030303,0.0333333333,1,0,7
tpcds_sf100_t64,TPCDS SF100,tpcds,100,64,Q61,1,Baseline,20,0,0,1,2.78,2.88,2.78,2.89,0.035,0.0159270471,1.00347222,2.88,0.035971223,0.0395683453,1,0,0
tpcds_sf100_t64,TPCDS SF100,tpcds,100,64,Q61,2,Forward-only,20,0,0,1,2.78,2.88,2.78,2.89,0.095,0.016992088,1.00347222,2.88,0.035971223,0.0395683453,1,0,0
tpcds_sf100_t64,TPCDS SF100,tpcds,100,64,Q61,3,THC,20,0,0,1,2.78,2.88,2.78,2.89,0.1025,0.0172451679,1.00347222,2.88,0.035971223,0.0395683453,1,0,3
tpcds_sf100_t64,TPCDS SF100,tpcds,100,64,Q61,4,RPT+,20,0,0,1,2.88,2.89,2.89,2.99,0.1,0.0162367681,1.03460208,2.89,0.00347222222,0.0381944444,1,0,15
tpcds_sf100_t64,TPCDS SF100,tpcds,100,64,Q62,1,Baseline,20,0,0,1,0.83,0.83,0.83,0.83,0,0,1,0.83,0,0,1,0,0
tpcds_sf100_t64,TPCDS SF100,tpcds,100,64,Q62,2,Forward-only,20,0,0,1,0.83,0.83,0.83,0.83,0,0,1,0.83,0,0,1,0,0
tpcds_sf100_t64,TPCDS SF100,tpcds,100,64,Q62,3,THC,20,0,0,1,0.83,0.83,0.83,0.83,0,0,1,0.83,0,0,1,0,0
tpcds_sf100_t64,TPCDS SF100,tpcds,100,64,Q62,4,RPT+,20,0,0,1,0.83,0.83,0.83,0.83,0,0.0518916541,1,0.83,0,0,0.95,0,0
tpcds_sf100_t64,TPCDS SF100,tpcds,100,64,Q63,1,Baseline,20,0,0,1,2.27,2.27,2.27,2.37,0,0.0174672489,1.04405286,2.27,0,0.0440528634,1,0,0
tpcds_sf100_t64,TPCDS SF100,tpcds,100,64,Q63,2,Forward-only,20,0,0,1,2.27,2.27,2.27,2.27,0,0,1,2.27,0,0,1,0,0
tpcds_sf100_t64,TPCDS SF100,tpcds,100,64,Q63,3,THC,20,0,0,1,2.27,2.27,2.27,2.27,0,0,1,2.27,0,0,1,0,0
tpcds_sf100_t64,TPCDS SF100,tpcds,100,64,Q63,4,RPT+,20,0,0,1,2.27,2.27,2.27,2.27,0,0,1,2.27,0,0,1,0,0
tpcds_sf100_t64,TPCDS SF100,tpcds,100,64,Q64,1,Baseline,20,0,0,1,5.26,5.635,5.46,6.461,0.235,0.0734542621,1.14658385,5.635,0.0712927757,0.228326996,0.8,0,6
tpcds_sf100_t64,TPCDS SF100,tpcds,100,64,Q64,2,Forward-only,20,0,0,1,5.15,5.365,5.259,5.461,0.1,0.0160750579,1.01789376,5.365,0.0417475728,0.0603883495,1,0,12
tpcds_sf100_t64,TPCDS SF100,tpcds,100,64,Q64,3,THC,20,0,0,1,5.26,5.37,5.341,5.48,0.11,0.0129352517,1.02048417,5.37,0.0209125475,0.0418250951,1,0,0
tpcds_sf100_t64,TPCDS SF100,tpcds,100,64,Q64,4,RPT+,20,0,0,1,5.25,5.35,5.25,5.36,0.1,0.00944699289,1.00186916,5.35,0.019047619,0.020952381,1,0,0
tpcds_sf100_t64,TPCDS SF100,tpcds,100,64,Q65,1,Baseline,20,0,0,1,9.29,9.405,9.3,9.511,0.1,0.00743451357,1.0112706,9.405,0.012378902,0.0237890205,1,0,15
tpcds_sf100_t64,TPCDS SF100,tpcds,100,64,Q65,2,Forward-only,20,0,0,1,9.17,9.705,9.188,9.83,0.2275,0.025146471,1.01287996,9.705,0.0583424209,0.0719738277,1,0,0
tpcds_sf100_t64,TPCDS SF100,tpcds,100,64,Q65,3,THC,20,0,0,1,9.19,9.7,9.208,9.801,0.205,0.0223787994,1.01041237,9.7,0.0554951034,0.0664853101,1,0,0
tpcds_sf100_t64,TPCDS SF100,tpcds,100,64,Q65,4,RPT+,20,0,0,1,7.23,7.345,7.24,7.379,0.0425,0.00880845797,1.004629,7.345,0.0159059474,0.0206085754,1,0,7
tpcds_sf100_t64,TPCDS SF100,tpcds,100,64,Q66,1,Baseline,20,0,0,1,1.54,1.55,1.55,1.55,0,0.00140655016,1,1.55,0.00649350649,0.00649350649,1,0,18
tpcds_sf100_t64,TPCDS SF100,tpcds,100,64,Q66,2,Forward-only,20,0,0,1,1.55,1.55,1.55,1.55,0,0,1,1.55,0,0,1,0,0
tpcds_sf100_t64,TPCDS SF100,tpcds,100,64,Q66,3,THC,20,0,0,1,1.45,1.55,1.55,1.55,0,0.0141064691,1,1.55,0.0689655172,0.0689655172,1,0,16
tpcds_sf100_t64,TPCDS SF100,tpcds,100,64,Q66,4,RPT+,20,0,0,1,1.55,1.65,1.65,1.651,0,0.013503105,1.00060606,1.65,0.064516129,0.0651612903,1,0,16
tpcds_sf100_t64,TPCDS SF100,tpcds,100,64,Q67,1,Baseline,20,0,0,1,16.33,16.535,16.367,17.178,0.175,0.0294028033,1.03888721,16.535,0.0125535824,0.0519289651,0.95,0,5
tpcds_sf100_t64,TPCDS SF100,tpcds,100,64,Q67,2,Forward-only,20,0,0,1,16.02,16.42,16.129,16.8,0.3675,0.0163648591,1.02314251,16.42,0.024968789,0.0486891386,1,0,2
tpcds_sf100_t64,TPCDS SF100,tpcds,100,64,Q67,3,THC,20,0,0,1,16.27,16.535,16.35,16.971,0.395,0.0217629988,1.02636831,16.535,0.016287646,0.0430854333,1,0,16
tpcds_sf100_t64,TPCDS SF100,tpcds,100,64,Q67,4,RPT+,20,0,0,1,16.89,17.185,16.945,17.831,0.37,0.0207378595,1.03759092,17.185,0.0174659562,0.0557134399,1,0,10
tpcds_sf100_t64,TPCDS SF100,tpcds,100,64,Q68,1,Baseline,20,0,0,1,3.81,3.81,3.81,3.81,0,0,1,3.81,0,0,1,0,0
tpcds_sf100_t64,TPCDS SF100,tpcds,100,64,Q68,2,Forward-only,20,0,0,1,3.81,3.81,3.81,3.81,0,0,1,3.81,0,0,1,0,0
tpcds_sf100_t64,TPCDS SF100,tpcds,100,64,Q68,3,THC,20,0,0,1,3.81,3.81,3.81,3.81,0,0,1,3.81,0,0,1,0,0
tpcds_sf100_t64,TPCDS SF100,tpcds,100,64,Q68,4,RPT+,20,0,0,1,3.71,3.71,3.71,3.81,0,0.0107238606,1.02695418,3.71,0,0.0269541779,1,0,0
tpcds_sf100_t64,TPCDS SF100,tpcds,100,64,Q69,1,Baseline,20,0,0,1,1.55,1.55,1.55,1.55,0,0,1,1.55,0,0,1,0,0
tpcds_sf100_t64,TPCDS SF100,tpcds,100,64,Q69,2,Forward-only,20,0,0,1,1.55,1.55,1.55,1.55,0,0,1,1.55,0,0,1,0,0
tpcds_sf100_t64,TPCDS SF100,tpcds,100,64,Q69,3,THC,20,0,0,1,1.54,1.55,1.549,1.55,0,0.00193673338,1,1.55,0.00649350649,0.00649350649,1,0,0
tpcds_sf100_t64,TPCDS SF100,tpcds,100,64,Q69,4,RPT+,20,0,0,1,1.55,1.55,1.55,1.55,0,0,1,1.55,0,0,1,0,0
tpcds_sf100_t64,TPCDS SF100,tpcds,100,64,Q70,1,Baseline,20,0,0,1,2.38,2.44,2.38,2.49,0.1025,0.0218048136,1.0204918,2.44,0.025210084,0.0462184874,1,0,0
tpcds_sf100_t64,TPCDS SF100,tpcds,100,64,Q70,2,Forward-only,20,0,0,1,2.7,2.8,2.7,2.892,0.11,0.0241303991,1.03285714,2.8,0.037037037,0.0711111111,1,0,0
tpcds_sf100_t64,TPCDS SF100,tpcds,100,64,Q70,3,THC,20,0,0,1,2.69,2.8,2.799,2.81,0,0.00879687543,1.00357143,2.8,0.0408921933,0.0446096654,1,0,18
tpcds_sf100_t64,TPCDS SF100,tpcds,100,64,Q70,4,RPT+,20,0,0,1,2.89,2.9,2.899,2.9,0,0.00132456385,1,2.9,0.00346020761,0.00346020761,1,0,9
tpcds_sf100_t64,TPCDS SF100,tpcds,100,64,Q71,1,Baseline,20,0,0,1,2.57,2.58,2.57,2.58,0,0.00138480288,1,2.58,0.00389105058,0.00389105058,1,0,0
tpcds_sf100_t64,TPCDS SF100,tpcds,100,64,Q71,2,Forward-only,20,0,0,1,2.58,2.58,2.58,2.58,0,0,1,2.58,0,0,1,0,0
tpcds_sf100_t64,TPCDS SF100,tpcds,100,64,Q71,3,THC,20,0,0,1,2.58,2.58,2.58,2.58,0,0,1,2.58,0,0,1,0,0
tpcds_sf100_t64,TPCDS SF100,tpcds,100,64,Q71,4,RPT+,20,0,0,1,2.58,2.58,2.58,2.58,0,0,1,2.58,0,0,1,0,0
tpcds_sf100_t64,TPCDS SF100,tpcds,100,64,Q72,1,Baseline,20,0,0,1,2.07,69.445,3.129,92.73,35.6625,0.573856539,1.33530132,69.445,32.5483092,43.7971014,0.05,0.75,5
tpcds_sf100_t64,TPCDS SF100,tpcds,100,64,Q72,2,Forward-only,20,0,0,1,1.67,2.745,1.77,4.49,1.6675,0.376984258,1.63570128,2.745,0.643712575,1.68862275,0.2,0.4,1
tpcds_sf100_t64,TPCDS SF100,tpcds,100,64,Q72,3,THC,20,0,0,1,1.77,2.8,1.869,3.75,1.54,0.291116312,1.33928571,2.8,0.581920904,1.11864407,0.15,0.3,0
tpcds_sf100_t64,TPCDS SF100,tpcds,100,64,Q72,4,RPT+,20,0,0,1,2.09,2.705,2.171,3.64,0.7325,0.195621416,1.34565619,2.705,0.294258373,0.741626794,0.2,0,0
tpcds_sf100_t64,TPCDS SF100,tpcds,100,64,Q73,1,Baseline,20,0,0,1,1.75,1.86,1.75,1.86,0.035,0.0258689861,1,1.86,0.0628571429,0.0628571429,1,0,0
tpcds_sf100_t64,TPCDS SF100,tpcds,100,64,Q73,2,Forward-only,20,0,0,1,1.75,1.81,1.75,1.86,0.1,0.0285329505,1.02762431,1.81,0.0342857143,0.0628571429,1,0,8
tpcds_sf100_t64,TPCDS SF100,tpcds,100,64,Q73,3,THC,20,0,0,1,1.75,1.76,1.75,1.86,0.11,0.0274075513,1.05681818,1.76,0.00571428571,0.0628571429,1,0,1
tpcds_sf100_t64,TPCDS SF100,tpcds,100,64,Q73,4,RPT+,20,0,0,1,1.86,1.86,1.86,1.86,0,0,1,1.86,0,0,1,0,0
tpcds_sf100_t64,TPCDS SF100,tpcds,100,64,Q74,1,Baseline,20,0,0,1,3.41,3.725,3.41,4.14,0.71,0.0921875129,1.1114094,3.725,0.0923753666,0.214076246,0.5,0,0
tpcds_sf100_t64,TPCDS SF100,tpcds,100,64,Q74,2,Forward-only,20,0,0,1,3.84,4.4,4.04,4.57,0.5125,0.0610406316,1.03863636,4.4,0.145833333,0.190104167,0.35,0,8
tpcds_sf100_t64,TPCDS SF100,tpcds,100,64,Q74,3,THC,20,0,0,1,4.57,4.89,4.59,5.3,0.3,0.045676088,1.08384458,4.89,0.0700218818,0.159737418,0.75,0,0
tpcds_sf100_t64,TPCDS SF100,tpcds,100,64,Q74,4,RPT+,20,0,0,1,6.3,6.87,6.3,7.43,0.93,0.0728119888,1.08151383,6.87,0.0904761905,0.179365079,0.5,0,2
tpcds_sf100_t64,TPCDS SF100,tpcds,100,64,Q75,1,Baseline,20,0,0,1,4.63,4.74,4.73,4.84,0.035,0.0113333472,1.02109705,4.74,0.0237580994,0.0453563715,1,0,0
tpcds_sf100_t64,TPCDS SF100,tpcds,100,64,Q75,2,Forward-only,20,0,0,1,4.73,4.74,4.74,4.84,0.1,0.0120586167,1.02109705,4.74,0.0021141649,0.023255814,1,0,6
tpcds_sf100_t64,TPCDS SF100,tpcds,100,64,Q75,3,THC,20,0,0,1,4.74,4.74,4.74,4.84,0.1,0.0101398008,1.02109705,4.74,0,0.0210970464,1,0,0
tpcds_sf100_t64,TPCDS SF100,tpcds,100,64,Q75,4,RPT+,20,0,0,1,4.94,5.05,4.949,5.05,0.1,0.00939445047,1,5.05,0.0222672065,0.0222672065,1,0,1
tpcds_sf100_t64,TPCDS SF100,tpcds,100,64,Q76,1,Baseline,20,0,0,1,4.42,4.42,4.42,4.43,0.01,0.00537279912,1.00226244,4.42,0,0.00226244344,1,0,0
tpcds_sf100_t64,TPCDS SF100,tpcds,100,64,Q76,2,Forward-only,20,0,0,1,4.42,4.43,4.42,4.53,0.035,0.0102931577,1.02257336,4.43,0.00226244344,0.0248868778,1,0,2
tpcds_sf100_t64,TPCDS SF100,tpcds,100,64,Q76,3,THC,20,0,0,1,4.42,4.43,4.42,4.43,0,0.000903342367,1,4.43,0.00226244344,0.00226244344,1,0,0
tpcds_sf100_t64,TPCDS SF100,tpcds,100,64,Q76,4,RPT+,20,0,0,1,4.74,4.84,4.74,4.85,0.1025,0.0107614261,1.00206612,4.84,0.0210970464,0.0232067511,1,0,0
tpcds_sf100_t64,TPCDS SF100,tpcds,100,64,Q77,1,Baseline,20,0,0,1,3.81,3.86,3.81,3.91,0.1,0.0129533679,1.01295337,3.86,0.0131233596,0.0262467192,1,0,0
tpcds_sf100_t64,TPCDS SF100,tpcds,100,64,Q77,2,Forward-only,20,0,0,1,3.81,3.91,3.9,3.91,0,0.00769230769,1,3.91,0.0262467192,0.0262467192,1,0,2
tpcds_sf100_t64,TPCDS SF100,tpcds,100,64,Q77,3,THC,20,0,0,1,3.81,3.91,3.9,3.91,0,0.0077540916,1,3.91,0.0262467192,0.0262467192,1,0,4
tpcds_sf100_t64,TPCDS SF100,tpcds,100,64,Q77,4,RPT+,20,0,0,1,3.91,3.91,3.91,3.911,0,0.000767067246,1.00025575,3.91,0,0.000255754476,1,0,0
tpcds_sf100_t64,TPCDS SF100,tpcds,100,64,Q78,1,Baseline,20,0,0,1,6.32,6.415,6.33,6.441,0.1025,0.00829708673,1.004053,6.415,0.0150316456,0.0191455696,1,0,5
tpcds_sf100_t64,TPCDS SF100,tpcds,100,64,Q78,2,Forward-only,20,0,0,1,6.32,6.34,6.33,6.471,0.1,0.0100404383,1.02066246,6.34,0.00316455696,0.0238924051,1,0,2
tpcds_sf100_t64,TPCDS SF100,tpcds,100,64,Q78,3,THC,20,0,0,1,6.35,6.45,6.439,6.54,0.01,0.00732364536,1.01395349,6.45,0.0157480315,0.0299212598,1,0,7
tpcds_sf100_t64,TPCDS SF100,tpcds,100,64,Q78,4,RPT+,20,0,0,1,6.56,7.02,6.849,7.171,0.1125,0.0231786148,1.02150997,7.02,0.0701219512,0.0931402439,1,0,2
tpcds_sf100_t64,TPCDS SF100,tpcds,100,64,Q79,1,Baseline,20,0,0,1,3.09,3.09,3.09,3.211,0,0.0300329193,1.03915858,3.09,0,0.0391585761,0.9,0,0
tpcds_sf100_t64,TPCDS SF100,tpcds,100,64,Q79,2,Forward-only,20,0,0,1,2.99,2.99,2.99,3.09,0,0.0132890365,1.03344482,2.99,0,0.0334448161,1,0,1
tpcds_sf100_t64,TPCDS SF100,tpcds,100,64,Q79,3,THC,20,0,0,1,2.98,2.99,2.99,3,0,0.010083292,1.00334448,2.99,0.0033557047,0.0067114094,1,0,16
tpcds_sf100_t64,TPCDS SF100,tpcds,100,64,Q79,4,RPT+,20,0,0,1,3.19,3.19,3.19,3.191,0,0.000940144155,1.00031348,3.19,0,0.000313479624,1,0,0
tpcds_sf100_t64,TPCDS SF100,tpcds,100,64,Q80,1,Baseline,20,0,0,1,4.94,5.04,5.04,5.05,0,0.00445191846,1.00198413,5.04,0.020242915,0.0222672065,1,0,2
tpcds_sf100_t64,TPCDS SF100,tpcds,100,64,Q80,2,Forward-only,20,0,0,1,5.04,5.04,5.04,5.05,0.0025,0.000858726231,1.00198413,5.04,0,0.00198412698,1,0,0
tpcds_sf100_t64,TPCDS SF100,tpcds,100,64,Q80,3,THC,20,0,0,1,4.94,5.04,4.94,5.05,0.0025,0.00806475377,1.00198413,5.04,0.020242915,0.0222672065,1,0,2
tpcds_sf100_t64,TPCDS SF100,tpcds,100,64,Q80,4,RPT+,20,0,0,1,4.73,4.74,4.73,4.74,0.01,0.00100700855,1,4.74,0.0021141649,0.0021141649,1,0,2
tpcds_sf100_t64,TPCDS SF100,tpcds,100,64,Q81,1,Baseline,20,0,0,1,0.52,0.57,0.52,0.62,0.1,0.0877192982,1.0877193,0.57,0.0961538462,0.192307692,0.5,0,0
tpcds_sf100_t64,TPCDS SF100,tpcds,100,64,Q81,2,Forward-only,20,0,0,1,0.52,0.57,0.52,0.62,0.1,0.0877192982,1.0877193,0.57,0.0961538462,0.192307692,0.5,0,0
tpcds_sf100_t64,TPCDS SF100,tpcds,100,64,Q81,3,THC,20,0,0,1,0.52,0.57,0.52,0.62,0.1,0.0877192982,1.0877193,0.57,0.0961538462,0.192307692,0.5,0,0
tpcds_sf100_t64,TPCDS SF100,tpcds,100,64,Q81,4,RPT+,20,0,0,1,0.52,0.62,0.61,0.62,0,0.0491803279,1,0.62,0.192307692,0.192307692,0.1,0,10
tpcds_sf100_t64,TPCDS SF100,tpcds,100,64,Q82,1,Baseline,14,6,0,0.7,1.14,1.55,1.14,10.489,6.98,1.05544642,6.76709677,5.93,0.359649123,8.20087719,0.3,0.5,0
tpcds_sf100_t64,TPCDS SF100,tpcds,100,64,Q82,2,Forward-only,20,0,0,1,1.13,1.14,1.14,1.14,0,0.00191263666,1,1.14,0.00884955752,0.00884955752,1,0,11
tpcds_sf100_t64,TPCDS SF100,tpcds,100,64,Q82,3,THC,20,0,0,1,1.14,1.14,1.14,1.14,0,0,1,1.14,0,0,1,0,0
tpcds_sf100_t64,TPCDS SF100,tpcds,100,64,Q82,4,RPT+,20,0,0,1,1.14,1.14,1.14,1.14,0,0,1,1.14,0,0,1,0,0
tpcds_sf100_t64,TPCDS SF100,tpcds,100,64,Q83,1,Baseline,20,0,0,1,0.62,0.62,0.62,0.62,0,0,1,0.62,0,0,1,0,0
tpcds_sf100_t64,TPCDS SF100,tpcds,100,64,Q83,2,Forward-only,20,0,0,1,0.62,0.62,0.62,0.62,0,0,1,0.62,0,0,1,0,0
tpcds_sf100_t64,TPCDS SF100,tpcds,100,64,Q83,3,THC,20,0,0,1,0.52,0.62,0.62,0.62,0,0.0354382028,1,0.62,0.192307692,0.192307692,0.05,0,3
tpcds_sf100_t64,TPCDS SF100,tpcds,100,64,Q83,4,RPT+,20,0,0,1,0.62,0.62,0.62,0.63,0,0.00574531652,1.01612903,0.62,0,0.0161290323,1,0,0
tpcds_sf100_t64,TPCDS SF100,tpcds,100,64,Q84,1,Baseline,20,0,0,1,0.42,0.47,0.42,0.52,0.1,0.106382979,1.10638298,0.47,0.119047619,0.238095238,0.5,0,0
tpcds_sf100_t64,TPCDS SF100,tpcds,100,64,Q84,2,Forward-only,20,0,0,1,0.32,0.42,0.419,0.42,0,0.0525663657,1,0.42,0.3125,0.3125,0.05,0,0
tpcds_sf100_t64,TPCDS SF100,tpcds,100,64,Q84,3,THC,20,0,0,1,0.42,0.42,0.42,0.42,0,0,1,0.42,0,0,1,0,0
tpcds_sf100_t64,TPCDS SF100,tpcds,100,64,Q84,4,RPT+,20,0,0,1,0.31,0.42,0.32,0.42,0.025,0.112072382,1,0.42,0.35483871,0.35483871,0.25,0,6
tpcds_sf100_t64,TPCDS SF100,tpcds,100,64,Q85,1,Baseline,20,0,0,1,1.44,1.45,1.45,1.55,0.1,0.0324094637,1.06896552,1.45,0.00694444444,0.0763888889,1,0,0
tpcds_sf100_t64,TPCDS SF100,tpcds,100,64,Q85,2,Forward-only,20,0,0,1,1.45,1.5,1.45,1.55,0.1,0.0333333333,1.03333333,1.5,0.0344827586,0.0689655172,1,0,2
tpcds_sf100_t64,TPCDS SF100,tpcds,100,64,Q85,3,THC,20,0,0,1,1.45,1.5,1.45,1.55,0.1,0.0333333333,1.03333333,1.5,0.0344827586,0.0689655172,1,0,0
tpcds_sf100_t64,TPCDS SF100,tpcds,100,64,Q85,4,RPT+,20,0,0,1,1.45,1.65,1.55,1.76,0.0275,0.0459792988,1.06666667,1.65,0.137931034,0.213793103,0.25,0,8
tpcds_sf100_t64,TPCDS SF100,tpcds,100,64,Q86,1,Baseline,20,0,0,1,0.82,0.83,0.83,0.83,0,0.00262742552,1,0.83,0.012195122,0.012195122,1,0,10
tpcds_sf100_t64,TPCDS SF100,tpcds,100,64,Q86,2,Forward-only,20,0,0,1,0.83,0.83,0.83,0.83,0,0,1,0.83,0,0,1,0,0
tpcds_sf100_t64,TPCDS SF100,tpcds,100,64,Q86,3,THC,20,0,0,1,0.83,0.83,0.83,0.83,0,0,1,0.83,0,0,1,0,0
tpcds_sf100_t64,TPCDS SF100,tpcds,100,64,Q86,4,RPT+,20,0,0,1,0.83,0.83,0.83,0.94,0.11,0.0612228701,1.13253012,0.83,0,0.13253012,0.55,0,0
tpcds_sf100_t64,TPCDS SF100,tpcds,100,64,Q87,1,Baseline,20,0,0,1,1.86,1.96,1.86,1.96,0.1,0.0237439155,1,1.96,0.0537634409,0.0537634409,1,0,1
tpcds_sf100_t64,TPCDS SF100,tpcds,100,64,Q87,2,Forward-only,20,0,0,1,1.86,1.96,1.86,1.96,0,0.0183584278,1,1.96,0.0537634409,0.0537634409,1,0,8
tpcds_sf100_t64,TPCDS SF100,tpcds,100,64,Q87,3,THC,20,0,0,1,2.18,2.29,2.18,2.391,0.1025,0.0319361934,1.0441048,2.29,0.0504587156,0.0967889908,0.9,0,10
tpcds_sf100_t64,TPCDS SF100,tpcds,100,64,Q87,4,RPT+,20,0,0,1,2.38,2.49,2.38,2.59,0.1225,0.0316735179,1.04016064,2.49,0.0462184874,0.0882352941,1,0,1
tpcds_sf100_t64,TPCDS SF100,tpcds,100,64,Q88,1,Baseline,20,0,0,1,1.97,2.08,1.98,2.181,0.0475,0.0329319164,1.04855769,2.08,0.0558375635,0.107106599,0.8,0,12
tpcds_sf100_t64,TPCDS SF100,tpcds,100,64,Q88,2,Forward-only,20,0,0,1,1.7,1.76,1.76,1.76,0,0.00760725005,1,1.76,0.0352941176,0.0352941176,1,0,16
tpcds_sf100_t64,TPCDS SF100,tpcds,100,64,Q88,3,THC,20,0,0,1,1.68,1.76,1.76,1.77,0.0025,0.0105280117,1.00568182,1.76,0.0476190476,0.0535714286,1,0,6
tpcds_sf100_t64,TPCDS SF100,tpcds,100,64,Q88,4,RPT+,20,0,0,1,1.86,1.96,1.86,1.97,0.1025,0.0263007941,1.00510204,1.96,0.0537634409,0.0591397849,1,0,2
tpcds_sf100_t64,TPCDS SF100,tpcds,100,64,Q89,1,Baseline,20,0,0,1,2.27,2.37,2.37,2.37,0,0.00921543117,1,2.37,0.0440528634,0.0440528634,1,0,9
tpcds_sf100_t64,TPCDS SF100,tpcds,100,64,Q89,2,Forward-only,20,0,0,1,2.37,2.37,2.37,2.37,0,0,1,2.37,0,0,1,0,0
tpcds_sf100_t64,TPCDS SF100,tpcds,100,64,Q89,3,THC,20,0,0,1,2.37,2.37,2.37,2.37,0,0,1,2.37,0,0,1,0,0
tpcds_sf100_t64,TPCDS SF100,tpcds,100,64,Q89,4,RPT+,20,0,0,1,2.37,2.37,2.37,2.371,0,0.00126528891,1.00042194,2.37,0,0.000421940928,1,0,0
tpcds_sf100_t64,TPCDS SF100,tpcds,100,64,Q90,1,Baseline,20,0,0,1,0.62,0.62,0.62,0.62,0,0,1,0.62,0,0,1,0,0
tpcds_sf100_t64,TPCDS SF100,tpcds,100,64,Q90,2,Forward-only,20,0,0,1,0.62,0.62,0.62,0.62,0,0,1,0.62,0,0,1,0,0
tpcds_sf100_t64,TPCDS SF100,tpcds,100,64,Q90,3,THC,20,0,0,1,0.62,0.62,0.62,0.62,0,0,1,0.62,0,0,1,0,0
tpcds_sf100_t64,TPCDS SF100,tpcds,100,64,Q90,4,RPT+,20,0,0,1,0.62,0.62,0.62,0.62,0,0,1,0.62,0,0,1,0,0
tpcds_sf100_t64,TPCDS SF100,tpcds,100,64,Q91,1,Baseline,20,0,0,1,0.31,0.31,0.31,0.32,0.0025,0.0138564065,1.03225806,0.31,0,0.0322580645,1,0,0
tpcds_sf100_t64,TPCDS SF100,tpcds,100,64,Q91,2,Forward-only,20,0,0,1,0.31,0.32,0.31,0.32,0.01,0.0150701296,1,0.32,0.0322580645,0.0322580645,1,0,3
tpcds_sf100_t64,TPCDS SF100,tpcds,100,64,Q91,3,THC,20,0,0,1,0.31,0.32,0.31,0.32,0.01,0.0155030996,1,0.32,0.0322580645,0.0322580645,1,0,1
tpcds_sf100_t64,TPCDS SF100,tpcds,100,64,Q91,4,RPT+,20,0,0,1,0.31,0.32,0.31,0.32,0,0.0112110336,1,0.32,0.0322580645,0.0322580645,1,0,0
tpcds_sf100_t64,TPCDS SF100,tpcds,100,64,Q92,1,Baseline,20,0,0,1,0.93,0.93,0.93,0.93,0,0,1,0.93,0,0,1,0,0
tpcds_sf100_t64,TPCDS SF100,tpcds,100,64,Q92,2,Forward-only,20,0,0,1,0.83,0.93,0.93,0.93,0,0.0235616159,1,0.93,0.120481928,0.120481928,0.05,0,7
tpcds_sf100_t64,TPCDS SF100,tpcds,100,64,Q92,3,THC,20,0,0,1,0.93,0.93,0.93,0.93,0,0,1,0.93,0,0,1,0,0
tpcds_sf100_t64,TPCDS SF100,tpcds,100,64,Q92,4,RPT+,20,0,0,1,0.83,0.83,0.83,0.93,0,0.0422569729,1.12048193,0.83,0,0.120481928,0.85,0,1
tpcds_sf100_t64,TPCDS SF100,tpcds,100,64,Q93,1,Baseline,20,0,0,1,2.48,2.48,2.48,2.49,0.01,0.00184558022,1.00403226,2.48,0,0.00403225806,1,0,0
tpcds_sf100_t64,TPCDS SF100,tpcds,100,64,Q93,2,Forward-only,20,0,0,1,2.37,2.37,2.37,2.37,0,0,1,2.37,0,0,1,0,0
tpcds_sf100_t64,TPCDS SF100,tpcds,100,64,Q93,3,THC,20,0,0,1,2.37,2.37,2.37,2.38,0,0.00168634064,1.00421941,2.37,0,0.00421940928,1,0,0
tpcds_sf100_t64,TPCDS SF100,tpcds,100,64,Q93,4,RPT+,20,0,0,1,2.37,2.37,2.37,2.37,0,0,1,2.37,0,0,1,0,0
tpcds_sf100_t64,TPCDS SF100,tpcds,100,64,Q94,1,Baseline,20,0,0,1,1.24,1.24,1.24,1.25,0,0.00287612905,1.00806452,1.24,0,0.00806451613,1,0,0
tpcds_sf100_t64,TPCDS SF100,tpcds,100,64,Q94,2,Forward-only,20,0,0,1,1.24,1.24,1.24,1.25,0,0.00287612905,1.00806452,1.24,0,0.00806451613,1,0,0
tpcds_sf100_t64,TPCDS SF100,tpcds,100,64,Q94,3,THC,20,0,0,1,1.24,1.24,1.24,1.25,0,0.00287612905,1.00806452,1.24,0,0.00806451613,1,0,0
tpcds_sf100_t64,TPCDS SF100,tpcds,100,64,Q94,4,RPT+,20,0,0,1,1.24,1.24,1.24,1.25,0.01,0.00383570246,1.00806452,1.24,0,0.00806451613,1,0,1
tpcds_sf100_t64,TPCDS SF100,tpcds,100,64,Q95,1,Baseline,20,0,0,1,4.08,4.11,4.08,4.19,0.09,0.0109502148,1.01946472,4.11,0.00735294118,0.0269607843,1,0,2
tpcds_sf100_t64,TPCDS SF100,tpcds,100,64,Q95,2,Forward-only,20,0,0,1,4.07,4.175,4.07,4.19,0.1,0.0122666651,1.00359281,4.175,0.0257985258,0.0294840295,1,0,7
tpcds_sf100_t64,TPCDS SF100,tpcds,100,64,Q95,3,THC,20,0,0,1,5.63,5.85,5.724,5.951,0.0675,0.0153249406,1.01726496,5.85,0.0390763766,0.0570159858,1,0,13
tpcds_sf100_t64,TPCDS SF100,tpcds,100,64,Q95,4,RPT+,20,0,0,1,1.76,1.76,1.76,1.77,0.01,0.00270467593,1.00568182,1.76,0,0.00568181818,1,0,0
tpcds_sf100_t64,TPCDS SF100,tpcds,100,64,Q96,1,Baseline,20,0,0,1,1.24,1.34,1.34,1.34,0,0.0163254642,1,1.34,0.0806451613,0.0806451613,1,0,4
tpcds_sf100_t64,TPCDS SF100,tpcds,100,64,Q96,2,Forward-only,20,0,0,1,1.34,1.34,1.34,1.34,0,0,1,1.34,0,0,1,0,0
tpcds_sf100_t64,TPCDS SF100,tpcds,100,64,Q96,3,THC,20,0,0,1,1.24,1.24,1.24,1.24,0,0,1,1.24,0,0,1,0,0
tpcds_sf100_t64,TPCDS SF100,tpcds,100,64,Q96,4,RPT+,20,0,0,1,1.34,1.34,1.34,1.34,0,0,1,1.34,0,0,1,0,0
tpcds_sf100_t64,TPCDS SF100,tpcds,100,64,Q97,1,Baseline,20,0,0,1,2.38,2.39,2.389,2.4,0,0.00928960145,1.0041841,2.39,0.00420168067,0.00840336134,1,0,13
tpcds_sf100_t64,TPCDS SF100,tpcds,100,64,Q97,2,Forward-only,20,0,0,1,2.39,2.39,2.39,2.411,0.01,0.00922330984,1.00878661,2.39,0,0.00878661088,1,0,2
tpcds_sf100_t64,TPCDS SF100,tpcds,100,64,Q97,3,THC,20,0,0,1,2.28,2.29,2.289,2.381,0,0.0151847706,1.03973799,2.29,0.00438596491,0.0442982456,1,0,1
tpcds_sf100_t64,TPCDS SF100,tpcds,100,64,Q97,4,RPT+,20,0,0,1,2.39,2.39,2.39,2.4,0.01,0.00896878247,1.0041841,2.39,0,0.00418410042,1,0,0
tpcds_sf100_t64,TPCDS SF100,tpcds,100,64,Q98,1,Baseline,20,0,0,1,1.96,1.96,1.96,1.96,0,0,1,1.96,0,0,1,0,0
tpcds_sf100_t64,TPCDS SF100,tpcds,100,64,Q98,2,Forward-only,20,0,0,1,1.96,1.96,1.96,1.96,0,0,1,1.96,0,0,1,0,0
tpcds_sf100_t64,TPCDS SF100,tpcds,100,64,Q98,3,THC,20,0,0,1,1.96,1.96,1.96,1.96,0,0,1,1.96,0,0,1,0,0
tpcds_sf100_t64,TPCDS SF100,tpcds,100,64,Q98,4,RPT+,20,0,0,1,1.96,1.96,1.96,1.96,0,0,1,1.96,0,0,1,0,0
tpcds_sf100_t64,TPCDS SF100,tpcds,100,64,Q99,1,Baseline,20,0,0,1,0.62,0.62,0.62,0.63,0,0.00574531652,1.01612903,0.62,0,0.0161290323,1,0,0
tpcds_sf100_t64,TPCDS SF100,tpcds,100,64,Q99,2,Forward-only,20,0,0,1,0.62,0.62,0.62,0.62,0,0,1,0.62,0,0,1,0,0
tpcds_sf100_t64,TPCDS SF100,tpcds,100,64,Q99,3,THC,20,0,0,1,0.62,0.62,0.62,0.62,0,0,1,0.62,0,0,1,0,0
tpcds_sf100_t64,TPCDS SF100,tpcds,100,64,Q99,4,RPT+,20,0,0,1,1.04,1.04,1.04,1.05,0,0.00383877159,1.00961538,1.04,0,0.00961538462,1,0,0
