dataset_id,benchmark,threads,query,eligible_all_20_seeds_successful,median_winner,strict_monotone_1_gt_2_gt_3_gt_4,forward_sufficient_10pct,backward_essential_10pct,thc_regression_10pct,forward_regression_10pct,full_regression_10pct,all_treatments_regress_10pct,thc_approximates_full_when_backward_essential,case1_median,case2_median,case3_median,case4_median
appian_t1,appian,1,q01,1,4,0,0,0,0,0,0,0,0,2.72,2.72,2.77,2.71
appian_t1,appian,1,q02,1,1,0,0,0,0,0,0,0,0,13.59,13.825,14.59,13.785
appian_t1,appian,1,q03,1,4,0,0,0,1,0,0,0,0,6.495,6.095,6.805,6.07
appian_t1,appian,1,q04,1,1,0,0,0,1,0,0,0,0,25.795,25.855,28.615,25.855
appian_t1,appian,1,q05,1,4,0,0,0,0,0,0,0,0,4.845,4.84,5.05,4.82
appian_t1,appian,1,q06,1,1,0,0,0,1,0,0,0,0,7.74,7.77,9.6,7.745
appian_t1,appian,1,q07,1,1,0,0,0,0,0,0,0,0,7.74,7.99,8.42,7.945
appian_t1,appian,1,q08,1,4,0,0,0,0,0,0,0,0,29.69,29.655,30.53,29.635
job_t1,job,1,1a,1,4,0,0,1,0,0,0,0,0,0.39,0.17,0.17,0.15
job_t1,job,1,1b,1,4,0,0,0,0,0,0,0,0,0.36,0.11,0.11,0.1
job_t1,job,1,1c,1,"tie:2,3,4",0,1,0,0,0,0,0,0,0.255,0.21,0.21,0.21
job_t1,job,1,1d,1,"tie:2,4",0,1,0,0,0,0,0,0,0.37,0.11,0.115,0.11
job_t1,job,1,2a,1,4,0,0,1,0,0,0,0,0,0.635,0.36,0.36,0.3
job_t1,job,1,2b,1,4,0,0,1,0,0,0,0,0,0.625,0.34,0.34,0.29
job_t1,job,1,2c,1,4,0,0,1,0,0,0,0,0,0.585,0.09,0.09,0.08
job_t1,job,1,2d,1,4,0,0,1,0,0,0,0,0,0.66,0.545,0.55,0.34
job_t1,job,1,3a,1,4,1,0,1,0,0,0,0,0,1.91,1.3,1.29,1.18
job_t1,job,1,3b,1,1,0,0,0,0,0,0,0,0,0.94,0.99,0.99,0.99
job_t1,job,1,3c,1,4,1,0,1,0,0,0,0,0,2.255,1.41,1.4,1.225
job_t1,job,1,4a,1,4,1,0,1,0,0,0,0,0,0.685,0.42,0.415,0.3
job_t1,job,1,4b,1,"tie:2,3,4",0,1,0,0,0,0,0,0,0.335,0.28,0.28,0.28
job_t1,job,1,4c,1,4,0,0,1,0,0,0,0,0,0.885,0.535,0.54,0.34
job_t1,job,1,5a,1,"tie:2,4",0,1,0,0,0,0,0,0,1.89,0.08,0.085,0.08
job_t1,job,1,5b,1,"tie:2,3,4",0,1,0,0,0,0,0,0,1.21,0.2,0.2,0.2
job_t1,job,1,5c,1,4,0,1,0,0,0,0,0,0,2.21,1.14,1.14,1.11
job_t1,job,1,6a,1,4,0,1,0,0,0,0,0,0,0.68,0.55,0.55,0.53
job_t1,job,1,6b,1,4,1,1,0,0,0,0,0,0,0.73,0.48,0.475,0.46
job_t1,job,1,6c,1,2,0,1,0,0,0,0,0,0,0.665,0.425,0.43,0.43
job_t1,job,1,6d,1,4,0,0,1,0,0,0,0,0,0.94,0.96,0.96,0.55
job_t1,job,1,6e,1,4,1,0,1,0,0,0,0,0,0.68,0.605,0.6,0.435
job_t1,job,1,6f,1,2,0,0,0,1,0,0,0,0,12.775,12.725,15.445,12.925
job_t1,job,1,7a,1,"tie:3,4",0,1,0,0,0,0,0,0,3.175,1.105,1.09,1.09
job_t1,job,1,7b,1,"tie:2,4",0,1,0,0,0,0,0,0,2.845,0.97,0.975,0.97
job_t1,job,1,7c,1,4,0,1,0,0,0,0,0,0,5.7,2.365,2.38,2.35
job_t1,job,1,8a,1,4,0,1,0,0,0,0,0,0,1.43,0.825,0.825,0.79
job_t1,job,1,8b,1,"tie:2,4",0,1,0,0,0,0,0,0,1.255,0.65,0.66,0.65
job_t1,job,1,8c,1,2,0,0,0,0,0,0,0,0,2.585,2.545,2.765,2.55
job_t1,job,1,8d,1,2,0,0,0,0,0,0,0,0,1.165,1.135,1.19,1.14
job_t1,job,1,9a,1,4,1,0,1,0,0,0,0,0,1.655,1.24,1.235,1.055
job_t1,job,1,9b,1,4,1,0,0,0,0,0,0,0,1.845,0.885,0.875,0.84
job_t1,job,1,9c,1,4,0,0,1,0,0,0,0,0,1.78,1.275,1.295,0.925
job_t1,job,1,9d,1,4,0,0,1,0,0,0,0,0,2.115,1.96,1.99,1.445
job_t1,job,1,10a,1,4,1,0,1,0,0,0,0,0,1.395,0.99,0.98,0.84
job_t1,job,1,10b,1,4,0,0,0,0,0,0,0,0,1.205,0.72,0.72,0.68
job_t1,job,1,10c,1,1,0,0,0,0,0,1,0,0,2.295,2.34,2.34,2.845
job_t1,job,1,11a,1,"tie:2,3,4",0,1,0,0,0,0,0,0,0.18,0.14,0.14,0.14
job_t1,job,1,11b,1,1,0,0,0,0,1,1,1,0,0.185,0.27,0.27,0.265
job_t1,job,1,11c,1,4,0,0,0,0,0,0,0,0,0.26,0.17,0.17,0.16
job_t1,job,1,11d,1,4,0,0,1,0,0,0,0,0,0.275,0.235,0.24,0.18
job_t1,job,1,12a,1,4,1,0,1,0,0,0,0,0,0.625,0.325,0.32,0.27
job_t1,job,1,12b,1,4,0,1,0,0,0,0,0,0,0.55,0.32,0.32,0.305
job_t1,job,1,12c,1,4,0,0,1,0,0,0,0,0,0.775,0.45,0.45,0.33
job_t1,job,1,13a,1,4,0,0,0,0,0,0,0,0,3.92,0.555,0.555,0.515
job_t1,job,1,13b,1,4,1,0,1,0,0,0,0,0,1.26,0.305,0.3,0.26
job_t1,job,1,13c,1,4,0,0,1,0,0,0,0,0,1.12,0.24,0.24,0.2
job_t1,job,1,13d,1,2,0,1,0,0,0,0,0,0,3.02,1.17,1.26,1.19
job_t1,job,1,14a,1,4,0,1,0,0,0,0,0,0,2.035,0.24,0.24,0.23
job_t1,job,1,14b,1,"tie:2,3,4",0,1,0,0,0,0,0,0,1.825,0.24,0.24,0.24
job_t1,job,1,14c,1,4,0,0,1,0,0,0,0,0,2.255,0.4,0.41,0.32
job_t1,job,1,15a,1,4,0,0,0,0,0,0,0,0,1.49,0.9,0.905,0.83
job_t1,job,1,15b,1,4,1,0,0,0,0,0,0,0,1.38,0.71,0.69,0.665
job_t1,job,1,15c,1,4,1,0,1,0,0,0,0,0,1.51,0.86,0.855,0.71
job_t1,job,1,15d,1,4,1,0,1,0,0,0,0,0,0.92,0.73,0.725,0.515
job_t1,job,1,16a,1,4,0,0,1,0,0,0,0,0,6.27,1.26,1.28,0.92
job_t1,job,1,16b,0,censored,0,0,0,0,0,0,0,0,148.14,4.73,4.87,4.295
job_t1,job,1,16c,1,4,0,0,1,0,0,0,0,0,20.405,2.54,2.6,2.215
job_t1,job,1,16d,1,4,0,0,1,0,0,0,0,0,19.67,2.45,2.49,2.16
job_t1,job,1,17a,1,4,0,1,0,0,0,0,0,0,23.84,2.085,2.25,2.055
job_t1,job,1,17b,0,censored,0,0,0,0,0,0,0,0,8.5,1.455,1.475,1.785
job_t1,job,1,17c,0,censored,0,0,0,0,0,0,0,0,7.62,0.95,0.94,0.765
job_t1,job,1,17d,0,censored,0,0,0,0,0,0,0,0,14.3,1.355,1.37,1.18
job_t1,job,1,17e,0,censored,0,0,0,0,0,0,0,0,126.995,3.635,3.91,3.135
job_t1,job,1,17f,0,censored,0,0,0,0,0,0,0,0,30.11,2.005,2.01,1.805
job_t1,job,1,18a,1,4,1,0,1,0,0,0,0,0,2.015,1.54,1.51,1.39
job_t1,job,1,18b,1,2,0,1,0,0,0,0,0,0,2.935,1.525,1.535,1.55
job_t1,job,1,18c,1,2,0,0,0,0,0,0,0,0,3.835,2.085,2.095,2.255
job_t1,job,1,19a,1,4,1,0,1,0,0,0,0,0,2.765,1.415,1.405,1.285
job_t1,job,1,19b,1,2,0,1,0,0,0,0,0,0,2.225,1.145,1.155,1.15
job_t1,job,1,19c,1,4,0,0,1,0,0,0,0,0,2.65,1.41,1.415,1.16
job_t1,job,1,19d,1,4,0,0,1,0,0,0,0,0,3.64,2.25,2.3,1.74
job_t1,job,1,20a,1,4,1,0,1,0,0,0,0,0,9.57,1.445,1.44,1.29
job_t1,job,1,20b,1,4,0,1,0,0,0,0,0,0,1.545,0.97,0.98,0.93
job_t1,job,1,20c,1,4,0,0,1,0,0,0,0,0,9.48,1.865,1.9,1.655
job_t1,job,1,21a,1,"tie:2,3,4",0,1,0,0,0,0,0,0,0.37,0.24,0.24,0.24
job_t1,job,1,21b,1,4,0,1,0,0,0,0,0,0,0.32,0.24,0.24,0.23
job_t1,job,1,21c,1,4,0,1,0,0,0,0,0,0,0.435,0.245,0.245,0.24
job_t1,job,1,22a,1,4,0,0,1,0,0,0,0,0,1.79,0.66,0.67,0.6
job_t1,job,1,22b,1,4,0,0,0,0,0,0,0,0,1.71,0.645,0.65,0.59
job_t1,job,1,22c,1,4,0,0,1,0,0,0,0,0,2.485,0.71,0.71,0.61
job_t1,job,1,22d,1,4,0,0,1,0,0,0,0,0,3.525,0.59,0.6,0.46
job_t1,job,1,23a,1,4,0,1,0,0,0,0,0,0,1.225,0.6,0.6,0.58
job_t1,job,1,23b,1,3,0,1,0,0,0,0,0,0,1.165,0.585,0.58,0.585
job_t1,job,1,23c,1,4,1,0,1,0,0,0,0,0,1.305,0.74,0.735,0.67
job_t1,job,1,24a,1,4,0,0,0,0,0,0,0,0,2.825,1.405,1.405,1.28
job_t1,job,1,24b,1,4,0,1,0,0,0,0,0,0,2.46,1.06,1.065,1.03
job_t1,job,1,25a,1,4,1,0,0,0,0,0,0,0,3.975,1.935,1.915,1.795
job_t1,job,1,25b,1,3,0,1,0,0,0,0,0,0,3.56,1.53,1.525,1.53
job_t1,job,1,25c,1,4,1,0,0,0,0,0,0,0,4.405,2.66,2.605,2.51
job_t1,job,1,26a,1,4,0,0,1,0,0,0,0,0,6.945,1.735,1.74,1.565
job_t1,job,1,26b,1,4,0,0,0,0,0,0,0,0,6.095,1.37,1.38,1.3
job_t1,job,1,26c,1,4,0,0,0,0,0,0,0,0,6.91,1.56,1.57,1.47
job_t1,job,1,27a,1,4,0,1,0,0,0,0,0,0,0.315,0.25,0.25,0.245
job_t1,job,1,27b,1,"tie:2,3,4",0,1,0,0,0,0,0,0,0.26,0.21,0.21,0.21
job_t1,job,1,27c,1,4,0,1,0,0,0,0,0,0,0.4,0.245,0.25,0.24
job_t1,job,1,28a,1,4,1,0,1,0,0,0,0,0,3.18,0.665,0.66,0.6
job_t1,job,1,28b,1,4,0,1,0,0,0,0,0,0,1.665,0.6,0.6,0.58
job_t1,job,1,28c,1,4,0,0,1,0,0,0,0,0,3.205,0.69,0.695,0.61
job_t1,job,1,29a,1,4,0,1,0,0,0,0,0,0,2.865,1.085,1.105,1.075
job_t1,job,1,29b,1,4,1,1,0,0,0,0,0,0,1.62,0.995,0.99,0.975
job_t1,job,1,29c,1,4,0,0,0,0,0,0,0,0,4.495,1.33,1.335,1.23
job_t1,job,1,30a,1,4,1,1,0,0,0,0,0,0,3.935,1.85,1.845,1.79
job_t1,job,1,30b,1,4,1,1,0,0,0,0,0,0,3.65,1.64,1.63,1.565
job_t1,job,1,30c,1,4,1,1,0,0,0,0,0,0,4.68,2.095,2.075,2.01
job_t1,job,1,31a,1,4,1,0,0,0,0,0,0,0,4.22,1.795,1.775,1.68
job_t1,job,1,31b,1,4,1,1,0,0,0,0,0,0,3.69,1.6,1.59,1.585
job_t1,job,1,31c,1,4,0,0,1,0,0,0,0,0,5.905,2.21,2.225,1.885
job_t1,job,1,32a,1,4,0,0,1,0,0,0,0,0,0.165,0.05,0.05,0.04
job_t1,job,1,32b,1,4,0,0,1,0,0,0,0,0,0.35,0.29,0.29,0.225
job_t1,job,1,33a,1,"tie:2,3,4",0,1,0,0,0,0,0,0,0.64,0.19,0.19,0.19
job_t1,job,1,33b,1,4,0,1,0,0,0,0,0,0,0.53,0.175,0.175,0.17
job_t1,job,1,33c,1,4,1,0,1,0,0,0,0,0,0.83,0.325,0.32,0.29
tpch_sf10_t1,TPCH SF10,1,Q01,1,"tie:2,3",0,0,0,0,0,0,0,0,3.18,3.17,3.17,3.18
tpch_sf10_t1,TPCH SF10,1,Q02,1,2,0,0,0,0,0,0,0,0,0.97,0.725,0.735,0.77
tpch_sf10_t1,TPCH SF10,1,Q03,1,1,0,0,0,0,0,0,0,0,4.695,4.75,5.225,4.76
tpch_sf10_t1,TPCH SF10,1,Q04,1,"tie:1,2,4",0,0,0,1,0,0,0,0,3,3,3.7,3
tpch_sf10_t1,TPCH SF10,1,Q05,0,censored,0,0,0,0,0,0,0,0,7.56,6.69,7.35,4.625
tpch_sf10_t1,TPCH SF10,1,Q06,1,"tie:1,2,3,4",0,0,0,0,0,0,0,0,0.99,0.99,0.99,0.99
tpch_sf10_t1,TPCH SF10,1,Q07,1,4,0,0,0,0,0,0,0,0,7.61,2.17,2.185,2.03
tpch_sf10_t1,TPCH SF10,1,Q08,1,4,0,0,1,0,0,0,0,0,7.27,2.61,2.635,2.275
tpch_sf10_t1,TPCH SF10,1,Q09,1,4,0,0,1,0,0,0,0,0,14.975,5.515,5.88,4.885
tpch_sf10_t1,TPCH SF10,1,Q10,1,2,0,1,0,0,0,0,0,0,4.335,2.695,2.74,2.72
tpch_sf10_t1,TPCH SF10,1,Q11,1,4,0,0,1,0,0,0,0,0,0.68,0.69,0.685,0.47
tpch_sf10_t1,TPCH SF10,1,Q12,1,4,0,0,1,1,0,0,0,0,2.15,2.135,2.395,1.63
tpch_sf10_t1,TPCH SF10,1,Q13,1,3,0,0,0,0,0,0,0,0,5.14,5.13,4.93,5.17
tpch_sf10_t1,TPCH SF10,1,Q14,1,4,0,0,1,0,0,0,0,0,3.07,3.065,3.175,1.3
tpch_sf10_t1,TPCH SF10,1,Q15,1,4,0,0,0,0,0,0,0,0,1.23,1.23,1.23,1.22
tpch_sf10_t1,TPCH SF10,1,Q16,1,2,0,0,0,0,0,0,0,0,1.24,1.235,1.24,1.24
tpch_sf10_t1,TPCH SF10,1,Q17,1,4,0,0,1,0,0,0,0,0,4.53,4.5,4.515,3.22
tpch_sf10_t1,TPCH SF10,1,Q18,1,"tie:1,4",0,0,0,1,0,0,0,0,16.015,16.05,18.76,16.015
tpch_sf10_t1,TPCH SF10,1,Q19,1,4,0,0,1,0,0,0,0,0,4.23,4.22,4.465,2.72
tpch_sf10_t1,TPCH SF10,1,Q20,1,"tie:2,3,4",0,1,0,0,0,0,0,0,3.275,2.39,2.39,2.39
tpch_sf10_t1,TPCH SF10,1,Q21,1,4,0,0,0,1,0,0,0,0,12.29,8.705,10.715,8.26
tpch_sf10_t1,TPCH SF10,1,Q22,1,"tie:3,4",0,0,0,0,0,0,0,0,1.41,1.41,1.4,1.4
tpch_sf20_t1,TPCH SF20,1,Q01,1,"tie:2,4",0,0,0,0,0,0,0,0,6.49,6.475,6.48,6.475
tpch_sf20_t1,TPCH SF20,1,Q02,1,3,0,0,0,0,0,0,0,0,1.895,1.39,1.385,1.495
tpch_sf20_t1,TPCH SF20,1,Q03,1,1,0,0,0,1,0,0,0,0,9.555,9.59,10.755,9.665
tpch_sf20_t1,TPCH SF20,1,Q04,1,2,0,0,0,1,0,0,0,0,6.245,6.17,7.735,6.19
tpch_sf20_t1,TPCH SF20,1,Q05,0,censored,0,0,0,0,0,0,0,0,15.51,13.725,15.195,10.13
tpch_sf20_t1,TPCH SF20,1,Q06,1,"tie:1,2",0,0,0,0,0,0,0,0,2.02,2.02,2.025,2.025
tpch_sf20_t1,TPCH SF20,1,Q07,1,4,0,0,0,0,0,0,0,0,14.42,4.525,4.545,4.26
tpch_sf20_t1,TPCH SF20,1,Q08,1,4,0,0,1,0,0,0,0,0,14.485,5.225,5.225,4.55
tpch_sf20_t1,TPCH SF20,1,Q09,1,4,0,0,0,0,0,0,0,0,30.46,11.25,12.13,10.455
tpch_sf20_t1,TPCH SF20,1,Q10,1,2,0,1,0,0,0,0,0,0,8.79,5.5,5.61,5.57
tpch_sf20_t1,TPCH SF20,1,Q11,1,4,0,0,1,0,0,0,0,0,1.32,1.3,1.31,0.89
tpch_sf20_t1,TPCH SF20,1,Q12,1,4,0,0,1,1,0,0,0,0,4.325,4.31,4.885,3.26
tpch_sf20_t1,TPCH SF20,1,Q13,1,2,0,0,0,0,0,0,0,0,10.605,10.52,10.595,10.58
tpch_sf20_t1,TPCH SF20,1,Q14,1,4,0,0,1,0,0,0,0,0,6.08,6.04,6.25,2.565
tpch_sf20_t1,TPCH SF20,1,Q15,1,4,0,0,0,0,0,0,0,0,2.58,2.57,2.57,2.555
tpch_sf20_t1,TPCH SF20,1,Q16,1,"tie:2,3",0,0,0,0,0,0,0,0,2.51,2.505,2.505,2.51
tpch_sf20_t1,TPCH SF20,1,Q17,1,4,0,0,1,0,0,0,0,0,9.565,9.53,9.56,6.68
tpch_sf20_t1,TPCH SF20,1,Q18,1,4,0,0,0,1,0,0,0,0,33.33,33.335,39.59,33.2
tpch_sf20_t1,TPCH SF20,1,Q19,1,4,0,0,1,0,0,0,0,0,8.38,8.37,8.82,5.46
tpch_sf20_t1,TPCH SF20,1,Q20,1,2,0,1,0,0,0,0,0,0,6.65,4.915,4.92,4.93
tpch_sf20_t1,TPCH SF20,1,Q21,1,4,0,1,0,1,0,0,0,0,25.48,18.115,22.69,17.295
tpch_sf20_t1,TPCH SF20,1,Q22,1,"tie:1,2",0,0,0,1,0,0,0,0,2.89,2.89,3.35,2.9
tpch_sf50_t1,TPCH SF50,1,Q01,1,2,0,0,0,0,0,0,0,0,16.08,16.07,16.1,16.135
tpch_sf50_t1,TPCH SF50,1,Q02,1,3,0,0,0,0,0,0,0,0,4.685,3.44,3.365,3.69
tpch_sf50_t1,TPCH SF50,1,Q03,1,1,0,0,0,1,0,0,0,0,23.45,23.475,27.36,23.635
tpch_sf50_t1,TPCH SF50,1,Q04,1,1,0,0,0,1,0,0,0,0,16.005,16.07,21.24,16.03
tpch_sf50_t1,TPCH SF50,1,Q05,0,censored,0,0,0,0,0,0,0,0,40.305,36.36,39.075,27.15
tpch_sf50_t1,TPCH SF50,1,Q06,1,1,0,0,0,0,0,0,0,0,5,5.02,5.02,5.04
tpch_sf50_t1,TPCH SF50,1,Q07,1,4,0,0,0,0,0,0,0,0,39.42,11.55,11.665,10.975
tpch_sf50_t1,TPCH SF50,1,Q08,1,4,0,0,1,0,0,0,0,0,36.49,13.225,13.375,11.67
tpch_sf50_t1,TPCH SF50,1,Q09,1,4,0,1,0,0,0,0,0,0,76.49,28.735,31.285,27.65
tpch_sf50_t1,TPCH SF50,1,Q10,1,2,0,1,0,0,0,0,0,0,22.335,14.13,14.44,14.31
tpch_sf50_t1,TPCH SF50,1,Q11,1,4,0,0,1,0,0,0,0,0,3.24,3.15,3.15,2.135
tpch_sf50_t1,TPCH SF50,1,Q12,1,4,0,0,1,1,0,0,0,0,11.25,11.16,13.54,7.995
tpch_sf50_t1,TPCH SF50,1,Q13,1,2,0,0,0,1,0,0,0,0,27.405,27.27,30.095,27.305
tpch_sf50_t1,TPCH SF50,1,Q14,1,4,0,0,1,0,0,0,0,0,15.2,15.055,15.725,6.36
tpch_sf50_t1,TPCH SF50,1,Q15,1,"tie:1,4",0,0,0,0,0,0,0,0,6.48,6.485,6.52,6.48
tpch_sf50_t1,TPCH SF50,1,Q16,1,3,0,0,0,0,0,0,0,0,6.455,6.44,6.43,6.435
tpch_sf50_t1,TPCH SF50,1,Q17,1,4,0,0,1,0,0,0,0,0,25.3,25.15,25.19,17.3
tpch_sf50_t1,TPCH SF50,1,Q18,1,2,0,0,0,1,0,0,0,0,85.485,84.985,105.56,85.54
tpch_sf50_t1,TPCH SF50,1,Q19,1,4,0,0,1,0,0,0,0,0,20.765,20.69,22.045,13.61
tpch_sf50_t1,TPCH SF50,1,Q20,1,3,0,1,0,0,0,0,0,0,16.905,11.985,11.935,11.945
tpch_sf50_t1,TPCH SF50,1,Q21,1,4,0,1,0,1,0,0,0,0,66.625,48.315,63.025,46.045
tpch_sf50_t1,TPCH SF50,1,Q22,1,2,0,0,0,1,0,0,0,0,8.38,8.325,11.205,8.35
tpch_sf100_t1,TPCH SF100,1,Q01,1,2,0,0,0,0,0,0,0,0,31.265,31.2,31.265,31.235
tpch_sf100_t1,TPCH SF100,1,Q02,1,3,0,0,0,0,0,0,0,0,9.59,6.81,6.74,7.375
tpch_sf100_t1,TPCH SF100,1,Q03,1,1,0,0,0,1,0,0,0,0,46.4,46.9,55.83,46.795
tpch_sf100_t1,TPCH SF100,1,Q04,1,4,0,0,0,1,0,0,0,0,32.795,32.67,44.48,32.57
tpch_sf100_t1,TPCH SF100,1,Q05,0,censored,0,0,0,0,0,0,0,0,81.725,73.4,80.93,58.19
tpch_sf100_t1,TPCH SF100,1,Q06,1,1,0,0,0,0,0,0,0,0,9.095,9.105,9.105,9.1
tpch_sf100_t1,TPCH SF100,1,Q07,1,4,0,0,0,0,0,0,0,0,80.04,22.92,23.035,21.355
tpch_sf100_t1,TPCH SF100,1,Q08,1,4,0,0,1,0,0,0,0,0,72.745,26.98,27.305,23.375
tpch_sf100_t1,TPCH SF100,1,Q09,1,4,0,1,0,1,0,0,0,0,158.375,57.905,64.395,57.595
tpch_sf100_t1,TPCH SF100,1,Q10,1,2,0,1,0,0,0,0,0,0,44.24,28.07,28.605,28.485
tpch_sf100_t1,TPCH SF100,1,Q11,1,4,1,0,1,0,0,0,0,0,6.425,6.295,6.265,4.255
tpch_sf100_t1,TPCH SF100,1,Q12,1,4,0,0,1,1,0,0,0,0,22.78,22.835,29.1,15.735
tpch_sf100_t1,TPCH SF100,1,Q13,1,2,0,0,0,1,0,0,0,0,55.735,55.235,63.67,55.475
tpch_sf100_t1,TPCH SF100,1,Q14,1,4,0,0,1,0,0,0,0,0,30.465,30.44,31.75,12.72
tpch_sf100_t1,TPCH SF100,1,Q15,1,4,0,0,0,0,0,0,0,0,12.36,12.335,12.425,12.275
tpch_sf100_t1,TPCH SF100,1,Q16,1,3,0,0,0,0,0,0,0,0,13.15,13.175,13.06,13.13
tpch_sf100_t1,TPCH SF100,1,Q17,1,4,0,0,1,0,0,0,0,0,52.305,52.555,52.49,35.72
tpch_sf100_t1,TPCH SF100,1,Q18,1,2,0,0,0,1,0,0,0,0,177.495,177.045,222.295,177.095
tpch_sf100_t1,TPCH SF100,1,Q19,1,4,0,0,1,0,0,0,0,0,41.825,41.635,44.295,27.71
tpch_sf100_t1,TPCH SF100,1,Q20,1,3,0,1,0,0,0,0,0,0,33.665,23.21,23.055,23.1
tpch_sf100_t1,TPCH SF100,1,Q21,1,4,0,1,0,1,0,0,0,0,138.54,100.7,133.31,96.665
tpch_sf100_t1,TPCH SF100,1,Q22,1,4,0,0,0,1,0,0,0,0,18.285,18.21,27.22,18.11
tpcds_sf10_t1,TPCDS SF10,1,Q01,1,"tie:1,2,4",0,0,0,1,0,0,0,0,0.92,0.92,1.13,0.92
tpcds_sf10_t1,TPCDS SF10,1,Q02,1,"tie:1,2,3",0,0,0,0,0,0,0,0,1.84,1.84,1.84,1.85
tpcds_sf10_t1,TPCDS SF10,1,Q03,1,"tie:2,3,4",0,1,0,0,0,0,0,0,1.18,0.82,0.82,0.82
tpcds_sf10_t1,TPCDS SF10,1,Q04,1,3,0,0,0,0,0,0,0,0,12.64,12.03,11.98,12.19
tpcds_sf10_t1,TPCDS SF10,1,Q05,1,"tie:2,4",0,1,0,1,0,0,0,0,2.15,1.64,1.85,1.64
tpcds_sf10_t1,TPCDS SF10,1,Q06,1,"tie:1,2,3,4",0,0,0,0,0,0,0,0,3.38,3.38,3.38,3.38
tpcds_sf10_t1,TPCDS SF10,1,Q07,1,2,0,1,0,0,0,0,0,0,2.46,1.33,1.34,1.34
tpcds_sf10_t1,TPCDS SF10,1,Q08,1,"tie:2,3,4",0,1,0,0,0,0,0,0,2.46,1.84,1.84,1.84
tpcds_sf10_t1,TPCDS SF10,1,Q09,1,"tie:1,2",0,0,0,0,0,0,0,0,3.17,3.17,3.18,3.18
tpcds_sf10_t1,TPCDS SF10,1,Q10,1,4,0,0,1,0,0,0,0,0,1.435,1.385,1.44,0.82
tpcds_sf10_t1,TPCDS SF10,1,Q11,1,3,0,0,0,0,0,0,0,0,8.8,8.09,8.04,8.14
tpcds_sf10_t1,TPCDS SF10,1,Q12,1,"tie:1,2,3,4",0,0,0,0,0,0,0,0,0.31,0.31,0.31,0.31
tpcds_sf10_t1,TPCDS SF10,1,Q13,1,4,0,0,0,0,0,0,0,0,2.665,2.77,2.82,2.62
tpcds_sf10_t1,TPCDS SF10,1,Q14,1,3,0,0,0,0,0,0,0,0,21.48,21.48,21.38,21.79
tpcds_sf10_t1,TPCDS SF10,1,Q15,1,"tie:1,2,3,4",0,0,0,0,0,0,0,0,0.21,0.21,0.21,0.21
tpcds_sf10_t1,TPCDS SF10,1,Q16,1,"tie:1,2,3,4",0,0,0,0,0,0,0,0,0.21,0.21,0.21,0.21
tpcds_sf10_t1,TPCDS SF10,1,Q17,1,"tie:2,3,4",0,1,0,0,0,0,0,0,2.77,1.23,1.23,1.23
tpcds_sf10_t1,TPCDS SF10,1,Q18,1,"tie:2,3,4",0,1,0,0,0,0,0,0,0.975,0.52,0.52,0.52
tpcds_sf10_t1,TPCDS SF10,1,Q19,1,"tie:3,4",0,0,1,0,0,0,0,1,1.49,0.92,0.82,0.82
tpcds_sf10_t1,TPCDS SF10,1,Q20,1,"tie:1,2,3,4",0,0,0,0,0,0,0,0,0.21,0.21,0.21,0.21
tpcds_sf10_t1,TPCDS SF10,1,Q21,1,"tie:2,3,4",0,1,0,0,0,0,0,0,0.41,0.31,0.31,0.31
tpcds_sf10_t1,TPCDS SF10,1,Q22,1,1,0,0,0,0,0,0,0,0,11.89,12.09,12,12
tpcds_sf10_t1,TPCDS SF10,1,Q23,1,1,0,0,0,0,0,0,0,0,11.825,12.08,11.93,12.09
tpcds_sf10_t1,TPCDS SF10,1,Q24,1,4,0,0,1,0,0,0,0,0,6.355,2.155,2.155,1.95
tpcds_sf10_t1,TPCDS SF10,1,Q25,1,"tie:2,4",0,1,0,0,0,0,0,0,2,1.13,1.23,1.13
tpcds_sf10_t1,TPCDS SF10,1,Q26,1,"tie:2,3,4",0,1,0,0,0,0,0,0,0.51,0.31,0.31,0.31
tpcds_sf10_t1,TPCDS SF10,1,Q27,1,"tie:2,3,4",0,1,0,0,0,0,0,0,5.48,2.67,2.67,2.67
tpcds_sf10_t1,TPCDS SF10,1,Q28,1,"tie:1,2,3,4",0,0,0,0,0,0,0,0,3.38,3.38,3.38,3.38
tpcds_sf10_t1,TPCDS SF10,1,Q29,1,2,0,0,0,0,0,0,0,0,2.61,1.59,1.64,1.69
tpcds_sf10_t1,TPCDS SF10,1,Q30,1,"tie:1,2,3,4",0,0,0,0,0,0,0,0,0.31,0.31,0.31,0.31
tpcds_sf10_t1,TPCDS SF10,1,Q31,1,4,0,0,0,0,0,0,0,0,2.05,1.54,1.54,1.44
tpcds_sf10_t1,TPCDS SF10,1,Q32,1,"tie:1,2,3,4",0,0,0,0,0,0,0,0,0.11,0.11,0.11,0.11
tpcds_sf10_t1,TPCDS SF10,1,Q33,1,"tie:2,3,4",0,1,0,0,0,0,0,0,1.33,0.93,0.93,0.93
tpcds_sf10_t1,TPCDS SF10,1,Q34,1,"tie:2,3,4",0,1,0,0,0,0,0,0,1.79,1.03,1.03,1.03
tpcds_sf10_t1,TPCDS SF10,1,Q35,1,4,0,0,1,1,0,0,0,0,2.05,2.05,2.26,1.8
tpcds_sf10_t1,TPCDS SF10,1,Q36,1,2,0,0,0,0,0,0,0,0,2.15,1.33,1.34,1.44
tpcds_sf10_t1,TPCDS SF10,1,Q37,1,4,1,0,1,0,0,0,0,0,17.145,0.52,0.515,0.41
tpcds_sf10_t1,TPCDS SF10,1,Q38,1,4,0,0,1,0,0,0,0,0,2.87,2.97,2.97,2.56
tpcds_sf10_t1,TPCDS SF10,1,Q39,1,"tie:1,2,3",0,0,0,0,0,0,0,0,0.93,0.93,0.93,0.98
tpcds_sf10_t1,TPCDS SF10,1,Q40,1,4,0,0,1,0,0,0,0,0,0.31,0.21,0.21,0.11
tpcds_sf10_t1,TPCDS SF10,1,Q41,1,"tie:1,2,3,4",0,0,0,0,0,0,0,0,0.11,0.11,0.11,0.11
tpcds_sf10_t1,TPCDS SF10,1,Q42,1,"tie:2,3,4",0,1,0,0,0,0,0,0,0.98,0.62,0.62,0.62
tpcds_sf10_t1,TPCDS SF10,1,Q43,1,3,0,1,0,0,0,0,0,0,1.64,1.03,0.98,1.03
tpcds_sf10_t1,TPCDS SF10,1,Q44,1,4,1,0,0,0,0,0,0,0,94.57,94.145,93.49,86.61
tpcds_sf10_t1,TPCDS SF10,1,Q45,1,"tie:2,3,4",0,1,0,0,0,0,0,0,0.52,0.41,0.41,0.41
tpcds_sf10_t1,TPCDS SF10,1,Q46,1,4,0,1,0,0,0,0,0,0,2.615,1.64,1.64,1.59
tpcds_sf10_t1,TPCDS SF10,1,Q47,1,1,0,0,0,0,0,0,0,0,4.05,4.15,4.1,4.1
tpcds_sf10_t1,TPCDS SF10,1,Q48,1,1,0,0,0,0,0,0,0,0,2.36,2.46,2.56,2.41
tpcds_sf10_t1,TPCDS SF10,1,Q49,1,"tie:2,3,4",0,1,0,0,0,0,0,0,1.33,1.13,1.13,1.13
tpcds_sf10_t1,TPCDS SF10,1,Q50,1,4,1,0,1,0,0,0,0,0,5.38,1.49,1.44,1.33
tpcds_sf10_t1,TPCDS SF10,1,Q51,1,4,0,0,0,0,0,0,0,0,9.63,9.73,9.63,9.32
tpcds_sf10_t1,TPCDS SF10,1,Q52,1,"tie:2,3,4",0,1,0,0,0,0,0,0,1.03,0.62,0.62,0.62
tpcds_sf10_t1,TPCDS SF10,1,Q53,1,"tie:2,3,4",0,1,0,0,0,0,0,0,1.44,0.82,0.82,0.82
tpcds_sf10_t1,TPCDS SF10,1,Q54,0,censored,0,0,0,0,0,0,0,0,,,,
tpcds_sf10_t1,TPCDS SF10,1,Q55,1,"tie:2,3,4",0,1,0,0,0,0,0,0,0.98,0.62,0.62,0.62
tpcds_sf10_t1,TPCDS SF10,1,Q56,1,"tie:2,3,4",0,1,0,0,0,0,0,0,1.33,0.93,0.93,0.93
tpcds_sf10_t1,TPCDS SF10,1,Q57,1,"tie:1,2,3,4",0,0,0,0,0,0,0,0,1.64,1.64,1.64,1.64
tpcds_sf10_t1,TPCDS SF10,1,Q58,1,"tie:1,2,3,4",0,0,0,0,0,0,0,0,3.48,3.48,3.48,3.48
tpcds_sf10_t1,TPCDS SF10,1,Q59,1,"tie:1,2,3,4",0,0,0,0,0,0,0,0,3.38,3.38,3.38,3.38
tpcds_sf10_t1,TPCDS SF10,1,Q60,1,"tie:2,3,4",0,1,0,0,0,0,0,0,1.59,1.13,1.13,1.13
tpcds_sf10_t1,TPCDS SF10,1,Q61,1,4,0,0,0,0,0,0,0,0,2.26,1.44,1.44,1.34
tpcds_sf10_t1,TPCDS SF10,1,Q62,1,"tie:1,2,3,4",0,0,0,0,0,0,0,0,0.82,0.82,0.82,0.82
tpcds_sf10_t1,TPCDS SF10,1,Q63,1,"tie:2,3,4",0,1,0,0,0,0,0,0,1.44,0.82,0.82,0.82
tpcds_sf10_t1,TPCDS SF10,1,Q64,1,4,0,0,1,1,0,0,0,0,10.545,3.49,4.05,2.41
tpcds_sf10_t1,TPCDS SF10,1,Q65,1,4,0,0,0,0,0,0,0,0,5.18,5.13,5.13,4.77
tpcds_sf10_t1,TPCDS SF10,1,Q66,1,"tie:2,3,4",0,1,0,0,0,0,0,0,0.92,0.52,0.52,0.52
tpcds_sf10_t1,TPCDS SF10,1,Q67,1,3,0,0,0,0,0,0,0,0,18.9,18.915,18.66,19.27
tpcds_sf10_t1,TPCDS SF10,1,Q68,1,4,0,1,0,0,0,0,0,0,2.46,1.54,1.54,1.49
tpcds_sf10_t1,TPCDS SF10,1,Q69,1,4,0,0,1,0,0,0,0,0,1.33,1.33,1.33,0.72
tpcds_sf10_t1,TPCDS SF10,1,Q70,1,4,0,0,1,0,0,0,0,0,3.58,3.28,3.28,2.87
tpcds_sf10_t1,TPCDS SF10,1,Q71,1,4,0,0,1,0,0,0,0,0,1.44,1.33,1.34,0.82
tpcds_sf10_t1,TPCDS SF10,1,Q72,0,censored,0,0,0,0,0,0,0,0,219.195,3.89,3.84,3.84
tpcds_sf10_t1,TPCDS SF10,1,Q73,1,2,0,1,0,0,0,0,0,0,1.64,0.92,0.93,0.93
tpcds_sf10_t1,TPCDS SF10,1,Q74,1,2,0,0,0,0,0,0,0,0,5.74,5.22,5.23,5.275
tpcds_sf10_t1,TPCDS SF10,1,Q75,1,"tie:2,3,4",0,1,0,0,0,0,0,0,4.31,3.18,3.18,3.18
tpcds_sf10_t1,TPCDS SF10,1,Q76,1,4,0,0,1,0,0,0,0,0,1.8,1.85,1.75,1.34
tpcds_sf10_t1,TPCDS SF10,1,Q77,1,"tie:2,3,4",0,1,0,0,0,0,0,0,1.64,1.03,1.03,1.03
tpcds_sf10_t1,TPCDS SF10,1,Q78,1,4,0,0,1,0,0,0,0,0,7.79,7.79,8.2,6.36
tpcds_sf10_t1,TPCDS SF10,1,Q79,1,"tie:2,3",0,0,0,0,0,0,0,0,2.56,1.64,1.64,1.74
tpcds_sf10_t1,TPCDS SF10,1,Q80,1,4,0,0,1,0,0,0,0,0,3.18,1.75,1.75,1.44
tpcds_sf10_t1,TPCDS SF10,1,Q81,1,"tie:1,2,3,4",0,0,0,0,0,0,0,0,0.41,0.41,0.41,0.41
tpcds_sf10_t1,TPCDS SF10,1,Q82,1,4,0,0,1,0,0,0,0,0,20.22,0.82,0.82,0.52
tpcds_sf10_t1,TPCDS SF10,1,Q83,1,"tie:2,3,4",0,1,0,0,0,0,0,0,0.51,0.21,0.21,0.21
tpcds_sf10_t1,TPCDS SF10,1,Q84,1,4,0,0,1,0,0,0,0,0,0.51,0.31,0.31,0.21
tpcds_sf10_t1,TPCDS SF10,1,Q85,1,"tie:1,2,3,4",0,0,0,0,0,0,0,0,1.03,1.03,1.03,1.03
tpcds_sf10_t1,TPCDS SF10,1,Q86,1,1,0,0,0,0,1,1,1,0,0.51,0.62,0.62,0.62
tpcds_sf10_t1,TPCDS SF10,1,Q87,1,4,0,0,1,0,0,0,0,0,3.07,3.08,3.07,2.77
tpcds_sf10_t1,TPCDS SF10,1,Q88,1,4,0,1,0,0,0,0,0,0,5.47,2.71,2.77,2.66
tpcds_sf10_t1,TPCDS SF10,1,Q89,1,"tie:2,3,4",0,1,0,0,0,0,0,0,1.54,0.93,0.93,0.93
tpcds_sf10_t1,TPCDS SF10,1,Q90,1,"tie:2,3,4",0,1,0,0,0,0,0,0,0.51,0.31,0.31,0.31
tpcds_sf10_t1,TPCDS SF10,1,Q91,1,"tie:1,2,3,4",0,0,0,0,0,0,0,0,0.21,0.21,0.21,0.21
tpcds_sf10_t1,TPCDS SF10,1,Q92,1,4,0,0,1,0,0,0,0,0,0.51,0.41,0.41,0.31
tpcds_sf10_t1,TPCDS SF10,1,Q93,1,"tie:2,3",0,1,0,0,0,0,0,0,3.59,2.66,2.66,2.665
tpcds_sf10_t1,TPCDS SF10,1,Q94,1,2,0,0,0,0,0,0,0,0,0.52,0.51,0.52,0.52
tpcds_sf10_t1,TPCDS SF10,1,Q95,1,4,0,0,1,1,0,0,0,0,12.47,12.47,13.86,1.03
tpcds_sf10_t1,TPCDS SF10,1,Q96,1,"tie:2,3,4",0,1,0,0,0,0,0,0,0.82,0.52,0.52,0.52
tpcds_sf10_t1,TPCDS SF10,1,Q97,1,"tie:1,2,3",0,0,0,0,0,0,0,0,2.87,2.87,2.87,2.97
tpcds_sf10_t1,TPCDS SF10,1,Q98,1,4,0,0,1,0,0,0,0,0,1.03,0.72,0.72,0.62
tpcds_sf10_t1,TPCDS SF10,1,Q99,1,"tie:1,2,3",0,0,0,0,0,1,0,0,0.82,0.82,0.82,1.03
tpcds_sf20_t1,TPCDS SF20,1,Q01,1,1,0,0,0,1,0,0,0,0,1.44,1.54,1.95,1.54
tpcds_sf20_t1,TPCDS SF20,1,Q02,1,"tie:1,2,3",0,0,0,0,0,0,0,0,3.58,3.58,3.58,3.59
tpcds_sf20_t1,TPCDS SF20,1,Q03,1,"tie:2,3,4",0,1,0,0,0,0,0,0,2.255,1.49,1.49,1.49
tpcds_sf20_t1,TPCDS SF20,1,Q04,1,2,0,0,0,0,0,0,0,0,22.92,21.605,21.71,21.87
tpcds_sf20_t1,TPCDS SF20,1,Q05,1,"tie:2,4",0,1,0,1,0,0,0,0,4.1,3.18,3.69,3.18
tpcds_sf20_t1,TPCDS SF20,1,Q06,1,3,0,0,0,0,0,0,0,0,6.34,6.34,6.29,6.34
tpcds_sf20_t1,TPCDS SF20,1,Q07,1,"tie:2,3,4",0,1,0,0,0,0,0,0,4.66,2.46,2.46,2.46
tpcds_sf20_t1,TPCDS SF20,1,Q08,1,"tie:2,3,4",0,1,0,0,0,0,0,0,3.07,1.95,1.95,1.95
tpcds_sf20_t1,TPCDS SF20,1,Q09,1,"tie:1,2,3",0,0,0,0,0,0,0,0,6.24,6.24,6.24,6.25
tpcds_sf20_t1,TPCDS SF20,1,Q10,1,4,0,0,1,0,0,0,0,0,2.46,2.46,2.46,1.33
tpcds_sf20_t1,TPCDS SF20,1,Q11,1,2,0,0,0,0,0,0,0,0,15.76,14.54,14.545,14.75
tpcds_sf20_t1,TPCDS SF20,1,Q12,1,"tie:2,3,4",0,1,0,0,0,0,0,0,0.52,0.41,0.41,0.41
tpcds_sf20_t1,TPCDS SF20,1,Q13,1,1,0,0,0,0,0,0,0,0,4.97,5.225,5.23,5.02
tpcds_sf20_t1,TPCDS SF20,1,Q14,1,3,0,0,0,0,0,0,0,0,39.87,39.84,39.785,40.445
tpcds_sf20_t1,TPCDS SF20,1,Q15,1,"tie:1,2,3,4",0,0,0,0,0,0,0,0,0.31,0.31,0.31,0.31
tpcds_sf20_t1,TPCDS SF20,1,Q16,1,3,0,0,0,0,0,0,0,0,0.41,0.41,0.31,0.41
tpcds_sf20_t1,TPCDS SF20,1,Q17,1,"tie:2,3",0,1,0,0,0,0,0,0,5.125,2.26,2.26,2.36
tpcds_sf20_t1,TPCDS SF20,1,Q18,1,4,0,0,1,0,0,0,0,0,1.33,0.82,0.82,0.72
tpcds_sf20_t1,TPCDS SF20,1,Q19,1,"tie:2,3,4",0,1,0,0,0,0,0,0,2.72,1.54,1.54,1.54
tpcds_sf20_t1,TPCDS SF20,1,Q20,1,"tie:1,2,3,4",0,0,0,0,0,0,0,0,0.21,0.21,0.21,0.21
tpcds_sf20_t1,TPCDS SF20,1,Q21,1,"tie:1,2,3,4",0,0,0,0,0,0,0,0,0.11,0.11,0.11,0.11
tpcds_sf20_t1,TPCDS SF20,1,Q22,1,"tie:1,2,3,4",0,0,0,0,0,0,0,0,1.64,1.64,1.64,1.64
tpcds_sf20_t1,TPCDS SF20,1,Q23,1,1,0,0,0,0,0,0,0,0,24.2,24.41,24.625,24.675
tpcds_sf20_t1,TPCDS SF20,1,Q24,1,2,0,0,0,0,0,0,0,0,6.6,3.13,3.28,3.49
tpcds_sf20_t1,TPCDS SF20,1,Q25,1,4,0,1,0,0,0,0,0,0,3.28,2.155,2.16,2.1
tpcds_sf20_t1,TPCDS SF20,1,Q26,1,3,0,1,0,0,0,0,0,0,0.82,0.52,0.515,0.52
tpcds_sf20_t1,TPCDS SF20,1,Q27,1,2,0,1,0,0,0,0,0,0,11.92,5.17,5.225,5.175
tpcds_sf20_t1,TPCDS SF20,1,Q28,1,"tie:1,2,3",0,0,0,0,0,0,0,0,6.65,6.65,6.65,6.66
tpcds_sf20_t1,TPCDS SF20,1,Q29,1,3,0,1,0,0,0,0,0,0,4.3,3.125,2.975,3.23
tpcds_sf20_t1,TPCDS SF20,1,Q30,1,4,0,0,1,0,0,0,0,0,0.41,0.41,0.41,0.36
tpcds_sf20_t1,TPCDS SF20,1,Q31,1,4,0,1,0,0,0,0,0,0,3.89,2.77,2.77,2.67
tpcds_sf20_t1,TPCDS SF20,1,Q32,1,"tie:2,3,4",0,1,0,0,0,0,0,0,0.16,0.11,0.11,0.11
tpcds_sf20_t1,TPCDS SF20,1,Q33,1,"tie:2,3,4",0,1,0,0,0,0,0,0,2.46,1.75,1.75,1.75
tpcds_sf20_t1,TPCDS SF20,1,Q34,1,"tie:2,3",0,1,0,0,0,0,0,0,3.99,1.95,1.95,2.05
tpcds_sf20_t1,TPCDS SF20,1,Q35,1,4,0,0,1,0,0,0,0,0,4.2,4.1,4.2,2.87
tpcds_sf20_t1,TPCDS SF20,1,Q36,1,4,0,0,1,0,0,0,0,0,4.71,4.82,4.87,4.2
tpcds_sf20_t1,TPCDS SF20,1,Q37,0,censored,0,0,0,0,0,0,0,0,0.92,0.31,0.31,0.21
tpcds_sf20_t1,TPCDS SF20,1,Q38,1,4,0,0,1,0,0,0,0,0,5.32,5.53,5.53,4.81
tpcds_sf20_t1,TPCDS SF20,1,Q39,1,"tie:1,2,3,4",0,0,0,0,0,0,0,0,0.21,0.21,0.21,0.21
tpcds_sf20_t1,TPCDS SF20,1,Q40,1,4,0,0,1,0,0,0,0,0,0.46,0.41,0.41,0.11
tpcds_sf20_t1,TPCDS SF20,1,Q41,1,"tie:1,2,3,4",0,0,0,0,0,0,0,0,0.11,0.11,0.11,0.11
tpcds_sf20_t1,TPCDS SF20,1,Q42,1,"tie:2,3,4",0,1,0,0,0,0,0,0,1.895,1.03,1.03,1.03
tpcds_sf20_t1,TPCDS SF20,1,Q43,1,4,0,0,1,0,0,0,0,0,3.79,3.94,3.99,3.28
tpcds_sf20_t1,TPCDS SF20,1,Q44,1,1,0,0,0,0,0,0,0,0,10.43,10.48,10.485,10.64
tpcds_sf20_t1,TPCDS SF20,1,Q45,1,2,0,0,0,0,0,0,0,0,0.82,0.57,0.62,0.62
tpcds_sf20_t1,TPCDS SF20,1,Q46,1,"tie:2,3",0,1,0,0,0,0,0,0,5.58,3.38,3.38,3.49
tpcds_sf20_t1,TPCDS SF20,1,Q47,1,1,0,0,0,0,0,0,0,0,7.165,7.27,7.32,7.28
tpcds_sf20_t1,TPCDS SF20,1,Q48,1,1,0,0,0,0,0,0,0,0,4.4,4.61,4.765,4.56
tpcds_sf20_t1,TPCDS SF20,1,Q49,1,"tie:2,3,4",0,1,0,0,0,0,0,0,3.23,2.16,2.16,2.16
tpcds_sf20_t1,TPCDS SF20,1,Q50,1,4,1,0,1,0,0,0,0,0,8.66,4.56,4.51,3.69
tpcds_sf20_t1,TPCDS SF20,1,Q51,1,4,0,0,0,0,0,0,0,0,11.57,11.67,11.67,11.17
tpcds_sf20_t1,TPCDS SF20,1,Q52,1,"tie:2,3,4",0,1,0,0,0,0,0,0,1.895,1.03,1.03,1.03
tpcds_sf20_t1,TPCDS SF20,1,Q53,1,"tie:2,3,4",0,1,0,0,0,0,0,0,2.67,1.44,1.44,1.44
tpcds_sf20_t1,TPCDS SF20,1,Q54,0,censored,0,0,0,0,0,0,0,0,,,,
tpcds_sf20_t1,TPCDS SF20,1,Q55,1,4,0,0,0,0,0,0,0,0,1.95,1.13,1.13,1.03
tpcds_sf20_t1,TPCDS SF20,1,Q56,1,4,0,0,0,0,0,0,0,0,2.36,1.64,1.64,1.54
tpcds_sf20_t1,TPCDS SF20,1,Q57,1,"tie:1,2,3",0,0,0,0,0,0,0,0,1.95,1.95,1.95,2.05
tpcds_sf20_t1,TPCDS SF20,1,Q58,1,"tie:1,2,3",0,0,0,0,0,0,0,0,6.55,6.55,6.55,6.56
tpcds_sf20_t1,TPCDS SF20,1,Q59,1,"tie:1,2",0,0,0,0,0,0,0,0,6.34,6.34,6.35,6.35
tpcds_sf20_t1,TPCDS SF20,1,Q60,1,4,0,0,0,0,0,0,0,0,2.87,1.85,1.85,1.75
tpcds_sf20_t1,TPCDS SF20,1,Q61,1,"tie:2,3,4",0,1,0,0,0,0,0,0,4.81,2.67,2.67,2.67
tpcds_sf20_t1,TPCDS SF20,1,Q62,1,1,0,0,0,0,0,0,0,0,1.43,1.44,1.44,1.44
tpcds_sf20_t1,TPCDS SF20,1,Q63,1,"tie:2,3,4",0,1,0,0,0,0,0,0,2.67,1.44,1.44,1.44
tpcds_sf20_t1,TPCDS SF20,1,Q64,1,4,0,0,1,1,0,0,0,0,14.485,6.41,7.84,4.26
tpcds_sf20_t1,TPCDS SF20,1,Q65,1,1,0,0,0,0,0,1,0,0,5.12,5.225,5.23,5.84
tpcds_sf20_t1,TPCDS SF20,1,Q66,1,"tie:2,3,4",0,1,0,0,0,0,0,0,1.64,0.93,0.93,0.93
tpcds_sf20_t1,TPCDS SF20,1,Q67,1,1,0,0,0,0,0,0,0,0,25.19,25.36,25.31,25.645
tpcds_sf20_t1,TPCDS SF20,1,Q68,1,4,0,0,0,0,0,0,0,0,5.02,3.18,3.23,2.975
tpcds_sf20_t1,TPCDS SF20,1,Q69,1,4,0,0,1,0,0,0,0,0,2.36,2.26,2.26,1.13
tpcds_sf20_t1,TPCDS SF20,1,Q70,1,4,0,0,1,0,0,0,0,0,6.85,6.45,6.45,5.53
tpcds_sf20_t1,TPCDS SF20,1,Q71,1,4,0,0,1,0,0,0,0,0,2.82,2.46,2.46,1.64
tpcds_sf20_t1,TPCDS SF20,1,Q72,1,4,0,0,1,0,0,0,0,0,44.045,2.56,2.665,2.31
tpcds_sf20_t1,TPCDS SF20,1,Q73,1,"tie:2,3",0,1,0,0,0,0,0,0,3.175,1.74,1.74,1.75
tpcds_sf20_t1,TPCDS SF20,1,Q74,1,3,0,1,0,0,0,0,0,0,10.85,9.675,9.625,9.735
tpcds_sf20_t1,TPCDS SF20,1,Q75,1,"tie:3,4",0,1,0,0,0,0,0,0,8.5,6.25,6.15,6.15
tpcds_sf20_t1,TPCDS SF20,1,Q76,1,4,0,0,1,0,0,0,0,0,3.38,3.38,3.38,2.46
tpcds_sf20_t1,TPCDS SF20,1,Q77,1,"tie:2,3",0,1,0,0,0,0,0,0,3.08,1.95,1.95,2.05
tpcds_sf20_t1,TPCDS SF20,1,Q78,1,4,0,0,1,0,0,0,0,0,15.87,16.085,16.755,13.84
tpcds_sf20_t1,TPCDS SF20,1,Q79,1,"tie:2,3",0,1,0,0,0,0,0,0,5.07,3.13,3.13,3.18
tpcds_sf20_t1,TPCDS SF20,1,Q80,1,4,0,0,1,0,0,0,0,0,6.25,3.28,3.28,2.57
tpcds_sf20_t1,TPCDS SF20,1,Q81,1,"tie:1,2,3",0,0,0,0,0,0,0,0,0.52,0.52,0.52,0.57
tpcds_sf20_t1,TPCDS SF20,1,Q82,0,censored,0,0,0,0,0,0,0,0,2.2,1.13,1.13,0.41
tpcds_sf20_t1,TPCDS SF20,1,Q83,1,"tie:2,3,4",0,1,0,0,0,0,0,0,0.82,0.31,0.31,0.31
tpcds_sf20_t1,TPCDS SF20,1,Q84,1,4,0,0,1,0,0,0,0,0,0.67,0.31,0.31,0.21
tpcds_sf20_t1,TPCDS SF20,1,Q85,1,"tie:1,2",0,0,0,0,0,0,0,0,1.64,1.64,1.745,1.69
tpcds_sf20_t1,TPCDS SF20,1,Q86,1,1,0,0,0,0,1,1,1,0,0.92,1.03,1.03,1.03
tpcds_sf20_t1,TPCDS SF20,1,Q87,1,4,0,0,1,0,0,0,0,0,5.73,5.84,5.84,5.13
tpcds_sf20_t1,TPCDS SF20,1,Q88,1,4,0,1,0,0,0,0,0,0,10.79,5.32,5.42,5.27
tpcds_sf20_t1,TPCDS SF20,1,Q89,1,"tie:2,3,4",0,1,0,0,0,0,0,0,3.02,1.64,1.64,1.64
tpcds_sf20_t1,TPCDS SF20,1,Q90,1,"tie:2,3,4",0,1,0,0,0,0,0,0,0.92,0.41,0.41,0.41
tpcds_sf20_t1,TPCDS SF20,1,Q91,1,"tie:1,2,3,4",0,0,0,0,0,0,0,0,0.21,0.21,0.21,0.21
tpcds_sf20_t1,TPCDS SF20,1,Q92,1,4,0,0,1,0,0,0,0,0,0.87,0.62,0.62,0.41
tpcds_sf20_t1,TPCDS SF20,1,Q93,1,"tie:2,3,4",0,1,0,0,0,0,0,0,7.22,4.92,4.92,4.92
tpcds_sf20_t1,TPCDS SF20,1,Q94,1,"tie:2,3,4",0,1,0,0,0,0,0,0,1.03,0.82,0.82,0.82
tpcds_sf20_t1,TPCDS SF20,1,Q95,1,4,0,0,1,1,0,0,0,0,23.205,22.91,25.825,1.95
tpcds_sf20_t1,TPCDS SF20,1,Q96,1,"tie:2,3,4",0,1,0,0,0,0,0,0,1.54,0.93,0.93,0.93
tpcds_sf20_t1,TPCDS SF20,1,Q97,1,"tie:1,2,3",0,0,0,0,0,0,0,0,5.84,5.84,5.84,6.05
tpcds_sf20_t1,TPCDS SF20,1,Q98,1,"tie:2,3,4",0,1,0,0,0,0,0,0,1.74,1.13,1.13,1.13
tpcds_sf20_t1,TPCDS SF20,1,Q99,1,1,0,0,0,0,0,1,0,0,1.33,1.43,1.44,1.9
tpcds_sf50_t1,TPCDS SF50,1,Q01,1,"tie:1,2",0,0,0,1,0,0,0,0,3.38,3.38,4.51,3.44
tpcds_sf50_t1,TPCDS SF50,1,Q02,1,"tie:1,2",0,0,0,0,0,0,0,0,8.6,8.6,8.7,8.7
tpcds_sf50_t1,TPCDS SF50,1,Q03,1,2,0,1,0,0,0,0,0,0,5.43,3.49,3.54,3.54
tpcds_sf50_t1,TPCDS SF50,1,Q04,1,4,0,0,0,0,0,0,0,0,59.095,56.455,56.545,56.415
tpcds_sf50_t1,TPCDS SF50,1,Q05,1,"tie:2,4",0,1,0,1,0,0,0,0,10.55,8.1,10.15,8.1
tpcds_sf50_t1,TPCDS SF50,1,Q06,1,2,0,0,0,0,0,0,0,0,16.06,15.96,16.16,16.07
tpcds_sf50_t1,TPCDS SF50,1,Q07,1,2,0,1,0,0,0,0,0,0,11.415,5.84,5.845,5.85
tpcds_sf50_t1,TPCDS SF50,1,Q08,1,2,0,1,0,0,0,0,0,0,7.78,4.82,4.92,4.92
tpcds_sf50_t1,TPCDS SF50,1,Q09,1,4,0,0,0,0,0,0,0,0,15.55,15.55,15.55,15.505
tpcds_sf50_t1,TPCDS SF50,1,Q10,1,4,0,0,1,0,0,0,0,0,6.04,6.04,6.09,2.98
tpcds_sf50_t1,TPCDS SF50,1,Q11,1,2,0,0,0,0,0,0,0,0,41.08,38.07,38.075,38.12
tpcds_sf50_t1,TPCDS SF50,1,Q12,1,"tie:2,3,4",0,1,0,0,0,0,0,0,1.13,0.82,0.82,0.82
tpcds_sf50_t1,TPCDS SF50,1,Q13,1,4,0,0,0,0,0,0,0,0,12.03,12.855,12.755,11.99
tpcds_sf50_t1,TPCDS SF50,1,Q14,1,1,0,0,0,0,0,0,0,0,104.25,105.29,105.645,106.73
tpcds_sf50_t1,TPCDS SF50,1,Q15,1,"tie:1,2,3,4",0,0,0,0,0,0,0,0,0.62,0.62,0.62,0.62
tpcds_sf50_t1,TPCDS SF50,1,Q16,1,"tie:2,3,4",0,1,0,0,0,0,0,0,0.82,0.72,0.72,0.72
tpcds_sf50_t1,TPCDS SF50,1,Q17,1,2,0,1,0,0,0,0,0,0,12.545,5.535,5.59,5.79
tpcds_sf50_t1,TPCDS SF50,1,Q18,1,"tie:2,4",0,1,0,0,0,0,0,0,2.87,1.64,1.74,1.64
tpcds_sf50_t1,TPCDS SF50,1,Q19,1,"tie:2,3,4",0,1,0,0,0,0,0,0,6.655,3.59,3.59,3.59
tpcds_sf50_t1,TPCDS SF50,1,Q20,1,"tie:1,2,3,4",0,0,0,0,0,0,0,0,0.31,0.31,0.31,0.31
tpcds_sf50_t1,TPCDS SF50,1,Q21,1,"tie:1,2,3,4",0,0,0,0,0,0,0,0,0.21,0.21,0.21,0.21
tpcds_sf50_t1,TPCDS SF50,1,Q22,1,1,0,0,0,0,0,0,0,0,4.91,4.97,5.02,5.02
tpcds_sf50_t1,TPCDS SF50,1,Q23,1,1,0,0,0,0,0,0,0,0,70.425,71.445,71.99,71.39
tpcds_sf50_t1,TPCDS SF50,1,Q24,0,censored,0,0,0,0,0,0,0,0,21.5,9.12,9.54,9.95
tpcds_sf50_t1,TPCDS SF50,1,Q25,1,4,0,1,0,0,0,0,0,0,7.995,5.13,5.18,5.08
tpcds_sf50_t1,TPCDS SF50,1,Q26,1,"tie:2,3,4",0,1,0,0,0,0,0,0,1.74,1.03,1.03,1.03
tpcds_sf50_t1,TPCDS SF50,1,Q27,1,3,0,1,0,0,0,0,0,0,26.245,12.45,12.39,12.395
tpcds_sf50_t1,TPCDS SF50,1,Q28,1,1,0,0,0,0,0,0,0,0,16.37,16.38,16.38,16.385
tpcds_sf50_t1,TPCDS SF50,1,Q29,1,2,0,0,0,0,0,0,0,0,11.015,7.635,7.685,8.045
tpcds_sf50_t1,TPCDS SF50,1,Q30,1,"tie:1,2,3,4",0,0,0,0,0,0,0,0,0.82,0.82,0.82,0.82
tpcds_sf50_t1,TPCDS SF50,1,Q31,1,4,0,1,0,0,0,0,0,0,9.63,6.87,6.87,6.56
tpcds_sf50_t1,TPCDS SF50,1,Q32,1,"tie:2,3",0,0,0,0,0,0,0,0,0.31,0.21,0.21,0.31
tpcds_sf50_t1,TPCDS SF50,1,Q33,1,"tie:2,4",0,1,0,0,0,0,0,0,5.84,4.1,4.105,4.1
tpcds_sf50_t1,TPCDS SF50,1,Q34,1,"tie:2,3,4",0,1,0,0,0,0,0,0,8.39,4.51,4.51,4.51
tpcds_sf50_t1,TPCDS SF50,1,Q35,1,4,0,0,1,0,0,0,0,0,10.23,10.14,10.7,6.97
tpcds_sf50_t1,TPCDS SF50,1,Q36,1,3,0,0,0,0,0,0,0,0,10.035,5.84,5.74,6.76
tpcds_sf50_t1,TPCDS SF50,1,Q37,0,censored,0,0,0,0,0,0,0,0,2.97,0.52,0.52,0.41
tpcds_sf50_t1,TPCDS SF50,1,Q38,1,4,0,0,1,0,0,0,0,0,13.71,14.125,14.13,12.5
tpcds_sf50_t1,TPCDS SF50,1,Q39,1,1,0,0,0,0,1,1,1,0,0.41,0.52,0.52,0.52
tpcds_sf50_t1,TPCDS SF50,1,Q40,1,4,0,0,1,0,0,0,0,0,1.03,0.82,0.82,0.21
tpcds_sf50_t1,TPCDS SF50,1,Q41,1,"tie:1,2,3,4",0,0,0,0,0,0,0,0,0.11,0.11,0.11,0.11
tpcds_sf50_t1,TPCDS SF50,1,Q42,1,"tie:2,3,4",0,1,0,0,0,0,0,0,4.51,2.46,2.46,2.46
tpcds_sf50_t1,TPCDS SF50,1,Q43,1,3,0,0,0,0,0,0,0,0,7.88,4.51,4.41,4.92
tpcds_sf50_t1,TPCDS SF50,1,Q44,1,4,0,0,0,0,0,0,0,0,43.24,43.245,43.345,43.215
tpcds_sf50_t1,TPCDS SF50,1,Q45,1,"tie:2,3",0,0,0,0,0,0,0,0,2.15,1.39,1.39,1.49
tpcds_sf50_t1,TPCDS SF50,1,Q46,1,4,0,1,0,0,0,0,0,0,12.695,7.375,7.38,7.18
tpcds_sf50_t1,TPCDS SF50,1,Q47,1,1,0,0,0,0,0,0,0,0,17.45,17.865,17.87,17.825
tpcds_sf50_t1,TPCDS SF50,1,Q48,1,1,0,0,0,0,0,0,0,0,10.5,11.01,11.58,11.07
tpcds_sf50_t1,TPCDS SF50,1,Q49,1,"tie:2,3,4",0,1,0,0,0,0,0,0,7.84,5.23,5.23,5.23
tpcds_sf50_t1,TPCDS SF50,1,Q50,1,4,0,0,1,0,0,0,0,0,23.65,11.16,11.16,8.51
tpcds_sf50_t1,TPCDS SF50,1,Q51,1,4,0,0,0,0,0,0,0,0,27.225,27.695,27.74,26.79
tpcds_sf50_t1,TPCDS SF50,1,Q52,1,"tie:2,3,4",0,1,0,0,0,0,0,0,4.51,2.46,2.46,2.46
tpcds_sf50_t1,TPCDS SF50,1,Q53,1,"tie:2,3",0,1,0,0,0,0,0,0,6.56,3.28,3.28,3.39
tpcds_sf50_t1,TPCDS SF50,1,Q54,0,censored,0,0,0,0,0,0,0,0,,,,
tpcds_sf50_t1,TPCDS SF50,1,Q55,1,4,0,1,0,0,0,0,0,0,4.51,2.56,2.57,2.51
tpcds_sf50_t1,TPCDS SF50,1,Q56,1,4,0,1,0,0,0,0,0,0,5.64,3.8,3.8,3.7
tpcds_sf50_t1,TPCDS SF50,1,Q57,1,1,0,0,0,0,0,0,0,0,4.86,5.02,5.01,5.02
tpcds_sf50_t1,TPCDS SF50,1,Q58,1,4,0,0,0,0,0,0,0,0,16.28,16.28,16.275,16.23
tpcds_sf50_t1,TPCDS SF50,1,Q59,1,"tie:1,2",0,0,0,0,0,0,0,0,16.16,16.16,16.215,16.17
tpcds_sf50_t1,TPCDS SF50,1,Q60,1,4,0,1,0,0,0,0,0,0,7.07,4.51,4.51,4.31
tpcds_sf50_t1,TPCDS SF50,1,Q61,1,4,0,1,0,0,0,0,0,0,10.345,6.15,6.15,6.05
tpcds_sf50_t1,TPCDS SF50,1,Q62,1,1,0,0,0,0,0,0,0,0,3.48,3.58,3.58,3.59
tpcds_sf50_t1,TPCDS SF50,1,Q63,1,"tie:2,3",0,1,0,0,0,0,0,0,6.45,3.28,3.28,3.39
tpcds_sf50_t1,TPCDS SF50,1,Q64,1,4,0,0,1,1,0,0,0,0,46.26,16.91,21.375,10.25
tpcds_sf50_t1,TPCDS SF50,1,Q65,1,1,0,0,0,0,0,0,0,0,15.16,15.375,15.485,16.655
tpcds_sf50_t1,TPCDS SF50,1,Q66,1,2,0,1,0,0,0,0,0,0,4.1,2.31,2.36,2.36
tpcds_sf50_t1,TPCDS SF50,1,Q67,1,1,0,0,0,0,0,0,0,0,76.785,77.3,78.165,78.635
tpcds_sf50_t1,TPCDS SF50,1,Q68,1,4,0,0,0,0,0,0,0,0,11.78,7.48,7.485,6.82
tpcds_sf50_t1,TPCDS SF50,1,Q69,1,4,0,0,1,0,0,0,0,0,5.53,5.53,5.53,2.77
tpcds_sf50_t1,TPCDS SF50,1,Q70,1,4,0,0,1,0,0,0,0,0,17.285,16.06,16.16,13.71
tpcds_sf50_t1,TPCDS SF50,1,Q71,1,4,0,0,1,0,0,0,0,0,6.71,5.95,5.95,3.8
tpcds_sf50_t1,TPCDS SF50,1,Q72,0,censored,0,0,0,0,0,0,0,0,134.76,8.355,8.61,7.535
tpcds_sf50_t1,TPCDS SF50,1,Q73,1,"tie:2,4",0,1,0,0,0,0,0,0,7.475,4.1,4.15,4.1
tpcds_sf50_t1,TPCDS SF50,1,Q74,1,2,0,0,0,0,0,0,0,0,27.825,25.485,25.59,25.495
tpcds_sf50_t1,TPCDS SF50,1,Q75,1,4,1,1,0,0,0,0,0,0,21.965,16.14,16.095,15.74
tpcds_sf50_t1,TPCDS SF50,1,Q76,1,4,0,0,1,0,0,0,0,0,7.99,8.045,8.1,5.845
tpcds_sf50_t1,TPCDS SF50,1,Q77,1,"tie:2,3",0,1,0,0,0,0,0,0,7.38,4.62,4.62,4.82
tpcds_sf50_t1,TPCDS SF50,1,Q78,1,4,0,0,1,0,0,0,0,0,40.955,41.54,44.04,35.66
tpcds_sf50_t1,TPCDS SF50,1,Q79,1,3,0,1,0,0,0,0,0,0,12.49,7.63,7.59,7.84
tpcds_sf50_t1,TPCDS SF50,1,Q80,1,4,0,0,1,0,0,0,0,0,15.41,7.89,7.9,6.05
tpcds_sf50_t1,TPCDS SF50,1,Q81,1,1,0,0,0,0,0,0,0,0,1.18,1.23,1.23,1.28
tpcds_sf50_t1,TPCDS SF50,1,Q82,0,censored,0,0,0,0,0,0,0,0,5.17,2.46,2.46,1.03
tpcds_sf50_t1,TPCDS SF50,1,Q83,1,"tie:2,3,4",0,1,0,0,0,0,0,0,1.84,0.52,0.52,0.52
tpcds_sf50_t1,TPCDS SF50,1,Q84,1,4,0,0,1,0,0,0,0,0,1.59,0.82,0.82,0.41
tpcds_sf50_t1,TPCDS SF50,1,Q85,1,1,0,0,0,0,0,0,0,0,3.69,3.9,4,3.9
tpcds_sf50_t1,TPCDS SF50,1,Q86,1,1,0,0,0,0,0,0,0,0,2.36,2.46,2.46,2.46
tpcds_sf50_t1,TPCDS SF50,1,Q87,1,4,0,0,1,0,0,0,0,0,14.53,15.14,15.05,13.43
tpcds_sf50_t1,TPCDS SF50,1,Q88,1,4,0,1,0,0,0,0,0,0,26.99,13,13,12.845
tpcds_sf50_t1,TPCDS SF50,1,Q89,1,2,0,1,0,0,0,0,0,0,7.27,3.8,3.85,3.95
tpcds_sf50_t1,TPCDS SF50,1,Q90,1,"tie:2,3,4",0,1,0,0,0,0,0,0,2.25,1.13,1.13,1.13
tpcds_sf50_t1,TPCDS SF50,1,Q91,1,"tie:2,3,4",0,1,0,0,0,0,0,0,0.31,0.21,0.21,0.21
tpcds_sf50_t1,TPCDS SF50,1,Q92,1,4,0,0,1,0,0,0,0,0,2.1,1.54,1.54,1.03
tpcds_sf50_t1,TPCDS SF50,1,Q93,1,2,0,1,0,1,0,0,0,0,20.895,12.49,14.87,12.5
tpcds_sf50_t1,TPCDS SF50,1,Q94,1,"tie:2,3,4",0,1,0,0,0,0,0,0,2.41,1.95,1.95,1.95
tpcds_sf50_t1,TPCDS SF50,1,Q95,1,4,0,0,1,1,0,0,0,0,61.74,60.875,69.055,4.92
tpcds_sf50_t1,TPCDS SF50,1,Q96,1,"tie:2,3,4",0,1,0,0,0,0,0,0,3.59,2.05,2.05,2.05
tpcds_sf50_t1,TPCDS SF50,1,Q97,1,2,0,0,0,0,0,0,0,0,17.515,17.51,17.52,17.935
tpcds_sf50_t1,TPCDS SF50,1,Q98,1,4,0,1,0,0,0,0,0,0,4.2,2.67,2.67,2.57
tpcds_sf50_t1,TPCDS SF50,1,Q99,1,1,0,0,0,0,0,1,0,0,3.38,3.48,3.48,4.61
tpcds_sf100_t1,TPCDS SF100,1,Q01,1,1,0,0,0,1,0,0,0,0,7.075,7.17,9.33,7.18
tpcds_sf100_t1,TPCDS SF100,1,Q02,1,1,0,0,0,0,0,0,0,0,17.18,17.185,17.19,17.19
tpcds_sf100_t1,TPCDS SF100,1,Q03,1,4,1,1,0,0,0,0,0,0,10.855,7.07,6.97,6.925
tpcds_sf100_t1,TPCDS SF100,1,Q04,1,2,0,0,0,0,0,0,0,0,124.98,114.855,121.145,114.96
tpcds_sf100_t1,TPCDS SF100,1,Q05,1,2,0,1,0,1,0,0,0,0,21.82,16.7,21.01,16.715
tpcds_sf100_t1,TPCDS SF100,1,Q06,1,1,0,0,0,0,0,0,0,0,44.32,44.34,47.28,44.51
tpcds_sf100_t1,TPCDS SF100,1,Q07,1,2,0,1,0,0,0,0,0,0,22.785,11.525,11.53,11.53
tpcds_sf100_t1,TPCDS SF100,1,Q08,1,"tie:2,3",0,1,0,0,0,0,0,0,16.53,10.65,10.65,10.85
tpcds_sf100_t1,TPCDS SF100,1,Q09,1,1,0,0,0,0,0,0,0,0,30.895,30.905,30.9,30.915
tpcds_sf100_t1,TPCDS SF100,1,Q10,1,4,0,0,1,0,0,0,0,0,11.825,11.77,11.87,5.79
tpcds_sf100_t1,TPCDS SF100,1,Q11,1,4,0,1,0,0,0,0,0,0,88.015,79.36,82.1,78.005
tpcds_sf100_t1,TPCDS SF100,1,Q12,1,4,0,0,0,0,0,0,0,0,2.46,1.75,1.75,1.64
tpcds_sf100_t1,TPCDS SF100,1,Q13,1,4,0,0,0,0,0,0,0,0,24.585,25.755,25.195,23.875
tpcds_sf100_t1,TPCDS SF100,1,Q14,1,3,0,0,0,0,0,0,0,0,229.975,227.7,225.95,229.385
tpcds_sf100_t1,TPCDS SF100,1,Q15,1,1,0,0,0,0,0,0,0,0,1.33,1.44,1.54,1.44
tpcds_sf100_t1,TPCDS SF100,1,Q16,1,"tie:2,3,4",0,1,0,0,0,0,0,0,1.54,1.23,1.23,1.23
tpcds_sf100_t1,TPCDS SF100,1,Q17,1,2,0,0,0,0,0,0,0,0,28.98,11.07,11.32,11.685
tpcds_sf100_t1,TPCDS SF100,1,Q18,1,4,0,1,0,0,0,0,0,0,5.99,3.23,3.23,3.18
tpcds_sf100_t1,TPCDS SF100,1,Q19,1,4,0,1,0,0,0,0,0,0,14.545,7.18,7.18,6.92
tpcds_sf100_t1,TPCDS SF100,1,Q20,1,"tie:1,2,3,4",0,0,0,0,0,0,0,0,0.52,0.52,0.52,0.52
tpcds_sf100_t1,TPCDS SF100,1,Q21,1,"tie:2,3",0,0,0,0,0,0,0,0,1.03,0.62,0.62,0.72
tpcds_sf100_t1,TPCDS SF100,1,Q22,1,1,0,0,0,0,0,0,0,0,39.555,40.025,39.78,40.19
tpcds_sf100_t1,TPCDS SF100,1,Q23,1,1,0,0,0,0,0,0,0,0,146.86,149.63,148.67,149.015
tpcds_sf100_t1,TPCDS SF100,1,Q24,0,censored,0,0,0,0,0,0,0,0,63.77,18.95,19.22,19.47
tpcds_sf100_t1,TPCDS SF100,1,Q25,1,4,0,1,0,0,0,0,0,0,18.595,10.355,10.455,10.1
tpcds_sf100_t1,TPCDS SF100,1,Q26,1,"tie:2,3,4",0,1,0,0,0,0,0,0,3.48,2.05,2.05,2.05
tpcds_sf100_t1,TPCDS SF100,1,Q27,1,4,0,1,0,0,0,0,0,0,44.79,23.855,23.865,23.765
tpcds_sf100_t1,TPCDS SF100,1,Q28,1,1,0,0,0,0,0,0,0,0,32.53,32.645,32.545,32.645
tpcds_sf100_t1,TPCDS SF100,1,Q29,1,3,0,1,0,0,0,0,0,0,26.79,16.14,16.035,16.86
tpcds_sf100_t1,TPCDS SF100,1,Q30,1,4,0,0,0,0,0,0,0,0,1.74,1.85,1.75,1.69
tpcds_sf100_t1,TPCDS SF100,1,Q31,1,4,0,1,0,0,0,0,0,0,19.2,13.68,13.74,13.22
tpcds_sf100_t1,TPCDS SF100,1,Q32,1,"tie:2,3,4",0,1,0,0,0,0,0,0,0.46,0.41,0.41,0.41
tpcds_sf100_t1,TPCDS SF100,1,Q33,1,4,0,1,0,0,0,0,0,0,11.58,8.2,8.21,8.1
tpcds_sf100_t1,TPCDS SF100,1,Q34,1,4,0,1,0,0,0,0,0,0,15.66,8.405,8.405,8.3
tpcds_sf100_t1,TPCDS SF100,1,Q35,1,4,0,0,1,0,0,0,0,0,24.965,24.965,27.235,16.54
tpcds_sf100_t1,TPCDS SF100,1,Q36,1,3,0,1,0,0,0,0,0,0,16.385,9.74,9.64,9.945
tpcds_sf100_t1,TPCDS SF100,1,Q37,0,censored,0,0,0,0,0,0,0,0,13.91,3.48,3.49,2.05
tpcds_sf100_t1,TPCDS SF100,1,Q38,1,4,0,0,1,0,0,0,0,0,33.465,34.375,37.17,29.285
tpcds_sf100_t1,TPCDS SF100,1,Q39,1,1,0,0,0,0,0,0,0,0,2.67,2.87,2.87,2.87
tpcds_sf100_t1,TPCDS SF100,1,Q40,1,4,0,0,1,0,0,0,0,0,2.15,1.64,1.74,0.31
tpcds_sf100_t1,TPCDS SF100,1,Q41,1,"tie:1,2,3,4",0,0,0,0,0,0,0,0,0.11,0.11,0.11,0.11
tpcds_sf100_t1,TPCDS SF100,1,Q42,1,"tie:3,4",0,1,0,0,0,0,0,0,9.015,4.82,4.72,4.72
tpcds_sf100_t1,TPCDS SF100,1,Q43,1,4,1,1,0,0,0,0,0,0,16.68,11.78,11.675,11.62
tpcds_sf100_t1,TPCDS SF100,1,Q44,0,censored,0,0,0,0,0,0,0,0,,,,
tpcds_sf100_t1,TPCDS SF100,1,Q45,1,2,0,1,0,0,0,0,0,0,4.3,2.77,2.87,2.875
tpcds_sf100_t1,TPCDS SF100,1,Q46,1,4,0,1,0,0,0,0,0,0,24.67,13.99,14.04,13.425
tpcds_sf100_t1,TPCDS SF100,1,Q47,1,1,0,0,0,0,0,0,0,0,36.7,37.69,37.59,37.69
tpcds_sf100_t1,TPCDS SF100,1,Q48,1,1,0,0,0,0,0,0,0,0,20.635,21.875,22.64,22.23
tpcds_sf100_t1,TPCDS SF100,1,Q49,1,4,0,1,0,0,0,0,0,0,11.635,10.35,10.35,10.25
tpcds_sf100_t1,TPCDS SF100,1,Q50,1,4,0,0,1,0,0,0,0,0,59.41,21.815,22.685,15.625
tpcds_sf100_t1,TPCDS SF100,1,Q51,1,4,0,0,0,0,0,0,0,0,68.79,69.525,69.83,66.165
tpcds_sf100_t1,TPCDS SF100,1,Q52,1,3,0,1,0,0,0,0,0,0,8.91,4.82,4.77,4.82
tpcds_sf100_t1,TPCDS SF100,1,Q53,1,"tie:2,3",0,1,0,0,0,0,0,0,13.01,6.56,6.56,6.67
tpcds_sf100_t1,TPCDS SF100,1,Q54,0,censored,0,0,0,0,0,0,0,0,,,,
tpcds_sf100_t1,TPCDS SF100,1,Q55,1,"tie:2,3",0,1,0,0,0,0,0,0,8.965,4.87,4.87,4.92
tpcds_sf100_t1,TPCDS SF100,1,Q56,1,4,0,1,0,0,0,0,0,0,11.375,7.49,7.59,7.28
tpcds_sf100_t1,TPCDS SF100,1,Q57,1,1,0,0,0,0,0,0,0,0,11.155,11.515,11.47,11.57
tpcds_sf100_t1,TPCDS SF100,1,Q58,1,1,0,0,0,0,0,0,0,0,34.03,34.145,34.2,34.145
tpcds_sf100_t1,TPCDS SF100,1,Q59,1,1,0,0,0,0,0,0,0,0,33.255,33.4,33.355,33.305
tpcds_sf100_t1,TPCDS SF100,1,Q60,1,2,0,1,0,0,0,0,0,0,14.445,9.225,9.23,9.54
tpcds_sf100_t1,TPCDS SF100,1,Q61,1,4,0,1,0,0,0,0,0,0,22.57,12.45,12.51,12.25
tpcds_sf100_t1,TPCDS SF100,1,Q62,1,1,0,0,0,0,0,0,0,0,7.06,7.27,7.32,7.27
tpcds_sf100_t1,TPCDS SF100,1,Q63,1,2,0,1,0,0,0,0,0,0,12.9,6.51,6.56,6.57
tpcds_sf100_t1,TPCDS SF100,1,Q64,1,4,0,0,1,1,0,0,0,0,113.535,35.195,44.185,21.115
tpcds_sf100_t1,TPCDS SF100,1,Q65,1,4,1,0,0,0,0,0,0,0,49.37,49.155,49.07,46.43
tpcds_sf100_t1,TPCDS SF100,1,Q66,1,3,0,1,0,0,0,0,0,0,7.63,4.205,4.2,4.26
tpcds_sf100_t1,TPCDS SF100,1,Q67,1,1,0,0,0,0,0,0,0,0,193.88,195.825,195.325,202.345
tpcds_sf100_t1,TPCDS SF100,1,Q68,1,4,0,0,1,0,0,0,0,0,22.275,14.755,14.76,13.22
tpcds_sf100_t1,TPCDS SF100,1,Q69,1,4,1,0,1,0,0,0,0,0,11.36,11.26,11.16,5.54
tpcds_sf100_t1,TPCDS SF100,1,Q70,1,4,1,0,1,0,0,0,0,0,34.305,32.21,32.03,27.325
tpcds_sf100_t1,TPCDS SF100,1,Q71,1,4,0,0,1,0,0,0,0,0,13.42,11.88,11.89,7.48
tpcds_sf100_t1,TPCDS SF100,1,Q72,0,censored,0,0,0,0,0,0,0,0,58.33,38.06,35.68,38.025
tpcds_sf100_t1,TPCDS SF100,1,Q73,1,4,0,1,0,0,0,0,0,0,14.69,8.15,8.2,8.1
tpcds_sf100_t1,TPCDS SF100,1,Q74,1,4,0,1,0,0,0,0,0,0,64.34,57.2,60.015,55.755
tpcds_sf100_t1,TPCDS SF100,1,Q75,1,4,1,1,0,0,0,0,0,0,46.035,33.47,33.415,32.68
tpcds_sf100_t1,TPCDS SF100,1,Q76,1,4,0,0,1,0,0,0,0,0,16.39,16.24,16.45,11.89
tpcds_sf100_t1,TPCDS SF100,1,Q77,1,2,0,1,0,0,0,0,0,0,14.65,9.125,9.13,9.33
tpcds_sf100_t1,TPCDS SF100,1,Q78,1,4,0,0,1,0,0,0,0,0,84.085,84.63,91.17,73.205
tpcds_sf100_t1,TPCDS SF100,1,Q79,1,2,0,0,0,0,0,0,0,0,24.365,14.805,14.81,15.735
tpcds_sf100_t1,TPCDS SF100,1,Q80,1,4,0,0,1,0,0,0,0,0,31.235,16.09,16.09,12.205
tpcds_sf100_t1,TPCDS SF100,1,Q81,1,"tie:1,2",0,0,0,0,0,0,0,0,2.46,2.46,2.465,2.62
tpcds_sf100_t1,TPCDS SF100,1,Q82,0,censored,0,0,0,0,0,0,0,0,7.58,8.295,8.14,4.41
tpcds_sf100_t1,TPCDS SF100,1,Q83,1,"tie:2,3",0,0,0,0,0,0,0,0,3.74,1.03,1.03,1.13
tpcds_sf100_t1,TPCDS SF100,1,Q84,1,4,0,0,1,0,0,0,0,0,4.255,1.54,1.54,0.82
tpcds_sf100_t1,TPCDS SF100,1,Q85,1,1,0,0,0,0,0,0,0,0,7.33,7.635,8.15,7.59
tpcds_sf100_t1,TPCDS SF100,1,Q86,1,1,0,0,0,0,0,0,0,0,4.92,5.12,5.13,5.13
tpcds_sf100_t1,TPCDS SF100,1,Q87,1,4,0,0,1,0,0,0,0,0,35.385,36.32,38.905,31.225
tpcds_sf100_t1,TPCDS SF100,1,Q88,1,4,0,1,0,0,0,0,0,0,53.975,25.935,25.99,25.675
tpcds_sf100_t1,TPCDS SF100,1,Q89,1,3,0,1,0,0,0,0,0,0,14.745,7.79,7.74,7.84
tpcds_sf100_t1,TPCDS SF100,1,Q90,1,4,0,1,0,0,0,0,0,0,4.3,1.95,1.95,1.9
tpcds_sf100_t1,TPCDS SF100,1,Q91,1,"tie:2,3,4",0,1,0,0,0,0,0,0,0.52,0.31,0.31,0.31
tpcds_sf100_t1,TPCDS SF100,1,Q92,1,4,0,0,1,0,0,0,0,0,4.15,3.18,3.18,2.05
tpcds_sf100_t1,TPCDS SF100,1,Q93,1,2,0,1,0,1,0,0,0,0,42.715,28.055,33.31,28.17
tpcds_sf100_t1,TPCDS SF100,1,Q94,1,"tie:3,4",0,1,0,0,0,0,0,0,4.815,3.995,3.9,3.9
tpcds_sf100_t1,TPCDS SF100,1,Q95,1,4,0,0,1,1,0,0,0,0,133.975,133.145,151.86,9.73
tpcds_sf100_t1,TPCDS SF100,1,Q96,1,4,0,1,0,0,0,0,0,0,7.07,4,4,3.95
tpcds_sf100_t1,TPCDS SF100,1,Q97,1,1,0,0,0,0,0,0,0,0,36.25,36.3,36.365,37.355
tpcds_sf100_t1,TPCDS SF100,1,Q98,1,4,0,0,0,0,0,0,0,0,8.3,5.33,5.33,5.03
tpcds_sf100_t1,TPCDS SF100,1,Q99,1,1,0,0,0,0,0,1,0,0,7.37,7.57,7.57,9.925
appian_t8,appian,8,q01,1,"tie:1,2,3,4",0,0,0,0,0,0,0,0,0.62,0.62,0.62,0.62
appian_t8,appian,8,q02,1,1,0,0,0,1,0,0,0,0,2.26,2.36,2.67,2.36
appian_t8,appian,8,q03,1,"tie:2,4",0,0,0,1,0,0,0,0,1.23,1.13,1.44,1.13
appian_t8,appian,8,q04,1,"tie:1,2,4",0,0,0,1,0,0,0,0,4,4,4.72,4
appian_t8,appian,8,q05,1,"tie:1,2,4",0,0,0,0,0,0,0,0,1.03,1.03,1.13,1.03
appian_t8,appian,8,q06,1,"tie:1,2,4",0,0,0,1,0,0,0,0,1.13,1.13,1.85,1.13
appian_t8,appian,8,q07,1,"tie:1,2",0,0,0,1,0,0,0,0,1.34,1.34,1.54,1.44
appian_t8,appian,8,q08,1,"tie:1,2",0,0,0,0,0,0,0,0,4.92,4.92,5.33,4.97
job_t8,job,8,1a,1,"tie:2,3,4",0,1,0,0,0,0,0,0,0.21,0.11,0.11,0.11
job_t8,job,8,1b,1,"tie:2,3,4",0,1,0,0,0,0,0,0,0.21,0.11,0.11,0.11
job_t8,job,8,1c,1,"tie:1,2,3,4",0,0,0,0,0,0,0,0,0.11,0.11,0.11,0.11
job_t8,job,8,1d,1,"tie:2,3,4",0,1,0,0,0,0,0,0,0.21,0.11,0.11,0.11
job_t8,job,8,2a,1,4,0,0,1,0,0,0,0,0,0.21,0.21,0.21,0.11
job_t8,job,8,2b,1,"tie:2,3,4",0,1,0,0,0,0,0,0,0.21,0.11,0.11,0.11
job_t8,job,8,2c,1,"tie:2,3,4",0,1,0,0,0,0,0,0,0.21,0.11,0.11,0.11
job_t8,job,8,2d,1,"tie:1,2,3,4",0,0,0,0,0,0,0,0,0.21,0.21,0.21,0.21
job_t8,job,8,3a,1,4,0,0,1,0,0,0,0,0,0.52,0.41,0.41,0.31
job_t8,job,8,3b,1,"tie:1,2,3,4",0,0,0,0,0,0,0,0,0.31,0.31,0.31,0.31
job_t8,job,8,3c,1,4,0,0,1,0,0,0,0,0,0.52,0.41,0.41,0.31
job_t8,job,8,4a,1,4,0,0,1,0,0,0,0,0,0.21,0.21,0.21,0.11
job_t8,job,8,4b,1,4,0,0,1,0,0,0,0,0,0.21,0.21,0.21,0.11
job_t8,job,8,4c,1,4,0,0,1,0,0,0,0,0,0.26,0.21,0.21,0.11
job_t8,job,8,5a,1,"tie:2,3,4",0,1,0,0,0,0,0,0,0.41,0.11,0.11,0.11
job_t8,job,8,5b,1,"tie:2,3,4",0,1,0,0,0,0,0,0,0.31,0.11,0.11,0.11
job_t8,job,8,5c,1,"tie:2,3,4",0,1,0,0,0,0,0,0,0.52,0.31,0.31,0.31
job_t8,job,8,6a,1,"tie:1,2,3,4",0,0,0,0,0,0,0,0,0.21,0.21,0.21,0.21
job_t8,job,8,6b,1,"tie:1,2,3,4",0,0,0,0,0,0,0,0,0.21,0.21,0.21,0.21
job_t8,job,8,6c,1,"tie:1,2,3,4",0,0,0,0,0,0,0,0,0.21,0.21,0.21,0.21
job_t8,job,8,6d,1,4,0,0,1,0,0,0,0,0,0.31,0.31,0.31,0.21
job_t8,job,8,6e,1,"tie:1,2,3,4",0,0,0,0,0,0,0,0,0.21,0.21,0.21,0.21
job_t8,job,8,6f,1,"tie:1,2,4",0,0,0,1,0,0,0,0,1.85,1.85,2.46,1.85
job_t8,job,8,7a,1,"tie:2,3,4",0,1,0,0,0,0,0,0,0.62,0.31,0.31,0.31
job_t8,job,8,7b,1,"tie:2,3,4",0,1,0,0,0,0,0,0,0.52,0.31,0.31,0.31
job_t8,job,8,7c,1,"tie:2,3,4",0,1,0,0,0,0,0,0,1.03,0.62,0.62,0.62
job_t8,job,8,8a,1,"tie:2,3,4",0,1,0,0,0,0,0,0,0.31,0.21,0.21,0.21
job_t8,job,8,8b,1,"tie:2,3,4",0,1,0,0,0,0,0,0,0.31,0.21,0.21,0.21
job_t8,job,8,8c,1,"tie:2,4",0,0,0,1,0,0,0,0,0.57,0.52,0.62,0.52
job_t8,job,8,8d,1,"tie:1,2,3,4",0,0,0,0,0,0,0,0,0.41,0.41,0.41,0.41
job_t8,job,8,9a,1,"tie:2,3,4",0,1,0,0,0,0,0,0,0.41,0.31,0.31,0.31
job_t8,job,8,9b,1,4,0,0,1,0,0,0,0,0,0.41,0.26,0.26,0.21
job_t8,job,8,9c,1,"tie:2,3,4",0,1,0,0,0,0,0,0,0.41,0.31,0.31,0.31
job_t8,job,8,9d,1,4,0,0,1,0,0,0,0,0,0.52,0.52,0.52,0.41
job_t8,job,8,10a,1,4,0,0,1,0,0,0,0,0,0.36,0.31,0.31,0.21
job_t8,job,8,10b,1,"tie:2,3,4",0,1,0,0,0,0,0,0,0.31,0.21,0.21,0.21
job_t8,job,8,10c,1,4,0,0,1,0,0,0,0,0,0.52,0.52,0.52,0.41
job_t8,job,8,11a,1,"tie:1,2,3,4",0,0,0,0,0,0,0,0,0.11,0.11,0.11,0.11
job_t8,job,8,11b,1,"tie:1,2,3,4",0,0,0,0,0,0,0,0,0.11,0.11,0.11,0.11
job_t8,job,8,11c,1,"tie:2,3,4",0,1,0,0,0,0,0,0,0.21,0.11,0.11,0.11
job_t8,job,8,11d,1,"tie:2,3,4",0,1,0,0,0,0,0,0,0.21,0.11,0.11,0.11
job_t8,job,8,12a,1,4,0,0,1,0,0,0,0,0,0.21,0.21,0.21,0.11
job_t8,job,8,12b,1,4,0,0,1,0,0,0,0,0,0.21,0.21,0.21,0.11
job_t8,job,8,12c,1,"tie:2,3,4",0,1,0,0,0,0,0,0,0.31,0.21,0.21,0.21
job_t8,job,8,13a,1,"tie:2,3,4",0,1,0,0,0,0,0,0,0.82,0.21,0.21,0.21
job_t8,job,8,13b,1,4,0,0,1,0,0,0,0,0,0.31,0.21,0.21,0.11
job_t8,job,8,13c,1,"tie:2,3,4",0,1,0,0,0,0,0,0,0.31,0.11,0.11,0.11
job_t8,job,8,13d,1,"tie:2,3,4",0,1,0,0,0,0,0,0,0.77,0.41,0.41,0.41
job_t8,job,8,14a,1,"tie:2,3,4",0,1,0,0,0,0,0,0,0.52,0.11,0.11,0.11
job_t8,job,8,14b,1,"tie:2,3,4",0,1,0,0,0,0,0,0,0.41,0.11,0.11,0.11
job_t8,job,8,14c,1,"tie:2,3,4",0,1,0,0,0,0,0,0,0.52,0.21,0.21,0.21
job_t8,job,8,15a,1,"tie:2,3,4",0,1,0,0,0,0,0,0,0.41,0.31,0.31,0.31
job_t8,job,8,15b,1,"tie:2,4",0,1,0,1,0,0,0,0,0.41,0.21,0.26,0.21
job_t8,job,8,15c,1,4,0,0,1,0,0,0,0,0,0.41,0.31,0.31,0.21
job_t8,job,8,15d,1,"tie:2,3,4",0,1,0,0,0,0,0,0,0.31,0.21,0.21,0.21
job_t8,job,8,16a,1,4,0,0,1,0,0,0,0,0,0.975,0.31,0.31,0.21
job_t8,job,8,16b,1,4,0,0,0,1,0,0,0,0,22.18,0.875,1.03,0.82
job_t8,job,8,16c,1,"tie:2,4",0,1,0,0,0,0,0,0,3.075,0.52,0.57,0.52
job_t8,job,8,16d,1,4,0,0,1,0,0,0,0,0,2.77,0.52,0.52,0.465
job_t8,job,8,17a,1,"tie:2,4",0,1,0,1,0,0,0,0,3.64,0.41,0.52,0.41
job_t8,job,8,17b,1,2,0,0,0,1,0,0,0,0,2,0.31,0.36,0.41
job_t8,job,8,17c,1,4,0,0,1,0,0,0,0,0,1.745,0.31,0.31,0.21
job_t8,job,8,17d,1,"tie:2,3,4",0,1,0,0,0,0,0,0,2.155,0.31,0.31,0.31
job_t8,job,8,17e,1,4,0,0,1,1,0,0,0,0,16.595,0.72,0.82,0.62
job_t8,job,8,17f,1,"tie:2,3,4",0,1,0,0,0,0,0,0,4.715,0.52,0.52,0.52
job_t8,job,8,18a,1,"tie:3,4",0,0,1,0,0,0,0,1,0.465,0.36,0.31,0.31
job_t8,job,8,18b,1,"tie:2,3,4",0,1,0,0,0,0,0,0,0.52,0.31,0.31,0.31
job_t8,job,8,18c,1,4,0,0,1,1,0,0,0,0,0.72,0.465,0.52,0.41
job_t8,job,8,19a,1,4,0,0,1,0,0,0,0,0,0.62,0.41,0.41,0.31
job_t8,job,8,19b,1,"tie:2,3,4",0,1,0,0,0,0,0,0,0.57,0.31,0.31,0.31
job_t8,job,8,19c,1,4,0,0,1,0,0,0,0,0,0.62,0.41,0.41,0.31
job_t8,job,8,19d,1,4,0,0,0,0,0,0,0,0,0.77,0.57,0.62,0.52
job_t8,job,8,20a,1,4,0,0,1,0,0,0,0,0,1.44,0.41,0.41,0.31
job_t8,job,8,20b,1,4,0,0,1,0,0,0,0,0,0.36,0.31,0.31,0.21
job_t8,job,8,20c,1,"tie:2,3,4",0,1,0,0,0,0,0,0,1.49,0.41,0.41,0.41
job_t8,job,8,21a,1,"tie:1,2,3,4",0,0,0,0,0,0,0,0,0.21,0.21,0.21,0.21
job_t8,job,8,21b,1,"tie:1,2,3,4",0,0,0,0,0,0,0,0,0.21,0.21,0.21,0.21
job_t8,job,8,21c,1,"tie:1,2,3,4",0,0,0,0,0,0,0,0,0.21,0.21,0.21,0.21
job_t8,job,8,22a,1,"tie:2,3,4",0,1,0,0,0,0,0,0,0.52,0.21,0.21,0.21
job_t8,job,8,22b,1,"tie:2,3,4",0,1,0,0,0,0,0,0,0.41,0.21,0.21,0.21
job_t8,job,8,22c,1,"tie:2,3,4",0,1,0,0,0,0,0,0,0.62,0.21,0.21,0.21
job_t8,job,8,22d,1,"tie:2,3,4",0,1,0,0,0,0,0,0,0.82,0.21,0.21,0.21
job_t8,job,8,23a,1,"tie:2,3,4",0,1,0,0,0,0,0,0,0.36,0.21,0.21,0.21
job_t8,job,8,23b,1,"tie:2,3,4",0,1,0,0,0,0,0,0,0.36,0.21,0.21,0.21
job_t8,job,8,23c,1,"tie:2,3,4",0,1,0,0,0,0,0,0,0.41,0.31,0.31,0.31
job_t8,job,8,24a,1,4,0,0,1,0,0,0,0,0,0.62,0.41,0.41,0.31
job_t8,job,8,24b,1,"tie:2,3,4",0,1,0,0,0,0,0,0,0.62,0.31,0.31,0.31
job_t8,job,8,25a,1,"tie:2,3,4",0,1,0,0,0,0,0,0,0.82,0.41,0.41,0.41
job_t8,job,8,25b,1,"tie:3,4",0,0,1,0,0,0,0,1,0.72,0.36,0.31,0.31
job_t8,job,8,25c,1,"tie:2,3,4",0,1,0,0,0,0,0,0,0.875,0.52,0.52,0.52
job_t8,job,8,26a,1,4,0,0,1,0,0,0,0,0,1.13,0.41,0.41,0.36
job_t8,job,8,26b,1,"tie:2,3,4",0,1,0,0,0,0,0,0,1.03,0.31,0.31,0.31
job_t8,job,8,26c,1,4,0,0,1,0,0,0,0,0,1.13,0.41,0.41,0.36
job_t8,job,8,27a,1,"tie:1,2,3,4",0,0,0,0,0,0,0,0,0.21,0.21,0.21,0.21
job_t8,job,8,27b,1,4,0,0,1,0,0,0,0,0,0.21,0.21,0.21,0.11
job_t8,job,8,27c,1,"tie:1,2,3,4",0,0,0,0,0,0,0,0,0.21,0.21,0.21,0.21
job_t8,job,8,28a,1,"tie:2,3,4",0,1,0,0,0,0,0,0,1.235,0.21,0.21,0.21
job_t8,job,8,28b,1,"tie:2,3,4",0,1,0,0,0,0,0,0,0.465,0.21,0.21,0.21
job_t8,job,8,28c,1,"tie:2,3,4",0,1,0,0,0,0,0,0,1.08,0.21,0.21,0.21
job_t8,job,8,29a,1,"tie:2,3,4",0,1,0,0,0,0,0,0,0.77,0.31,0.31,0.31
job_t8,job,8,29b,1,"tie:2,3,4",0,1,0,0,0,0,0,0,0.52,0.31,0.31,0.31
job_t8,job,8,29c,1,4,0,0,1,0,0,0,0,0,1.235,0.41,0.41,0.31
job_t8,job,8,30a,1,"tie:2,3,4",0,1,0,0,0,0,0,0,0.82,0.41,0.41,0.41
job_t8,job,8,30b,1,4,0,0,1,0,0,0,0,0,0.72,0.41,0.41,0.31
job_t8,job,8,30c,1,"tie:2,3,4",0,1,0,0,0,0,0,0,0.92,0.41,0.41,0.41
job_t8,job,8,31a,1,"tie:2,3,4",0,1,0,0,0,0,0,0,0.82,0.41,0.41,0.41
job_t8,job,8,31b,1,"tie:2,3,4",0,1,0,0,0,0,0,0,0.72,0.41,0.41,0.41
job_t8,job,8,31c,1,4,0,0,1,0,0,0,0,0,1.13,0.52,0.52,0.41
job_t8,job,8,32a,1,"tie:1,2,3,4",0,0,0,0,0,0,0,0,0.11,0.11,0.11,0.11
job_t8,job,8,32b,1,"tie:2,3,4",0,1,0,0,0,0,0,0,0.21,0.11,0.11,0.11
job_t8,job,8,33a,1,"tie:2,3,4",0,1,0,0,0,0,0,0,0.31,0.11,0.11,0.11
job_t8,job,8,33b,1,"tie:2,3,4",0,1,0,0,0,0,0,0,0.21,0.11,0.11,0.11
job_t8,job,8,33c,1,"tie:2,3,4",0,1,0,0,0,0,0,0,0.31,0.21,0.21,0.21
tpch_sf10_t8,TPCH SF10,8,Q01,1,"tie:1,2,3,4",0,0,0,0,0,0,0,0,0.52,0.52,0.52,0.52
tpch_sf10_t8,TPCH SF10,8,Q02,1,"tie:2,3,4",0,1,0,0,0,0,0,0,0.31,0.21,0.21,0.21
tpch_sf10_t8,TPCH SF10,8,Q03,1,"tie:2,4",0,1,0,1,0,0,0,0,0.82,0.41,0.52,0.41
tpch_sf10_t8,TPCH SF10,8,Q04,1,"tie:1,2,4",0,0,0,1,0,0,0,0,0.52,0.52,0.72,0.52
tpch_sf10_t8,TPCH SF10,8,Q05,0,censored,0,0,0,0,0,0,0,0,1.13,0.93,1.03,0.82
tpch_sf10_t8,TPCH SF10,8,Q06,1,"tie:1,2,3,4",0,0,0,0,0,0,0,0,0.31,0.31,0.31,0.31
tpch_sf10_t8,TPCH SF10,8,Q07,1,4,0,0,1,0,0,0,0,0,1.34,0.52,0.52,0.465
tpch_sf10_t8,TPCH SF10,8,Q08,1,4,0,0,1,0,0,0,0,0,1.13,0.62,0.62,0.52
tpch_sf10_t8,TPCH SF10,8,Q09,1,4,0,0,1,0,0,0,0,0,2.26,1.13,1.23,0.93
tpch_sf10_t8,TPCH SF10,8,Q10,1,"tie:2,3,4",0,1,0,0,0,0,0,0,0.82,0.62,0.62,0.62
tpch_sf10_t8,TPCH SF10,8,Q11,1,"tie:1,2,3,4",0,0,0,0,0,0,0,0,0.21,0.21,0.21,0.21
tpch_sf10_t8,TPCH SF10,8,Q12,1,"tie:1,2,4",0,0,0,1,0,0,0,0,0.41,0.41,0.52,0.41
tpch_sf10_t8,TPCH SF10,8,Q13,1,"tie:1,2,4",0,0,0,1,0,0,0,0,0.93,0.93,1.03,0.93
tpch_sf10_t8,TPCH SF10,8,Q14,1,4,0,0,1,0,0,0,0,0,0.62,0.62,0.62,0.41
tpch_sf10_t8,TPCH SF10,8,Q15,1,"tie:1,2,3,4",0,0,0,0,0,0,0,0,0.41,0.41,0.41,0.41
tpch_sf10_t8,TPCH SF10,8,Q16,1,"tie:1,2,3,4",0,0,0,0,0,0,0,0,0.31,0.31,0.31,0.31
tpch_sf10_t8,TPCH SF10,8,Q17,1,4,0,0,1,0,0,0,0,0,0.72,0.72,0.72,0.52
tpch_sf10_t8,TPCH SF10,8,Q18,1,"tie:1,2,4",0,0,0,1,0,0,0,0,2.16,2.16,2.77,2.16
tpch_sf10_t8,TPCH SF10,8,Q19,1,4,0,0,1,1,0,0,0,0,0.72,0.72,0.82,0.52
tpch_sf10_t8,TPCH SF10,8,Q20,1,"tie:2,3,4",0,1,0,0,0,0,0,0,0.62,0.52,0.52,0.52
tpch_sf10_t8,TPCH SF10,8,Q21,1,4,0,0,0,1,0,0,0,0,1.85,1.44,1.95,1.34
tpch_sf10_t8,TPCH SF10,8,Q22,1,"tie:1,2,3,4",0,0,0,0,0,0,0,0,0.31,0.31,0.31,0.31
tpch_sf20_t8,TPCH SF20,8,Q01,1,"tie:1,2,3,4",0,0,0,0,0,0,0,0,1.03,1.03,1.03,1.03
tpch_sf20_t8,TPCH SF20,8,Q02,1,"tie:2,3,4",0,1,0,0,0,0,0,0,0.41,0.31,0.31,0.31
tpch_sf20_t8,TPCH SF20,8,Q03,1,"tie:2,3,4",0,1,0,0,0,0,0,0,1.54,0.82,0.82,0.82
tpch_sf20_t8,TPCH SF20,8,Q04,1,1,0,0,0,1,1,1,1,0,0.93,1.03,1.34,1.03
tpch_sf20_t8,TPCH SF20,8,Q05,0,censored,0,0,0,0,0,0,0,0,2.26,1.54,1.64,1.435
tpch_sf20_t8,TPCH SF20,8,Q06,1,"tie:1,2,3,4",0,0,0,0,0,0,0,0,0.41,0.41,0.41,0.41
tpch_sf20_t8,TPCH SF20,8,Q07,1,"tie:2,3,4",0,1,0,0,0,0,0,0,2.26,0.82,0.82,0.82
tpch_sf20_t8,TPCH SF20,8,Q08,1,4,0,0,0,0,0,0,0,0,2.155,0.93,0.93,0.875
tpch_sf20_t8,TPCH SF20,8,Q09,1,4,0,0,1,1,0,0,0,0,4.46,2.05,2.26,1.75
tpch_sf20_t8,TPCH SF20,8,Q10,1,2,0,0,0,0,0,0,0,0,1.44,1.03,1.13,1.13
tpch_sf20_t8,TPCH SF20,8,Q11,1,4,0,0,1,0,0,0,0,0,0.31,0.31,0.31,0.21
tpch_sf20_t8,TPCH SF20,8,Q12,1,4,0,0,1,0,0,0,0,0,0.82,0.82,0.82,0.72
tpch_sf20_t8,TPCH SF20,8,Q13,1,"tie:1,2,4",0,0,0,1,0,0,0,0,1.75,1.75,1.95,1.75
tpch_sf20_t8,TPCH SF20,8,Q14,1,4,0,0,1,0,0,0,0,0,1.03,1.03,1.03,0.52
tpch_sf20_t8,TPCH SF20,8,Q15,1,"tie:1,2,3,4",0,0,0,0,0,0,0,0,0.62,0.62,0.62,0.62
tpch_sf20_t8,TPCH SF20,8,Q16,1,"tie:1,2,3,4",0,0,0,0,0,0,0,0,0.62,0.62,0.62,0.62
tpch_sf20_t8,TPCH SF20,8,Q17,1,4,0,0,1,0,0,0,0,0,1.44,1.34,1.44,1.03
tpch_sf20_t8,TPCH SF20,8,Q18,1,"tie:1,2,4",0,0,0,1,0,0,0,0,4.31,4.31,5.54,4.31
tpch_sf20_t8,TPCH SF20,8,Q19,1,4,0,0,1,0,0,0,0,0,1.34,1.34,1.44,1.03
tpch_sf20_t8,TPCH SF20,8,Q20,1,"tie:2,3,4",0,1,0,0,0,0,0,0,1.13,0.82,0.82,0.82
tpch_sf20_t8,TPCH SF20,8,Q21,1,4,0,0,0,1,0,0,0,0,3.59,2.62,3.69,2.46
tpch_sf20_t8,TPCH SF20,8,Q22,1,"tie:1,2,4",0,0,0,1,0,0,0,0,0.52,0.52,0.62,0.52
tpch_sf50_t8,TPCH SF50,8,Q01,1,"tie:1,2,3,4",0,0,0,0,0,0,0,0,2.36,2.36,2.36,2.36
tpch_sf50_t8,TPCH SF50,8,Q02,1,"tie:2,3",0,0,0,0,0,0,0,0,0.82,0.62,0.62,0.67
tpch_sf50_t8,TPCH SF50,8,Q03,1,4,0,0,0,0,0,0,0,0,3.69,1.95,1.95,1.85
tpch_sf50_t8,TPCH SF50,8,Q04,1,"tie:1,2,4",0,0,0,1,0,0,0,0,2.36,2.36,3.28,2.36
tpch_sf50_t8,TPCH SF50,8,Q05,0,censored,0,0,0,0,0,0,0,0,5.64,3.49,3.95,2.82
tpch_sf50_t8,TPCH SF50,8,Q06,1,"tie:1,2,3,4",0,0,0,0,0,0,0,0,1.03,1.03,1.03,1.03
tpch_sf50_t8,TPCH SF50,8,Q07,1,4,0,1,0,0,0,0,0,0,6.255,2.05,2.05,2
tpch_sf50_t8,TPCH SF50,8,Q08,1,4,0,0,0,0,0,0,0,0,5.23,2.16,2.16,2.05
tpch_sf50_t8,TPCH SF50,8,Q09,1,4,0,0,1,0,0,0,0,0,11.18,5.23,5.64,4.51
tpch_sf50_t8,TPCH SF50,8,Q10,1,2,0,1,0,0,0,0,0,0,3.49,2.46,2.67,2.57
tpch_sf50_t8,TPCH SF50,8,Q11,1,4,0,0,1,0,0,0,0,0,0.52,0.52,0.52,0.41
tpch_sf50_t8,TPCH SF50,8,Q12,1,4,0,0,1,1,0,0,0,0,1.85,1.85,2.16,1.44
tpch_sf50_t8,TPCH SF50,8,Q13,1,"tie:1,2,4",0,0,0,1,0,0,0,0,4.31,4.31,4.82,4.31
tpch_sf50_t8,TPCH SF50,8,Q14,1,4,0,0,1,0,0,0,0,0,2.46,2.41,2.57,1.23
tpch_sf50_t8,TPCH SF50,8,Q15,1,"tie:1,2,3,4",0,0,0,0,0,0,0,0,1.44,1.44,1.44,1.44
tpch_sf50_t8,TPCH SF50,8,Q16,1,"tie:1,2,3,4",0,0,0,0,0,0,0,0,1.23,1.23,1.23,1.23
tpch_sf50_t8,TPCH SF50,8,Q17,1,4,0,0,1,0,0,0,0,0,3.49,3.49,3.49,2.56
tpch_sf50_t8,TPCH SF50,8,Q18,1,"tie:1,2,4",0,0,0,1,0,0,0,0,10.97,10.97,13.95,10.97
tpch_sf50_t8,TPCH SF50,8,Q19,1,4,0,0,1,0,0,0,0,0,3.28,3.18,3.39,2.36
tpch_sf50_t8,TPCH SF50,8,Q20,1,3,0,1,0,0,0,0,0,0,2.57,2.05,2,2.05
tpch_sf50_t8,TPCH SF50,8,Q21,1,4,0,0,0,1,0,0,0,0,9.07,6.67,9.23,6.26
tpch_sf50_t8,TPCH SF50,8,Q22,1,"tie:1,2,4",0,0,0,1,0,0,0,0,1.23,1.23,1.75,1.23
tpch_sf100_t8,TPCH SF100,8,Q01,1,"tie:1,2",0,0,0,0,0,0,0,0,4.51,4.51,4.61,4.61
tpch_sf100_t8,TPCH SF100,8,Q02,1,"tie:2,3",0,0,0,0,0,0,0,0,1.59,1.13,1.13,1.23
tpch_sf100_t8,TPCH SF100,8,Q03,1,2,0,0,0,0,0,0,0,0,7.28,3.85,3.9,5.485
tpch_sf100_t8,TPCH SF100,8,Q04,1,"tie:1,2",0,0,0,1,0,0,0,0,4.72,4.72,6.56,4.77
tpch_sf100_t8,TPCH SF100,8,Q05,0,censored,0,0,0,0,0,0,0,0,11.325,6.97,7.54,5.64
tpch_sf100_t8,TPCH SF100,8,Q06,1,"tie:1,2,3,4",0,0,0,0,0,0,0,0,1.75,1.75,1.75,1.75
tpch_sf100_t8,TPCH SF100,8,Q07,1,4,0,1,0,0,0,0,0,0,12.815,3.9,4,3.795
tpch_sf100_t8,TPCH SF100,8,Q08,1,4,0,0,0,0,0,0,0,0,10.505,4.36,4.415,4
tpch_sf100_t8,TPCH SF100,8,Q09,1,4,0,0,1,0,0,0,0,0,22.855,10.66,11.69,9.23
tpch_sf100_t8,TPCH SF100,8,Q10,1,2,0,1,0,0,0,0,0,0,6.77,4.82,4.93,4.92
tpch_sf100_t8,TPCH SF100,8,Q11,1,4,0,0,1,0,0,0,0,0,1.03,1.03,1.03,0.72
tpch_sf100_t8,TPCH SF100,8,Q12,1,4,0,0,1,1,0,0,0,0,3.59,3.59,4.51,2.77
tpch_sf100_t8,TPCH SF100,8,Q13,1,1,0,0,0,1,0,0,0,0,8.61,8.62,9.85,8.62
tpch_sf100_t8,TPCH SF100,8,Q14,1,4,0,0,1,0,0,0,0,0,4.82,4.82,5.03,2.46
tpch_sf100_t8,TPCH SF100,8,Q15,1,"tie:1,2,4",0,0,0,0,0,0,0,0,2.67,2.67,2.77,2.67
tpch_sf100_t8,TPCH SF100,8,Q16,1,"tie:1,2,3,4",0,0,0,0,0,0,0,0,2.26,2.26,2.26,2.26
tpch_sf100_t8,TPCH SF100,8,Q17,1,4,0,0,1,0,0,0,0,0,7.175,7.28,7.18,5.13
tpch_sf100_t8,TPCH SF100,8,Q18,1,4,0,0,0,1,0,0,0,0,22.905,22.96,28.76,22.86
tpch_sf100_t8,TPCH SF100,8,Q19,1,4,0,0,1,0,0,0,0,0,6.46,6.46,6.77,4.82
tpch_sf100_t8,TPCH SF100,8,Q20,1,"tie:2,3,4",0,1,0,0,0,0,0,0,5.13,3.8,3.8,3.8
tpch_sf100_t8,TPCH SF100,8,Q21,1,4,0,0,0,1,0,0,0,0,18.755,13.84,18.66,13.02
tpch_sf100_t8,TPCH SF100,8,Q22,1,1,0,0,0,1,0,0,0,0,2.56,2.57,3.8,2.57
tpcds_sf10_t8,TPCDS SF10,8,Q01,1,"tie:1,2,4",0,0,0,1,0,0,0,0,0.31,0.31,0.41,0.31
tpcds_sf10_t8,TPCDS SF10,8,Q02,1,"tie:1,2,3,4",0,0,0,0,0,0,0,0,0.41,0.41,0.41,0.41
tpcds_sf10_t8,TPCDS SF10,8,Q03,1,"tie:2,3,4",0,1,0,0,0,0,0,0,0.26,0.21,0.21,0.21
tpcds_sf10_t8,TPCDS SF10,8,Q04,1,4,0,0,0,0,0,0,0,0,2.26,2.26,2.26,2.16
tpcds_sf10_t8,TPCDS SF10,8,Q05,1,"tie:1,2,3,4",0,0,0,0,0,0,0,0,0.41,0.41,0.41,0.41
tpcds_sf10_t8,TPCDS SF10,8,Q06,1,"tie:1,2,3,4",0,0,0,0,0,0,0,0,0.62,0.62,0.62,0.62
tpcds_sf10_t8,TPCDS SF10,8,Q07,1,"tie:2,3,4",0,1,0,0,0,0,0,0,0.52,0.31,0.31,0.31
tpcds_sf10_t8,TPCDS SF10,8,Q08,1,"tie:1,2,3,4",0,0,0,0,0,0,0,0,0.82,0.82,0.82,0.82
tpcds_sf10_t8,TPCDS SF10,8,Q09,1,"tie:1,2,3,4",0,0,0,0,0,0,0,0,0.52,0.52,0.52,0.52
tpcds_sf10_t8,TPCDS SF10,8,Q10,1,4,0,0,1,0,0,0,0,0,0.31,0.31,0.31,0.26
tpcds_sf10_t8,TPCDS SF10,8,Q11,1,"tie:3,4",0,0,0,0,0,0,0,0,1.59,1.49,1.44,1.44
tpcds_sf10_t8,TPCDS SF10,8,Q12,1,"tie:1,2,3,4",0,0,0,0,0,0,0,0,0.21,0.21,0.21,0.21
tpcds_sf10_t8,TPCDS SF10,8,Q13,1,"tie:1,2,3",0,0,0,0,0,1,0,0,0.52,0.52,0.52,0.62
tpcds_sf10_t8,TPCDS SF10,8,Q14,1,1,0,0,0,0,0,0,0,0,3.38,3.385,3.39,3.49
tpcds_sf10_t8,TPCDS SF10,8,Q15,1,"tie:1,2,3,4",0,0,0,0,0,0,0,0,0.11,0.11,0.11,0.11
tpcds_sf10_t8,TPCDS SF10,8,Q16,1,"tie:1,2,3,4",0,0,0,0,0,0,0,0,0.11,0.11,0.11,0.11
tpcds_sf10_t8,TPCDS SF10,8,Q17,1,"tie:2,3",0,0,0,0,0,0,0,0,0.62,0.31,0.31,0.41
tpcds_sf10_t8,TPCDS SF10,8,Q18,1,"tie:2,3,4",0,1,0,0,0,0,0,0,0.31,0.21,0.21,0.21
tpcds_sf10_t8,TPCDS SF10,8,Q19,1,"tie:1,2,3,4",0,0,0,0,0,0,0,0,0.31,0.31,0.31,0.31
tpcds_sf10_t8,TPCDS SF10,8,Q20,1,"tie:1,2,3,4",0,0,0,0,0,0,0,0,0.21,0.21,0.21,0.21
tpcds_sf10_t8,TPCDS SF10,8,Q21,1,"tie:2,3",0,0,0,0,0,0,0,0,0.21,0.11,0.11,0.21
tpcds_sf10_t8,TPCDS SF10,8,Q22,1,1,0,0,0,0,0,0,0,0,4.515,4.52,4.52,4.52
tpcds_sf10_t8,TPCDS SF10,8,Q23,1,"tie:1,2,3,4",0,0,0,0,0,0,0,0,1.95,1.95,1.95,1.95
tpcds_sf10_t8,TPCDS SF10,8,Q24,1,2,0,0,0,1,0,0,0,0,1.03,0.465,0.52,0.52
tpcds_sf10_t8,TPCDS SF10,8,Q25,1,"tie:2,3,4",0,1,0,0,0,0,0,0,0.465,0.31,0.31,0.31
tpcds_sf10_t8,TPCDS SF10,8,Q26,1,"tie:1,2,3,4",0,0,0,0,0,0,0,0,0.21,0.21,0.21,0.21
tpcds_sf10_t8,TPCDS SF10,8,Q27,1,"tie:2,3,4",0,1,0,0,0,0,0,0,0.93,0.52,0.52,0.52
tpcds_sf10_t8,TPCDS SF10,8,Q28,1,"tie:1,2,3,4",0,0,0,0,0,0,0,0,0.62,0.62,0.62,0.62
tpcds_sf10_t8,TPCDS SF10,8,Q29,1,"tie:2,3,4",0,1,0,0,0,0,0,0,0.52,0.41,0.41,0.41
tpcds_sf10_t8,TPCDS SF10,8,Q30,1,"tie:1,2,3,4",0,0,0,0,0,0,0,0,0.21,0.21,0.21,0.21
tpcds_sf10_t8,TPCDS SF10,8,Q31,1,"tie:1,2,3,4",0,0,0,0,0,0,0,0,0.41,0.41,0.41,0.41
tpcds_sf10_t8,TPCDS SF10,8,Q32,1,"tie:1,2,3,4",0,0,0,0,0,0,0,0,0.11,0.11,0.11,0.11
tpcds_sf10_t8,TPCDS SF10,8,Q33,1,"tie:1,2,3,4",0,0,0,0,0,0,0,0,0.31,0.31,0.31,0.31
tpcds_sf10_t8,TPCDS SF10,8,Q34,1,"tie:1,2,3,4",0,0,0,0,0,0,0,0,0.31,0.31,0.31,0.31
tpcds_sf10_t8,TPCDS SF10,8,Q35,1,4,0,0,1,1,0,0,0,0,0.52,0.52,0.62,0.41
tpcds_sf10_t8,TPCDS SF10,8,Q36,1,"tie:2,3",0,0,0,0,0,0,0,0,0.41,0.31,0.31,0.41
tpcds_sf10_t8,TPCDS SF10,8,Q37,1,"tie:2,3,4",0,1,0,0,0,0,0,0,2.36,0.21,0.21,0.21
tpcds_sf10_t8,TPCDS SF10,8,Q38,1,"tie:1,2,3,4",0,0,0,0,0,0,0,0,0.52,0.52,0.52,0.52
tpcds_sf10_t8,TPCDS SF10,8,Q39,1,"tie:1,2,3,4",0,0,0,0,0,0,0,0,0.41,0.41,0.41,0.41
tpcds_sf10_t8,TPCDS SF10,8,Q40,1,"tie:2,3,4",0,1,0,0,0,0,0,0,0.21,0.11,0.11,0.11
tpcds_sf10_t8,TPCDS SF10,8,Q41,1,"tie:1,2,3,4",0,0,0,0,0,0,0,0,0.11,0.11,0.11,0.11
tpcds_sf10_t8,TPCDS SF10,8,Q42,1,"tie:1,2,3,4",0,0,0,0,0,0,0,0,0.21,0.21,0.21,0.21
tpcds_sf10_t8,TPCDS SF10,8,Q43,1,"tie:2,3",0,0,0,0,0,0,0,0,0.31,0.21,0.21,0.31
tpcds_sf10_t8,TPCDS SF10,8,Q44,1,4,0,0,0,0,0,0,0,0,93.065,92.6,92.77,85.57
tpcds_sf10_t8,TPCDS SF10,8,Q45,1,"tie:1,2,3,4",0,0,0,0,0,0,0,0,0.21,0.21,0.21,0.21
tpcds_sf10_t8,TPCDS SF10,8,Q46,1,"tie:2,3,4",0,1,0,0,0,0,0,0,0.52,0.41,0.41,0.41
tpcds_sf10_t8,TPCDS SF10,8,Q47,1,"tie:1,2,3,4",0,0,0,0,0,0,0,0,0.93,0.93,0.93,0.93
tpcds_sf10_t8,TPCDS SF10,8,Q48,1,"tie:1,2,3,4",0,0,0,0,0,0,0,0,0.52,0.52,0.52,0.52
tpcds_sf10_t8,TPCDS SF10,8,Q49,1,"tie:1,2,3,4",0,0,0,0,0,0,0,0,0.31,0.31,0.31,0.31
tpcds_sf10_t8,TPCDS SF10,8,Q50,1,"tie:2,3,4",0,1,0,0,0,0,0,0,0.82,0.31,0.31,0.31
tpcds_sf10_t8,TPCDS SF10,8,Q51,1,4,0,0,0,0,0,0,0,0,1.85,1.85,1.85,1.75
tpcds_sf10_t8,TPCDS SF10,8,Q52,1,"tie:2,3,4",0,1,0,0,0,0,0,0,0.26,0.21,0.21,0.21
tpcds_sf10_t8,TPCDS SF10,8,Q53,1,"tie:2,3,4",0,1,0,0,0,0,0,0,0.31,0.21,0.21,0.21
tpcds_sf10_t8,TPCDS SF10,8,Q54,0,censored,0,0,0,0,0,0,0,0,,,,
tpcds_sf10_t8,TPCDS SF10,8,Q55,1,"tie:2,3,4",0,1,0,0,0,0,0,0,0.26,0.21,0.21,0.21
tpcds_sf10_t8,TPCDS SF10,8,Q56,1,"tie:1,2,3,4",0,0,0,0,0,0,0,0,0.31,0.31,0.31,0.31
tpcds_sf10_t8,TPCDS SF10,8,Q57,1,"tie:1,2,3,4",0,0,0,0,0,0,0,0,0.41,0.41,0.41,0.41
tpcds_sf10_t8,TPCDS SF10,8,Q58,1,"tie:1,2,3,4",0,0,0,0,0,0,0,0,0.62,0.62,0.62,0.62
tpcds_sf10_t8,TPCDS SF10,8,Q59,1,"tie:1,2,3,4",0,0,0,0,0,0,0,0,0.62,0.62,0.62,0.62
tpcds_sf10_t8,TPCDS SF10,8,Q60,1,"tie:2,3,4",0,1,0,0,0,0,0,0,0.41,0.31,0.31,0.31
tpcds_sf10_t8,TPCDS SF10,8,Q61,1,"tie:2,3,4",0,1,0,0,0,0,0,0,0.52,0.31,0.31,0.31
tpcds_sf10_t8,TPCDS SF10,8,Q62,1,"tie:1,2,3,4",0,0,0,0,0,0,0,0,0.21,0.21,0.21,0.21
tpcds_sf10_t8,TPCDS SF10,8,Q63,1,"tie:2,3,4",0,1,0,0,0,0,0,0,0.31,0.21,0.21,0.21
tpcds_sf10_t8,TPCDS SF10,8,Q64,1,4,0,0,1,1,0,0,0,0,1.69,0.72,0.82,0.52
tpcds_sf10_t8,TPCDS SF10,8,Q65,1,4,0,0,1,0,0,0,0,0,2.05,2.05,2.05,1.54
tpcds_sf10_t8,TPCDS SF10,8,Q66,1,"tie:1,2,3,4",0,0,0,0,0,0,0,0,0.21,0.21,0.21,0.21
tpcds_sf10_t8,TPCDS SF10,8,Q67,1,4,0,0,0,0,0,0,0,0,4.72,4.72,4.72,4.52
tpcds_sf10_t8,TPCDS SF10,8,Q68,1,"tie:2,3,4",0,1,0,0,0,0,0,0,0.52,0.41,0.41,0.41
tpcds_sf10_t8,TPCDS SF10,8,Q69,1,4,0,0,1,0,0,0,0,0,0.31,0.31,0.31,0.21
tpcds_sf10_t8,TPCDS SF10,8,Q70,1,"tie:1,2,3,4",0,0,0,0,0,0,0,0,0.62,0.62,0.62,0.62
tpcds_sf10_t8,TPCDS SF10,8,Q71,1,"tie:1,2,3,4",0,0,0,0,0,0,0,0,0.31,0.31,0.31,0.31
tpcds_sf10_t8,TPCDS SF10,8,Q72,1,"tie:2,3",0,0,0,0,0,0,0,0,30.14,0.72,0.72,0.77
tpcds_sf10_t8,TPCDS SF10,8,Q73,1,"tie:2,3,4",0,1,0,0,0,0,0,0,0.31,0.21,0.21,0.21
tpcds_sf10_t8,TPCDS SF10,8,Q74,1,"tie:2,3",0,0,0,0,0,0,0,0,1.08,0.875,0.875,1.03
tpcds_sf10_t8,TPCDS SF10,8,Q75,1,"tie:2,3,4",0,1,0,0,0,0,0,0,0.82,0.62,0.62,0.62
tpcds_sf10_t8,TPCDS SF10,8,Q76,1,"tie:1,2,3,4",0,0,0,0,0,0,0,0,0.41,0.41,0.41,0.41
tpcds_sf10_t8,TPCDS SF10,8,Q77,1,"tie:2,3,4",0,1,0,0,0,0,0,0,0.41,0.31,0.31,0.31
tpcds_sf10_t8,TPCDS SF10,8,Q78,1,4,0,0,1,0,0,0,0,0,1.44,1.44,1.54,1.23
tpcds_sf10_t8,TPCDS SF10,8,Q79,1,"tie:2,3,4",0,1,0,0,0,0,0,0,0.52,0.41,0.41,0.41
tpcds_sf10_t8,TPCDS SF10,8,Q80,1,"tie:2,3,4",0,1,0,0,0,0,0,0,0.62,0.41,0.41,0.41
tpcds_sf10_t8,TPCDS SF10,8,Q81,1,"tie:1,2,3,4",0,0,0,0,0,0,0,0,0.21,0.21,0.21,0.21
tpcds_sf10_t8,TPCDS SF10,8,Q82,1,"tie:2,3,4",0,1,0,0,0,0,0,0,2.77,0.21,0.21,0.21
tpcds_sf10_t8,TPCDS SF10,8,Q83,1,"tie:2,3,4",0,1,0,0,0,0,0,0,0.21,0.11,0.11,0.11
tpcds_sf10_t8,TPCDS SF10,8,Q84,1,"tie:2,3,4",0,1,0,0,0,0,0,0,0.21,0.11,0.11,0.11
tpcds_sf10_t8,TPCDS SF10,8,Q85,1,"tie:1,2,3,4",0,0,0,0,0,0,0,0,0.31,0.31,0.31,0.31
tpcds_sf10_t8,TPCDS SF10,8,Q86,1,"tie:1,2,3,4",0,0,0,0,0,0,0,0,0.21,0.21,0.21,0.21
tpcds_sf10_t8,TPCDS SF10,8,Q87,1,"tie:1,2,3,4",0,0,0,0,0,0,0,0,0.62,0.62,0.62,0.62
tpcds_sf10_t8,TPCDS SF10,8,Q88,1,"tie:2,3,4",0,1,0,0,0,0,0,0,0.82,0.52,0.52,0.52
tpcds_sf10_t8,TPCDS SF10,8,Q89,1,"tie:1,2,3,4",0,0,0,0,0,0,0,0,0.31,0.31,0.31,0.31
tpcds_sf10_t8,TPCDS SF10,8,Q90,1,"tie:2,3,4",0,1,0,0,0,0,0,0,0.21,0.11,0.11,0.11
tpcds_sf10_t8,TPCDS SF10,8,Q91,1,"tie:1,2,3,4",0,0,0,0,0,0,0,0,0.11,0.11,0.11,0.11
tpcds_sf10_t8,TPCDS SF10,8,Q92,1,"tie:2,3,4",0,1,0,0,0,0,0,0,0.21,0.11,0.11,0.11
tpcds_sf10_t8,TPCDS SF10,8,Q93,1,"tie:2,3",0,0,0,0,0,0,0,0,0.62,0.41,0.41,0.52
tpcds_sf10_t8,TPCDS SF10,8,Q94,1,"tie:1,2,3,4",0,0,0,0,0,0,0,0,0.21,0.21,0.21,0.21
tpcds_sf10_t8,TPCDS SF10,8,Q95,1,4,0,0,1,1,0,0,0,0,1.85,1.85,2.92,0.31
tpcds_sf10_t8,TPCDS SF10,8,Q96,1,"tie:1,2,3,4",0,0,0,0,0,0,0,0,0.21,0.21,0.21,0.21
tpcds_sf10_t8,TPCDS SF10,8,Q97,1,"tie:1,2,3",0,0,0,0,0,1,0,0,0.52,0.52,0.52,0.62
tpcds_sf10_t8,TPCDS SF10,8,Q98,1,"tie:1,2,3,4",0,0,0,0,0,0,0,0,0.31,0.31,0.31,0.31
tpcds_sf10_t8,TPCDS SF10,8,Q99,1,"tie:1,2,3,4",0,0,0,0,0,0,0,0,0.21,0.21,0.21,0.21
tpcds_sf20_t8,TPCDS SF20,8,Q01,1,"tie:1,2,4",0,0,0,1,0,0,0,0,0.62,0.62,0.93,0.62
tpcds_sf20_t8,TPCDS SF20,8,Q02,1,"tie:1,2,3,4",0,0,0,0,0,0,0,0,0.62,0.62,0.62,0.62
tpcds_sf20_t8,TPCDS SF20,8,Q03,1,"tie:2,3,4",0,1,0,0,0,0,0,0,0.41,0.31,0.31,0.31
tpcds_sf20_t8,TPCDS SF20,8,Q04,1,3,0,0,0,0,0,0,0,0,4.15,4.155,4.1,4.155
tpcds_sf20_t8,TPCDS SF20,8,Q05,1,"tie:2,4",0,1,0,1,0,0,0,0,0.72,0.62,0.82,0.62
tpcds_sf20_t8,TPCDS SF20,8,Q06,1,"tie:1,2,3,4",0,0,0,0,0,0,0,0,1.03,1.03,1.03,1.03
tpcds_sf20_t8,TPCDS SF20,8,Q07,1,"tie:2,3",0,0,0,0,0,0,0,0,0.82,0.52,0.52,0.62
tpcds_sf20_t8,TPCDS SF20,8,Q08,1,"tie:2,3,4",0,1,0,0,0,0,0,0,1.03,0.92,0.92,0.92
tpcds_sf20_t8,TPCDS SF20,8,Q09,1,"tie:1,2",0,0,0,0,0,0,0,0,0.92,0.92,0.93,0.93
tpcds_sf20_t8,TPCDS SF20,8,Q10,1,4,0,0,1,0,0,0,0,0,0.52,0.52,0.52,0.31
tpcds_sf20_t8,TPCDS SF20,8,Q11,1,"tie:2,3",0,0,0,0,0,0,0,0,2.92,2.87,2.87,2.975
tpcds_sf20_t8,TPCDS SF20,8,Q12,1,"tie:1,2,3,4",0,0,0,0,0,0,0,0,0.21,0.21,0.21,0.21
tpcds_sf20_t8,TPCDS SF20,8,Q13,1,1,0,0,0,0,0,1,0,0,0.925,0.93,0.93,1.03
tpcds_sf20_t8,TPCDS SF20,8,Q14,1,"tie:1,2",0,0,0,0,0,0,0,0,6.35,6.35,6.36,6.46
tpcds_sf20_t8,TPCDS SF20,8,Q15,1,"tie:1,2,3,4",0,0,0,0,0,0,0,0,0.11,0.11,0.11,0.11
tpcds_sf20_t8,TPCDS SF20,8,Q16,1,"tie:1,2,3,4",0,0,0,0,0,0,0,0,0.21,0.21,0.21,0.21
tpcds_sf20_t8,TPCDS SF20,8,Q17,1,"tie:2,3",0,0,0,0,0,0,0,0,1.025,0.52,0.52,0.62
tpcds_sf20_t8,TPCDS SF20,8,Q18,1,"tie:2,3,4",0,1,0,0,0,0,0,0,0.41,0.31,0.31,0.31
tpcds_sf20_t8,TPCDS SF20,8,Q19,1,"tie:2,3,4",0,1,0,0,0,0,0,0,0.52,0.41,0.41,0.41
tpcds_sf20_t8,TPCDS SF20,8,Q20,1,"tie:1,2,3,4",0,0,0,0,0,0,0,0,0.11,0.11,0.11,0.11
tpcds_sf20_t8,TPCDS SF20,8,Q21,1,"tie:1,2,3,4",0,0,0,0,0,0,0,0,0.11,0.11,0.11,0.11
tpcds_sf20_t8,TPCDS SF20,8,Q22,1,"tie:1,2,3,4",0,0,0,0,0,0,0,0,0.41,0.41,0.41,0.41
tpcds_sf20_t8,TPCDS SF20,8,Q23,1,1,0,0,0,0,0,0,0,0,4.1,4.21,4.21,4.21
tpcds_sf20_t8,TPCDS SF20,8,Q24,1,2,0,0,0,1,0,0,0,0,1.13,0.62,0.72,0.82
tpcds_sf20_t8,TPCDS SF20,8,Q25,1,"tie:2,3,4",0,1,0,0,0,0,0,0,0.67,0.52,0.52,0.52
tpcds_sf20_t8,TPCDS SF20,8,Q26,1,"tie:1,2,3,4",0,0,0,0,0,0,0,0,0.21,0.21,0.21,0.21
tpcds_sf20_t8,TPCDS SF20,8,Q27,1,"tie:2,3,4",0,1,0,0,0,0,0,0,1.85,0.93,0.93,0.93
tpcds_sf20_t8,TPCDS SF20,8,Q28,1,"tie:1,2,3,4",0,0,0,0,0,0,0,0,1.13,1.13,1.13,1.13
tpcds_sf20_t8,TPCDS SF20,8,Q29,1,"tie:2,3",0,0,0,0,0,0,0,0,0.82,0.62,0.62,0.67
tpcds_sf20_t8,TPCDS SF20,8,Q30,1,"tie:1,2,3,4",0,0,0,0,0,0,0,0,0.21,0.21,0.21,0.21
tpcds_sf20_t8,TPCDS SF20,8,Q31,1,"tie:2,3,4",0,1,0,0,0,0,0,0,0.72,0.62,0.62,0.62
tpcds_sf20_t8,TPCDS SF20,8,Q32,1,"tie:1,2,3,4",0,0,0,0,0,0,0,0,0.11,0.11,0.11,0.11
tpcds_sf20_t8,TPCDS SF20,8,Q33,1,"tie:2,3,4",0,1,0,0,0,0,0,0,0.52,0.41,0.41,0.41
tpcds_sf20_t8,TPCDS SF20,8,Q34,1,"tie:2,3,4",0,1,0,0,0,0,0,0,0.72,0.41,0.41,0.41
tpcds_sf20_t8,TPCDS SF20,8,Q35,1,4,0,0,1,0,0,0,0,0,0.72,0.72,0.72,0.62
tpcds_sf20_t8,TPCDS SF20,8,Q36,1,"tie:1,2,3",0,0,0,0,0,1,0,0,0.82,0.82,0.82,0.93
tpcds_sf20_t8,TPCDS SF20,8,Q37,1,"tie:2,3,4",0,1,0,0,0,0,0,0,2.1,0.11,0.11,0.11
tpcds_sf20_t8,TPCDS SF20,8,Q38,1,"tie:1,2,3,4",0,0,0,0,0,0,0,0,0.93,0.93,0.93,0.93
tpcds_sf20_t8,TPCDS SF20,8,Q39,1,"tie:1,2,3,4",0,0,0,0,0,0,0,0,0.21,0.21,0.21,0.21
tpcds_sf20_t8,TPCDS SF20,8,Q40,1,4,0,0,1,0,0,0,0,0,0.21,0.21,0.21,0.11
tpcds_sf20_t8,TPCDS SF20,8,Q41,1,"tie:1,2,3,4",0,0,0,0,0,0,0,0,0.11,0.11,0.11,0.11
tpcds_sf20_t8,TPCDS SF20,8,Q42,1,"tie:2,3,4",0,1,0,0,0,0,0,0,0.41,0.31,0.31,0.31
tpcds_sf20_t8,TPCDS SF20,8,Q43,1,"tie:1,4",0,0,1,0,1,0,0,0,0.62,0.72,0.72,0.62
tpcds_sf20_t8,TPCDS SF20,8,Q44,1,"tie:1,3",0,0,0,0,0,0,0,0,8.38,8.39,8.38,8.48
tpcds_sf20_t8,TPCDS SF20,8,Q45,1,"tie:1,2,3,4",0,0,0,0,0,0,0,0,0.31,0.31,0.31,0.31
tpcds_sf20_t8,TPCDS SF20,8,Q46,1,"tie:2,3,4",0,1,0,0,0,0,0,0,1.03,0.72,0.72,0.72
tpcds_sf20_t8,TPCDS SF20,8,Q47,1,"tie:1,2,3,4",0,0,0,0,0,0,0,0,1.44,1.44,1.44,1.44
tpcds_sf20_t8,TPCDS SF20,8,Q48,1,"tie:1,2",0,0,0,0,0,1,0,0,0.82,0.82,0.875,0.93
tpcds_sf20_t8,TPCDS SF20,8,Q49,1,"tie:2,3,4",0,1,0,0,0,0,0,0,0.62,0.52,0.52,0.52
tpcds_sf20_t8,TPCDS SF20,8,Q50,1,4,0,0,0,0,0,0,0,0,1.335,0.77,0.77,0.72
tpcds_sf20_t8,TPCDS SF20,8,Q51,1,"tie:1,2,3,4",0,0,0,0,0,0,0,0,2.05,2.05,2.05,2.05
tpcds_sf20_t8,TPCDS SF20,8,Q52,1,"tie:2,3,4",0,1,0,0,0,0,0,0,0.41,0.31,0.31,0.31
tpcds_sf20_t8,TPCDS SF20,8,Q53,1,"tie:2,3",0,0,0,0,0,0,0,0,0.52,0.31,0.31,0.41
tpcds_sf20_t8,TPCDS SF20,8,Q54,0,censored,0,0,0,0,0,0,0,0,,,,
tpcds_sf20_t8,TPCDS SF20,8,Q55,1,"tie:2,3,4",0,1,0,0,0,0,0,0,0.41,0.31,0.31,0.31
tpcds_sf20_t8,TPCDS SF20,8,Q56,1,"tie:2,3,4",0,1,0,0,0,0,0,0,0.52,0.41,0.41,0.41
tpcds_sf20_t8,TPCDS SF20,8,Q57,1,"tie:1,2,3,4",0,0,0,0,0,0,0,0,0.41,0.41,0.41,0.41
tpcds_sf20_t8,TPCDS SF20,8,Q58,1,"tie:1,2,3,4",0,0,0,0,0,0,0,0,1.03,1.03,1.03,1.03
tpcds_sf20_t8,TPCDS SF20,8,Q59,1,"tie:1,2,3,4",0,0,0,0,0,0,0,0,1.03,1.03,1.03,1.03
tpcds_sf20_t8,TPCDS SF20,8,Q60,1,"tie:2,3",0,0,0,0,0,0,0,0,0.62,0.41,0.41,0.465
tpcds_sf20_t8,TPCDS SF20,8,Q61,1,"tie:2,3,4",0,1,0,0,0,0,0,0,0.82,0.62,0.62,0.62
tpcds_sf20_t8,TPCDS SF20,8,Q62,1,"tie:1,2,3,4",0,0,0,0,0,0,0,0,0.31,0.31,0.31,0.31
tpcds_sf20_t8,TPCDS SF20,8,Q63,1,"tie:2,3",0,0,0,0,0,0,0,0,0.52,0.31,0.31,0.41
tpcds_sf20_t8,TPCDS SF20,8,Q64,1,4,0,0,1,1,0,0,0,0,2.21,1.13,1.44,0.93
tpcds_sf20_t8,TPCDS SF20,8,Q65,1,"tie:1,2,3",0,0,0,0,0,1,0,0,1.34,1.34,1.34,1.54
tpcds_sf20_t8,TPCDS SF20,8,Q66,1,"tie:2,3,4",0,1,0,0,0,0,0,0,0.41,0.31,0.31,0.31
tpcds_sf20_t8,TPCDS SF20,8,Q67,1,4,0,0,0,0,0,0,0,0,5.85,5.85,5.95,5.75
tpcds_sf20_t8,TPCDS SF20,8,Q68,1,"tie:2,3,4",0,1,0,0,0,0,0,0,0.82,0.62,0.62,0.62
tpcds_sf20_t8,TPCDS SF20,8,Q69,1,4,0,0,1,0,0,0,0,0,0.41,0.41,0.41,0.31
tpcds_sf20_t8,TPCDS SF20,8,Q70,1,4,0,0,0,0,0,0,0,0,1.13,1.13,1.13,1.03
tpcds_sf20_t8,TPCDS SF20,8,Q71,1,4,0,0,1,0,0,0,0,0,0.52,0.52,0.52,0.41
tpcds_sf20_t8,TPCDS SF20,8,Q72,1,4,0,0,1,0,0,0,0,0,6.155,0.62,0.62,0.52
tpcds_sf20_t8,TPCDS SF20,8,Q73,1,"tie:2,3,4",0,1,0,0,0,0,0,0,0.57,0.41,0.41,0.41
tpcds_sf20_t8,TPCDS SF20,8,Q74,1,"tie:2,3",0,0,0,0,0,0,0,0,2,1.95,1.95,2
tpcds_sf20_t8,TPCDS SF20,8,Q75,1,"tie:2,3",0,0,0,0,0,0,0,0,1.34,1.03,1.03,1.13
tpcds_sf20_t8,TPCDS SF20,8,Q76,1,"tie:1,2,3,4",0,0,0,0,0,0,0,0,0.62,0.62,0.62,0.62
tpcds_sf20_t8,TPCDS SF20,8,Q77,1,"tie:2,3,4",0,1,0,0,0,0,0,0,0.62,0.52,0.52,0.52
tpcds_sf20_t8,TPCDS SF20,8,Q78,1,4,0,0,0,0,0,0,0,0,2.67,2.72,2.88,2.52
tpcds_sf20_t8,TPCDS SF20,8,Q79,1,"tie:2,3,4",0,1,0,0,0,0,0,0,0.82,0.62,0.62,0.62
tpcds_sf20_t8,TPCDS SF20,8,Q80,1,4,0,0,1,0,0,0,0,0,1.13,0.72,0.72,0.62
tpcds_sf20_t8,TPCDS SF20,8,Q81,1,"tie:1,2,3,4",0,0,0,0,0,0,0,0,0.26,0.26,0.26,0.26
tpcds_sf20_t8,TPCDS SF20,8,Q82,1,"tie:2,3,4",0,1,0,0,0,0,0,0,2.405,0.21,0.21,0.21
tpcds_sf20_t8,TPCDS SF20,8,Q83,1,"tie:2,3,4",0,1,0,0,0,0,0,0,0.21,0.11,0.11,0.11
tpcds_sf20_t8,TPCDS SF20,8,Q84,1,"tie:2,3,4",0,1,0,0,0,0,0,0,0.21,0.11,0.11,0.11
tpcds_sf20_t8,TPCDS SF20,8,Q85,1,"tie:1,2,3,4",0,0,0,0,0,0,0,0,0.41,0.41,0.41,0.41
tpcds_sf20_t8,TPCDS SF20,8,Q86,1,"tie:1,2,3",0,0,0,0,0,1,0,0,0.21,0.21,0.21,0.31
tpcds_sf20_t8,TPCDS SF20,8,Q87,1,"tie:1,4",0,0,1,0,1,0,0,0,0.93,1.03,0.98,0.93
tpcds_sf20_t8,TPCDS SF20,8,Q88,1,"tie:2,3,4",0,1,0,0,0,0,0,0,1.54,0.82,0.82,0.82
tpcds_sf20_t8,TPCDS SF20,8,Q89,1,"tie:2,3,4",0,1,0,0,0,0,0,0,0.52,0.41,0.41,0.41
tpcds_sf20_t8,TPCDS SF20,8,Q90,1,"tie:1,2,3,4",0,0,0,0,0,0,0,0,0.21,0.21,0.21,0.21
tpcds_sf20_t8,TPCDS SF20,8,Q91,1,"tie:1,2,3,4",0,0,0,0,0,0,0,0,0.11,0.11,0.11,0.11
tpcds_sf20_t8,TPCDS SF20,8,Q92,1,"tie:1,2,3,4",0,0,0,0,0,0,0,0,0.21,0.21,0.21,0.21
tpcds_sf20_t8,TPCDS SF20,8,Q93,1,"tie:2,3,4",0,1,0,0,0,0,0,0,1.13,0.82,0.82,0.82
tpcds_sf20_t8,TPCDS SF20,8,Q94,1,"tie:2,3,4",0,1,0,0,0,0,0,0,0.31,0.21,0.21,0.21
tpcds_sf20_t8,TPCDS SF20,8,Q95,1,4,0,0,1,1,0,0,0,0,3.18,3.18,5.44,0.41
tpcds_sf20_t8,TPCDS SF20,8,Q96,1,"tie:2,3,4",0,1,0,0,0,0,0,0,0.31,0.21,0.21,0.21
tpcds_sf20_t8,TPCDS SF20,8,Q97,1,"tie:1,2,3",0,0,0,0,0,1,0,0,0.93,0.93,0.93,1.03
tpcds_sf20_t8,TPCDS SF20,8,Q98,1,"tie:2,3,4",0,1,0,0,0,0,0,0,0.41,0.31,0.31,0.31
tpcds_sf20_t8,TPCDS SF20,8,Q99,1,"tie:1,2,3",0,0,0,0,0,1,0,0,0.31,0.31,0.31,0.41
tpcds_sf50_t8,TPCDS SF50,8,Q01,1,"tie:1,2,4",0,0,0,1,0,0,0,0,0.72,0.72,0.93,0.72
tpcds_sf50_t8,TPCDS SF50,8,Q02,1,1,0,0,0,0,0,0,0,0,1.33,1.34,1.34,1.34
tpcds_sf50_t8,TPCDS SF50,8,Q03,1,"tie:2,3,4",0,1,0,0,0,0,0,0,0.925,0.67,0.67,0.67
tpcds_sf50_t8,TPCDS SF50,8,Q04,1,"tie:2,3",0,0,0,0,0,0,0,0,8.97,8.82,8.82,9.23
tpcds_sf50_t8,TPCDS SF50,8,Q05,1,"tie:2,4",0,1,0,1,0,0,0,0,1.85,1.54,1.85,1.54
tpcds_sf50_t8,TPCDS SF50,8,Q06,1,"tie:1,2,3,4",0,0,0,0,0,0,0,0,2.36,2.36,2.36,2.36
tpcds_sf50_t8,TPCDS SF50,8,Q07,1,"tie:2,3",0,0,0,0,0,0,0,0,1.85,1.13,1.13,1.23
tpcds_sf50_t8,TPCDS SF50,8,Q08,1,"tie:2,3,4",0,1,0,0,0,0,0,0,1.64,1.23,1.23,1.23
tpcds_sf50_t8,TPCDS SF50,8,Q09,1,"tie:1,2",0,0,0,0,0,0,0,0,2.15,2.15,2.16,2.155
tpcds_sf50_t8,TPCDS SF50,8,Q10,1,4,0,0,1,0,0,0,0,0,1.03,1.03,1.03,0.62
tpcds_sf50_t8,TPCDS SF50,8,Q11,1,2,0,0,0,0,0,0,0,0,6.31,6,6.05,6.26
tpcds_sf50_t8,TPCDS SF50,8,Q12,1,"tie:1,2,3,4",0,0,0,0,0,0,0,0,0.31,0.31,0.31,0.31
tpcds_sf50_t8,TPCDS SF50,8,Q13,1,"tie:1,2",0,0,0,0,0,1,0,0,2.05,2.05,2.16,2.26
tpcds_sf50_t8,TPCDS SF50,8,Q14,1,2,0,0,0,0,0,0,0,0,16.7,16.605,16.71,17.01
tpcds_sf50_t8,TPCDS SF50,8,Q15,1,"tie:1,2,3,4",0,0,0,0,0,0,0,0,0.21,0.21,0.21,0.21
tpcds_sf50_t8,TPCDS SF50,8,Q16,1,"tie:1,2,3,4",0,0,0,0,0,0,0,0,0.21,0.21,0.21,0.21
tpcds_sf50_t8,TPCDS SF50,8,Q17,1,"tie:2,3,4",0,1,0,0,0,0,0,0,2.41,1.13,1.13,1.13
tpcds_sf50_t8,TPCDS SF50,8,Q18,1,"tie:2,3",0,0,0,0,0,0,0,0,0.72,0.41,0.41,0.465
tpcds_sf50_t8,TPCDS SF50,8,Q19,1,"tie:2,3,4",0,1,0,0,0,0,0,0,1.18,0.82,0.82,0.82
tpcds_sf50_t8,TPCDS SF50,8,Q20,1,"tie:1,2,3,4",0,0,0,0,0,0,0,0,0.21,0.21,0.21,0.21
tpcds_sf50_t8,TPCDS SF50,8,Q21,1,"tie:1,2,3,4",0,0,0,0,0,0,0,0,0.11,0.11,0.11,0.11
tpcds_sf50_t8,TPCDS SF50,8,Q22,1,"tie:1,2,3,4",0,0,0,0,0,0,0,0,2.46,2.46,2.46,2.46
tpcds_sf50_t8,TPCDS SF50,8,Q23,1,1,0,0,0,0,0,0,0,0,10.87,11.08,11.08,11.08
tpcds_sf50_t8,TPCDS SF50,8,Q24,1,2,0,0,0,0,0,0,0,0,3.49,1.695,1.75,1.85
tpcds_sf50_t8,TPCDS SF50,8,Q25,1,"tie:2,3,4",0,1,0,0,0,0,0,0,1.54,1.13,1.13,1.13
tpcds_sf50_t8,TPCDS SF50,8,Q26,1,"tie:2,3,4",0,1,0,0,0,0,0,0,0.41,0.31,0.31,0.31
tpcds_sf50_t8,TPCDS SF50,8,Q27,1,"tie:2,3,4",0,1,0,0,0,0,0,0,3.74,2.05,2.05,2.05
tpcds_sf50_t8,TPCDS SF50,8,Q28,1,"tie:1,2",0,0,0,0,0,0,0,0,2.56,2.56,2.57,2.57
tpcds_sf50_t8,TPCDS SF50,8,Q29,1,2,0,0,0,0,0,0,0,0,1.85,1.39,1.44,1.49
tpcds_sf50_t8,TPCDS SF50,8,Q30,1,"tie:1,2,3",0,0,0,0,0,1,0,0,0.31,0.31,0.31,0.36
tpcds_sf50_t8,TPCDS SF50,8,Q31,1,"tie:2,3,4",0,1,0,0,0,0,0,0,1.64,1.23,1.23,1.23
tpcds_sf50_t8,TPCDS SF50,8,Q32,1,"tie:1,2,3,4",0,0,0,0,0,0,0,0,0.11,0.11,0.11,0.11
tpcds_sf50_t8,TPCDS SF50,8,Q33,1,"tie:2,3,4",0,1,0,0,0,0,0,0,1.13,0.93,0.93,0.93
tpcds_sf50_t8,TPCDS SF50,8,Q34,1,"tie:2,3",0,0,0,0,0,0,0,0,1.33,0.82,0.82,0.93
tpcds_sf50_t8,TPCDS SF50,8,Q35,1,4,0,0,1,1,0,0,0,0,1.74,1.745,1.95,1.34
tpcds_sf50_t8,TPCDS SF50,8,Q36,1,"tie:2,3",0,0,0,0,0,0,0,0,1.74,1.13,1.13,1.34
tpcds_sf50_t8,TPCDS SF50,8,Q37,1,"tie:2,3,4",0,1,0,0,0,0,0,0,7.22,0.21,0.21,0.21
tpcds_sf50_t8,TPCDS SF50,8,Q38,1,"tie:1,4",0,0,0,0,0,0,0,0,2.05,2.16,2.16,2.05
tpcds_sf50_t8,TPCDS SF50,8,Q39,1,"tie:1,2,3,4",0,0,0,0,0,0,0,0,0.21,0.21,0.21,0.21
tpcds_sf50_t8,TPCDS SF50,8,Q40,1,4,0,0,1,0,0,0,0,0,0.31,0.31,0.31,0.11
tpcds_sf50_t8,TPCDS SF50,8,Q41,1,"tie:1,2,3,4",0,0,0,0,0,0,0,0,0.11,0.11,0.11,0.11
tpcds_sf50_t8,TPCDS SF50,8,Q42,1,"tie:2,3,4",0,1,0,0,0,0,0,0,0.87,0.52,0.52,0.52
tpcds_sf50_t8,TPCDS SF50,8,Q43,1,"tie:2,3",0,0,0,0,0,0,0,0,1.23,0.82,0.82,0.93
tpcds_sf50_t8,TPCDS SF50,8,Q44,1,4,0,0,0,0,0,0,0,0,38.6,38.605,39.09,38.465
tpcds_sf50_t8,TPCDS SF50,8,Q45,1,2,0,0,0,1,0,0,0,0,0.52,0.41,0.465,0.52
tpcds_sf50_t8,TPCDS SF50,8,Q46,1,"tie:2,3,4",0,1,0,0,0,0,0,0,2,1.34,1.34,1.34
tpcds_sf50_t8,TPCDS SF50,8,Q47,1,"tie:1,2",0,0,0,0,0,0,0,0,3.18,3.18,3.28,3.28
tpcds_sf50_t8,TPCDS SF50,8,Q48,1,1,0,0,0,0,0,1,0,0,1.695,1.8,1.95,2.05
tpcds_sf50_t8,TPCDS SF50,8,Q49,1,"tie:2,3,4",0,1,0,0,0,0,0,0,1.44,1.13,1.13,1.13
tpcds_sf50_t8,TPCDS SF50,8,Q50,1,4,0,0,1,0,0,0,0,0,3.39,1.695,1.695,1.54
tpcds_sf50_t8,TPCDS SF50,8,Q51,1,4,0,0,0,0,0,0,0,0,4.72,4.72,4.72,4.52
tpcds_sf50_t8,TPCDS SF50,8,Q52,1,"tie:2,3,4",0,1,0,0,0,0,0,0,0.87,0.62,0.62,0.62
tpcds_sf50_t8,TPCDS SF50,8,Q53,1,"tie:2,3,4",0,1,0,0,0,0,0,0,1.13,0.72,0.72,0.72
tpcds_sf50_t8,TPCDS SF50,8,Q54,0,censored,0,0,0,0,0,0,0,0,,,,
tpcds_sf50_t8,TPCDS SF50,8,Q55,1,"tie:2,3,4",0,1,0,0,0,0,0,0,0.82,0.62,0.62,0.62
tpcds_sf50_t8,TPCDS SF50,8,Q56,1,"tie:2,3,4",0,1,0,0,0,0,0,0,1.13,0.82,0.82,0.82
tpcds_sf50_t8,TPCDS SF50,8,Q57,1,"tie:1,2,3,4",0,0,0,0,0,0,0,0,0.82,0.82,0.82,0.82
tpcds_sf50_t8,TPCDS SF50,8,Q58,1,"tie:1,2,3,4",0,0,0,0,0,0,0,0,2.46,2.46,2.46,2.46
tpcds_sf50_t8,TPCDS SF50,8,Q59,1,"tie:1,2,3,4",0,0,0,0,0,0,0,0,2.46,2.46,2.46,2.46
tpcds_sf50_t8,TPCDS SF50,8,Q60,1,"tie:2,3,4",0,1,0,0,0,0,0,0,1.34,0.93,0.93,0.93
tpcds_sf50_t8,TPCDS SF50,8,Q61,1,"tie:2,3,4",0,1,0,0,0,0,0,0,1.64,1.13,1.13,1.13
tpcds_sf50_t8,TPCDS SF50,8,Q62,1,"tie:1,2,3,4",0,0,0,0,0,0,0,0,0.62,0.62,0.62,0.62
tpcds_sf50_t8,TPCDS SF50,8,Q63,1,"tie:2,3,4",0,1,0,0,0,0,0,0,1.13,0.72,0.72,0.72
tpcds_sf50_t8,TPCDS SF50,8,Q64,1,4,0,0,1,1,0,0,0,0,6.715,2.87,3.49,2.05
tpcds_sf50_t8,TPCDS SF50,8,Q65,1,1,0,0,0,0,0,0,0,0,3.8,3.9,3.9,3.9
tpcds_sf50_t8,TPCDS SF50,8,Q66,1,"tie:2,3",0,0,0,0,0,0,0,0,0.82,0.52,0.52,0.62
tpcds_sf50_t8,TPCDS SF50,8,Q67,1,2,0,0,0,0,0,0,0,0,15.79,15.705,15.8,16.11
tpcds_sf50_t8,TPCDS SF50,8,Q68,1,"tie:3,4",0,0,0,0,0,0,0,0,1.95,1.44,1.34,1.34
tpcds_sf50_t8,TPCDS SF50,8,Q69,1,4,0,0,1,0,0,0,0,0,1.03,0.93,0.93,0.62
tpcds_sf50_t8,TPCDS SF50,8,Q70,1,4,0,0,0,0,0,0,0,0,2.56,2.46,2.46,2.36
tpcds_sf50_t8,TPCDS SF50,8,Q71,1,4,0,0,1,0,0,0,0,0,1.23,1.13,1.13,0.82
tpcds_sf50_t8,TPCDS SF50,8,Q72,1,4,0,1,0,0,0,0,0,0,21.13,1.44,1.54,1.39
tpcds_sf50_t8,TPCDS SF50,8,Q73,1,"tie:2,3,4",0,1,0,0,0,0,0,0,1.23,0.82,0.82,0.82
tpcds_sf50_t8,TPCDS SF50,8,Q74,1,2,0,0,0,0,0,0,0,0,4.26,4.1,4.105,4.26
tpcds_sf50_t8,TPCDS SF50,8,Q75,1,2,0,1,0,0,0,0,0,0,3.28,2.46,2.465,2.47
tpcds_sf50_t8,TPCDS SF50,8,Q76,1,4,0,0,1,0,0,0,0,0,1.44,1.44,1.44,1.23
tpcds_sf50_t8,TPCDS SF50,8,Q77,1,"tie:2,3,4",0,1,0,0,0,0,0,0,1.34,1.03,1.03,1.03
tpcds_sf50_t8,TPCDS SF50,8,Q78,1,4,0,0,1,0,0,0,0,0,6.77,6.77,7.19,6.06
tpcds_sf50_t8,TPCDS SF50,8,Q79,1,"tie:2,3",0,0,0,0,0,0,0,0,1.95,1.34,1.34,1.44
tpcds_sf50_t8,TPCDS SF50,8,Q80,1,4,0,0,1,0,0,0,0,0,2.565,1.64,1.64,1.23
tpcds_sf50_t8,TPCDS SF50,8,Q81,1,"tie:1,2,3,4",0,0,0,0,0,0,0,0,0.41,0.41,0.41,0.41
tpcds_sf50_t8,TPCDS SF50,8,Q82,0,censored,0,0,0,0,0,0,0,0,0.82,0.41,0.41,0.31
tpcds_sf50_t8,TPCDS SF50,8,Q83,1,"tie:2,3,4",0,1,0,0,0,0,0,0,0.41,0.21,0.21,0.21
tpcds_sf50_t8,TPCDS SF50,8,Q84,1,"tie:2,3,4",0,1,0,0,0,0,0,0,0.36,0.21,0.21,0.21
tpcds_sf50_t8,TPCDS SF50,8,Q85,1,"tie:1,2",0,0,0,1,0,1,0,0,0.72,0.72,0.82,0.82
tpcds_sf50_t8,TPCDS SF50,8,Q86,1,"tie:1,2,3,4",0,0,0,0,0,0,0,0,0.52,0.52,0.52,0.52
tpcds_sf50_t8,TPCDS SF50,8,Q87,1,4,0,0,0,0,0,0,0,0,2.26,2.26,2.26,2.16
tpcds_sf50_t8,TPCDS SF50,8,Q88,1,"tie:2,3",0,0,0,0,0,0,0,0,3.59,1.85,1.85,1.95
tpcds_sf50_t8,TPCDS SF50,8,Q89,1,"tie:2,3,4",0,1,0,0,0,0,0,0,1.23,0.82,0.82,0.82
tpcds_sf50_t8,TPCDS SF50,8,Q90,1,"tie:2,3,4",0,1,0,0,0,0,0,0,0.41,0.31,0.31,0.31
tpcds_sf50_t8,TPCDS SF50,8,Q91,1,"tie:2,3,4",0,1,0,0,0,0,0,0,0.21,0.11,0.11,0.11
tpcds_sf50_t8,TPCDS SF50,8,Q92,1,"tie:2,3,4",0,1,0,0,0,0,0,0,0.41,0.31,0.31,0.31
tpcds_sf50_t8,TPCDS SF50,8,Q93,1,"tie:2,4",0,1,0,1,0,0,0,0,2.98,1.85,2.16,1.85
tpcds_sf50_t8,TPCDS SF50,8,Q94,1,"tie:2,3,4",0,1,0,0,0,0,0,0,0.52,0.41,0.41,0.41
tpcds_sf50_t8,TPCDS SF50,8,Q95,1,4,0,0,1,1,0,0,0,0,8.19,8.2,14.86,1.03
tpcds_sf50_t8,TPCDS SF50,8,Q96,1,4,0,0,1,0,0,0,0,0,0.62,0.52,0.52,0.41
tpcds_sf50_t8,TPCDS SF50,8,Q97,1,"tie:1,2,3,4",0,0,0,0,0,0,0,0,2.26,2.26,2.26,2.26
tpcds_sf50_t8,TPCDS SF50,8,Q98,1,"tie:2,3,4",0,1,0,0,0,0,0,0,0.82,0.62,0.62,0.62
tpcds_sf50_t8,TPCDS SF50,8,Q99,1,"tie:1,2,3",0,0,0,0,0,1,0,0,0.62,0.62,0.62,0.93
tpcds_sf100_t8,TPCDS SF100,8,Q01,1,"tie:1,2,4",0,0,0,1,0,0,0,0,1.23,1.23,1.64,1.23
tpcds_sf100_t8,TPCDS SF100,8,Q02,1,"tie:1,2,3,4",0,0,0,0,0,0,0,0,2.46,2.46,2.46,2.46
tpcds_sf100_t8,TPCDS SF100,8,Q03,1,"tie:2,3,4",0,1,0,0,0,0,0,0,1.745,1.23,1.23,1.23
tpcds_sf100_t8,TPCDS SF100,8,Q04,1,2,0,0,0,0,0,0,0,0,17.325,16.505,17.795,16.975
tpcds_sf100_t8,TPCDS SF100,8,Q05,1,2,0,1,0,1,0,0,0,0,3.49,2.88,3.59,2.98
tpcds_sf100_t8,TPCDS SF100,8,Q06,1,"tie:1,2,4",0,0,0,1,0,0,0,0,6.05,6.05,6.87,6.05
tpcds_sf100_t8,TPCDS SF100,8,Q07,1,"tie:2,3",0,1,0,0,0,0,0,0,3.59,2.16,2.16,2.26
tpcds_sf100_t8,TPCDS SF100,8,Q08,1,"tie:2,4",0,1,0,0,0,0,0,0,2.665,1.85,1.95,1.85
tpcds_sf100_t8,TPCDS SF100,8,Q09,1,1,0,0,0,0,0,0,0,0,4.3,4.31,4.31,4.31
tpcds_sf100_t8,TPCDS SF100,8,Q10,1,4,0,0,1,0,0,0,0,0,1.85,1.85,1.85,1.13
tpcds_sf100_t8,TPCDS SF100,8,Q11,1,2,0,0,0,0,0,0,0,0,12.305,11.38,12.205,11.49
tpcds_sf100_t8,TPCDS SF100,8,Q12,1,"tie:2,3,4",0,1,0,0,0,0,0,0,0.62,0.52,0.52,0.52
tpcds_sf100_t8,TPCDS SF100,8,Q13,1,1,0,0,0,0,0,1,0,0,3.85,4.05,4.055,4.31
tpcds_sf100_t8,TPCDS SF100,8,Q14,1,3,0,0,0,0,0,0,0,0,36.22,36.235,36.14,36.61
tpcds_sf100_t8,TPCDS SF100,8,Q15,1,1,0,0,0,0,1,1,1,0,0.36,0.41,0.41,0.41
tpcds_sf100_t8,TPCDS SF100,8,Q16,1,"tie:2,3,4",0,1,0,0,0,0,0,0,0.41,0.31,0.31,0.31
tpcds_sf100_t8,TPCDS SF100,8,Q17,1,2,0,0,0,0,0,0,0,0,5.23,2.055,2.16,2.26
tpcds_sf100_t8,TPCDS SF100,8,Q18,1,"tie:2,3,4",0,1,0,0,0,0,0,0,1.13,0.72,0.72,0.72
tpcds_sf100_t8,TPCDS SF100,8,Q19,1,"tie:2,3,4",0,1,0,0,0,0,0,0,2.36,1.44,1.44,1.44
tpcds_sf100_t8,TPCDS SF100,8,Q20,1,"tie:1,2,3,4",0,0,0,0,0,0,0,0,0.21,0.21,0.21,0.21
tpcds_sf100_t8,TPCDS SF100,8,Q21,1,"tie:2,3",0,0,0,0,0,0,0,0,0.31,0.21,0.21,0.31
tpcds_sf100_t8,TPCDS SF100,8,Q22,1,1,0,0,0,0,0,0,0,0,9.03,9.13,9.13,9.13
tpcds_sf100_t8,TPCDS SF100,8,Q23,1,1,0,0,0,0,0,0,0,0,21.995,22.355,24.405,22.37
tpcds_sf100_t8,TPCDS SF100,8,Q24,0,censored,0,0,0,0,0,0,0,0,9.43,3.08,3.29,3.645
tpcds_sf100_t8,TPCDS SF100,8,Q25,1,"tie:2,3",0,1,0,0,0,0,0,0,3.23,2.05,2.05,2.11
tpcds_sf100_t8,TPCDS SF100,8,Q26,1,"tie:2,3,4",0,1,0,0,0,0,0,0,0.72,0.52,0.52,0.52
tpcds_sf100_t8,TPCDS SF100,8,Q27,1,"tie:3,4",0,1,0,0,0,0,0,0,6.36,3.745,3.7,3.7
tpcds_sf100_t8,TPCDS SF100,8,Q28,1,"tie:1,2,3,4",0,0,0,0,0,0,0,0,4.92,4.92,4.92,4.92
tpcds_sf100_t8,TPCDS SF100,8,Q29,1,"tie:2,3",0,0,0,0,0,0,0,0,4.205,2.77,2.77,2.925
tpcds_sf100_t8,TPCDS SF100,8,Q30,1,"tie:1,2,3,4",0,0,0,0,0,0,0,0,0.41,0.41,0.41,0.41
tpcds_sf100_t8,TPCDS SF100,8,Q31,1,"tie:2,3,4",0,1,0,0,0,0,0,0,3.08,2.36,2.36,2.36
tpcds_sf100_t8,TPCDS SF100,8,Q32,1,"tie:1,2,3,4",0,0,0,0,0,0,0,0,0.21,0.21,0.21,0.21
tpcds_sf100_t8,TPCDS SF100,8,Q33,1,"tie:2,3,4",0,1,0,0,0,0,0,0,2.16,1.75,1.75,1.75
tpcds_sf100_t8,TPCDS SF100,8,Q34,1,"tie:2,3",0,0,0,0,0,0,0,0,2.41,1.44,1.44,1.54
tpcds_sf100_t8,TPCDS SF100,8,Q35,1,4,0,0,1,1,0,0,0,0,3.69,3.69,4.82,2.67
tpcds_sf100_t8,TPCDS SF100,8,Q36,1,"tie:2,3",0,0,0,0,0,0,0,0,2.925,1.85,1.85,1.95
tpcds_sf100_t8,TPCDS SF100,8,Q37,0,censored,0,0,0,0,0,0,0,0,2.15,0.62,0.62,0.52
tpcds_sf100_t8,TPCDS SF100,8,Q38,1,4,0,0,1,1,0,0,0,0,4.62,4.82,5.9,4.21
tpcds_sf100_t8,TPCDS SF100,8,Q39,1,"tie:1,2,3,4",0,0,0,0,0,0,0,0,0.82,0.82,0.82,0.82
tpcds_sf100_t8,TPCDS SF100,8,Q40,1,4,0,0,1,0,0,0,0,0,0.52,0.52,0.52,0.21
tpcds_sf100_t8,TPCDS SF100,8,Q41,1,"tie:1,2,3,4",0,0,0,0,0,0,0,0,0.11,0.11,0.11,0.11
tpcds_sf100_t8,TPCDS SF100,8,Q42,1,"tie:2,3,4",0,1,0,0,0,0,0,0,1.54,1.03,1.03,1.03
tpcds_sf100_t8,TPCDS SF100,8,Q43,1,"tie:2,3",0,0,0,0,0,0,0,0,2.46,1.85,1.85,2.05
tpcds_sf100_t8,TPCDS SF100,8,Q44,1,4,0,0,0,0,0,0,0,0,241.72,242,241.375,228.555
tpcds_sf100_t8,TPCDS SF100,8,Q45,1,"tie:2,3",0,0,0,0,0,0,0,0,0.82,0.62,0.62,0.67
tpcds_sf100_t8,TPCDS SF100,8,Q46,1,"tie:2,3,4",0,1,0,0,0,0,0,0,3.79,2.36,2.36,2.36
tpcds_sf100_t8,TPCDS SF100,8,Q47,1,1,0,0,0,0,0,0,0,0,6.26,6.36,6.46,6.46
tpcds_sf100_t8,TPCDS SF100,8,Q48,1,1,0,0,0,0,0,1,0,0,3.23,3.44,3.64,3.9
tpcds_sf100_t8,TPCDS SF100,8,Q49,1,"tie:2,3,4",0,0,0,0,0,0,0,0,2.16,2.05,2.05,2.05
tpcds_sf100_t8,TPCDS SF100,8,Q50,1,4,0,0,1,0,0,0,0,0,8.155,3.23,3.34,2.82
tpcds_sf100_t8,TPCDS SF100,8,Q51,1,4,0,0,0,0,0,0,0,0,11.07,11.18,11.185,10.77
tpcds_sf100_t8,TPCDS SF100,8,Q52,1,"tie:2,3,4",0,1,0,0,0,0,0,0,1.54,1.03,1.03,1.03
tpcds_sf100_t8,TPCDS SF100,8,Q53,1,"tie:2,3,4",0,1,0,0,0,0,0,0,2.105,1.34,1.34,1.34
tpcds_sf100_t8,TPCDS SF100,8,Q54,0,censored,0,0,0,0,0,0,0,0,,,,
tpcds_sf100_t8,TPCDS SF100,8,Q55,1,"tie:2,3,4",0,1,0,0,0,0,0,0,1.54,1.03,1.03,1.03
tpcds_sf100_t8,TPCDS SF100,8,Q56,1,4,0,0,0,0,0,0,0,0,2.05,1.64,1.64,1.54
tpcds_sf100_t8,TPCDS SF100,8,Q57,1,1,0,0,0,0,0,0,0,0,1.95,2.05,2.05,2.05
tpcds_sf100_t8,TPCDS SF100,8,Q58,1,1,0,0,0,0,0,0,0,0,5.02,5.03,5.03,5.03
tpcds_sf100_t8,TPCDS SF100,8,Q59,1,1,0,0,0,0,0,0,0,0,6.15,6.16,6.16,6.16
tpcds_sf100_t8,TPCDS SF100,8,Q60,1,"tie:2,3,4",0,1,0,0,0,0,0,0,2.51,1.85,1.85,1.85
tpcds_sf100_t8,TPCDS SF100,8,Q61,1,"tie:2,3,4",0,1,0,0,0,0,0,0,3.49,2.26,2.26,2.26
tpcds_sf100_t8,TPCDS SF100,8,Q62,1,"tie:1,2,3",0,0,0,0,0,0,0,0,1.13,1.13,1.13,1.23
tpcds_sf100_t8,TPCDS SF100,8,Q63,1,"tie:2,3",0,0,0,0,0,0,0,0,2.05,1.23,1.23,1.34
tpcds_sf100_t8,TPCDS SF100,8,Q64,1,4,0,0,1,1,0,0,0,0,15.68,5.75,6.93,3.7
tpcds_sf100_t8,TPCDS SF100,8,Q65,1,4,0,0,1,0,0,0,0,0,13.23,13.12,13.18,10.62
tpcds_sf100_t8,TPCDS SF100,8,Q66,1,"tie:2,3,4",0,1,0,0,0,0,0,0,1.34,0.93,0.93,0.93
tpcds_sf100_t8,TPCDS SF100,8,Q67,1,2,0,0,0,0,0,0,0,0,38.83,38.74,38.855,39.515
tpcds_sf100_t8,TPCDS SF100,8,Q68,1,4,0,1,0,0,0,0,0,0,3.54,2.57,2.57,2.46
tpcds_sf100_t8,TPCDS SF100,8,Q69,1,4,0,0,1,0,0,0,0,0,1.85,1.85,1.85,1.13
tpcds_sf100_t8,TPCDS SF100,8,Q70,1,4,0,0,0,0,0,0,0,0,4.92,4.82,4.82,4.51
tpcds_sf100_t8,TPCDS SF100,8,Q71,1,4,0,0,1,0,0,0,0,0,2.26,2.05,2.05,1.54
tpcds_sf100_t8,TPCDS SF100,8,Q72,0,censored,0,0,0,0,0,0,0,0,9.03,6.41,6.31,6.72
tpcds_sf100_t8,TPCDS SF100,8,Q73,1,"tie:2,3,4",0,1,0,0,0,0,0,0,2.26,1.44,1.44,1.44
tpcds_sf100_t8,TPCDS SF100,8,Q74,1,2,0,1,0,1,0,0,0,0,8.92,8.1,9.44,8.36
tpcds_sf100_t8,TPCDS SF100,8,Q75,1,"tie:2,3",0,1,0,0,0,0,0,0,6.51,4.92,4.92,5.03
tpcds_sf100_t8,TPCDS SF100,8,Q76,1,4,0,0,1,0,0,0,0,0,2.77,2.82,2.77,2.46
tpcds_sf100_t8,TPCDS SF100,8,Q77,1,"tie:2,3",0,0,0,0,0,0,0,0,2.57,1.85,1.85,1.95
tpcds_sf100_t8,TPCDS SF100,8,Q78,1,4,0,0,1,0,0,0,0,0,13.435,13.54,14.575,12.16
tpcds_sf100_t8,TPCDS SF100,8,Q79,1,"tie:2,3",0,0,0,0,0,0,0,0,3.795,2.57,2.57,2.77
tpcds_sf100_t8,TPCDS SF100,8,Q80,1,4,0,0,1,0,0,0,0,0,5.03,3.18,3.185,2.47
tpcds_sf100_t8,TPCDS SF100,8,Q81,1,"tie:1,2,3",0,0,0,0,0,0,0,0,0.57,0.57,0.57,0.62
tpcds_sf100_t8,TPCDS SF100,8,Q82,0,censored,0,0,0,0,0,0,0,0,3.18,1.335,1.335,0.82
tpcds_sf100_t8,TPCDS SF100,8,Q83,1,"tie:2,3,4",0,1,0,0,0,0,0,0,0.62,0.31,0.31,0.31
tpcds_sf100_t8,TPCDS SF100,8,Q84,1,4,0,0,1,0,0,0,0,0,0.725,0.31,0.31,0.21
tpcds_sf100_t8,TPCDS SF100,8,Q85,1,"tie:1,2",0,0,0,1,0,1,0,0,1.34,1.34,1.49,1.54
tpcds_sf100_t8,TPCDS SF100,8,Q86,1,"tie:1,2,3,4",0,0,0,0,0,0,0,0,0.93,0.93,0.93,0.93
tpcds_sf100_t8,TPCDS SF100,8,Q87,1,4,0,0,1,1,0,0,0,0,4.92,5.03,6.16,4.515
tpcds_sf100_t8,TPCDS SF100,8,Q88,1,"tie:2,3",0,1,0,0,0,0,0,0,7.015,3.59,3.59,3.69
tpcds_sf100_t8,TPCDS SF100,8,Q89,1,"tie:2,3",0,1,0,0,0,0,0,0,2.36,1.49,1.49,1.54
tpcds_sf100_t8,TPCDS SF100,8,Q90,1,"tie:2,3,4",0,1,0,0,0,0,0,0,0.72,0.41,0.41,0.41
tpcds_sf100_t8,TPCDS SF100,8,Q91,1,4,0,0,1,0,0,0,0,0,0.21,0.21,0.16,0.11
tpcds_sf100_t8,TPCDS SF100,8,Q92,1,4,0,0,1,0,0,0,0,0,0.72,0.62,0.62,0.52
tpcds_sf100_t8,TPCDS SF100,8,Q93,1,"tie:2,4",0,1,0,1,0,0,0,0,5.95,4,4.72,4
tpcds_sf100_t8,TPCDS SF100,8,Q94,1,"tie:2,3,4",0,1,0,0,0,0,0,0,0.92,0.82,0.82,0.82
tpcds_sf100_t8,TPCDS SF100,8,Q95,1,4,0,0,1,1,0,0,0,0,17.7,17.61,26.025,1.95
tpcds_sf100_t8,TPCDS SF100,8,Q96,1,"tie:2,3,4",0,1,0,0,0,0,0,0,1.23,0.82,0.82,0.82
tpcds_sf100_t8,TPCDS SF100,8,Q97,1,"tie:1,2,3",0,0,0,0,0,0,0,0,4.82,4.82,4.82,4.93
tpcds_sf100_t8,TPCDS SF100,8,Q98,1,"tie:2,3,4",0,1,0,0,0,0,0,0,1.54,1.13,1.13,1.13
tpcds_sf100_t8,TPCDS SF100,8,Q99,1,"tie:1,2,3",0,0,0,0,0,1,0,0,1.13,1.13,1.13,1.85
appian_t64,appian,64,q01,1,4,0,0,0,0,0,0,0,0,0.355,0.355,0.38,0.35
appian_t64,appian,64,q02,1,"tie:1,2,4",0,0,0,1,0,0,0,0,0.83,0.83,0.94,0.83
appian_t64,appian,64,q03,1,1,0,0,0,1,0,0,0,0,0.77,0.775,0.98,0.775
appian_t64,appian,64,q04,1,"tie:1,2",0,0,0,1,0,0,0,0,1.38,1.38,1.565,1.39
appian_t64,appian,64,q05,1,"tie:1,2",0,0,0,1,0,0,0,0,0.52,0.52,0.61,0.525
appian_t64,appian,64,q06,1,"tie:1,2",0,0,0,1,0,0,0,0,0.51,0.51,0.79,0.52
appian_t64,appian,64,q07,1,1,0,0,0,1,0,0,0,0,0.56,0.57,0.63,0.57
appian_t64,appian,64,q08,1,"tie:1,2",0,0,0,0,0,0,0,0,1.55,1.55,1.64,1.56
job_t64,job,64,1a,1,"tie:2,3",0,0,0,0,0,0,0,0,0.19,0.15,0.15,0.165
job_t64,job,64,1b,1,2,0,0,0,0,0,0,0,0,0.2,0.14,0.15,0.16
job_t64,job,64,1c,1,2,0,0,0,0,0,0,0,0,0.18,0.17,0.175,0.18
job_t64,job,64,1d,1,"tie:2,3",0,0,0,0,0,0,0,0,0.195,0.15,0.15,0.16
job_t64,job,64,2a,1,"tie:2,3,4",0,1,0,0,0,0,0,0,0.23,0.2,0.2,0.2
job_t64,job,64,2b,1,"tie:2,3",0,1,0,0,0,0,0,0,0.23,0.19,0.19,0.195
job_t64,job,64,2c,1,3,0,1,0,0,0,0,0,0,0.22,0.145,0.14,0.15
job_t64,job,64,2d,1,"tie:2,3,4",0,0,0,0,0,0,0,0,0.235,0.22,0.22,0.22
job_t64,job,64,3a,1,4,0,0,0,0,0,0,0,0,0.54,0.51,0.51,0.49
job_t64,job,64,3b,1,1,0,0,0,0,0,0,0,0,0.47,0.48,0.48,0.49
job_t64,job,64,3c,1,"tie:2,3,4",0,0,0,0,0,0,0,0,0.54,0.5,0.5,0.5
job_t64,job,64,4a,1,4,0,0,1,0,0,0,0,0,0.235,0.21,0.21,0.19
job_t64,job,64,4b,1,4,0,0,0,0,0,0,0,0,0.19,0.19,0.19,0.185
job_t64,job,64,4c,1,4,1,0,0,0,0,0,0,0,0.24,0.21,0.205,0.195
job_t64,job,64,5a,1,3,0,1,0,0,0,0,0,0,0.52,0.145,0.14,0.15
job_t64,job,64,5b,1,4,0,0,0,0,0,0,0,0,0.48,0.18,0.18,0.165
job_t64,job,64,5c,1,"tie:2,3",0,1,0,0,0,0,0,0,0.53,0.47,0.47,0.48
job_t64,job,64,6a,1,4,0,0,0,0,0,0,0,0,0.23,0.24,0.235,0.22
job_t64,job,64,6b,1,"tie:2,3",0,0,0,0,0,0,0,0,0.23,0.19,0.19,0.21
job_t64,job,64,6c,1,"tie:2,3",0,1,0,0,0,0,0,0,0.22,0.19,0.19,0.2
job_t64,job,64,6d,1,4,0,0,1,0,0,0,0,0,0.24,0.245,0.24,0.22
job_t64,job,64,6e,1,3,0,0,0,0,0,0,0,0,0.23,0.21,0.205,0.21
job_t64,job,64,6f,1,2,0,0,0,1,0,0,0,0,0.58,0.57,0.77,0.6
job_t64,job,64,7a,1,3,0,1,0,0,0,0,0,0,0.365,0.32,0.31,0.32
job_t64,job,64,7b,1,3,0,1,0,0,0,0,0,0,0.35,0.215,0.21,0.225
job_t64,job,64,7c,1,4,1,0,0,0,0,0,0,0,0.8,0.76,0.755,0.75
job_t64,job,64,8a,1,"tie:2,3",0,1,0,0,0,0,0,0,0.355,0.26,0.26,0.27
job_t64,job,64,8b,1,"tie:2,3",0,1,0,0,0,0,0,0,0.345,0.24,0.24,0.25
job_t64,job,64,8c,1,2,0,0,0,1,0,0,0,0,0.435,0.41,0.475,0.47
job_t64,job,64,8d,1,4,0,0,1,1,0,0,0,0,0.375,0.36,0.4,0.31
job_t64,job,64,9a,1,4,1,0,0,0,0,0,0,0,0.39,0.325,0.315,0.3
job_t64,job,64,9b,1,2,0,1,0,0,0,0,0,0,0.455,0.29,0.295,0.3
job_t64,job,64,9c,1,4,1,0,1,0,0,0,0,0,0.405,0.33,0.325,0.3
job_t64,job,64,9d,1,4,0,0,0,0,0,0,0,0,0.485,0.485,0.49,0.465
job_t64,job,64,10a,1,4,1,0,0,0,0,0,0,0,0.33,0.295,0.29,0.27
job_t64,job,64,10b,1,4,0,0,1,0,0,0,0,0,0.295,0.27,0.27,0.24
job_t64,job,64,10c,1,2,0,0,0,0,0,1,0,0,0.38,0.375,0.39,0.425
job_t64,job,64,11a,1,"tie:2,3",0,0,0,0,0,0,0,0,0.2,0.18,0.18,0.19
job_t64,job,64,11b,1,2,0,0,0,0,0,0,0,0,0.195,0.17,0.175,0.18
job_t64,job,64,11c,1,3,0,1,0,0,0,0,0,0,0.225,0.185,0.18,0.19
job_t64,job,64,11d,1,"tie:2,3,4",0,1,0,0,0,0,0,0,0.225,0.2,0.2,0.2
job_t64,job,64,12a,1,3,0,1,0,0,0,0,0,0,0.27,0.23,0.215,0.225
job_t64,job,64,12b,1,"tie:3,4",0,1,0,0,0,0,0,0,0.255,0.205,0.2,0.2
job_t64,job,64,12c,1,4,1,1,0,0,0,0,0,0,0.3,0.23,0.225,0.22
job_t64,job,64,13a,1,"tie:2,3",0,1,0,0,0,0,0,0,0.605,0.28,0.28,0.29
job_t64,job,64,13b,1,2,0,1,0,0,0,0,0,0,0.305,0.195,0.2,0.2
job_t64,job,64,13c,1,3,0,1,0,0,0,0,0,0,0.29,0.19,0.18,0.185
job_t64,job,64,13d,1,2,0,0,0,0,0,0,0,0,0.575,0.4,0.41,0.45
job_t64,job,64,14a,1,"tie:2,3,4",0,1,0,0,0,0,0,0,0.56,0.2,0.2,0.2
job_t64,job,64,14b,1,"tie:2,3",0,1,0,0,0,0,0,0,0.52,0.18,0.18,0.185
job_t64,job,64,14c,1,"tie:3,4",0,1,0,0,0,0,0,0,0.58,0.22,0.21,0.21
job_t64,job,64,15a,1,4,0,1,0,0,0,0,0,0,0.53,0.35,0.35,0.34
job_t64,job,64,15b,1,"tie:2,3",0,1,0,0,0,0,0,0,0.515,0.33,0.33,0.335
job_t64,job,64,15c,1,4,1,1,0,0,0,0,0,0,0.53,0.345,0.34,0.33
job_t64,job,64,15d,1,4,0,0,0,0,0,0,0,0,0.28,0.26,0.26,0.24
job_t64,job,64,16a,1,4,1,0,1,0,0,0,0,0,0.47,0.345,0.34,0.31
job_t64,job,64,16b,1,2,0,0,0,0,0,0,0,0,4.445,0.55,0.565,0.595
job_t64,job,64,16c,1,"tie:2,3",0,1,0,0,0,0,0,0,1.225,0.435,0.435,0.45
job_t64,job,64,16d,1,"tie:2,3",0,1,0,0,0,0,0,0,1.11,0.425,0.425,0.445
job_t64,job,64,17a,1,2,0,0,0,0,0,0,0,0,2.025,0.39,0.4,0.42
job_t64,job,64,17b,1,2,0,0,0,0,0,0,0,0,0.81,0.3,0.31,0.355
job_t64,job,64,17c,1,4,0,1,0,0,0,0,0,0,0.575,0.28,0.28,0.27
job_t64,job,64,17d,1,4,0,1,0,0,0,0,0,0,0.655,0.32,0.32,0.315
job_t64,job,64,17e,1,2,0,1,0,0,0,0,0,0,2.99,0.43,0.455,0.44
job_t64,job,64,17f,1,2,0,0,0,0,0,0,0,0,2.29,0.455,0.465,0.48
job_t64,job,64,18a,1,"tie:3,4",0,0,0,0,0,0,0,0,0.405,0.375,0.37,0.37
job_t64,job,64,18b,1,3,0,1,0,0,0,0,0,0,0.51,0.33,0.32,0.33
job_t64,job,64,18c,1,"tie:3,4",0,1,0,0,0,0,0,0,0.68,0.39,0.38,0.38
job_t64,job,64,19a,1,4,1,1,0,0,0,0,0,0,0.6,0.42,0.415,0.4
job_t64,job,64,19b,1,"tie:2,3",0,1,0,0,0,0,0,0,0.68,0.36,0.36,0.37
job_t64,job,64,19c,1,4,0,0,0,0,0,0,0,0,0.605,0.425,0.43,0.4
job_t64,job,64,19d,1,4,0,1,0,1,0,0,0,0,0.705,0.52,0.58,0.5
job_t64,job,64,20a,1,4,1,1,0,0,0,0,0,0,0.55,0.335,0.33,0.32
job_t64,job,64,20b,1,"tie:2,4",0,1,0,0,0,0,0,0,0.31,0.26,0.265,0.26
job_t64,job,64,20c,1,3,0,0,0,0,0,0,0,0,0.625,0.405,0.4,0.44
job_t64,job,64,21a,1,"tie:2,3,4",0,0,0,0,0,0,0,0,0.27,0.25,0.25,0.25
job_t64,job,64,21b,1,"tie:2,3,4",0,0,0,0,0,0,0,0,0.26,0.24,0.24,0.24
job_t64,job,64,21c,1,3,0,0,0,0,0,0,0,0,0.27,0.255,0.25,0.255
job_t64,job,64,22a,1,4,0,0,0,0,0,0,0,0,0.6,0.27,0.27,0.255
job_t64,job,64,22b,1,4,0,1,0,0,0,0,0,0,0.585,0.26,0.26,0.255
job_t64,job,64,22c,1,4,0,1,0,0,0,0,0,0,0.64,0.28,0.28,0.27
job_t64,job,64,22d,1,4,1,0,1,0,0,0,0,0,0.75,0.29,0.28,0.26
job_t64,job,64,23a,1,4,0,1,0,0,0,0,0,0,0.505,0.33,0.33,0.32
job_t64,job,64,23b,1,"tie:2,3,4",0,1,0,0,0,0,0,0,0.5,0.31,0.31,0.31
job_t64,job,64,23c,1,4,0,1,0,0,0,0,0,0,0.5,0.36,0.36,0.35
job_t64,job,64,24a,1,4,1,0,0,0,0,0,0,0,0.7,0.44,0.435,0.41
job_t64,job,64,24b,1,4,1,0,0,0,0,0,0,0,0.625,0.38,0.37,0.36
job_t64,job,64,25a,1,4,1,1,0,0,0,0,0,0,0.715,0.395,0.39,0.38
job_t64,job,64,25b,1,4,0,1,0,0,0,0,0,0,0.65,0.35,0.35,0.34
job_t64,job,64,25c,1,4,0,1,0,0,0,0,0,0,0.715,0.43,0.43,0.42
job_t64,job,64,26a,1,"tie:3,4",0,1,0,0,0,0,0,0,0.57,0.405,0.39,0.39
job_t64,job,64,26b,1,4,1,1,0,0,0,0,0,0,0.51,0.355,0.35,0.34
job_t64,job,64,26c,1,3,0,0,0,0,0,0,0,0,0.66,0.39,0.385,0.415
job_t64,job,64,27a,1,"tie:2,3",0,1,0,0,0,0,0,0,0.27,0.24,0.24,0.25
job_t64,job,64,27b,1,"tie:2,3",0,0,0,0,0,0,0,0,0.26,0.2,0.2,0.215
job_t64,job,64,27c,1,"tie:2,3",0,1,0,0,0,0,0,0,0.295,0.25,0.25,0.255
job_t64,job,64,28a,1,4,1,0,0,0,0,0,0,0,1.195,0.27,0.265,0.25
job_t64,job,64,28b,1,4,0,1,0,0,0,0,0,0,0.58,0.25,0.25,0.245
job_t64,job,64,28c,1,4,0,0,0,0,0,0,0,0,1.07,0.29,0.29,0.27
job_t64,job,64,29a,1,4,0,1,0,0,0,0,0,0,0.78,0.4,0.4,0.39
job_t64,job,64,29b,1,4,0,1,0,0,0,0,0,0,0.655,0.39,0.39,0.385
job_t64,job,64,29c,1,4,1,0,0,0,0,0,0,0,1.115,0.46,0.45,0.43
job_t64,job,64,30a,1,4,1,0,0,0,0,0,0,0,0.71,0.4,0.39,0.375
job_t64,job,64,30b,1,4,0,1,0,0,0,0,0,0,0.54,0.365,0.365,0.355
job_t64,job,64,30c,1,4,1,0,0,0,0,0,0,0,0.75,0.42,0.41,0.39
job_t64,job,64,31a,1,4,0,0,0,0,0,0,0,0,0.735,0.395,0.4,0.37
job_t64,job,64,31b,1,4,0,1,0,0,0,0,0,0,0.565,0.37,0.37,0.36
job_t64,job,64,31c,1,4,0,0,0,0,0,0,0,0,0.815,0.415,0.415,0.38
job_t64,job,64,32a,1,4,1,0,0,0,0,0,0,0,0.165,0.15,0.145,0.14
job_t64,job,64,32b,1,"tie:2,3",0,0,0,0,0,0,0,0,0.19,0.17,0.17,0.18
job_t64,job,64,33a,1,2,0,1,0,0,0,0,0,0,0.285,0.185,0.19,0.19
job_t64,job,64,33b,1,"tie:2,3",0,0,0,0,0,0,0,0,0.26,0.17,0.17,0.18
job_t64,job,64,33c,1,4,0,1,0,0,0,0,0,0,0.345,0.21,0.21,0.2
tpch_sf10_t64,TPCH SF10,64,Q01,1,"tie:1,2,3,4",0,0,0,0,0,0,0,0,0.4,0.4,0.4,0.4
tpch_sf10_t64,TPCH SF10,64,Q02,1,2,0,0,0,0,0,0,0,0,0.29,0.265,0.27,0.27
tpch_sf10_t64,TPCH SF10,64,Q03,1,"tie:2,4",0,0,0,0,0,0,0,0,0.57,0.56,0.57,0.56
tpch_sf10_t64,TPCH SF10,64,Q04,1,"tie:1,2,4",0,0,0,0,0,0,0,0,0.48,0.48,0.51,0.48
tpch_sf10_t64,TPCH SF10,64,Q05,0,censored,0,0,0,0,0,0,0,0,0.56,0.59,0.71,0.705
tpch_sf10_t64,TPCH SF10,64,Q06,1,"tie:1,2,3,4",0,0,0,0,0,0,0,0,0.39,0.39,0.39,0.39
tpch_sf10_t64,TPCH SF10,64,Q07,1,"tie:2,3,4",0,1,0,0,0,0,0,0,0.69,0.61,0.61,0.61
tpch_sf10_t64,TPCH SF10,64,Q08,1,"tie:1,4",0,0,0,0,0,0,0,0,0.66,0.69,0.69,0.66
tpch_sf10_t64,TPCH SF10,64,Q09,1,4,0,0,0,0,0,0,0,0,0.86,0.82,0.83,0.81
tpch_sf10_t64,TPCH SF10,64,Q10,1,1,0,0,0,0,0,0,0,0,0.65,0.67,0.675,0.68
tpch_sf10_t64,TPCH SF10,64,Q11,1,4,0,0,0,0,0,0,0,0,0.2,0.2,0.2,0.19
tpch_sf10_t64,TPCH SF10,64,Q12,1,"tie:1,2",0,0,0,0,0,0,0,0,0.48,0.48,0.5,0.495
tpch_sf10_t64,TPCH SF10,64,Q13,1,"tie:1,2,4",0,0,0,1,0,0,0,0,0.5,0.5,0.55,0.5
tpch_sf10_t64,TPCH SF10,64,Q14,1,"tie:1,2,3",0,0,0,0,0,0,0,0,0.51,0.51,0.51,0.54
tpch_sf10_t64,TPCH SF10,64,Q15,1,4,0,0,0,0,0,0,0,0,0.5,0.5,0.5,0.495
tpch_sf10_t64,TPCH SF10,64,Q16,1,"tie:1,2,3,4",0,0,0,0,0,0,0,0,0.27,0.27,0.27,0.27
tpch_sf10_t64,TPCH SF10,64,Q17,1,"tie:1,2,3,4",0,0,0,0,0,0,0,0,0.51,0.51,0.51,0.51
tpch_sf10_t64,TPCH SF10,64,Q18,1,"tie:1,2,4",0,0,0,1,0,0,0,0,0.85,0.85,1.22,0.85
tpch_sf10_t64,TPCH SF10,64,Q19,1,"tie:1,2,3",0,0,0,0,0,0,0,0,0.62,0.62,0.62,0.64
tpch_sf10_t64,TPCH SF10,64,Q20,1,"tie:2,3,4",0,0,0,0,0,0,0,0,0.58,0.57,0.57,0.57
tpch_sf10_t64,TPCH SF10,64,Q21,1,"tie:1,2",0,0,0,1,0,0,0,0,0.83,0.83,1.075,0.845
tpch_sf10_t64,TPCH SF10,64,Q22,1,"tie:1,2,3,4",0,0,0,0,0,0,0,0,0.23,0.23,0.23,0.23
tpch_sf20_t64,TPCH SF20,64,Q01,1,"tie:1,2,3,4",0,0,0,0,0,0,0,0,0.66,0.66,0.66,0.66
tpch_sf20_t64,TPCH SF20,64,Q02,1,2,0,0,0,0,0,0,0,0,0.33,0.3,0.305,0.315
tpch_sf20_t64,TPCH SF20,64,Q03,1,2,0,0,0,0,0,0,0,0,0.96,0.93,0.94,0.94
tpch_sf20_t64,TPCH SF20,64,Q04,1,4,0,0,0,0,0,0,0,0,0.69,0.685,0.71,0.68
tpch_sf20_t64,TPCH SF20,64,Q05,0,censored,0,0,0,0,0,0,0,0,0.93,0.97,0.98,1.21
tpch_sf20_t64,TPCH SF20,64,Q06,1,"tie:1,2,3,4",0,0,0,0,0,0,0,0,0.65,0.65,0.65,0.65
tpch_sf20_t64,TPCH SF20,64,Q07,1,"tie:2,3",0,1,0,0,0,0,0,0,1.18,1.03,1.03,1.04
tpch_sf20_t64,TPCH SF20,64,Q08,1,4,0,0,0,0,0,0,0,0,1.06,1.03,1.03,1.01
tpch_sf20_t64,TPCH SF20,64,Q09,1,4,0,0,0,0,0,0,0,0,1.44,1.39,1.4,1.35
tpch_sf20_t64,TPCH SF20,64,Q10,1,1,0,0,0,0,0,0,0,0,1.01,1.02,1.02,1.09
tpch_sf20_t64,TPCH SF20,64,Q11,1,4,0,0,0,0,0,0,0,0,0.24,0.24,0.24,0.23
tpch_sf20_t64,TPCH SF20,64,Q12,1,"tie:1,2",0,0,0,0,0,0,0,0,0.76,0.76,0.79,0.8
tpch_sf20_t64,TPCH SF20,64,Q13,1,4,0,0,0,0,0,0,0,0,0.81,0.81,0.88,0.805
tpch_sf20_t64,TPCH SF20,64,Q14,1,4,0,0,0,0,0,0,0,0,0.79,0.79,0.8,0.78
tpch_sf20_t64,TPCH SF20,64,Q15,1,"tie:1,2,3,4",0,0,0,0,0,0,0,0,0.82,0.82,0.82,0.82
tpch_sf20_t64,TPCH SF20,64,Q16,1,"tie:1,2,3,4",0,0,0,0,0,0,0,0,0.34,0.34,0.34,0.34
tpch_sf20_t64,TPCH SF20,64,Q17,1,"tie:1,2,3,4",0,0,0,0,0,0,0,0,0.78,0.78,0.78,0.78
tpch_sf20_t64,TPCH SF20,64,Q18,1,"tie:2,4",0,0,0,1,0,0,0,0,1.4,1.39,2.055,1.39
tpch_sf20_t64,TPCH SF20,64,Q19,1,"tie:1,2,3",0,0,0,0,0,0,0,0,1,1,1,1.03
tpch_sf20_t64,TPCH SF20,64,Q20,1,"tie:2,3,4",0,0,0,0,0,0,0,0,0.94,0.92,0.92,0.92
tpch_sf20_t64,TPCH SF20,64,Q21,1,4,0,0,0,1,0,0,0,0,1.23,1.23,1.68,1.22
tpch_sf20_t64,TPCH SF20,64,Q22,1,"tie:1,2,4",0,0,0,1,0,0,0,0,0.28,0.28,0.33,0.28
tpch_sf50_t64,TPCH SF50,64,Q01,1,"tie:1,3,4",0,0,0,0,0,0,0,0,1.46,1.47,1.46,1.46
tpch_sf50_t64,TPCH SF50,64,Q02,1,3,0,0,0,0,0,0,0,0,0.485,0.46,0.455,0.47
tpch_sf50_t64,TPCH SF50,64,Q03,1,3,0,0,0,0,0,0,0,0,2.22,2.225,2.035,2.22
tpch_sf50_t64,TPCH SF50,64,Q04,1,"tie:1,4",0,0,0,0,0,0,0,0,1.42,1.43,1.46,1.42
tpch_sf50_t64,TPCH SF50,64,Q05,0,censored,0,0,0,0,0,0,0,0,2.185,2.27,2.335,2.83
tpch_sf50_t64,TPCH SF50,64,Q06,1,"tie:1,2,3,4",0,0,0,0,0,0,0,0,1.45,1.45,1.45,1.45
tpch_sf50_t64,TPCH SF50,64,Q07,1,2,0,1,0,0,0,0,0,0,2.9,2.39,2.4,2.445
tpch_sf50_t64,TPCH SF50,64,Q08,1,"tie:2,4",0,0,0,0,0,0,0,0,2.445,2.34,2.345,2.34
tpch_sf50_t64,TPCH SF50,64,Q09,1,4,0,0,0,0,0,0,0,0,3.42,3.375,3.405,3.08
tpch_sf50_t64,TPCH SF50,64,Q10,1,"tie:2,3",0,0,0,0,0,0,0,0,2.21,2.19,2.19,2.25
tpch_sf50_t64,TPCH SF50,64,Q11,1,4,0,0,0,0,0,0,0,0,0.365,0.36,0.36,0.34
tpch_sf50_t64,TPCH SF50,64,Q12,1,2,0,0,0,0,0,0,0,0,1.615,1.61,1.69,1.63
tpch_sf50_t64,TPCH SF50,64,Q13,1,"tie:1,2,4",0,0,0,1,0,0,0,0,1.59,1.59,1.825,1.59
tpch_sf50_t64,TPCH SF50,64,Q14,1,4,0,0,0,0,0,0,0,0,1.79,1.8,1.81,1.735
tpch_sf50_t64,TPCH SF50,64,Q15,1,"tie:1,2,4",0,0,0,0,0,0,0,0,1.92,1.92,1.94,1.92
tpch_sf50_t64,TPCH SF50,64,Q16,1,"tie:1,2,3",0,0,0,0,0,0,0,0,0.55,0.55,0.55,0.56
tpch_sf50_t64,TPCH SF50,64,Q17,1,"tie:1,2,3,4",0,0,0,0,0,0,0,0,1.74,1.74,1.74,1.74
tpch_sf50_t64,TPCH SF50,64,Q18,1,"tie:1,2",0,0,0,1,0,0,0,0,3.23,3.23,4.995,3.24
tpch_sf50_t64,TPCH SF50,64,Q19,1,3,0,0,0,0,0,0,0,0,2.23,2.235,2.21,2.31
tpch_sf50_t64,TPCH SF50,64,Q20,1,3,0,0,0,0,0,0,0,0,2.075,2.05,2.03,2.04
tpch_sf50_t64,TPCH SF50,64,Q21,1,4,0,0,0,1,0,0,0,0,2.665,2.66,3.34,2.54
tpch_sf50_t64,TPCH SF50,64,Q22,1,"tie:1,4",0,0,0,1,0,0,0,0,0.47,0.475,0.6,0.47
tpch_sf100_t64,TPCH SF100,64,Q01,1,2,0,0,0,0,0,0,0,0,2.38,2.37,2.38,2.375
tpch_sf100_t64,TPCH SF100,64,Q02,1,"tie:2,3",0,1,0,0,0,0,0,0,0.82,0.73,0.73,0.75
tpch_sf100_t64,TPCH SF100,64,Q03,1,"tie:2,3",0,1,0,0,0,0,0,0,3.975,3.59,3.59,3.63
tpch_sf100_t64,TPCH SF100,64,Q04,1,"tie:1,2,4",0,0,0,0,0,0,0,0,2.6,2.6,2.64,2.6
tpch_sf100_t64,TPCH SF100,64,Q05,0,censored,0,0,0,0,0,0,0,0,4.14,4.225,4.235,4.52
tpch_sf100_t64,TPCH SF100,64,Q06,1,"tie:2,3,4",0,0,0,0,0,0,0,0,2.39,2.385,2.385,2.385
tpch_sf100_t64,TPCH SF100,64,Q07,1,2,0,1,0,0,0,0,0,0,5.6,4.83,4.855,4.94
tpch_sf100_t64,TPCH SF100,64,Q08,1,"tie:2,3",0,0,0,0,0,0,0,0,4.575,4.57,4.57,4.59
tpch_sf100_t64,TPCH SF100,64,Q09,1,4,0,0,0,0,0,0,0,0,6.65,6.605,6.64,6.12
tpch_sf100_t64,TPCH SF100,64,Q10,1,4,0,0,0,0,0,0,0,0,4.08,4.085,4.085,4.05
tpch_sf100_t64,TPCH SF100,64,Q11,1,4,1,0,0,0,0,0,0,0,0.58,0.57,0.565,0.54
tpch_sf100_t64,TPCH SF100,64,Q12,1,"tie:1,2",0,0,0,0,0,0,0,0,2.91,2.91,3.07,2.93
tpch_sf100_t64,TPCH SF100,64,Q13,1,"tie:1,2",0,0,0,1,0,0,0,0,2.895,2.895,3.47,2.9
tpch_sf100_t64,TPCH SF100,64,Q14,1,4,0,0,0,0,0,0,0,0,3.65,3.65,3.63,3.52
tpch_sf100_t64,TPCH SF100,64,Q15,1,1,0,0,0,0,0,0,0,0,3.5,3.51,3.54,3.51
tpch_sf100_t64,TPCH SF100,64,Q16,1,"tie:1,2,4",0,0,0,0,0,0,0,0,0.86,0.86,0.87,0.86
tpch_sf100_t64,TPCH SF100,64,Q17,1,1,0,0,0,0,0,0,0,0,3.4,3.41,3.405,3.41
tpch_sf100_t64,TPCH SF100,64,Q18,1,"tie:1,2",0,0,0,1,0,0,0,0,6.28,6.28,9.785,6.3
tpch_sf100_t64,TPCH SF100,64,Q19,1,"tie:1,2,3",0,0,0,0,0,0,0,0,5.06,5.06,5.06,5.22
tpch_sf100_t64,TPCH SF100,64,Q20,1,2,0,0,0,0,0,0,0,0,3.72,3.71,3.72,3.76
tpch_sf100_t64,TPCH SF100,64,Q21,1,4,0,0,0,1,0,0,0,0,5.345,5.37,6.29,5.28
tpch_sf100_t64,TPCH SF100,64,Q22,1,"tie:1,2,4",0,0,0,1,0,0,0,0,0.7,0.7,0.92,0.7
tpcds_sf10_t64,TPCDS SF10,64,Q01,1,"tie:1,2,4",0,0,0,1,0,0,0,0,0.42,0.42,0.52,0.42
tpcds_sf10_t64,TPCDS SF10,64,Q02,1,"tie:1,2,3,4",0,0,0,0,0,0,0,0,0.32,0.32,0.32,0.32
tpcds_sf10_t64,TPCDS SF10,64,Q03,1,1,0,0,0,0,0,0,0,0,0.315,0.32,0.32,0.32
tpcds_sf10_t64,TPCDS SF10,64,Q04,1,1,0,0,0,0,1,1,1,0,1.245,1.45,1.45,1.45
tpcds_sf10_t64,TPCDS SF10,64,Q05,1,"tie:1,2,4",0,0,0,1,0,0,0,0,0.52,0.52,0.62,0.52
tpcds_sf10_t64,TPCDS SF10,64,Q06,1,"tie:1,2,3,4",0,0,0,0,0,0,0,0,0.42,0.42,0.42,0.42
tpcds_sf10_t64,TPCDS SF10,64,Q07,1,"tie:1,2,3,4",0,0,0,0,0,0,0,0,0.52,0.52,0.52,0.52
tpcds_sf10_t64,TPCDS SF10,64,Q08,1,"tie:1,2,3,4",0,0,0,0,0,0,0,0,0.93,0.93,0.93,0.93
tpcds_sf10_t64,TPCDS SF10,64,Q09,1,"tie:1,2,3,4",0,0,0,0,0,0,0,0,0.32,0.32,0.32,0.32
tpcds_sf10_t64,TPCDS SF10,64,Q10,1,"tie:1,2,4",0,0,0,1,0,0,0,0,0.32,0.32,0.37,0.32
tpcds_sf10_t64,TPCDS SF10,64,Q11,1,"tie:2,3",0,0,0,0,0,1,0,0,0.935,0.83,0.83,1.245
tpcds_sf10_t64,TPCDS SF10,64,Q12,1,2,0,0,0,0,0,0,0,0,0.32,0.31,0.32,0.32
tpcds_sf10_t64,TPCDS SF10,64,Q13,1,"tie:1,2,3",0,0,0,0,0,1,0,0,0.52,0.52,0.52,0.62
tpcds_sf10_t64,TPCDS SF10,64,Q14,1,1,0,0,0,0,0,0,0,0,1.15,1.25,1.25,1.26
tpcds_sf10_t64,TPCDS SF10,64,Q15,1,"tie:1,2,3,4",0,0,0,0,0,0,0,0,0.21,0.21,0.21,0.21
tpcds_sf10_t64,TPCDS SF10,64,Q16,1,"tie:1,2,3,4",0,0,0,0,0,0,0,0,0.21,0.21,0.21,0.21
tpcds_sf10_t64,TPCDS SF10,64,Q17,1,"tie:2,3",0,0,0,0,0,0,0,0,0.57,0.42,0.42,0.52
tpcds_sf10_t64,TPCDS SF10,64,Q18,1,"tie:2,3,4",0,1,0,0,0,0,0,0,0.42,0.32,0.32,0.32
tpcds_sf10_t64,TPCDS SF10,64,Q19,1,"tie:1,2,3,4",0,0,0,0,0,0,0,0,0.42,0.42,0.42,0.42
tpcds_sf10_t64,TPCDS SF10,64,Q20,1,1,0,0,0,0,1,1,1,0,0.21,0.31,0.31,0.32
tpcds_sf10_t64,TPCDS SF10,64,Q21,1,"tie:1,2,3,4",0,0,0,0,0,0,0,0,0.21,0.21,0.21,0.21
tpcds_sf10_t64,TPCDS SF10,64,Q22,1,"tie:1,3",0,0,0,0,0,0,0,0,2.72,2.73,2.72,2.73
tpcds_sf10_t64,TPCDS SF10,64,Q23,1,"tie:1,2,3,4",0,0,0,0,0,0,0,0,0.94,0.94,0.94,0.94
tpcds_sf10_t64,TPCDS SF10,64,Q24,1,"tie:2,3,4",0,1,0,0,0,0,0,0,0.575,0.52,0.52,0.52
tpcds_sf10_t64,TPCDS SF10,64,Q25,1,"tie:1,2,3,4",0,0,0,0,0,0,0,0,0.52,0.52,0.52,0.52
tpcds_sf10_t64,TPCDS SF10,64,Q26,1,"tie:2,3,4",0,1,0,0,0,0,0,0,0.26,0.21,0.21,0.21
tpcds_sf10_t64,TPCDS SF10,64,Q27,1,"tie:2,3,4",0,1,0,0,0,0,0,0,0.62,0.52,0.52,0.52
tpcds_sf10_t64,TPCDS SF10,64,Q28,1,"tie:1,2",0,0,0,0,0,0,0,0,0.52,0.52,0.525,0.53
tpcds_sf10_t64,TPCDS SF10,64,Q29,1,"tie:1,2,3,4",0,0,0,0,0,0,0,0,0.52,0.52,0.52,0.52
tpcds_sf10_t64,TPCDS SF10,64,Q30,1,"tie:1,2,3,4",0,0,0,0,0,0,0,0,0.32,0.32,0.32,0.32
tpcds_sf10_t64,TPCDS SF10,64,Q31,1,"tie:1,2,3",0,0,0,0,0,1,0,0,0.42,0.42,0.42,0.52
tpcds_sf10_t64,TPCDS SF10,64,Q32,1,"tie:1,2,3,4",0,0,0,0,0,0,0,0,0.21,0.21,0.21,0.21
tpcds_sf10_t64,TPCDS SF10,64,Q33,1,"tie:1,2,3",0,0,0,0,0,1,0,0,0.42,0.42,0.42,0.47
tpcds_sf10_t64,TPCDS SF10,64,Q34,1,1,0,0,0,0,0,1,0,0,0.315,0.32,0.32,0.42
tpcds_sf10_t64,TPCDS SF10,64,Q35,1,"tie:1,2,3,4",0,0,0,0,0,0,0,0,0.52,0.52,0.52,0.52
tpcds_sf10_t64,TPCDS SF10,64,Q36,1,"tie:1,2,3,4",0,0,0,0,0,0,0,0,0.52,0.52,0.52,0.52
tpcds_sf10_t64,TPCDS SF10,64,Q37,1,"tie:2,3,4",0,1,0,0,0,0,0,0,0.63,0.21,0.21,0.21
tpcds_sf10_t64,TPCDS SF10,64,Q38,1,"tie:1,2,3,4",0,0,0,0,0,0,0,0,0.42,0.42,0.42,0.42
tpcds_sf10_t64,TPCDS SF10,64,Q39,1,"tie:1,2,3,4",0,0,0,0,0,0,0,0,0.42,0.42,0.42,0.42
tpcds_sf10_t64,TPCDS SF10,64,Q40,1,"tie:1,2,3,4",0,0,0,0,0,0,0,0,0.21,0.21,0.21,0.21
tpcds_sf10_t64,TPCDS SF10,64,Q41,1,"tie:1,2,3,4",0,0,0,0,0,0,0,0,0.21,0.21,0.21,0.21
tpcds_sf10_t64,TPCDS SF10,64,Q42,1,"tie:1,2,3,4",0,0,0,0,0,0,0,0,0.32,0.32,0.32,0.32
tpcds_sf10_t64,TPCDS SF10,64,Q43,1,"tie:1,2,3",0,0,0,0,0,1,0,0,0.32,0.32,0.32,0.42
tpcds_sf10_t64,TPCDS SF10,64,Q44,1,4,0,0,0,0,0,0,0,0,92.635,92.57,92.975,85.675
tpcds_sf10_t64,TPCDS SF10,64,Q45,1,1,0,0,0,0,0,0,0,0,0.31,0.315,0.32,0.32
tpcds_sf10_t64,TPCDS SF10,64,Q46,1,"tie:1,2,3,4",0,0,0,0,0,0,0,0,0.52,0.52,0.52,0.52
tpcds_sf10_t64,TPCDS SF10,64,Q47,1,"tie:1,2,3,4",0,0,0,0,0,0,0,0,0.73,0.73,0.73,0.73
tpcds_sf10_t64,TPCDS SF10,64,Q48,1,"tie:1,2,3,4",0,0,0,0,0,0,0,0,0.52,0.52,0.52,0.52
tpcds_sf10_t64,TPCDS SF10,64,Q49,1,"tie:1,2,3,4",0,0,0,0,0,0,0,0,0.52,0.52,0.52,0.52
tpcds_sf10_t64,TPCDS SF10,64,Q50,1,"tie:2,3,4",0,1,0,0,0,0,0,0,0.47,0.42,0.42,0.42
tpcds_sf10_t64,TPCDS SF10,64,Q51,1,"tie:1,2,3,4",0,0,0,0,0,0,0,0,1.04,1.04,1.04,1.04
tpcds_sf10_t64,TPCDS SF10,64,Q52,1,"tie:1,2,3,4",0,0,0,0,0,0,0,0,0.32,0.32,0.32,0.32
tpcds_sf10_t64,TPCDS SF10,64,Q53,1,"tie:1,2,3,4",0,0,0,0,0,0,0,0,0.42,0.42,0.42,0.42
tpcds_sf10_t64,TPCDS SF10,64,Q54,0,censored,0,0,0,0,0,0,0,0,,,,
tpcds_sf10_t64,TPCDS SF10,64,Q55,1,"tie:1,2,3,4",0,0,0,0,0,0,0,0,0.32,0.32,0.32,0.32
tpcds_sf10_t64,TPCDS SF10,64,Q56,1,"tie:1,3,4",0,0,1,0,1,0,0,1,0.42,0.47,0.42,0.42
tpcds_sf10_t64,TPCDS SF10,64,Q57,1,"tie:1,2,3",0,0,0,0,0,1,0,0,0.42,0.42,0.42,0.52
tpcds_sf10_t64,TPCDS SF10,64,Q58,1,"tie:1,2,3,4",0,0,0,0,0,0,0,0,0.52,0.52,0.52,0.52
tpcds_sf10_t64,TPCDS SF10,64,Q59,1,"tie:1,2,3,4",0,0,0,0,0,0,0,0,0.52,0.52,0.52,0.52
tpcds_sf10_t64,TPCDS SF10,64,Q60,1,"tie:1,2,3,4",0,0,0,0,0,0,0,0,0.52,0.52,0.52,0.52
tpcds_sf10_t64,TPCDS SF10,64,Q61,1,"tie:2,3,4",0,1,0,0,0,0,0,0,0.52,0.42,0.42,0.42
tpcds_sf10_t64,TPCDS SF10,64,Q62,1,"tie:1,2,3",0,0,0,0,0,1,0,0,0.21,0.21,0.21,0.32
tpcds_sf10_t64,TPCDS SF10,64,Q63,1,"tie:1,2,3,4",0,0,0,0,0,0,0,0,0.42,0.42,0.42,0.42
tpcds_sf10_t64,TPCDS SF10,64,Q64,1,"tie:2,3,4",0,1,0,0,0,0,0,0,0.83,0.73,0.73,0.73
tpcds_sf10_t64,TPCDS SF10,64,Q65,1,4,0,0,1,0,0,0,0,0,1.855,1.855,1.86,1.34
tpcds_sf10_t64,TPCDS SF10,64,Q66,1,"tie:1,2,3,4",0,0,0,0,0,0,0,0,0.32,0.32,0.32,0.32
tpcds_sf10_t64,TPCDS SF10,64,Q67,1,"tie:1,2,3",0,0,0,0,0,0,0,0,1.99,1.99,1.99,2.095
tpcds_sf10_t64,TPCDS SF10,64,Q68,1,"tie:1,2,3,4",0,0,0,0,0,0,0,0,0.52,0.52,0.52,0.52
tpcds_sf10_t64,TPCDS SF10,64,Q69,1,"tie:1,2,3,4",0,0,0,0,0,0,0,0,0.32,0.32,0.32,0.32
tpcds_sf10_t64,TPCDS SF10,64,Q70,1,"tie:1,2,3",0,0,0,0,0,1,0,0,0.42,0.42,0.42,0.52
tpcds_sf10_t64,TPCDS SF10,64,Q71,1,"tie:1,2,3,4",0,0,0,0,0,0,0,0,0.42,0.42,0.42,0.42
tpcds_sf10_t64,TPCDS SF10,64,Q72,1,"tie:2,3",0,0,0,0,0,0,0,0,4.75,0.52,0.52,0.62
tpcds_sf10_t64,TPCDS SF10,64,Q73,1,"tie:1,2,3,4",0,0,0,0,0,0,0,0,0.32,0.32,0.32,0.32
tpcds_sf10_t64,TPCDS SF10,64,Q74,1,2,0,0,0,0,0,1,0,0,0.73,0.63,0.68,0.83
tpcds_sf10_t64,TPCDS SF10,64,Q75,1,"tie:1,2,3,4",0,0,0,0,0,0,0,0,0.62,0.62,0.62,0.62
tpcds_sf10_t64,TPCDS SF10,64,Q76,1,"tie:1,2,3,4",0,0,0,0,0,0,0,0,0.52,0.52,0.52,0.52
tpcds_sf10_t64,TPCDS SF10,64,Q77,1,"tie:1,2,3,4",0,0,0,0,0,0,0,0,0.52,0.52,0.52,0.52
tpcds_sf10_t64,TPCDS SF10,64,Q78,1,"tie:1,2,3",0,0,0,0,0,1,0,0,0.83,0.83,0.83,0.93
tpcds_sf10_t64,TPCDS SF10,64,Q79,1,"tie:1,2,3",0,0,0,0,0,1,0,0,0.42,0.42,0.42,0.52
tpcds_sf10_t64,TPCDS SF10,64,Q80,1,"tie:1,2,3,4",0,0,0,0,0,0,0,0,0.62,0.62,0.62,0.62
tpcds_sf10_t64,TPCDS SF10,64,Q81,1,1,0,0,0,0,0,0,0,0,0.315,0.32,0.32,0.32
tpcds_sf10_t64,TPCDS SF10,64,Q82,1,"tie:2,3,4",0,1,0,0,0,0,0,0,0.68,0.32,0.32,0.32
tpcds_sf10_t64,TPCDS SF10,64,Q83,1,"tie:1,2,3,4",0,0,0,0,0,0,0,0,0.21,0.21,0.21,0.21
tpcds_sf10_t64,TPCDS SF10,64,Q84,1,"tie:1,2,3,4",0,0,0,0,0,0,0,0,0.21,0.21,0.21,0.21
tpcds_sf10_t64,TPCDS SF10,64,Q85,1,"tie:1,2",0,0,0,1,0,1,0,0,0.32,0.32,0.37,0.42
tpcds_sf10_t64,TPCDS SF10,64,Q86,1,1,0,0,0,0,0,0,0,0,0.31,0.32,0.32,0.32
tpcds_sf10_t64,TPCDS SF10,64,Q87,1,"tie:1,2,3,4",0,0,0,0,0,0,0,0,0.42,0.42,0.42,0.42
tpcds_sf10_t64,TPCDS SF10,64,Q88,1,"tie:2,3",0,0,0,0,0,0,0,0,0.42,0.32,0.32,0.42
tpcds_sf10_t64,TPCDS SF10,64,Q89,1,"tie:1,2,3,4",0,0,0,0,0,0,0,0,0.42,0.42,0.42,0.42
tpcds_sf10_t64,TPCDS SF10,64,Q90,1,"tie:1,2,3,4",0,0,0,0,0,0,0,0,0.21,0.21,0.21,0.21
tpcds_sf10_t64,TPCDS SF10,64,Q91,1,"tie:1,2,3,4",0,0,0,0,0,0,0,0,0.21,0.21,0.21,0.21
tpcds_sf10_t64,TPCDS SF10,64,Q92,1,"tie:1,2,3,4",0,0,0,0,0,0,0,0,0.21,0.21,0.21,0.21
tpcds_sf10_t64,TPCDS SF10,64,Q93,1,"tie:1,2,3,4",0,0,0,0,0,0,0,0,0.42,0.42,0.42,0.42
tpcds_sf10_t64,TPCDS SF10,64,Q94,1,"tie:1,2,3,4",0,0,0,0,0,0,0,0,0.32,0.32,0.32,0.32
tpcds_sf10_t64,TPCDS SF10,64,Q95,1,4,0,0,1,1,0,0,0,0,0.62,0.62,0.83,0.32
tpcds_sf10_t64,TPCDS SF10,64,Q96,1,3,0,0,0,0,0,0,0,0,0.32,0.32,0.315,0.32
tpcds_sf10_t64,TPCDS SF10,64,Q97,1,"tie:1,2,3,4",0,0,0,0,0,0,0,0,0.42,0.42,0.42,0.42
tpcds_sf10_t64,TPCDS SF10,64,Q98,1,"tie:1,2,3,4",0,0,0,0,0,0,0,0,0.42,0.42,0.42,0.42
tpcds_sf10_t64,TPCDS SF10,64,Q99,1,"tie:1,2,3",0,0,0,0,0,1,0,0,0.21,0.21,0.21,0.32
tpcds_sf20_t64,TPCDS SF20,64,Q01,1,"tie:1,2,4",0,0,0,1,0,0,0,0,0.73,0.73,1.03,0.73
tpcds_sf20_t64,TPCDS SF20,64,Q02,1,"tie:1,2",0,0,0,1,0,1,0,0,0.42,0.42,0.52,0.52
tpcds_sf20_t64,TPCDS SF20,64,Q03,1,"tie:1,2",0,0,0,1,0,1,0,0,0.42,0.42,0.52,0.52
tpcds_sf20_t64,TPCDS SF20,64,Q04,1,1,0,0,0,0,1,1,1,0,2.225,3.2,3.25,3.405
tpcds_sf20_t64,TPCDS SF20,64,Q05,1,"tie:1,2",0,0,0,1,0,1,0,0,0.83,0.83,1.03,1.03
tpcds_sf20_t64,TPCDS SF20,64,Q06,1,"tie:1,2,3,4",0,0,0,0,0,0,0,0,0.52,0.52,0.52,0.52
tpcds_sf20_t64,TPCDS SF20,64,Q07,1,"tie:1,2",0,0,0,1,0,1,0,0,0.73,0.73,0.93,0.93
tpcds_sf20_t64,TPCDS SF20,64,Q08,1,"tie:1,2",0,0,0,0,0,0,0,0,1.03,1.03,1.13,1.13
tpcds_sf20_t64,TPCDS SF20,64,Q09,1,"tie:1,2",0,0,0,0,0,0,0,0,0.52,0.52,0.525,0.53
tpcds_sf20_t64,TPCDS SF20,64,Q10,1,"tie:1,2",0,0,0,1,0,1,0,0,0.42,0.42,0.52,0.52
tpcds_sf20_t64,TPCDS SF20,64,Q11,1,1,0,0,0,0,0,1,0,0,1.755,1.92,1.915,2.475
tpcds_sf20_t64,TPCDS SF20,64,Q12,1,"tie:1,2",0,0,0,0,0,0,0,0,0.31,0.31,0.315,0.32
tpcds_sf20_t64,TPCDS SF20,64,Q13,1,"tie:1,2",0,0,0,1,0,1,0,0,0.83,0.83,1.04,1.24
tpcds_sf20_t64,TPCDS SF20,64,Q14,1,1,0,0,0,0,1,1,1,0,1.885,2.52,2.65,3.21
tpcds_sf20_t64,TPCDS SF20,64,Q15,1,"tie:1,2,3",0,0,0,0,0,1,0,0,0.21,0.21,0.21,0.315
tpcds_sf20_t64,TPCDS SF20,64,Q16,1,"tie:1,2,3",0,0,0,0,0,0,0,0,0.31,0.31,0.31,0.32
tpcds_sf20_t64,TPCDS SF20,64,Q17,1,2,0,0,0,1,0,0,0,0,0.775,0.62,0.73,0.83
tpcds_sf20_t64,TPCDS SF20,64,Q18,1,"tie:1,2,3,4",0,0,0,0,0,0,0,0,0.42,0.42,0.42,0.42
tpcds_sf20_t64,TPCDS SF20,64,Q19,1,"tie:1,2",0,0,0,1,0,1,0,0,0.62,0.62,0.73,0.73
tpcds_sf20_t64,TPCDS SF20,64,Q20,1,"tie:1,2,3,4",0,0,0,0,0,0,0,0,0.21,0.21,0.21,0.21
tpcds_sf20_t64,TPCDS SF20,64,Q21,1,"tie:1,2,3,4",0,0,0,0,0,0,0,0,0.21,0.21,0.21,0.21
tpcds_sf20_t64,TPCDS SF20,64,Q22,1,"tie:1,2",0,0,0,1,0,1,0,0,0.32,0.32,0.42,0.42
tpcds_sf20_t64,TPCDS SF20,64,Q23,1,"tie:1,2",0,0,0,0,0,0,0,0,1.57,1.57,1.66,1.67
tpcds_sf20_t64,TPCDS SF20,64,Q24,1,"tie:1,2",0,0,0,1,0,1,0,0,0.73,0.73,0.83,0.93
tpcds_sf20_t64,TPCDS SF20,64,Q25,1,"tie:1,2",0,0,0,1,0,1,0,0,0.73,0.73,0.83,0.93
tpcds_sf20_t64,TPCDS SF20,64,Q26,1,"tie:1,2",0,0,0,0,0,0,0,0,0.315,0.315,0.32,0.32
tpcds_sf20_t64,TPCDS SF20,64,Q27,1,2,0,0,0,1,0,0,0,0,1.04,0.83,0.93,1.03
tpcds_sf20_t64,TPCDS SF20,64,Q28,1,1,0,0,0,0,0,0,0,0,0.83,0.835,0.84,0.84
tpcds_sf20_t64,TPCDS SF20,64,Q29,1,"tie:1,2",0,0,0,1,0,1,0,0,0.73,0.73,0.83,0.83
tpcds_sf20_t64,TPCDS SF20,64,Q30,1,"tie:1,2,3",0,0,0,0,0,1,0,0,0.32,0.32,0.32,0.42
tpcds_sf20_t64,TPCDS SF20,64,Q31,1,"tie:1,2",0,0,0,1,0,1,0,0,0.62,0.62,0.73,0.83
tpcds_sf20_t64,TPCDS SF20,64,Q32,1,"tie:1,2,3,4",0,0,0,0,0,0,0,0,0.21,0.21,0.21,0.21
tpcds_sf20_t64,TPCDS SF20,64,Q33,1,"tie:1,2",0,0,0,1,0,1,0,0,0.62,0.62,0.83,0.83
tpcds_sf20_t64,TPCDS SF20,64,Q34,1,"tie:1,2,3",0,0,0,0,0,1,0,0,0.52,0.52,0.52,0.62
tpcds_sf20_t64,TPCDS SF20,64,Q35,1,"tie:1,2",0,0,0,1,0,1,0,0,0.52,0.52,0.62,0.62
tpcds_sf20_t64,TPCDS SF20,64,Q36,1,"tie:1,2",0,0,0,1,0,1,0,0,0.62,0.62,0.83,0.93
tpcds_sf20_t64,TPCDS SF20,64,Q37,1,2,0,0,0,1,0,0,0,0,0.52,0.21,0.31,0.31
tpcds_sf20_t64,TPCDS SF20,64,Q38,1,"tie:1,2,3",0,0,0,0,0,1,0,0,0.52,0.52,0.52,0.625
tpcds_sf20_t64,TPCDS SF20,64,Q39,1,"tie:1,2",0,0,0,0,0,0,0,0,0.31,0.31,0.32,0.32
tpcds_sf20_t64,TPCDS SF20,64,Q40,1,"tie:2,4",0,1,0,1,0,0,0,0,0.32,0.21,0.31,0.21
tpcds_sf20_t64,TPCDS SF20,64,Q41,1,"tie:1,2,3,4",0,0,0,0,0,0,0,0,0.21,0.21,0.21,0.21
tpcds_sf20_t64,TPCDS SF20,64,Q42,1,"tie:1,2",0,0,0,1,0,1,0,0,0.42,0.42,0.52,0.52
tpcds_sf20_t64,TPCDS SF20,64,Q43,1,"tie:1,2",0,0,0,1,0,1,0,0,0.52,0.52,0.62,0.73
tpcds_sf20_t64,TPCDS SF20,64,Q44,1,"tie:1,2",0,0,0,0,0,0,0,0,8.39,8.39,8.395,8.4
tpcds_sf20_t64,TPCDS SF20,64,Q45,1,"tie:1,2,3,4",0,0,0,0,0,0,0,0,0.42,0.42,0.42,0.42
tpcds_sf20_t64,TPCDS SF20,64,Q46,1,1,0,0,0,0,0,1,0,0,0.73,0.78,0.83,0.93
tpcds_sf20_t64,TPCDS SF20,64,Q47,1,"tie:1,2",0,0,0,0,0,0,0,0,1.14,1.14,1.24,1.24
tpcds_sf20_t64,TPCDS SF20,64,Q48,1,"tie:1,2",0,0,0,1,0,1,0,0,0.73,0.73,0.83,0.93
tpcds_sf20_t64,TPCDS SF20,64,Q49,1,"tie:1,2",0,0,0,1,0,1,0,0,0.73,0.73,0.93,0.93
tpcds_sf20_t64,TPCDS SF20,64,Q50,1,2,0,0,0,1,0,1,0,0,0.62,0.52,0.62,0.83
tpcds_sf20_t64,TPCDS SF20,64,Q51,1,1,0,0,0,0,0,0,0,0,1.24,1.245,1.3,1.355
tpcds_sf20_t64,TPCDS SF20,64,Q52,1,"tie:1,2",0,0,0,1,0,1,0,0,0.42,0.42,0.52,0.52
tpcds_sf20_t64,TPCDS SF20,64,Q53,1,"tie:1,2",0,0,0,1,0,1,0,0,0.52,0.52,0.62,0.73
tpcds_sf20_t64,TPCDS SF20,64,Q54,0,censored,0,0,0,0,0,0,0,0,,,,
tpcds_sf20_t64,TPCDS SF20,64,Q55,1,"tie:1,2",0,0,0,1,0,1,0,0,0.42,0.42,0.52,0.52
tpcds_sf20_t64,TPCDS SF20,64,Q56,1,"tie:1,2",0,0,0,1,0,1,0,0,0.73,0.73,0.83,0.83
tpcds_sf20_t64,TPCDS SF20,64,Q57,1,"tie:1,2",0,0,0,1,0,1,0,0,0.42,0.42,0.52,0.52
tpcds_sf20_t64,TPCDS SF20,64,Q58,1,"tie:1,2",0,0,0,1,0,1,0,0,0.73,0.73,0.83,0.83
tpcds_sf20_t64,TPCDS SF20,64,Q59,1,"tie:1,2",0,0,0,1,0,1,0,0,0.52,0.52,0.62,0.62
tpcds_sf20_t64,TPCDS SF20,64,Q60,1,"tie:1,2",0,0,0,1,0,1,0,0,0.73,0.73,0.83,0.83
tpcds_sf20_t64,TPCDS SF20,64,Q61,1,"tie:1,2,3",0,0,0,0,0,1,0,0,0.73,0.73,0.73,0.83
tpcds_sf20_t64,TPCDS SF20,64,Q62,1,"tie:1,2,3",0,0,0,0,0,1,0,0,0.32,0.32,0.32,0.37
tpcds_sf20_t64,TPCDS SF20,64,Q63,1,"tie:1,2",0,0,0,1,0,1,0,0,0.52,0.52,0.62,0.62
tpcds_sf20_t64,TPCDS SF20,64,Q64,1,2,0,0,0,1,0,1,0,0,1.195,1.14,1.295,1.34
tpcds_sf20_t64,TPCDS SF20,64,Q65,1,1,0,0,0,0,1,1,1,0,0.93,1.04,1.04,1.14
tpcds_sf20_t64,TPCDS SF20,64,Q66,1,"tie:1,2",0,0,0,1,0,1,0,0,0.42,0.42,0.52,0.52
tpcds_sf20_t64,TPCDS SF20,64,Q67,1,1,0,0,0,0,0,0,0,0,2.31,2.39,2.4,2.51
tpcds_sf20_t64,TPCDS SF20,64,Q68,1,"tie:1,2",0,0,0,1,0,1,0,0,0.83,0.83,0.93,0.93
tpcds_sf20_t64,TPCDS SF20,64,Q69,1,"tie:1,2",0,0,0,1,0,1,0,0,0.42,0.42,0.52,0.52
tpcds_sf20_t64,TPCDS SF20,64,Q70,1,1,0,0,0,0,1,1,1,0,0.63,0.73,0.73,0.83
tpcds_sf20_t64,TPCDS SF20,64,Q71,1,"tie:1,2",0,0,0,1,0,1,0,0,0.62,0.62,0.73,0.73
tpcds_sf20_t64,TPCDS SF20,64,Q72,1,"tie:2,3,4",0,1,0,0,0,0,0,0,1.355,0.42,0.42,0.42
tpcds_sf20_t64,TPCDS SF20,64,Q73,1,2,0,0,0,1,0,1,0,0,0.52,0.42,0.52,0.62
tpcds_sf20_t64,TPCDS SF20,64,Q74,1,1,0,0,0,0,0,1,0,0,1.295,1.34,1.35,1.755
tpcds_sf20_t64,TPCDS SF20,64,Q75,1,"tie:1,2",0,0,0,1,0,1,0,0,1.04,1.04,1.24,1.24
tpcds_sf20_t64,TPCDS SF20,64,Q76,1,"tie:1,2",0,0,0,1,0,1,0,0,0.83,0.83,1.03,1.03
tpcds_sf20_t64,TPCDS SF20,64,Q77,1,"tie:1,2",0,0,0,1,0,1,0,0,0.73,0.73,0.93,0.93
tpcds_sf20_t64,TPCDS SF20,64,Q78,1,1,0,0,0,1,0,1,0,0,1.34,1.35,1.56,1.66
tpcds_sf20_t64,TPCDS SF20,64,Q79,1,"tie:1,2",0,0,0,1,0,1,0,0,0.62,0.62,0.83,0.83
tpcds_sf20_t64,TPCDS SF20,64,Q80,1,1,0,0,0,1,0,1,0,0,1.03,1.04,1.24,1.14
tpcds_sf20_t64,TPCDS SF20,64,Q81,1,"tie:1,2,3,4",0,0,0,0,0,0,0,0,0.42,0.42,0.42,0.42
tpcds_sf20_t64,TPCDS SF20,64,Q82,1,"tie:2,3,4",0,1,0,0,0,0,0,0,0.58,0.32,0.32,0.32
tpcds_sf20_t64,TPCDS SF20,64,Q83,1,"tie:1,2",0,0,0,0,0,0,0,0,0.31,0.31,0.32,0.32
tpcds_sf20_t64,TPCDS SF20,64,Q84,1,"tie:1,2,3,4",0,0,0,0,0,0,0,0,0.21,0.21,0.21,0.21
tpcds_sf20_t64,TPCDS SF20,64,Q85,1,1,0,0,0,1,1,1,1,0,0.42,0.47,0.52,0.52
tpcds_sf20_t64,TPCDS SF20,64,Q86,1,"tie:1,2,3,4",0,0,0,0,0,0,0,0,0.32,0.32,0.32,0.32
tpcds_sf20_t64,TPCDS SF20,64,Q87,1,"tie:1,2",0,0,0,1,0,1,0,0,0.52,0.52,0.62,0.73
tpcds_sf20_t64,TPCDS SF20,64,Q88,1,"tie:1,2,3",0,0,0,0,0,1,0,0,0.52,0.52,0.52,0.62
tpcds_sf20_t64,TPCDS SF20,64,Q89,1,"tie:1,2",0,0,0,1,0,1,0,0,0.52,0.52,0.62,0.73
tpcds_sf20_t64,TPCDS SF20,64,Q90,1,"tie:1,2",0,0,0,1,0,1,0,0,0.21,0.21,0.31,0.31
tpcds_sf20_t64,TPCDS SF20,64,Q91,1,"tie:1,2,3,4",0,0,0,0,0,0,0,0,0.21,0.21,0.21,0.21
tpcds_sf20_t64,TPCDS SF20,64,Q92,1,"tie:1,2,3,4",0,0,0,0,0,0,0,0,0.32,0.32,0.32,0.32
tpcds_sf20_t64,TPCDS SF20,64,Q93,1,2,0,0,0,1,0,0,0,0,0.62,0.52,0.62,0.62
tpcds_sf20_t64,TPCDS SF20,64,Q94,1,"tie:1,2,3,4",0,0,0,0,0,0,0,0,0.42,0.42,0.42,0.42
tpcds_sf20_t64,TPCDS SF20,64,Q95,1,4,0,0,1,1,0,0,0,0,0.84,0.84,1.25,0.52
tpcds_sf20_t64,TPCDS SF20,64,Q96,1,"tie:1,2",0,0,0,1,0,1,0,0,0.32,0.32,0.42,0.42
tpcds_sf20_t64,TPCDS SF20,64,Q97,1,"tie:1,2",0,0,0,1,0,1,0,0,0.63,0.63,0.73,0.73
tpcds_sf20_t64,TPCDS SF20,64,Q98,1,"tie:1,2",0,0,0,1,0,1,0,0,0.52,0.52,0.62,0.62
tpcds_sf20_t64,TPCDS SF20,64,Q99,1,"tie:1,2",0,0,0,0,0,1,0,0,0.31,0.31,0.32,0.42
tpcds_sf50_t64,TPCDS SF50,64,Q01,1,"tie:1,2,4",0,0,0,1,0,0,0,0,0.83,0.83,1.03,0.83
tpcds_sf50_t64,TPCDS SF50,64,Q02,1,"tie:1,2,3,4",0,0,0,0,0,0,0,0,0.83,0.83,0.83,0.83
tpcds_sf50_t64,TPCDS SF50,64,Q03,1,"tie:1,2",0,0,0,0,0,0,0,0,1.03,1.03,1.035,1.04
tpcds_sf50_t64,TPCDS SF50,64,Q04,1,1,0,0,0,0,1,1,1,0,4.44,7.27,7.015,7.685
tpcds_sf50_t64,TPCDS SF50,64,Q05,1,1,0,0,0,0,0,0,0,0,2.16,2.17,2.17,2.17
tpcds_sf50_t64,TPCDS SF50,64,Q06,1,"tie:1,2,3,4",0,0,0,0,0,0,0,0,0.93,0.93,0.93,0.93
tpcds_sf50_t64,TPCDS SF50,64,Q07,1,"tie:2,3",0,0,0,0,0,0,0,0,1.96,1.91,1.91,1.96
tpcds_sf50_t64,TPCDS SF50,64,Q08,1,"tie:1,2,3,4",0,0,0,0,0,0,0,0,1.65,1.65,1.65,1.65
tpcds_sf50_t64,TPCDS SF50,64,Q09,1,"tie:1,2,3,4",0,0,0,0,0,0,0,0,1.46,1.46,1.46,1.46
tpcds_sf50_t64,TPCDS SF50,64,Q10,1,"tie:1,2,3,4",0,0,0,0,0,0,0,0,0.93,0.93,0.93,0.93
tpcds_sf50_t64,TPCDS SF50,64,Q11,1,1,0,0,0,0,1,1,1,0,3.46,3.93,3.925,5.415
tpcds_sf50_t64,TPCDS SF50,64,Q12,1,"tie:1,2,3,4",0,0,0,0,0,0,0,0,0.52,0.52,0.52,0.52
tpcds_sf50_t64,TPCDS SF50,64,Q13,1,"tie:1,2,3",0,0,0,0,0,1,0,0,2.17,2.17,2.17,2.58
tpcds_sf50_t64,TPCDS SF50,64,Q14,1,1,0,0,0,0,1,1,1,0,4.95,6.68,6.76,7.69
tpcds_sf50_t64,TPCDS SF50,64,Q15,1,"tie:1,2,3,4",0,0,0,0,0,0,0,0,0.31,0.31,0.31,0.31
tpcds_sf50_t64,TPCDS SF50,64,Q16,1,"tie:1,2,3,4",0,0,0,0,0,0,0,0,0.42,0.42,0.42,0.42
tpcds_sf50_t64,TPCDS SF50,64,Q17,1,"tie:2,3",0,1,0,0,0,0,0,0,2.015,1.45,1.45,1.505
tpcds_sf50_t64,TPCDS SF50,64,Q18,1,"tie:2,3",0,0,0,0,0,0,0,0,0.73,0.62,0.62,0.67
tpcds_sf50_t64,TPCDS SF50,64,Q19,1,1,0,0,0,0,0,0,0,0,1.445,1.45,1.45,1.45
tpcds_sf50_t64,TPCDS SF50,64,Q20,1,"tie:1,2,3,4",0,0,0,0,0,0,0,0,0.31,0.31,0.31,0.31
tpcds_sf50_t64,TPCDS SF50,64,Q21,1,"tie:1,2,3,4",0,0,0,0,0,0,0,0,0.21,0.21,0.21,0.21
tpcds_sf50_t64,TPCDS SF50,64,Q22,1,1,0,0,0,0,0,0,0,0,1.26,1.36,1.36,1.36
tpcds_sf50_t64,TPCDS SF50,64,Q23,1,1,0,0,0,0,0,1,0,0,3.78,3.83,3.825,4.19
tpcds_sf50_t64,TPCDS SF50,64,Q24,1,"tie:1,2,3",0,0,0,0,0,1,0,0,1.76,1.76,1.76,1.96
tpcds_sf50_t64,TPCDS SF50,64,Q25,1,"tie:1,2,3,4",0,0,0,0,0,0,0,0,1.75,1.75,1.75,1.75
tpcds_sf50_t64,TPCDS SF50,64,Q26,1,2,0,0,0,1,0,0,0,0,0.52,0.47,0.52,0.52
tpcds_sf50_t64,TPCDS SF50,64,Q27,1,"tie:2,3,4",0,0,0,0,0,0,0,0,2.17,2.06,2.06,2.06
tpcds_sf50_t64,TPCDS SF50,64,Q28,1,"tie:1,3",0,0,0,0,0,0,0,0,1.99,2,1.99,1.995
tpcds_sf50_t64,TPCDS SF50,64,Q29,1,"tie:1,2",0,0,0,0,0,0,0,0,1.7,1.7,1.755,1.75
tpcds_sf50_t64,TPCDS SF50,64,Q30,1,"tie:1,2,3",0,0,0,0,0,1,0,0,0.47,0.47,0.47,0.52
tpcds_sf50_t64,TPCDS SF50,64,Q31,1,"tie:1,2,3",0,0,0,0,0,1,0,0,1.55,1.55,1.55,1.75
tpcds_sf50_t64,TPCDS SF50,64,Q32,1,"tie:1,2,3,4",0,0,0,0,0,0,0,0,0.21,0.21,0.21,0.21
tpcds_sf50_t64,TPCDS SF50,64,Q33,1,"tie:1,2",0,0,0,0,0,0,0,0,1.75,1.75,1.755,1.76
tpcds_sf50_t64,TPCDS SF50,64,Q34,1,"tie:1,2,3",0,0,0,0,0,1,0,0,1.03,1.03,1.03,1.14
tpcds_sf50_t64,TPCDS SF50,64,Q35,1,"tie:1,2,3,4",0,0,0,0,0,0,0,0,1.24,1.24,1.24,1.24
tpcds_sf50_t64,TPCDS SF50,64,Q36,1,"tie:1,2,3",0,0,0,0,0,1,0,0,1.55,1.55,1.55,1.75
tpcds_sf50_t64,TPCDS SF50,64,Q37,1,"tie:2,3,4",0,1,0,0,0,0,0,0,1.26,0.31,0.31,0.31
tpcds_sf50_t64,TPCDS SF50,64,Q38,1,"tie:1,2,3",0,0,0,0,0,1,0,0,1.14,1.14,1.14,1.45
tpcds_sf50_t64,TPCDS SF50,64,Q39,1,2,0,0,0,0,0,1,0,0,0.32,0.31,0.315,0.42
tpcds_sf50_t64,TPCDS SF50,64,Q40,1,"tie:2,3,4",0,1,0,0,0,0,0,0,0.42,0.32,0.32,0.32
tpcds_sf50_t64,TPCDS SF50,64,Q41,1,"tie:1,2,3,4",0,0,0,0,0,0,0,0,0.21,0.21,0.21,0.21
tpcds_sf50_t64,TPCDS SF50,64,Q42,1,1,0,0,0,0,0,0,0,0,1.03,1.04,1.04,1.04
tpcds_sf50_t64,TPCDS SF50,64,Q43,1,"tie:1,2,3",0,0,0,0,0,0,0,0,1.14,1.14,1.14,1.24
tpcds_sf50_t64,TPCDS SF50,64,Q44,1,4,0,0,0,0,0,0,0,0,38.95,38.75,38.805,38.64
tpcds_sf50_t64,TPCDS SF50,64,Q45,1,"tie:1,2,3",0,0,0,0,0,1,0,0,0.73,0.73,0.73,0.83
tpcds_sf50_t64,TPCDS SF50,64,Q46,1,"tie:1,2,3,4",0,0,0,0,0,0,0,0,1.65,1.65,1.65,1.65
tpcds_sf50_t64,TPCDS SF50,64,Q47,1,"tie:1,2,3",0,0,0,0,0,0,0,0,2.27,2.27,2.27,2.275
tpcds_sf50_t64,TPCDS SF50,64,Q48,1,"tie:1,2,3",0,0,0,0,0,1,0,0,1.65,1.65,1.65,1.96
tpcds_sf50_t64,TPCDS SF50,64,Q49,1,"tie:1,2,3,4",0,0,0,0,0,0,0,0,1.96,1.96,1.96,1.96
tpcds_sf50_t64,TPCDS SF50,64,Q50,1,"tie:2,3",0,0,0,0,0,1,0,0,1.35,1.34,1.34,1.55
tpcds_sf50_t64,TPCDS SF50,64,Q51,1,1,0,0,0,0,0,0,0,0,2.71,2.805,2.8,2.91
tpcds_sf50_t64,TPCDS SF50,64,Q52,1,"tie:1,2,3",0,0,0,0,0,0,0,0,1.03,1.03,1.03,1.035
tpcds_sf50_t64,TPCDS SF50,64,Q53,1,"tie:1,2,3",0,0,0,0,0,0,0,0,1.24,1.24,1.24,1.34
tpcds_sf50_t64,TPCDS SF50,64,Q54,0,censored,0,0,0,0,0,0,0,0,,,,
tpcds_sf50_t64,TPCDS SF50,64,Q55,1,"tie:1,3",0,0,0,0,0,0,0,0,1.03,1.04,1.03,1.04
tpcds_sf50_t64,TPCDS SF50,64,Q56,1,"tie:1,2,3,4",0,0,0,0,0,0,0,0,1.75,1.75,1.75,1.75
tpcds_sf50_t64,TPCDS SF50,64,Q57,1,"tie:1,2,3",0,0,0,0,0,1,0,0,0.73,0.73,0.73,0.83
tpcds_sf50_t64,TPCDS SF50,64,Q58,1,"tie:1,2,3,4",0,0,0,0,0,0,0,0,1.86,1.86,1.86,1.86
tpcds_sf50_t64,TPCDS SF50,64,Q59,1,"tie:1,2,3,4",0,0,0,0,0,0,0,0,1.24,1.24,1.24,1.24
tpcds_sf50_t64,TPCDS SF50,64,Q60,1,"tie:2,3",0,0,0,0,0,0,0,0,1.86,1.75,1.75,1.76
tpcds_sf50_t64,TPCDS SF50,64,Q61,1,"tie:1,2,3,4",0,0,0,0,0,0,0,0,1.55,1.55,1.55,1.55
tpcds_sf50_t64,TPCDS SF50,64,Q62,1,"tie:1,2,3,4",0,0,0,0,0,0,0,0,0.52,0.52,0.52,0.52
tpcds_sf50_t64,TPCDS SF50,64,Q63,1,"tie:1,2,3",0,0,0,0,0,0,0,0,1.24,1.24,1.24,1.34
tpcds_sf50_t64,TPCDS SF50,64,Q64,1,"tie:2,3",0,0,0,0,0,0,0,0,2.79,2.68,2.68,2.78
tpcds_sf50_t64,TPCDS SF50,64,Q65,1,4,0,0,0,0,0,0,0,0,2.9,3.11,3.11,2.89
tpcds_sf50_t64,TPCDS SF50,64,Q66,1,"tie:1,2,3",0,0,0,0,0,1,0,0,0.93,0.93,0.93,1.03
tpcds_sf50_t64,TPCDS SF50,64,Q67,1,1,0,0,0,0,0,0,0,0,6.345,6.405,6.405,6.47
tpcds_sf50_t64,TPCDS SF50,64,Q68,1,3,0,0,0,0,0,0,0,0,2.06,2.06,1.96,2.06
tpcds_sf50_t64,TPCDS SF50,64,Q69,1,"tie:1,2,3,4",0,0,0,0,0,0,0,0,0.93,0.93,0.93,0.93
tpcds_sf50_t64,TPCDS SF50,64,Q70,1,1,0,0,0,0,1,1,1,0,1.35,1.56,1.56,1.66
tpcds_sf50_t64,TPCDS SF50,64,Q71,1,"tie:1,2,3,4",0,0,0,0,0,0,0,0,1.45,1.45,1.45,1.45
tpcds_sf50_t64,TPCDS SF50,64,Q72,1,"tie:2,3,4",0,1,0,0,0,0,0,0,3.905,0.73,0.73,0.73
tpcds_sf50_t64,TPCDS SF50,64,Q73,1,1,0,0,0,0,0,0,0,0,1.03,1.04,1.04,1.04
tpcds_sf50_t64,TPCDS SF50,64,Q74,1,1,0,0,0,0,1,1,1,0,2.48,2.745,2.805,3.82
tpcds_sf50_t64,TPCDS SF50,64,Q75,1,1,0,0,0,0,0,0,0,0,2.47,2.48,2.48,2.58
tpcds_sf50_t64,TPCDS SF50,64,Q76,1,1,0,0,0,0,0,0,0,0,2.16,2.17,2.17,2.27
tpcds_sf50_t64,TPCDS SF50,64,Q77,1,"tie:1,2,3,4",0,0,0,0,0,0,0,0,2.06,2.06,2.06,2.06
tpcds_sf50_t64,TPCDS SF50,64,Q78,1,"tie:1,2",0,0,0,0,0,1,0,0,3.23,3.23,3.24,3.64
tpcds_sf50_t64,TPCDS SF50,64,Q79,1,"tie:1,2,3",0,0,0,0,0,0,0,0,1.65,1.65,1.65,1.75
tpcds_sf50_t64,TPCDS SF50,64,Q80,1,4,0,0,0,0,0,0,0,0,2.475,2.48,2.48,2.37
tpcds_sf50_t64,TPCDS SF50,64,Q81,1,"tie:1,2,3,4",0,0,0,0,0,0,0,0,0.52,0.52,0.52,0.52
tpcds_sf50_t64,TPCDS SF50,64,Q82,1,4,1,0,1,0,0,0,0,0,1.415,0.52,0.47,0.42
tpcds_sf50_t64,TPCDS SF50,64,Q83,1,"tie:1,2,3,4",0,0,0,0,0,0,0,0,0.42,0.42,0.42,0.42
tpcds_sf50_t64,TPCDS SF50,64,Q84,1,"tie:2,3,4",0,1,0,0,0,0,0,0,0.37,0.32,0.32,0.32
tpcds_sf50_t64,TPCDS SF50,64,Q85,1,"tie:1,2,3,4",0,0,0,0,0,0,0,0,0.83,0.83,0.83,0.83
tpcds_sf50_t64,TPCDS SF50,64,Q86,1,"tie:1,2,3,4",0,0,0,0,0,0,0,0,0.52,0.52,0.52,0.52
tpcds_sf50_t64,TPCDS SF50,64,Q87,1,"tie:1,2,3",0,0,0,0,0,1,0,0,1.24,1.24,1.24,1.55
tpcds_sf50_t64,TPCDS SF50,64,Q88,1,"tie:2,3",0,0,0,0,0,0,0,0,1.15,0.94,0.94,1.04
tpcds_sf50_t64,TPCDS SF50,64,Q89,1,"tie:2,3",0,0,0,0,0,0,0,0,1.29,1.24,1.24,1.34
tpcds_sf50_t64,TPCDS SF50,64,Q90,1,"tie:1,2,3,4",0,0,0,0,0,0,0,0,0.52,0.52,0.52,0.52
tpcds_sf50_t64,TPCDS SF50,64,Q91,1,4,0,0,1,0,0,0,0,0,0.31,0.31,0.31,0.21
tpcds_sf50_t64,TPCDS SF50,64,Q92,1,"tie:2,3,4",0,0,0,0,0,0,0,0,0.53,0.52,0.52,0.52
tpcds_sf50_t64,TPCDS SF50,64,Q93,1,"tie:2,3,4",0,0,0,0,0,0,0,0,1.35,1.34,1.34,1.34
tpcds_sf50_t64,TPCDS SF50,64,Q94,1,"tie:1,2,3,4",0,0,0,0,0,0,0,0,0.73,0.73,0.73,0.73
tpcds_sf50_t64,TPCDS SF50,64,Q95,1,4,0,0,1,1,0,0,0,0,2.09,2.09,2.935,0.94
tpcds_sf50_t64,TPCDS SF50,64,Q96,1,"tie:1,2,3,4",0,0,0,0,0,0,0,0,0.73,0.73,0.73,0.73
tpcds_sf50_t64,TPCDS SF50,64,Q97,1,"tie:1,2,3,4",0,0,0,0,0,0,0,0,1.45,1.45,1.45,1.45
tpcds_sf50_t64,TPCDS SF50,64,Q98,1,3,0,0,0,0,0,0,0,0,1.14,1.14,1.04,1.14
tpcds_sf50_t64,TPCDS SF50,64,Q99,1,"tie:1,2,3",0,0,0,0,0,1,0,0,0.42,0.42,0.42,0.63
tpcds_sf100_t64,TPCDS SF100,64,Q01,1,"tie:1,2",0,0,0,1,0,0,0,0,1.03,1.03,1.14,1.04
tpcds_sf100_t64,TPCDS SF100,64,Q02,1,"tie:1,2,3,4",0,0,0,0,0,0,0,0,1.55,1.55,1.55,1.55
tpcds_sf100_t64,TPCDS SF100,64,Q03,1,"tie:1,2,3,4",0,0,0,0,0,0,0,0,1.86,1.86,1.86,1.86
tpcds_sf100_t64,TPCDS SF100,64,Q04,1,1,0,0,0,0,1,1,1,0,7.09,13.355,14.095,14.13
tpcds_sf100_t64,TPCDS SF100,64,Q05,1,"tie:1,2,4",0,0,0,0,0,0,0,0,4.22,4.22,4.33,4.22
tpcds_sf100_t64,TPCDS SF100,64,Q06,1,"tie:1,2",0,0,0,1,0,0,0,0,1.55,1.55,2.49,1.56
tpcds_sf100_t64,TPCDS SF100,64,Q07,1,"tie:1,2,3",0,0,0,0,0,0,0,0,3.6,3.6,3.6,3.71
tpcds_sf100_t64,TPCDS SF100,64,Q08,1,4,0,0,0,0,0,0,0,0,2.57,2.57,2.57,2.47
tpcds_sf100_t64,TPCDS SF100,64,Q09,1,"tie:1,2",0,0,0,0,0,0,0,0,2.71,2.71,2.72,2.72
tpcds_sf100_t64,TPCDS SF100,64,Q10,1,"tie:1,2,3,4",0,0,0,0,0,0,0,0,1.55,1.55,1.55,1.55
tpcds_sf100_t64,TPCDS SF100,64,Q11,1,1,0,0,0,0,1,1,1,0,5.275,6.15,6.39,9.855
tpcds_sf100_t64,TPCDS SF100,64,Q12,1,"tie:1,2,3,4",0,0,0,0,0,0,0,0,0.93,0.93,0.93,0.93
tpcds_sf100_t64,TPCDS SF100,64,Q13,1,"tie:1,2,3",0,0,0,0,0,1,0,0,4.12,4.12,4.12,4.84
tpcds_sf100_t64,TPCDS SF100,64,Q14,1,1,0,0,0,0,1,1,1,0,11.03,14.435,14.51,15.98
tpcds_sf100_t64,TPCDS SF100,64,Q15,1,"tie:1,2,3,4",0,0,0,0,0,0,0,0,0.42,0.42,0.42,0.42
tpcds_sf100_t64,TPCDS SF100,64,Q16,1,"tie:1,2,3,4",0,0,0,0,0,0,0,0,0.52,0.52,0.52,0.52
tpcds_sf100_t64,TPCDS SF100,64,Q17,1,"tie:2,3",0,1,0,0,0,0,0,0,3.925,2.68,2.68,2.79
tpcds_sf100_t64,TPCDS SF100,64,Q18,1,2,0,0,0,0,0,0,0,0,1.08,1.035,1.04,1.04
tpcds_sf100_t64,TPCDS SF100,64,Q19,1,"tie:1,2,3,4",0,0,0,0,0,0,0,0,2.58,2.58,2.58,2.58
tpcds_sf100_t64,TPCDS SF100,64,Q20,1,"tie:1,2,3",0,0,0,0,0,1,0,0,0.31,0.31,0.31,0.42
tpcds_sf100_t64,TPCDS SF100,64,Q21,1,"tie:1,2,3",0,0,0,0,0,1,0,0,0.32,0.32,0.32,0.42
tpcds_sf100_t64,TPCDS SF100,64,Q22,1,2,0,0,0,0,0,0,0,0,7.24,7.23,7.255,7.26
tpcds_sf100_t64,TPCDS SF100,64,Q23,1,1,0,0,0,1,0,0,0,0,6.515,6.67,7.7,6.94
tpcds_sf100_t64,TPCDS SF100,64,Q24,1,3,0,0,0,0,0,0,0,0,3.36,3.3,3.2,3.565
tpcds_sf100_t64,TPCDS SF100,64,Q25,1,"tie:2,3,4",0,0,0,0,0,0,0,0,3.355,3.19,3.19,3.19
tpcds_sf100_t64,TPCDS SF100,64,Q26,1,"tie:1,2,3",0,0,0,0,0,1,0,0,0.73,0.73,0.73,0.83
tpcds_sf100_t64,TPCDS SF100,64,Q27,1,4,1,0,0,0,0,0,0,0,4.02,3.815,3.81,3.71
tpcds_sf100_t64,TPCDS SF100,64,Q28,1,"tie:1,3",0,0,0,0,0,0,0,0,3.675,3.68,3.675,3.68
tpcds_sf100_t64,TPCDS SF100,64,Q29,1,"tie:2,3",0,0,0,0,0,0,0,0,3.3,3.19,3.19,3.3
tpcds_sf100_t64,TPCDS SF100,64,Q30,1,"tie:1,2,3,4",0,0,0,0,0,0,0,0,0.52,0.52,0.52,0.52
tpcds_sf100_t64,TPCDS SF100,64,Q31,1,"tie:1,2,3",0,0,0,0,0,1,0,0,2.78,2.78,2.78,3.1
tpcds_sf100_t64,TPCDS SF100,64,Q32,1,"tie:1,2,3,4",0,0,0,0,0,0,0,0,0.31,0.31,0.31,0.31
tpcds_sf100_t64,TPCDS SF100,64,Q33,1,1,0,0,0,0,0,0,0,0,3.29,3.3,3.3,3.3
tpcds_sf100_t64,TPCDS SF100,64,Q34,1,"tie:2,3",0,0,0,0,0,0,0,0,1.86,1.755,1.755,1.86
tpcds_sf100_t64,TPCDS SF100,64,Q35,1,"tie:1,2,4",0,0,0,1,0,0,0,0,1.86,1.86,2.185,1.86
tpcds_sf100_t64,TPCDS SF100,64,Q36,1,1,0,0,0,0,0,0,0,0,2.88,2.89,2.89,2.99
tpcds_sf100_t64,TPCDS SF100,64,Q37,1,"tie:2,3,4",0,1,0,0,0,0,0,0,5.105,0.83,0.83,0.83
tpcds_sf100_t64,TPCDS SF100,64,Q38,1,1,0,0,0,1,0,1,0,0,1.76,1.86,2.18,2.38
tpcds_sf100_t64,TPCDS SF100,64,Q39,1,"tie:2,3",0,0,0,0,0,0,0,0,0.62,0.52,0.52,0.62
tpcds_sf100_t64,TPCDS SF100,64,Q40,1,4,0,0,1,0,0,0,0,0,0.52,0.52,0.52,0.32
tpcds_sf100_t64,TPCDS SF100,64,Q41,1,"tie:1,2,3,4",0,0,0,0,0,0,0,0,0.21,0.21,0.21,0.21
tpcds_sf100_t64,TPCDS SF100,64,Q42,1,"tie:1,2,3,4",0,0,0,0,0,0,0,0,1.86,1.86,1.86,1.86
tpcds_sf100_t64,TPCDS SF100,64,Q43,1,"tie:1,2,3",0,0,0,0,0,1,0,0,1.96,1.96,1.96,2.17
tpcds_sf100_t64,TPCDS SF100,64,Q44,1,4,0,0,0,0,0,0,0,0,241.25,242.045,241.63,229.57
tpcds_sf100_t64,TPCDS SF100,64,Q45,1,"tie:1,2,3,4",0,0,0,0,0,0,0,0,1.03,1.03,1.03,1.03
tpcds_sf100_t64,TPCDS SF100,64,Q46,1,4,0,0,0,0,0,0,0,0,3.09,3.09,3.09,2.99
tpcds_sf100_t64,TPCDS SF100,64,Q47,1,"tie:1,2,3,4",0,0,0,0,0,0,0,0,3.61,3.61,3.61,3.61
tpcds_sf100_t64,TPCDS SF100,64,Q48,1,1,0,0,0,0,0,1,0,0,2.99,3.04,3.09,3.61
tpcds_sf100_t64,TPCDS SF100,64,Q49,1,"tie:1,2,3",0,0,0,0,0,0,0,0,3.71,3.71,3.71,3.81
tpcds_sf100_t64,TPCDS SF100,64,Q50,1,"tie:2,3",0,0,0,0,0,1,0,0,2.48,2.37,2.37,2.735
tpcds_sf100_t64,TPCDS SF100,64,Q51,1,"tie:1,2",0,0,0,0,0,0,0,0,5.62,5.62,5.685,5.95
tpcds_sf100_t64,TPCDS SF100,64,Q52,1,"tie:1,2,3,4",0,0,0,0,0,0,0,0,1.86,1.86,1.86,1.86
tpcds_sf100_t64,TPCDS SF100,64,Q53,1,"tie:1,2,3,4",0,0,0,0,0,0,0,0,2.37,2.37,2.37,2.37
tpcds_sf100_t64,TPCDS SF100,64,Q54,0,censored,0,0,0,0,0,0,0,0,,,,
tpcds_sf100_t64,TPCDS SF100,64,Q55,1,"tie:1,2,3,4",0,0,0,0,0,0,0,0,1.86,1.86,1.86,1.86
tpcds_sf100_t64,TPCDS SF100,64,Q56,1,4,0,0,0,0,0,0,0,0,3.29,3.3,3.3,3.2
tpcds_sf100_t64,TPCDS SF100,64,Q57,1,"tie:1,2,3,4",0,0,0,0,0,0,0,0,1.55,1.55,1.55,1.55
tpcds_sf100_t64,TPCDS SF100,64,Q58,1,3,0,0,0,0,0,0,0,0,3.81,3.76,3.71,3.81
tpcds_sf100_t64,TPCDS SF100,64,Q59,1,"tie:1,2,3,4",0,0,0,0,0,0,0,0,2.58,2.58,2.58,2.58
tpcds_sf100_t64,TPCDS SF100,64,Q60,1,"tie:2,3",0,0,0,0,0,0,0,0,3.4,3.3,3.3,3.4
tpcds_sf100_t64,TPCDS SF100,64,Q61,1,"tie:1,2,3",0,0,0,0,0,0,0,0,2.88,2.88,2.88,2.89
tpcds_sf100_t64,TPCDS SF100,64,Q62,1,"tie:1,2,3,4",0,0,0,0,0,0,0,0,0.83,0.83,0.83,0.83
tpcds_sf100_t64,TPCDS SF100,64,Q63,1,"tie:1,2,3,4",0,0,0,0,0,0,0,0,2.27,2.27,2.27,2.27
tpcds_sf100_t64,TPCDS SF100,64,Q64,1,4,0,0,0,0,0,0,0,0,5.635,5.365,5.37,5.35
tpcds_sf100_t64,TPCDS SF100,64,Q65,1,4,0,0,1,0,0,0,0,0,9.405,9.705,9.7,7.345
tpcds_sf100_t64,TPCDS SF100,64,Q66,1,"tie:1,2,3",0,0,0,0,0,0,0,0,1.55,1.55,1.55,1.65
tpcds_sf100_t64,TPCDS SF100,64,Q67,1,2,0,0,0,0,0,0,0,0,16.535,16.42,16.535,17.185
tpcds_sf100_t64,TPCDS SF100,64,Q68,1,4,0,0,0,0,0,0,0,0,3.81,3.81,3.81,3.71
tpcds_sf100_t64,TPCDS SF100,64,Q69,1,"tie:1,2,3,4",0,0,0,0,0,0,0,0,1.55,1.55,1.55,1.55
tpcds_sf100_t64,TPCDS SF100,64,Q70,1,1,0,0,0,0,1,1,1,0,2.44,2.8,2.8,2.9
tpcds_sf100_t64,TPCDS SF100,64,Q71,1,"tie:1,2,3,4",0,0,0,0,0,0,0,0,2.58,2.58,2.58,2.58
tpcds_sf100_t64,TPCDS SF100,64,Q72,1,4,0,1,0,0,0,0,0,0,69.445,2.745,2.8,2.705
tpcds_sf100_t64,TPCDS SF100,64,Q73,1,3,0,0,0,0,0,0,0,0,1.86,1.81,1.76,1.86
tpcds_sf100_t64,TPCDS SF100,64,Q74,1,1,0,0,0,1,1,1,1,0,3.725,4.4,4.89,6.87
tpcds_sf100_t64,TPCDS SF100,64,Q75,1,"tie:1,2,3",0,0,0,0,0,0,0,0,4.74,4.74,4.74,5.05
tpcds_sf100_t64,TPCDS SF100,64,Q76,1,1,0,0,0,0,0,0,0,0,4.42,4.43,4.43,4.84
tpcds_sf100_t64,TPCDS SF100,64,Q77,1,1,0,0,0,0,0,0,0,0,3.86,3.91,3.91,3.91
tpcds_sf100_t64,TPCDS SF100,64,Q78,1,2,0,0,0,0,0,0,0,0,6.415,6.34,6.45,7.02
tpcds_sf100_t64,TPCDS SF100,64,Q79,1,"tie:2,3",0,0,0,0,0,0,0,0,3.09,2.99,2.99,3.19
tpcds_sf100_t64,TPCDS SF100,64,Q80,1,4,0,0,0,0,0,0,0,0,5.04,5.04,5.04,4.74
tpcds_sf100_t64,TPCDS SF100,64,Q81,1,"tie:1,2,3",0,0,0,0,0,0,0,0,0.57,0.57,0.57,0.62
tpcds_sf100_t64,TPCDS SF100,64,Q82,0,censored,0,0,0,0,0,0,0,0,1.55,1.14,1.14,1.14
tpcds_sf100_t64,TPCDS SF100,64,Q83,1,"tie:1,2,3,4",0,0,0,0,0,0,0,0,0.62,0.62,0.62,0.62
tpcds_sf100_t64,TPCDS SF100,64,Q84,1,"tie:2,3,4",0,1,0,0,0,0,0,0,0.47,0.42,0.42,0.42
tpcds_sf100_t64,TPCDS SF100,64,Q85,1,1,0,0,0,0,0,1,0,0,1.45,1.5,1.5,1.65
tpcds_sf100_t64,TPCDS SF100,64,Q86,1,"tie:1,2,3,4",0,0,0,0,0,0,0,0,0.83,0.83,0.83,0.83
tpcds_sf100_t64,TPCDS SF100,64,Q87,1,"tie:1,2",0,0,0,1,0,1,0,0,1.96,1.96,2.29,2.49
tpcds_sf100_t64,TPCDS SF100,64,Q88,1,"tie:2,3",0,0,0,0,0,0,0,0,2.08,1.76,1.76,1.96
tpcds_sf100_t64,TPCDS SF100,64,Q89,1,"tie:1,2,3,4",0,0,0,0,0,0,0,0,2.37,2.37,2.37,2.37
tpcds_sf100_t64,TPCDS SF100,64,Q90,1,"tie:1,2,3,4",0,0,0,0,0,0,0,0,0.62,0.62,0.62,0.62
tpcds_sf100_t64,TPCDS SF100,64,Q91,1,1,0,0,0,0,0,0,0,0,0.31,0.32,0.32,0.32
tpcds_sf100_t64,TPCDS SF100,64,Q92,1,4,0,0,1,0,0,0,0,0,0.93,0.93,0.93,0.83
tpcds_sf100_t64,TPCDS SF100,64,Q93,1,"tie:2,3,4",0,0,0,0,0,0,0,0,2.48,2.37,2.37,2.37
tpcds_sf100_t64,TPCDS SF100,64,Q94,1,"tie:1,2,3,4",0,0,0,0,0,0,0,0,1.24,1.24,1.24,1.24
tpcds_sf100_t64,TPCDS SF100,64,Q95,1,4,0,0,1,1,0,0,0,0,4.11,4.175,5.85,1.76
tpcds_sf100_t64,TPCDS SF100,64,Q96,1,3,0,0,0,0,0,0,0,0,1.34,1.34,1.24,1.34
tpcds_sf100_t64,TPCDS SF100,64,Q97,1,3,0,0,0,0,0,0,0,0,2.39,2.39,2.29,2.39
tpcds_sf100_t64,TPCDS SF100,64,Q98,1,"tie:1,2,3,4",0,0,0,0,0,0,0,0,1.96,1.96,1.96,1.96
tpcds_sf100_t64,TPCDS SF100,64,Q99,1,"tie:1,2,3",0,0,0,0,0,1,0,0,0.62,0.62,0.62,1.04
